<rdf:RDF xmlns:ns7="http://www.w3.org/ns/prov#" xmlns:dbpprop="http://dbpedia.org/property/" xmlns:foaf="http://xmlns.com/foaf/0.1/" xmlns:dbpedia-owl="http://dbpedia.org/ontology/" xmlns:dcterms="http://purl.org/dc/terms/" xmlns:owl="http://www.w3.org/2002/07/owl#" xmlns:rdfs="http://www.w3.org/2000/01/rdf-schema#" xmlns:rdf="http://www.w3.org/1999/02/22-rdf-syntax-ns#">
  <rdf:Description rdf:about="http://dbpedia.org/resource/Etant_donn%C3%A9s">
    <dbpedia-owl:wikiPageRedirects rdf:resource="http://dbpedia.org/resource/%C3%89tant_donn%C3%A9s"/>
  </rdf:Description>
  <rdf:Description rdf:about="http://dbpedia.org/resource/%C3%89tant_donn%C3%A9s">
    <rdf:type rdf:resource="http://dbpedia.org/class/yago/GraphicArt103453809"/>
    <rdf:type rdf:resource="http://www.w3.org/2002/07/owl#Thing"/>
    <rdf:type rdf:resource="http://dbpedia.org/ontology/Work"/>
    <rdf:type rdf:resource="http://dbpedia.org/class/yago/Art102743547"/>
    <rdf:type rdf:resource="http://dbpedia.org/class/yago/Shape100027807"/>
    <rdf:type rdf:resource="http://dbpedia.org/class/yago/Figure113862780"/>
    <rdf:type rdf:resource="http://dbpedia.org/class/yago/Oeuvre103841417"/>
    <rdf:type rdf:resource="http://dbpedia.org/class/yago/Artifact100021939"/>
    <rdf:type rdf:resource="http://dbpedia.org/class/yago/PlasticArt103958097"/>
    <rdf:type rdf:resource="http://dbpedia.org/class/yago/Creation103129123"/>
    <rdf:type rdf:resource="http://dbpedia.org/class/yago/SolidFigure113863473"/>
    <rdf:type rdf:resource="http://dbpedia.org/class/yago/MarcelDuchampWorks"/>
    <rdf:type rdf:resource="http://dbpedia.org/class/yago/Painting103876519"/>
    <rdf:type rdf:resource="http://dbpedia.org/class/yago/PhysicalEntity100001930"/>
    <rdf:type rdf:resource="http://dbpedia.org/class/yago/Object100002684"/>
    <rdf:type rdf:resource="http://dbpedia.org/class/yago/Product104007894"/>
    <rdf:type rdf:resource="http://dbpedia.org/class/yago/Sculpture104157320"/>
    <rdf:type rdf:resource="http://dbpedia.org/class/yago/Abstraction100002137"/>
    <rdf:type rdf:resource="http://dbpedia.org/class/yago/Attribute100024264"/>
    <rdf:type rdf:resource="http://dbpedia.org/class/yago/PaintingsOfThePhiladelphiaMuseumOfArt"/>
    <rdf:type rdf:resource="http://dbpedia.org/class/yago/1966Works"/>
    <rdf:type rdf:resource="http://dbpedia.org/class/yago/EndProduct103287178"/>
    <rdf:type rdf:resource="http://schema.org/CreativeWork"/>
    <rdf:type rdf:resource="http://dbpedia.org/ontology/Artwork"/>
    <rdf:type rdf:resource="http://dbpedia.org/class/yago/Whole100003553"/>
    <rdf:type rdf:resource="http://dbpedia.org/class/yago/1966Sculptures"/>
    <owl:sameAs rdf:resource="http://fr.dbpedia.org/resource/Étant_donnés"/>
    <owl:sameAs rdf:resource="http://rdf.freebase.com/ns/m.02qm6_d"/>
    <owl:sameAs rdf:resource="http://www.wikidata.org/entity/Q1750656"/>
    <owl:sameAs rdf:resource="http://yago-knowledge.org/resource/Étant_donnés"/>
    <owl:sameAs rdf:resource="http://it.dbpedia.org/resource/Étant_donnés"/>
    <owl:sameAs rdf:resource="http://dbpedia.org/resource/%C3%89tant_donn%C3%A9s"/>
    <dcterms:subject rdf:resource="http://dbpedia.org/resource/Category:Paintings_of_the_Philadelphia_Museum_of_Art"/>
    <dcterms:subject rdf:resource="http://dbpedia.org/resource/Category:1966_sculptures"/>
    <dcterms:subject rdf:resource="http://dbpedia.org/resource/Category:Marcel_Duchamp_works"/>
    <dbpedia-owl:abstract xml:lang="fr">Étant donnés : 1° la chute d'eau 2° le gaz d'éclairage... est le nom d'une installation de Marcel Duchamp élaborée en secret entre 1946 et 1966 à New York. Elle est considérée comme la dernière grande œuvre de l'inventeur du ready made et ne fut révélée au public qu'après sa mort, en 1969.</dbpedia-owl:abstract>
    <dbpedia-owl:abstract xml:lang="en">Étant donnés is Marcel Duchamp's last major art work which surprised most of the art world who believed he'd given up art for chess almost 25 years earlier. It is a tableau, visible only through a pair of peep holes (one for each eye) in a wooden door, of a nude woman lying on her back with her face hidden and legs spread holding a gas lamp in the air in one hand against a landscape backdrop. Duchamp worked secretly on the piece from 1946 to 1966 in his Greenwich Village studio. It is composed of an old wooden door, bricks, velvet, twigs, a female form made of parchment, glass, linoleum, an assortment of lights, a landscape composed of hand-painted and photographed elements and an electric motor housed in a cookie tin which rotates a perforated disc. Sculptor Maria Martins, Duchamp's girlfriend from 1946 to 1951, served as the model for the female figure in the piece, and his second wife, Alexina (Teeny), served as the model for the figure's arm. Duchamp prepared a "Manual of Instructions" in a 4-ring binder explaining and illustrating how to assemble and disassemble the piece. The piece was created with the intention of having it displayed at the Philadelphia Museum of Art. Anne d'Harnoncourt, a young curator at the time and future director of the museum, orchestrated the acquisition and transfer of the piece to Philadelphia. According to the artist's wishes, it wasn't until 1969, after Duchamp's death in 1968, that the Philadelphia Museum of Art revealed the tableau to the public.</dbpedia-owl:abstract>
    <dbpedia-owl:abstract xml:lang="it">Essendo dati: 1. La cascata d'acqua, 2. L'illuminazione a gas è un'installazione ambientale (242.6 x 177.8 x 124.5 cm) di Marcel Duchamp, costruita con materiali vari tra il 1946 e il 1966, e conservata a Philadelphia presso il Philadelphia Museum of Art (n. inv. 1969-41-1). L'artista vi lavorò per circa venti anni fino a poco prima della sua morte senza parlarne mai a nessuno, in un periodo in cui anche i suoi amici più stretti erano convinti che egli avesse abbandonato l'arte; solo sua moglie Teeny era a conoscenza di tale realizzazione perché occupava un'intera stanza all'interno dello studio dell'artista.</dbpedia-owl:abstract>
    <dbpedia-owl:author rdf:resource="http://dbpedia.org/resource/Marcel_Duchamp"/>
    <dbpedia-owl:museum rdf:resource="http://dbpedia.org/resource/Philadelphia_Museum_of_Art"/>
    <dbpedia-owl:wikiPageID rdf:datatype="http://www.w3.org/2001/XMLSchema#integer">10685513</dbpedia-owl:wikiPageID>
    <dbpedia-owl:wikiPageRevisionID rdf:datatype="http://www.w3.org/2001/XMLSchema#integer">544769591</dbpedia-owl:wikiPageRevisionID>
    <rdfs:label xml:lang="fr">Étant donnés</rdfs:label>
    <rdfs:label xml:lang="it">Étant donnés</rdfs:label>
    <rdfs:label xml:lang="en">Étant donnés</rdfs:label>
    <foaf:depiction rdf:resource="http://upload.wikimedia.org/wikipedia/commons/2/25/Etant_donnes.jpg"/>
    <rdfs:comment xml:lang="en">Étant donnés is Marcel Duchamp's last major art work which surprised most of the art world who believed he'd given up art for chess almost 25 years earlier. It is a tableau, visible only through a pair of peep holes (one for each eye) in a wooden door, of a nude woman lying on her back with her face hidden and legs spread holding a gas lamp in the air in one hand against a landscape backdrop. Duchamp worked secretly on the piece from 1946 to 1966 in his Greenwich Village studio.</rdfs:comment>
    <rdfs:comment xml:lang="fr">Étant donnés : 1° la chute d'eau 2° le gaz d'éclairage... est le nom d'une installation de Marcel Duchamp élaborée en secret entre 1946 et 1966 à New York. Elle est considérée comme la dernière grande œuvre de l'inventeur du ready made et ne fut révélée au public qu'après sa mort, en 1969.</rdfs:comment>
    <rdfs:comment xml:lang="it">Essendo dati: 1. La cascata d'acqua, 2. L'illuminazione a gas è un'installazione ambientale (242.6 x 177.8 x 124.5 cm) di Marcel Duchamp, costruita con materiali vari tra il 1946 e il 1966, e conservata a Philadelphia presso il Philadelphia Museum of Art (n. inv. 1969-41-1).</rdfs:comment>
    <foaf:name xml:lang="en">Étant donnés</foaf:name>
    <dbpedia-owl:thumbnail rdf:resource="http://upload.wikimedia.org/wikipedia/commons/thumb/2/25/Etant_donnes.jpg/200px-Etant_donnes.jpg"/>
    <dbpedia-owl:wikiPageExternalLink rdf:resource="http://www.thesmartset.com/article/article10060901.aspx"/>
    <dbpedia-owl:wikiPageExternalLink rdf:resource="http://www.philamuseum.org/collections/permanent/65633.html"/>
    <dbpedia-owl:wikiPageExternalLink rdf:resource="http://www.toutfait.com/issues/issue_2/Notes/pop_2.html"/>
    <dbpprop:artist rdf:resource="http://dbpedia.org/resource/Marcel_Duchamp"/>
    <dbpprop:city rdf:resource="http://dbpedia.org/resource/Philadelphia"/>
    <dbpprop:imageFile xml:lang="en">Etant donnes.jpg</dbpprop:imageFile>
    <dbpprop:imageSize rdf:datatype="http://www.w3.org/2001/XMLSchema#integer">200</dbpprop:imageSize>
    <dbpprop:museum rdf:resource="http://dbpedia.org/resource/Philadelphia_Museum_of_Art"/>
    <dbpprop:otherLanguage xml:lang="en">English</dbpprop:otherLanguage>
    <dbpprop:otherLanguage xml:lang="en">French</dbpprop:otherLanguage>
    <dbpprop:otherTitle xml:lang="en">Given: 1. The Waterfall, 2. The Illuminating Gas</dbpprop:otherTitle>
    <dbpprop:otherTitle xml:lang="en">Étant donnés: 1° la chute d'eau / 2° le gaz d'éclairage</dbpprop:otherTitle>
    <dbpprop:title xml:lang="en">Étant donnés</dbpprop:title>
    <dbpprop:type xml:lang="en">Sculpture</dbpprop:type>
    <dbpprop:year xml:lang="en">–1966</dbpprop:year>
    <foaf:isPrimaryTopicOf rdf:resource="http://en.wikipedia.org/wiki/Étant_donnés"/>
    <ns7:wasDerivedFrom rdf:resource="http://en.wikipedia.org/wiki/Étant_donnés?oldid=544769591"/>
    <dbpprop:hasPhotoCollection rdf:resource="http://wifo5-03.informatik.uni-mannheim.de/flickrwrappr/photos/Étant_donnés"/>
  </rdf:Description>
  <rdf:Description rdf:about="http://en.wikipedia.org/wiki/Étant_donnés">
    <foaf:primaryTopic rdf:resource="http://dbpedia.org/resource/%C3%89tant_donn%C3%A9s"/>
  </rdf:Description>
  <rdf:Description rdf:about="http://dbpedia.org/resource/Étant_donnés">
    <owl:sameAs rdf:resource="http://dbpedia.org/resource/%C3%89tant_donn%C3%A9s"/>
  </rdf:Description>
  <rdf:Description rdf:about="http://dbpedia.org/resource/Etant_donnes">
    <dbpedia-owl:wikiPageRedirects rdf:resource="http://dbpedia.org/resource/%C3%89tant_donn%C3%A9s"/>
  </rdf:Description>
</rdf:RDF>
