<rdf:RDF xmlns:ns7="http://www.w3.org/ns/prov#" xmlns:dbpprop="http://dbpedia.org/property/" xmlns:foaf="http://xmlns.com/foaf/0.1/" xmlns:dbpedia-owl="http://dbpedia.org/ontology/" xmlns:dcterms="http://purl.org/dc/terms/" xmlns:owl="http://www.w3.org/2002/07/owl#" xmlns:rdfs="http://www.w3.org/2000/01/rdf-schema#" xmlns:rdf="http://www.w3.org/1999/02/22-rdf-syntax-ns#">
  <rdf:Description rdf:about="http://en.wikipedia.org/wiki/A_Cotton_Office_in_New_Orleans">
    <foaf:primaryTopic rdf:resource="http://dbpedia.org/resource/A_Cotton_Office_in_New_Orleans"/>
  </rdf:Description>
  <rdf:Description rdf:about="http://dbpedia.org/resource/A_Cotton_Office_in_New_Orleans">
    <rdf:type rdf:resource="http://dbpedia.org/class/yago/Object100002684"/>
    <rdf:type rdf:resource="http://schema.org/CreativeWork"/>
    <rdf:type rdf:resource="http://dbpedia.org/class/yago/1873Paintings"/>
    <rdf:type rdf:resource="http://dbpedia.org/ontology/Work"/>
    <rdf:type rdf:resource="http://dbpedia.org/class/yago/PaintingsByEdgarDegas"/>
    <rdf:type rdf:resource="http://dbpedia.org/class/yago/Art102743547"/>
    <rdf:type rdf:resource="http://www.w3.org/2002/07/owl#Thing"/>
    <rdf:type rdf:resource="http://dbpedia.org/class/yago/Artifact100021939"/>
    <rdf:type rdf:resource="http://dbpedia.org/class/yago/Creation103129123"/>
    <rdf:type rdf:resource="http://dbpedia.org/ontology/Artwork"/>
    <rdf:type rdf:resource="http://dbpedia.org/class/yago/Painting103876519"/>
    <rdf:type rdf:resource="http://dbpedia.org/class/yago/Whole100003553"/>
    <rdf:type rdf:resource="http://dbpedia.org/class/yago/GraphicArt103453809"/>
    <rdf:type rdf:resource="http://dbpedia.org/class/yago/PhysicalEntity100001930"/>
    <owl:sameAs rdf:resource="http://www.wikidata.org/entity/Q4656128"/>
    <owl:sameAs rdf:resource="http://rdf.freebase.com/ns/m.0dln24q"/>
    <owl:sameAs rdf:resource="http://dbpedia.org/resource/A_Cotton_Office_in_New_Orleans"/>
    <owl:sameAs rdf:resource="http://yago-knowledge.org/resource/A_Cotton_Office_in_New_Orleans"/>
    <dcterms:subject rdf:resource="http://dbpedia.org/resource/Category:1873_paintings"/>
    <dcterms:subject rdf:resource="http://dbpedia.org/resource/Category:Paintings_by_Edgar_Degas"/>
    <dbpedia-owl:abstract xml:lang="en">A Cotton Office in New Orleans is an 1873 oil painting by Edgar Degas. In it, Degas depicts the moment when his uncle Michel Musson's cotton brokerage business went bankrupt in an economic crash, according to Michael McMahon of the Pittsburgh Post-Gazette. The firm was swamped by the postwar growth of the much larger Cotton Exchange. In the painting, Musson is seen examining raw cotton for its quality while Degas' brother Rene reads The Daily Picayune. It carried the bankruptcy news. Another brother, Achille, rests against a window wall at left while others, including Musson's partners, go about their business. A Cotton Office in New Orleans was the first painting by Degas to be purchased by a museum, and the first by an Impressionist. Degas' sale of the piece marked a turning point in his career as he moved from being a struggling, unrecognized artist to a recognized and financially stable artist, according to Marilyn Brown in her book Degas and the Business of Art: A Cotton Office in New Orleans. Degas traveled from Europe to New Orleans in late 1872 with his brother, René, to visit his mother's brother, Michael Musson. After the American Civil War, René had joined his uncle's cotton factor firm in New Orleans. Degas was to return to Europe in January 1873, but when his return trip was delayed, he decided to paint the cotton business surrounding him. Degas crafted his work with the intent of selling it to a British textile manufacturer. But a drop in stock prices worldwide and declines in the cotton and art markets ended his hopes for that specific sale. Degas then exhibited A Cotton Office in New Orleans in the second Impressionist show in Paris in 1876. Degas finally sold the painting in 1878 to the newly founded Musee des Beaux-Arts in Pau, France. The painting is sometimes mistakenly referred to as The Cotton Exchange at New Orleans, referring to the historic New Orleans Cotton Exchange.</dbpedia-owl:abstract>
    <dbpedia-owl:author rdf:resource="http://dbpedia.org/resource/Edgar_Degas"/>
    <dbpedia-owl:museum rdf:resource="http://dbpedia.org/resource/Mus%C3%A9e_des_beaux-arts_de_Pau"/>
    <dbpedia-owl:wikiPageID rdf:datatype="http://www.w3.org/2001/XMLSchema#integer">29240609</dbpedia-owl:wikiPageID>
    <dbpedia-owl:wikiPageRevisionID rdf:datatype="http://www.w3.org/2001/XMLSchema#integer">547835079</dbpedia-owl:wikiPageRevisionID>
    <rdfs:label xml:lang="en">A Cotton Office in New Orleans</rdfs:label>
    <foaf:depiction rdf:resource="http://upload.wikimedia.org/wikipedia/commons/8/80/Cottonexchange1873-Degas.jpg"/>
    <rdfs:comment xml:lang="en">A Cotton Office in New Orleans is an 1873 oil painting by Edgar Degas. In it, Degas depicts the moment when his uncle Michel Musson's cotton brokerage business went bankrupt in an economic crash, according to Michael McMahon of the Pittsburgh Post-Gazette. The firm was swamped by the postwar growth of the much larger Cotton Exchange. In the painting, Musson is seen examining raw cotton for its quality while Degas' brother Rene reads The Daily Picayune. It carried the bankruptcy news.</rdfs:comment>
    <foaf:name xml:lang="en">A Cotton Office in New Orleans</foaf:name>
    <dbpedia-owl:thumbnail rdf:resource="http://upload.wikimedia.org/wikipedia/commons/thumb/8/80/Cottonexchange1873-Degas.jpg/200px-Cottonexchange1873-Degas.jpg"/>
    <dbpprop:artist xml:lang="en">Edgar Degas</dbpprop:artist>
    <dbpprop:height rdf:datatype="http://www.w3.org/2001/XMLSchema#integer">73</dbpprop:height>
    <dbpprop:imageFile xml:lang="en">Cottonexchange1873-Degas.jpg</dbpprop:imageFile>
    <dbpprop:museum rdf:resource="http://dbpedia.org/resource/Mus%C3%A9e_des_beaux-arts_de_Pau"/>
    <dbpprop:title xml:lang="en">A Cotton Office in New Orleans</dbpprop:title>
    <dbpprop:type xml:lang="en">oil on canvas</dbpprop:type>
    <dbpprop:width rdf:datatype="http://www.w3.org/2001/XMLSchema#integer">92</dbpprop:width>
    <dbpprop:year rdf:datatype="http://www.w3.org/2001/XMLSchema#integer">1873</dbpprop:year>
    <foaf:isPrimaryTopicOf rdf:resource="http://en.wikipedia.org/wiki/A_Cotton_Office_in_New_Orleans"/>
    <ns7:wasDerivedFrom rdf:resource="http://en.wikipedia.org/wiki/A_Cotton_Office_in_New_Orleans?oldid=547835079"/>
    <dbpprop:hasPhotoCollection rdf:resource="http://wifo5-03.informatik.uni-mannheim.de/flickrwrappr/photos/A_Cotton_Office_in_New_Orleans"/>
  </rdf:Description>
  <rdf:Description rdf:about="http://dbpedia.org/resource/Cotton_Office_in_New_Orleans">
    <dbpedia-owl:wikiPageRedirects rdf:resource="http://dbpedia.org/resource/A_Cotton_Office_in_New_Orleans"/>
  </rdf:Description>
  <rdf:Description rdf:about="http://wikidata.dbpedia.org/resource/Q4656128">
    <owl:sameAs rdf:resource="http://dbpedia.org/resource/A_Cotton_Office_in_New_Orleans"/>
  </rdf:Description>
</rdf:RDF>
