<rdf:RDF xmlns:ns7="http://www.w3.org/ns/prov#" xmlns:dbpprop="http://dbpedia.org/property/" xmlns:foaf="http://xmlns.com/foaf/0.1/" xmlns:dbpedia-owl="http://dbpedia.org/ontology/" xmlns:dcterms="http://purl.org/dc/terms/" xmlns:owl="http://www.w3.org/2002/07/owl#" xmlns:rdfs="http://www.w3.org/2000/01/rdf-schema#" xmlns:rdf="http://www.w3.org/1999/02/22-rdf-syntax-ns#">
  <rdf:Description rdf:about="http://dbpedia.org/resource/A_Dance_to_the_Music_of_Time_(painting)">
    <rdf:type rdf:resource="http://dbpedia.org/class/yago/Object100002684"/>
    <rdf:type rdf:resource="http://schema.org/CreativeWork"/>
    <rdf:type rdf:resource="http://dbpedia.org/ontology/Work"/>
    <rdf:type rdf:resource="http://dbpedia.org/class/yago/GraphicArt103453809"/>
    <rdf:type rdf:resource="http://dbpedia.org/class/yago/1636Paintings"/>
    <rdf:type rdf:resource="http://dbpedia.org/class/yago/Art102743547"/>
    <rdf:type rdf:resource="http://dbpedia.org/class/yago/Creation103129123"/>
    <rdf:type rdf:resource="http://dbpedia.org/ontology/Artwork"/>
    <rdf:type rdf:resource="http://dbpedia.org/class/yago/Painting103876519"/>
    <rdf:type rdf:resource="http://www.w3.org/2002/07/owl#Thing"/>
    <rdf:type rdf:resource="http://dbpedia.org/class/yago/Artifact100021939"/>
    <rdf:type rdf:resource="http://dbpedia.org/class/yago/PaintingsByNicolasPoussin"/>
    <rdf:type rdf:resource="http://dbpedia.org/class/yago/PhysicalEntity100001930"/>
    <rdf:type rdf:resource="http://dbpedia.org/class/yago/Whole100003553"/>
    <owl:sameAs rdf:resource="http://www.wikidata.org/entity/Q2513438"/>
    <owl:sameAs rdf:resource="http://ca.dbpedia.org/resource/Una_dansa_per_la_música_del_Temps"/>
    <owl:sameAs rdf:resource="http://yago-knowledge.org/resource/A_Dance_to_the_Music_of_Time_(painting)"/>
    <owl:sameAs rdf:resource="http://rdf.freebase.com/ns/m.0h1bvkc"/>
    <owl:sameAs rdf:resource="http://dbpedia.org/resource/A_Dance_to_the_Music_of_Time_(painting)"/>
    <owl:sameAs rdf:resource="http://nl.dbpedia.org/resource/De_Dans_van_de_Tijd"/>
    <dcterms:subject rdf:resource="http://dbpedia.org/resource/Category:Wallace_Collection"/>
    <dcterms:subject rdf:resource="http://dbpedia.org/resource/Category:Paintings_by_Nicolas_Poussin"/>
    <dcterms:subject rdf:resource="http://dbpedia.org/resource/Category:1636_paintings"/>
    <dbpedia-owl:abstract xml:lang="en">A Dance to the Music of Time is a painting by Nicolas Poussin in The Wallace Collection in London. It was painted between 1634 and 1636 as a commission for Giulio Rospigliosi, who according to Gian Pietro Bellori dictated its detailed iconography. It is best known for giving its name to the novel cycle of the same name, though this title is first seen in a Wallace Collection catalogue of 1913, before which it was given more prosaic titles referring to the Four Seasons. In the 1845 sale it was called La Danse des Saisons, ou l'Image de la vie humaine. It passed from the Rospigliosi family to the Fesch collection in 1806, when it was taken to France for a period, and was bought along with several other paintings by Richard Seymour-Conway, 4th Marquess of Hertford in the great Fesch sale in Rome in 1845, passing to his son Sir Richard Wallace.</dbpedia-owl:abstract>
    <dbpedia-owl:abstract xml:lang="nl">De Dans van de Tijd is een schilderij van Nicolas Poussin. Het werk, olieverf op doek, werd rond 1635 geschilderd en hangt nu in de Wallace Collection in Londen. Het allegorische schilderij, en het afgebeelde thema, een reidans of rondedans waarbij de tijd, gepersonificeerd door "Vader Tijd" muziek maakt, inspireerde Anthony Powell tot de gelijknamige twaalfdelige roman, A Dance to the Music of Time. Dit prozawerk, met meer dan 2400 bladzijden en 300 hoofd- en bijfiguren, is een van de dikste romans die ooit werd geschreven. Het werk werd gepubliceerd tussen 1951 en 1975. Behalve de vier dansende vrouwelijke figuren zijn Vader Tijd, een oude man met een harp en twee kinderen afgebeeld. Een kind is bezig met bellenblazen, een allegorische verwijzing naar de tijdelijkheid van het leven en het andere kind houdt een zandloper, eveneens allegorisch voor de verstrijkende tijd, vast. De herme op de voorgrond is met bloemen omkranst en heeft een oud en een jong gezicht. Het voetstuk voor een standbeeld of monument is leeg, een verwijzing naar de vergankelijkheid van de roem. Op de achtergrond is de Zonnegod Helios te zien in zijn zonnewagen.</dbpedia-owl:abstract>
    <dbpedia-owl:author rdf:resource="http://dbpedia.org/resource/Nicolas_Poussin"/>
    <dbpedia-owl:museum rdf:resource="http://dbpedia.org/resource/Wallace_Collection"/>
    <dbpedia-owl:wikiPageID rdf:datatype="http://www.w3.org/2001/XMLSchema#integer">32497421</dbpedia-owl:wikiPageID>
    <dbpedia-owl:wikiPageRevisionID rdf:datatype="http://www.w3.org/2001/XMLSchema#integer">546192896</dbpedia-owl:wikiPageRevisionID>
    <rdfs:label xml:lang="nl">De Dans van de Tijd</rdfs:label>
    <rdfs:label xml:lang="en">A Dance to the Music of Time (painting)</rdfs:label>
    <foaf:depiction rdf:resource="http://upload.wikimedia.org/wikipedia/commons/f/f1/The_dance_to_the_music_of_time_c._1640.jpg"/>
    <rdfs:comment xml:lang="en">A Dance to the Music of Time is a painting by Nicolas Poussin in The Wallace Collection in London. It was painted between 1634 and 1636 as a commission for Giulio Rospigliosi, who according to Gian Pietro Bellori dictated its detailed iconography. It is best known for giving its name to the novel cycle of the same name, though this title is first seen in a Wallace Collection catalogue of 1913, before which it was given more prosaic titles referring to the Four Seasons.</rdfs:comment>
    <rdfs:comment xml:lang="nl">De Dans van de Tijd is een schilderij van Nicolas Poussin. Het werk, olieverf op doek, werd rond 1635 geschilderd en hangt nu in de Wallace Collection in Londen. Het allegorische schilderij, en het afgebeelde thema, een reidans of rondedans waarbij de tijd, gepersonificeerd door "Vader Tijd" muziek maakt, inspireerde Anthony Powell tot de gelijknamige twaalfdelige roman, A Dance to the Music of Time.</rdfs:comment>
    <foaf:name xml:lang="en">A Dance to the Music of Time</foaf:name>
    <dbpedia-owl:thumbnail rdf:resource="http://upload.wikimedia.org/wikipedia/commons/thumb/f/f1/The_dance_to_the_music_of_time_c._1640.jpg/200px-The_dance_to_the_music_of_time_c._1640.jpg"/>
    <dbpedia-owl:wikiPageExternalLink rdf:resource="http://wallacelive.wallacecollection.org/eMuseumPlus?service=ExternalInterface&amp;module=collection&amp;objectId=65042&amp;viewType=detailView"/>
    <dbpprop:artist rdf:resource="http://dbpedia.org/resource/Nicolas_Poussin"/>
    <dbpprop:city rdf:resource="http://dbpedia.org/resource/London"/>
    <dbpprop:heightMetric rdf:datatype="http://www.w3.org/2001/XMLSchema#double">82.5</dbpprop:heightMetric>
    <dbpprop:imageFile xml:lang="en">The dance to the music of time c. 1640.jpg</dbpprop:imageFile>
    <dbpprop:imageSize rdf:datatype="http://www.w3.org/2001/XMLSchema#integer">350</dbpprop:imageSize>
    <dbpprop:museum rdf:resource="http://dbpedia.org/resource/Wallace_Collection"/>
    <dbpprop:paintingAlignment xml:lang="en">right</dbpprop:paintingAlignment>
    <dbpprop:title xml:lang="en">A Dance to the Music of Time</dbpprop:title>
    <dbpprop:type rdf:resource="http://dbpedia.org/resource/Oil_painting"/>
    <dbpprop:widthMetric rdf:datatype="http://www.w3.org/2001/XMLSchema#integer">104</dbpprop:widthMetric>
    <dbpprop:year rdf:datatype="http://www.w3.org/2001/XMLSchema#integer">1634</dbpprop:year>
    <foaf:isPrimaryTopicOf rdf:resource="http://en.wikipedia.org/wiki/A_Dance_to_the_Music_of_Time_(painting)"/>
    <ns7:wasDerivedFrom rdf:resource="http://en.wikipedia.org/wiki/A_Dance_to_the_Music_of_Time_(painting)?oldid=546192896"/>
    <dbpprop:hasPhotoCollection rdf:resource="http://wifo5-03.informatik.uni-mannheim.de/flickrwrappr/photos/A_Dance_to_the_Music_of_Time_(painting)"/>
  </rdf:Description>
  <rdf:Description rdf:about="http://dbpedia.org/resource/The_Dance_to_the_Music_of_Time_(painting)">
    <dbpedia-owl:wikiPageRedirects rdf:resource="http://dbpedia.org/resource/A_Dance_to_the_Music_of_Time_(painting)"/>
  </rdf:Description>
  <rdf:Description rdf:about="http://en.wikipedia.org/wiki/A_Dance_to_the_Music_of_Time_(painting)">
    <foaf:primaryTopic rdf:resource="http://dbpedia.org/resource/A_Dance_to_the_Music_of_Time_(painting)"/>
  </rdf:Description>
  <rdf:Description rdf:about="http://nl.dbpedia.org/resource/De_Dans_van_de_Tijd">
    <owl:sameAs rdf:resource="http://dbpedia.org/resource/A_Dance_to_the_Music_of_Time_(painting)"/>
  </rdf:Description>
  <rdf:Description rdf:about="http://wikidata.dbpedia.org/resource/Q2513438">
    <owl:sameAs rdf:resource="http://dbpedia.org/resource/A_Dance_to_the_Music_of_Time_(painting)"/>
  </rdf:Description>
  <rdf:Description rdf:about="http://ca.dbpedia.org/resource/Una_dansa_per_la_música_del_Temps">
    <owl:sameAs rdf:resource="http://dbpedia.org/resource/A_Dance_to_the_Music_of_Time_(painting)"/>
  </rdf:Description>
</rdf:RDF>
