<rdf:RDF xmlns:ns7="http://www.w3.org/ns/prov#" xmlns:dbpprop="http://dbpedia.org/property/" xmlns:foaf="http://xmlns.com/foaf/0.1/" xmlns:dbpedia-owl="http://dbpedia.org/ontology/" xmlns:dcterms="http://purl.org/dc/terms/" xmlns:owl="http://www.w3.org/2002/07/owl#" xmlns:rdfs="http://www.w3.org/2000/01/rdf-schema#" xmlns:rdf="http://www.w3.org/1999/02/22-rdf-syntax-ns#">
  <rdf:Description rdf:about="http://dbpedia.org/resource/A_Just_View_of_the_British_Stage">
    <rdf:type rdf:resource="http://dbpedia.org/class/yago/PhysicalEntity100001930"/>
    <rdf:type rdf:resource="http://dbpedia.org/class/yago/Art102743547"/>
    <rdf:type rdf:resource="http://dbpedia.org/class/yago/Painting103876519"/>
    <rdf:type rdf:resource="http://dbpedia.org/class/yago/Whole100003553"/>
    <rdf:type rdf:resource="http://www.w3.org/2002/07/owl#Thing"/>
    <rdf:type rdf:resource="http://dbpedia.org/ontology/Artwork"/>
    <rdf:type rdf:resource="http://dbpedia.org/class/yago/Product104007894"/>
    <rdf:type rdf:resource="http://dbpedia.org/class/yago/Oeuvre103841417"/>
    <rdf:type rdf:resource="http://schema.org/CreativeWork"/>
    <rdf:type rdf:resource="http://dbpedia.org/class/yago/Artifact100021939"/>
    <rdf:type rdf:resource="http://dbpedia.org/class/yago/Creation103129123"/>
    <rdf:type rdf:resource="http://dbpedia.org/class/yago/EndProduct103287178"/>
    <rdf:type rdf:resource="http://dbpedia.org/class/yago/PaintingsByWilliamHogarth"/>
    <rdf:type rdf:resource="http://dbpedia.org/class/yago/GraphicArt103453809"/>
    <rdf:type rdf:resource="http://dbpedia.org/class/yago/1724Works"/>
    <rdf:type rdf:resource="http://dbpedia.org/class/yago/Object100002684"/>
    <rdf:type rdf:resource="http://dbpedia.org/ontology/Work"/>
    <owl:sameAs rdf:resource="http://rdf.freebase.com/ns/m.04zxjt2"/>
    <owl:sameAs rdf:resource="http://www.wikidata.org/entity/Q4657534"/>
    <owl:sameAs rdf:resource="http://yago-knowledge.org/resource/A_Just_View_of_the_British_Stage"/>
    <owl:sameAs rdf:resource="http://dbpedia.org/resource/A_Just_View_of_the_British_Stage"/>
    <dcterms:subject rdf:resource="http://dbpedia.org/resource/Category:1724_works"/>
    <dcterms:subject rdf:resource="http://dbpedia.org/resource/Category:Works_by_William_Hogarth"/>
    <dbpedia-owl:abstract xml:lang="en">A Just View of the British Stage or Three Heads are Better than One is an unsigned 1724 engraving attributed to the English artist William Hogarth. It is a satirical view of the management of British plays and mocks the subjects as degenerate. It forms part of an attack on the tastes of the theatre which Hogarth mounted in earnest between 1723 with Masquerades and Operas and 1727 with Masquerade Ticket (and which would continue to some extent in later works including Charmers of the Age in 1740-41).</dbpedia-owl:abstract>
    <dbpedia-owl:author rdf:resource="http://dbpedia.org/resource/William_Hogarth"/>
    <dbpedia-owl:wikiPageID rdf:datatype="http://www.w3.org/2001/XMLSchema#integer">20390714</dbpedia-owl:wikiPageID>
    <dbpedia-owl:wikiPageRevisionID rdf:datatype="http://www.w3.org/2001/XMLSchema#integer">546377766</dbpedia-owl:wikiPageRevisionID>
    <rdfs:label xml:lang="en">A Just View of the British Stage</rdfs:label>
    <foaf:depiction rdf:resource="http://upload.wikimedia.org/wikipedia/commons/4/4e/Hogarth-rehearsal.png"/>
    <rdfs:comment xml:lang="en">A Just View of the British Stage or Three Heads are Better than One is an unsigned 1724 engraving attributed to the English artist William Hogarth. It is a satirical view of the management of British plays and mocks the subjects as degenerate.</rdfs:comment>
    <foaf:name xml:lang="en">A Just View of the British Stage</foaf:name>
    <dbpedia-owl:thumbnail rdf:resource="http://upload.wikimedia.org/wikipedia/commons/thumb/4/4e/Hogarth-rehearsal.png/200px-Hogarth-rehearsal.png"/>
    <dbpedia-owl:wikiPageExternalLink rdf:resource="http://books.google.com/books?vid=OCLC08654397&amp;id=nwgIAAAAMAAJ&amp;printsec=titlepage"/>
    <dbpprop:artist rdf:resource="http://dbpedia.org/resource/William_Hogarth"/>
    <dbpprop:imageFile xml:lang="en">Hogarth-rehearsal.png</dbpprop:imageFile>
    <dbpprop:title xml:lang="en">A Just View of the British Stage</dbpprop:title>
    <dbpprop:year rdf:datatype="http://www.w3.org/2001/XMLSchema#integer">1724</dbpprop:year>
    <foaf:isPrimaryTopicOf rdf:resource="http://en.wikipedia.org/wiki/A_Just_View_of_the_British_Stage"/>
    <ns7:wasDerivedFrom rdf:resource="http://en.wikipedia.org/wiki/A_Just_View_of_the_British_Stage?oldid=546377766"/>
    <dbpprop:hasPhotoCollection rdf:resource="http://wifo5-03.informatik.uni-mannheim.de/flickrwrappr/photos/A_Just_View_of_the_British_Stage"/>
  </rdf:Description>
  <rdf:Description rdf:about="http://dbpedia.org/resource/Three_Heads_are_Better_than_One">
    <dbpedia-owl:wikiPageRedirects rdf:resource="http://dbpedia.org/resource/A_Just_View_of_the_British_Stage"/>
  </rdf:Description>
  <rdf:Description rdf:about="http://en.wikipedia.org/wiki/A_Just_View_of_the_British_Stage">
    <foaf:primaryTopic rdf:resource="http://dbpedia.org/resource/A_Just_View_of_the_British_Stage"/>
  </rdf:Description>
  <rdf:Description rdf:about="http://wikidata.dbpedia.org/resource/Q4657534">
    <owl:sameAs rdf:resource="http://dbpedia.org/resource/A_Just_View_of_the_British_Stage"/>
  </rdf:Description>
</rdf:RDF>
