<rdf:RDF xmlns:ns7="http://www.w3.org/ns/prov#" xmlns:dbpprop="http://dbpedia.org/property/" xmlns:foaf="http://xmlns.com/foaf/0.1/" xmlns:dbpedia-owl="http://dbpedia.org/ontology/" xmlns:dcterms="http://purl.org/dc/terms/" xmlns:owl="http://www.w3.org/2002/07/owl#" xmlns:rdfs="http://www.w3.org/2000/01/rdf-schema#" xmlns:rdf="http://www.w3.org/1999/02/22-rdf-syntax-ns#">
  <rdf:Description rdf:about="http://dbpedia.org/resource/A_Lane_near_Arles_(Landscape_with_Edge_of_a_Road)">
    <rdf:type rdf:resource="http://dbpedia.org/class/yago/GraphicArt103453809"/>
    <rdf:type rdf:resource="http://www.w3.org/2002/07/owl#Thing"/>
    <rdf:type rdf:resource="http://dbpedia.org/class/yago/Whole100003553"/>
    <rdf:type rdf:resource="http://dbpedia.org/ontology/Work"/>
    <rdf:type rdf:resource="http://schema.org/CreativeWork"/>
    <rdf:type rdf:resource="http://dbpedia.org/class/yago/Art102743547"/>
    <rdf:type rdf:resource="http://dbpedia.org/class/yago/PaintingsByVincentVanGogh"/>
    <rdf:type rdf:resource="http://dbpedia.org/class/yago/PhysicalEntity100001930"/>
    <rdf:type rdf:resource="http://dbpedia.org/class/yago/Creation103129123"/>
    <rdf:type rdf:resource="http://dbpedia.org/class/yago/Object100002684"/>
    <rdf:type rdf:resource="http://dbpedia.org/class/yago/1888Paintings"/>
    <rdf:type rdf:resource="http://dbpedia.org/ontology/Artwork"/>
    <rdf:type rdf:resource="http://dbpedia.org/class/yago/Painting103876519"/>
    <rdf:type rdf:resource="http://dbpedia.org/class/yago/Artifact100021939"/>
    <owl:sameAs rdf:resource="http://yago-knowledge.org/resource/A_Lane_near_Arles_(Landscape_with_Edge_of_a_Road)"/>
    <owl:sameAs rdf:resource="http://dbpedia.org/resource/A_Lane_near_Arles_(Landscape_with_Edge_of_a_Road)"/>
    <owl:sameAs rdf:resource="http://www.wikidata.org/entity/Q4657634"/>
    <owl:sameAs rdf:resource="http://rdf.freebase.com/ns/m.0ddcpcg"/>
    <dcterms:subject rdf:resource="http://dbpedia.org/resource/Category:Paintings_by_Vincent_van_Gogh"/>
    <dcterms:subject rdf:resource="http://dbpedia.org/resource/Category:1888_paintings"/>
    <dbpedia-owl:abstract xml:lang="en">A Lane Near Arles was painted by Vincent Van Gogh in 1888, while he was living in Arles. It depicts a lane surrounded by trees running between the fields outside of Arles, France. A yellow house stands at the side of the lane. The use of color in the painting is typical of Van Gogh in this period. The colors are bright and alive, lighting up the canvas and offering a view that is more perceived than actually experienced. The idyllic nature of the moment is thus conveyed in the use of colors. A Lane Near Arles is currently in the collection of the Pommersches Landesmuseum, Greifswald, in Germany.</dbpedia-owl:abstract>
    <dbpedia-owl:author rdf:resource="http://dbpedia.org/resource/Vincent_van_Gogh"/>
    <dbpedia-owl:museum rdf:resource="http://dbpedia.org/resource/Pomeranian_State_Museum"/>
    <dbpedia-owl:wikiPageID rdf:datatype="http://www.w3.org/2001/XMLSchema#integer">28844679</dbpedia-owl:wikiPageID>
    <dbpedia-owl:wikiPageRevisionID rdf:datatype="http://www.w3.org/2001/XMLSchema#integer">485592149</dbpedia-owl:wikiPageRevisionID>
    <rdfs:label xml:lang="en">A Lane near Arles (Landscape with Edge of a Road)</rdfs:label>
    <foaf:depiction rdf:resource="http://upload.wikimedia.org/wikipedia/commons/3/38/Van_Gogh_-_Allee_bei_Arles_mit_Häusern.jpeg"/>
    <rdfs:comment xml:lang="en">A Lane Near Arles was painted by Vincent Van Gogh in 1888, while he was living in Arles. It depicts a lane surrounded by trees running between the fields outside of Arles, France. A yellow house stands at the side of the lane. The use of color in the painting is typical of Van Gogh in this period. The colors are bright and alive, lighting up the canvas and offering a view that is more perceived than actually experienced. The idyllic nature of the moment is thus conveyed in the use of colors.</rdfs:comment>
    <foaf:name xml:lang="en">(Landscape with Edge of a Road)'' (F567)</foaf:name>
    <foaf:name xml:lang="en">''A Lane near Arles</foaf:name>
    <dbpedia-owl:thumbnail rdf:resource="http://upload.wikimedia.org/wikipedia/commons/thumb/3/38/Van_Gogh_-_Allee_bei_Arles_mit_Häusern.jpeg/200px-Van_Gogh_-_Allee_bei_Arles_mit_Häusern.jpeg"/>
    <dbpprop:artist rdf:resource="http://dbpedia.org/resource/Vincent_van_Gogh"/>
    <dbpprop:city xml:lang="en">Greifswald, Germany</dbpprop:city>
    <dbpprop:imageFile xml:lang="en">Van Gogh - Allee bei Arles mit Häusern.jpeg</dbpprop:imageFile>
    <dbpprop:imageSize rdf:datatype="http://www.w3.org/2001/XMLSchema#integer">300</dbpprop:imageSize>
    <dbpprop:museum rdf:resource="http://dbpedia.org/resource/Pomeranian_State_Museum"/>
    <dbpprop:title xml:lang="en">''A Lane near Arles</dbpprop:title>
    <dbpprop:title xml:lang="en">''</dbpprop:title>
    <dbpprop:type rdf:resource="http://dbpedia.org/resource/Oil_painting"/>
    <dbpprop:year rdf:datatype="http://www.w3.org/2001/XMLSchema#integer">1888</dbpprop:year>
    <foaf:isPrimaryTopicOf rdf:resource="http://en.wikipedia.org/wiki/A_Lane_near_Arles_(Landscape_with_Edge_of_a_Road)"/>
    <ns7:wasDerivedFrom rdf:resource="http://en.wikipedia.org/wiki/A_Lane_near_Arles_(Landscape_with_Edge_of_a_Road)?oldid=485592149"/>
    <dbpprop:hasPhotoCollection rdf:resource="http://wifo5-03.informatik.uni-mannheim.de/flickrwrappr/photos/A_Lane_near_Arles_(Landscape_with_Edge_of_a_Road)"/>
  </rdf:Description>
  <rdf:Description rdf:about="http://en.wikipedia.org/wiki/A_Lane_near_Arles_(Landscape_with_Edge_of_a_Road)">
    <foaf:primaryTopic rdf:resource="http://dbpedia.org/resource/A_Lane_near_Arles_(Landscape_with_Edge_of_a_Road)"/>
  </rdf:Description>
  <rdf:Description rdf:about="http://wikidata.dbpedia.org/resource/Q4657634">
    <owl:sameAs rdf:resource="http://dbpedia.org/resource/A_Lane_near_Arles_(Landscape_with_Edge_of_a_Road)"/>
  </rdf:Description>
</rdf:RDF>
