<rdf:RDF xmlns:ns7="http://www.w3.org/ns/prov#" xmlns:dbpprop="http://dbpedia.org/property/" xmlns:foaf="http://xmlns.com/foaf/0.1/" xmlns:dbpedia-owl="http://dbpedia.org/ontology/" xmlns:dcterms="http://purl.org/dc/terms/" xmlns:owl="http://www.w3.org/2002/07/owl#" xmlns:rdfs="http://www.w3.org/2000/01/rdf-schema#" xmlns:rdf="http://www.w3.org/1999/02/22-rdf-syntax-ns#">
  <rdf:Description rdf:about="http://dbpedia.org/resource/A_Philosopher_Lecturing_on_the_Orrery">
    <rdf:type rdf:resource="http://dbpedia.org/class/yago/Instrumentality103575240"/>
    <rdf:type rdf:resource="http://dbpedia.org/ontology/Artwork"/>
    <rdf:type rdf:resource="http://dbpedia.org/class/yago/Art102743547"/>
    <rdf:type rdf:resource="http://dbpedia.org/class/yago/Painting103876519"/>
    <rdf:type rdf:resource="http://schema.org/CreativeWork"/>
    <rdf:type rdf:resource="http://dbpedia.org/class/yago/Artifact100021939"/>
    <rdf:type rdf:resource="http://dbpedia.org/class/yago/HistoricalScientificInstruments"/>
    <rdf:type rdf:resource="http://dbpedia.org/class/yago/Creation103129123"/>
    <rdf:type rdf:resource="http://dbpedia.org/class/yago/Whole100003553"/>
    <rdf:type rdf:resource="http://dbpedia.org/class/yago/GraphicArt103453809"/>
    <rdf:type rdf:resource="http://dbpedia.org/class/yago/Instrument103574816"/>
    <rdf:type rdf:resource="http://www.w3.org/2002/07/owl#Thing"/>
    <rdf:type rdf:resource="http://dbpedia.org/class/yago/ScientificInstrument104147495"/>
    <rdf:type rdf:resource="http://dbpedia.org/class/yago/1760sPaintings"/>
    <rdf:type rdf:resource="http://dbpedia.org/class/yago/Device103183080"/>
    <rdf:type rdf:resource="http://dbpedia.org/class/yago/PhysicalEntity100001930"/>
    <rdf:type rdf:resource="http://dbpedia.org/ontology/Work"/>
    <rdf:type rdf:resource="http://dbpedia.org/class/yago/Object100002684"/>
    <rdf:type rdf:resource="http://dbpedia.org/class/yago/PaintingsByJosephWrightOfDerby"/>
    <owl:sameAs rdf:resource="http://ca.dbpedia.org/resource/El_filòsof_que_dóna_conferències_sobre_el_planetari"/>
    <owl:sameAs rdf:resource="http://cs.dbpedia.org/resource/Filosof_předvádí_tellurium"/>
    <owl:sameAs rdf:resource="http://be.dbpedia.org/resource/Філосаф,_які_тлумачыць_мадэль_Сонечнай_сістэмы"/>
    <owl:sameAs rdf:resource="http://sv.dbpedia.org/resource/A_Philosopher_Lecturing_on_the_Orrery"/>
    <owl:sameAs rdf:resource="http://www.wikidata.org/entity/Q1651874"/>
    <owl:sameAs rdf:resource="http://ja.dbpedia.org/resource/太陽系儀の講義"/>
    <owl:sameAs rdf:resource="http://br.dbpedia.org/resource/A_Philosopher_Lecturing_on_the_Orrery"/>
    <owl:sameAs rdf:resource="http://sk.dbpedia.org/resource/A_Philosopher_Lecturing_on_the_Orrery"/>
    <owl:sameAs rdf:resource="http://id.dbpedia.org/resource/A_Philosopher_Lecturing_on_the_Orrery"/>
    <owl:sameAs rdf:resource="http://simple.dbpedia.org/resource/A_Philosopher_Lecturing_on_the_Orrery"/>
    <owl:sameAs rdf:resource="http://rdf.freebase.com/ns/m.02w1glr"/>
    <owl:sameAs rdf:resource="http://fi.dbpedia.org/resource/Filosofi_luennoi_telluuriosta"/>
    <owl:sameAs rdf:resource="http://pt.dbpedia.org/resource/A_Philosopher_Lecturing_on_the_Orrery"/>
    <owl:sameAs rdf:resource="http://fr.dbpedia.org/resource/A_Philosopher_Lecturing_on_the_Orrery"/>
    <owl:sameAs rdf:resource="http://it.dbpedia.org/resource/Filosofo_tiene_una_lezione_sul_planetario"/>
    <owl:sameAs rdf:resource="http://ba.dbpedia.org/resource/Ҡояш_системаһы_моделен_аңлатыусы_философ"/>
    <owl:sameAs rdf:resource="http://ru.dbpedia.org/resource/Философ,_объясняющий_модель_Солнечной_системы"/>
    <owl:sameAs rdf:resource="http://yago-knowledge.org/resource/A_Philosopher_Lecturing_on_the_Orrery"/>
    <owl:sameAs rdf:resource="http://dbpedia.org/resource/A_Philosopher_Lecturing_on_the_Orrery"/>
    <owl:sameAs rdf:resource="http://es.dbpedia.org/resource/Un_filósofo_da_una_lección_sobre_el_planetario_de_mesa"/>
    <owl:sameAs rdf:resource="http://be_x_old.dbpedia.org/resource/Філёзаф,_які_тлумачыць_мадэль_Сонечнай_сыстэмы"/>
    <owl:sameAs rdf:resource="http://eo.dbpedia.org/resource/Filozofo_preleganta_pri_sunsistema_modelo"/>
    <dcterms:subject rdf:resource="http://dbpedia.org/resource/Category:Historical_scientific_instruments"/>
    <dcterms:subject rdf:resource="http://dbpedia.org/resource/Category:Collections_of_Derby_Museum_and_Art_Gallery"/>
    <dcterms:subject rdf:resource="http://dbpedia.org/resource/Category:Science_in_art"/>
    <dcterms:subject rdf:resource="http://dbpedia.org/resource/Category:Paintings_by_Joseph_Wright_of_Derby"/>
    <dcterms:subject rdf:resource="http://dbpedia.org/resource/Category:1760s_paintings"/>
    <dbpedia-owl:abstract xml:lang="it">Filosofo tiene una lezione sul planetario, (il cui titolo completo è Filosofo tiene una lezione sul planetario in cui la lampada viene messa al posto del sole), è un dipinto di Joseph Wright of Derby il cui tema è la lezione che un insegnante tiene ad un piccolo pubblico mediante un planetario.. Il quadro precede il similare Esperimento su un uccello nella pompa pneumatica, che si trova nella National Gallery, a Londra.</dbpedia-owl:abstract>
    <dbpedia-owl:abstract xml:lang="en">A Philosopher Lecturing on the Orrery, or the full title, A Philosopher giving a Lecture on the Orrery in which a lamp is put in place of the Sun, is a painting by Joseph Wright of Derby depicting a lecturer giving a demonstration of an orrery to a small audience. The painting preceded his similar An Experiment on a Bird in the Air Pump. The first of Wright's candlelit masterpieces, Three Persons Viewing the Gladiator by Candlelight, was painted in 1765, and showed three men studying a small copy of the "Borghese Gladiator". The Gladiator was greatly admired; but his next painting, The Orrery, caused a greater stir, as it replaced the Classical subject at the centre of the scene with one of a scientific nature. Wright's depiction of the awe produced by scientific "miracles" marked a break with previous traditions in which the artistic depiction of such wonder was reserved for religious events, since to Wright the marvels of the technological age were as awe-inspiring as the subjects of the great religious paintings. In both of these works the candlelit setting had a realist justification. Viewing sculpture by candlelight, when the contours showed well, and there might even be an impression of movement from the flickering light, was a fashionable practice described by Goethe. In the orrery demonstration the shadows cast by the lamp representing the sun were an essential part of the display. But there seems no reason other than heightened drama to stage the air pump experiment in a room lit by a single candle, and in two later paintings of the subject by Charles-Amédée-Philippe van Loo the lighting is normal. The painting was one of a number of British works challenging the set categories of the rigid, French-dictated, hierarchy of genres in the late 18th century, as other types of painting aspired to be treated as seriously as the costumed history painting of a Classical or mythological subject. In some respects the Orrery and Air Pump subjects resembled conversation pieces, then largely a form of middle-class portraiture, though soon to be given new status when Johann Zoffany began to paint the royal family in about 1766. Given their solemn atmosphere however, and as it seems none of the figures are intended to be understood as portraits (even if models may be identified), the paintings can not be regarded as conversation pieces. The 20th-century art historian Ellis Waterhouse compares these two works to the "genre serieux" of contemporary French drama, as defined by Denis Diderot and Pierre Beaumarchais, a view endorsed by Egerton. An anonymous review from the time called Wright "a very great and uncommon genius in a peculiar way". The Orrery was painted without a commission, probably in the expectation that it would be bought by Washington Shirley, 5th Earl Ferrers, an amateur astronomer who had an orrery of his own, and with whom Wright's friend Peter Perez Burdett was staying while in Derbyshire. Figures thought to be portraits of Burdett and Ferrers feature in the painting, Burdett taking notes and Ferrers seated with his son next to the orrery. Ferrers purchased the painting for £210, but the 6th Earl auctioned it off, and it is now held by Derby Museum and Art Gallery, where it is on permanent display, and close to a working replica of a full-sized mechanical Grand Orrery. A biographer of Wright, Benedict Nicolson, argued in 1968 that John Whitehurst was the model for the lecturer, while another commentator points out the figure's resemblance to "a painting of Isaac Newton by Godfrey Kneller". Close observation of the adult faces in the picture reveals that each one demonstrates one or other of the main phases of the moon - new moon, half moon, gibbous moon and full moon.</dbpedia-owl:abstract>
    <dbpedia-owl:abstract xml:lang="sv">A Philosopher Lecturing on the Orrery eller hela titeln A Philosopher giving a Lecture on the Orrery in which a lamp is put in place of the Sun är en tavla av den brittiske konstnären Joseph Wright of Derby. Den målades 1766 och hänger på Derby Museum and Art Gallery. Motivet föreställer en vetenskapsman, som med hjälp av en tellurium berättar om solsystemet. En lampa har placerats i position som solen, förmodligen för att illustrera orsakerna till eklipser. Strålarna från lampan flödar över gruppen och fungerar som en målad metafor för kunskapens ljus som gruppen får, eller kanske för hela upplysningstiden. Wright fick troligtvis inspiration till målningen av en föreläsning av astronomen och matematikern James Ferguson i Derby 1762. Naturvetaren i tavlan ser inte ut som Ferguson, utan mer som Wrights långvarige vän John Whitehurst som ung. Whitehurst var med i organiserandet av Fergusons föreläsningar. Man har också tänkt att Wright utformade sin föreläsare efter en målning föreställande Isaac Newton av Godfrey Kneller. Figuren till vänster om filosofen ser ut som Wrights vän Peter Perez Burdett. Människorna till höger är möjligen Washington Shirley och hans brorson. Shirley ägde ett tellurium och köpte senare tavlan av Wright. Wright hade målat sitt första mästerverk med levande ljus, Three Persons Viewing the Gladiator by Candlelight, redan 1765. Där ser man tre män som studerar en liten kopia av statyn "Borghese Gladiator". The Gladiator väckte stor beundran, men hans nästa målning, The Orrery, orsakade större uppmärksamhet, eftersom han i den ersatte de klassiska föremålen i mitten av scenen med ett föremål av vetenskaplig karaktär. Enligt tidigare traditioner var konstnärlig illustration av sådana underverk reserverad för religiösa evenemang.</dbpedia-owl:abstract>
    <dbpedia-owl:abstract xml:lang="es">Un filósofo da una lección sobre el planetario de mesa es un cuadro del pintor inglés Joseph Wright, fechado en 1766. Ubicado en el Derby Museum and Art Gallery, representa a un maestro dando una lección de astronomía a un pequeño grupo de personas. Está considerado uno de los cuadros más famosos de Wright. Se cree que para representar al filósofo se inspiró en Isaac Newton,mientras que el biográfo de Wright, Benedict Nicolson, comenta que era John Whitehurst. Este cuadro forma parte de una serie de nocturnos a la luz de la vela que produjo entre 1765 y 1768, entre los que se incluyen Una joven leyendo una carta a la luz de una vela con un joven mirando por encima de su hombro, Tres personas viendo el «Gladiador» a la luz de una vela o Experimento con un pájaro en una bomba de aire.</dbpedia-owl:abstract>
    <dbpedia-owl:abstract xml:lang="ja">『太陽系儀の講義』（たいようけいぎのこうぎ、英: A Philosopher Lecturing on the Orrery）はジョセフ・ライトが描いた絵画。この絵は小人数の聴衆に対する太陽系儀の実演講義を描いており、（人物構成や作画技法でよく似た）彼の『空気ポンプの実験（English版）』（ナショナル・ギャラリー）に先立つものである。</dbpedia-owl:abstract>
    <dbpedia-owl:abstract xml:lang="ru">«Философ, объясняющий модель Солнечной системы» — картина английского художника Джозефа Райта, написанная около 1766 года. Полное название «Философ, объясняющий модель Солнечной системы, в которой лампа замещает Солнце» (англ.  A Philosopher giving a Lecture on the Orrery in which a lamp is put in place of the Sun. «Философ» — вторая картина художника, на которой персонажи и объекты сцены изображены освещенными светом свечи, невидимой зрителю. Лица персонажей картины демонстрируют одну из основных фаз Луны — новолуние, полумесяц, Луна «в ущербе» и полная луна .</dbpedia-owl:abstract>
    <dbpedia-owl:abstract xml:lang="pt">A Philosopher Lecturing on the Orrery ou no título inteiro A Philosopher giving a Lecture on the Orrery in which a lamp is put in place of the Sun é um quadro do pintor inglês Joseph Wright of Derby, datado de aproximadamente 1766. O quadro que está hoje no Derby Museum and Art Gallery, representa um professor dando uma demonstração de um planetário para um pequeno grupo de pessoas. É considerada uma das pinturas mais famosas de Wright. Acredita-se que o filósofo foi inspirado em Isaac Newton.</dbpedia-owl:abstract>
    <dbpedia-owl:abstract xml:lang="fr">Philosophe faisant un exposé sur le planétaire, ou Philosophe faisant un exposé sur le planétaire dans lequel le soleil est remplacé par une lampe (A Philosopher giving a Lecture on the Orrery in which a lamp is put in place of the Sun) de son nom complet, est un tableau du Britannique Joseph Wright of Derby, exposé pour la première fois en 1766. Il montre un conférencier faisant la démonstration d'un planétaire devant une assistance restreinte. La toile, aujourd'hui conservée au Derby Museum and Art Gallery de Derby, précède dans le temps Expérience sur un oiseau dans la pompe à air, sur un thème similaire.</dbpedia-owl:abstract>
    <dbpedia-owl:author rdf:resource="http://dbpedia.org/resource/Joseph_Wright_of_Derby"/>
    <dbpedia-owl:museum rdf:resource="http://dbpedia.org/resource/Derby_Museum_and_Art_Gallery"/>
    <dbpedia-owl:wikiPageID rdf:datatype="http://www.w3.org/2001/XMLSchema#integer">12370017</dbpedia-owl:wikiPageID>
    <dbpedia-owl:wikiPageRevisionID rdf:datatype="http://www.w3.org/2001/XMLSchema#integer">539645338</dbpedia-owl:wikiPageRevisionID>
    <rdfs:label xml:lang="ja">太陽系儀の講義</rdfs:label>
    <rdfs:label xml:lang="en">A Philosopher Lecturing on the Orrery</rdfs:label>
    <rdfs:label xml:lang="sv">A Philosopher Lecturing on the Orrery</rdfs:label>
    <rdfs:label xml:lang="it">Filosofo tiene una lezione sul planetario</rdfs:label>
    <rdfs:label xml:lang="fr">A Philosopher Lecturing on the Orrery</rdfs:label>
    <rdfs:label xml:lang="ru">Философ, объясняющий модель Солнечной системы</rdfs:label>
    <rdfs:label xml:lang="pt">A Philosopher Lecturing on the Orrery</rdfs:label>
    <rdfs:label xml:lang="es">Un filósofo da una lección sobre el planetario de mesa</rdfs:label>
    <foaf:depiction rdf:resource="http://upload.wikimedia.org/wikipedia/commons/d/d3/Wright_of_Derby,_The_Orrery.jpg"/>
    <rdfs:comment xml:lang="pt">A Philosopher Lecturing on the Orrery ou no título inteiro A Philosopher giving a Lecture on the Orrery in which a lamp is put in place of the Sun é um quadro do pintor inglês Joseph Wright of Derby, datado de aproximadamente 1766. O quadro que está hoje no Derby Museum and Art Gallery, representa um professor dando uma demonstração de um planetário para um pequeno grupo de pessoas. É considerada uma das pinturas mais famosas de Wright. Acredita-se que o filósofo foi inspirado em Isaac Newton.</rdfs:comment>
    <rdfs:comment xml:lang="it">Filosofo tiene una lezione sul planetario, (il cui titolo completo è Filosofo tiene una lezione sul planetario in cui la lampada viene messa al posto del sole), è un dipinto di Joseph Wright of Derby il cui tema è la lezione che un insegnante tiene ad un piccolo pubblico mediante un planetario.. Il quadro precede il similare Esperimento su un uccello nella pompa pneumatica, che si trova nella National Gallery, a Londra.</rdfs:comment>
    <rdfs:comment xml:lang="sv">A Philosopher Lecturing on the Orrery eller hela titeln A Philosopher giving a Lecture on the Orrery in which a lamp is put in place of the Sun är en tavla av den brittiske konstnären Joseph Wright of Derby. Den målades 1766 och hänger på Derby Museum and Art Gallery. Motivet föreställer en vetenskapsman, som med hjälp av en tellurium berättar om solsystemet. En lampa har placerats i position som solen, förmodligen för att illustrera orsakerna till eklipser.</rdfs:comment>
    <rdfs:comment xml:lang="fr">Philosophe faisant un exposé sur le planétaire, ou Philosophe faisant un exposé sur le planétaire dans lequel le soleil est remplacé par une lampe (A Philosopher giving a Lecture on the Orrery in which a lamp is put in place of the Sun) de son nom complet, est un tableau du Britannique Joseph Wright of Derby, exposé pour la première fois en 1766. Il montre un conférencier faisant la démonstration d'un planétaire devant une assistance restreinte.</rdfs:comment>
    <rdfs:comment xml:lang="en">A Philosopher Lecturing on the Orrery, or the full title, A Philosopher giving a Lecture on the Orrery in which a lamp is put in place of the Sun, is a painting by Joseph Wright of Derby depicting a lecturer giving a demonstration of an orrery to a small audience. The painting preceded his similar An Experiment on a Bird in the Air Pump.</rdfs:comment>
    <rdfs:comment xml:lang="ru">«Философ, объясняющий модель Солнечной системы» — картина английского художника Джозефа Райта, написанная около 1766 года. Полное название «Философ, объясняющий модель Солнечной системы, в которой лампа замещает Солнце» (англ.  A Philosopher giving a Lecture on the Orrery in which a lamp is put in place of the Sun. «Философ» — вторая картина художника, на которой персонажи и объекты сцены изображены освещенными светом свечи, невидимой зрителю.</rdfs:comment>
    <rdfs:comment xml:lang="ja">『太陽系儀の講義』（たいようけいぎのこうぎ、英: A Philosopher Lecturing on the Orrery）はジョセフ・ライトが描いた絵画。この絵は小人数の聴衆に対する太陽系儀の実演講義を描いており、（人物構成や作画技法でよく似た）彼の『空気ポンプの実験（English版）』（ナショナル・ギャラリー）に先立つものである。</rdfs:comment>
    <rdfs:comment xml:lang="es">Un filósofo da una lección sobre el planetario de mesa es un cuadro del pintor inglés Joseph Wright, fechado en 1766. Ubicado en el Derby Museum and Art Gallery, representa a un maestro dando una lección de astronomía a un pequeño grupo de personas. Está considerado uno de los cuadros más famosos de Wright. Se cree que para representar al filósofo se inspiró en Isaac Newton,mientras que el biográfo de Wright, Benedict Nicolson, comenta que era John Whitehurst.</rdfs:comment>
    <foaf:name xml:lang="en">A Philosopher Lecturing on the Orrery</foaf:name>
    <dbpedia-owl:thumbnail rdf:resource="http://upload.wikimedia.org/wikipedia/commons/thumb/d/d3/Wright_of_Derby,_The_Orrery.jpg/200px-Wright_of_Derby,_The_Orrery.jpg"/>
    <dbpedia-owl:wikiPageExternalLink rdf:resource="http://books.google.co.uk/books?id=Dw291-mt_ocC&amp;pg=PA83&amp;dq=sculpture+Goethe+candlelight&amp;as_brr=3#v=onepage&amp;q=sculpture%20Goethe%20candlelight&amp;f=false"/>
    <dbpedia-owl:wikiPageExternalLink rdf:resource="http://www.search.revolutionaryplayers.org.uk/engine/resource/exhibition/standard/default.asp?theme=59&amp;originator=%2Fengine%2Fcustom%2Fpeople%2Easp&amp;page=2&amp;records=35&amp;direction=1&amp;pointer=2447&amp;text=0&amp;resource=5230"/>
    <dbpprop:artist rdf:resource="http://dbpedia.org/resource/Joseph_Wright_of_Derby"/>
    <dbpprop:city rdf:resource="http://dbpedia.org/resource/Derby"/>
    <dbpprop:city rdf:resource="http://dbpedia.org/resource/England"/>
    <dbpprop:height rdf:datatype="http://www.w3.org/2001/XMLSchema#integer">147</dbpprop:height>
    <dbpprop:heightInch rdf:datatype="http://www.w3.org/2001/XMLSchema#integer">58</dbpprop:heightInch>
    <dbpprop:imageFile xml:lang="en">Wright of Derby, The Orrery.jpg</dbpprop:imageFile>
    <dbpprop:museum rdf:resource="http://dbpedia.org/resource/Derby_Museum_and_Art_Gallery"/>
    <dbpprop:title xml:lang="en">A Philosopher Lecturing on the Orrery</dbpprop:title>
    <dbpprop:type xml:lang="en">Oil on canvas</dbpprop:type>
    <dbpprop:width rdf:datatype="http://www.w3.org/2001/XMLSchema#integer">203</dbpprop:width>
    <dbpprop:widthInch rdf:datatype="http://www.w3.org/2001/XMLSchema#integer">80</dbpprop:widthInch>
    <dbpprop:year xml:lang="en">ca. 1766</dbpprop:year>
    <foaf:isPrimaryTopicOf rdf:resource="http://en.wikipedia.org/wiki/A_Philosopher_Lecturing_on_the_Orrery"/>
    <ns7:wasDerivedFrom rdf:resource="http://en.wikipedia.org/wiki/A_Philosopher_Lecturing_on_the_Orrery?oldid=539645338"/>
    <dbpprop:hasPhotoCollection rdf:resource="http://wifo5-03.informatik.uni-mannheim.de/flickrwrappr/photos/A_Philosopher_Lecturing_on_the_Orrery"/>
  </rdf:Description>
  <rdf:Description rdf:about="http://cs.dbpedia.org/resource/Filosof_předvádí_tellurium">
    <owl:sameAs rdf:resource="http://dbpedia.org/resource/A_Philosopher_Lecturing_on_the_Orrery"/>
  </rdf:Description>
  <rdf:Description rdf:about="http://fr.dbpedia.org/resource/A_Philosopher_Lecturing_on_the_Orrery">
    <owl:sameAs rdf:resource="http://dbpedia.org/resource/A_Philosopher_Lecturing_on_the_Orrery"/>
  </rdf:Description>
  <rdf:Description rdf:about="http://es.dbpedia.org/resource/Un_filósofo_da_una_lección_sobre_el_planetario_de_mesa">
    <owl:sameAs rdf:resource="http://dbpedia.org/resource/A_Philosopher_Lecturing_on_the_Orrery"/>
  </rdf:Description>
  <rdf:Description rdf:about="http://ja.dbpedia.org/resource/太陽系儀の講義">
    <owl:sameAs rdf:resource="http://dbpedia.org/resource/A_Philosopher_Lecturing_on_the_Orrery"/>
  </rdf:Description>
  <rdf:Description rdf:about="http://pt.dbpedia.org/resource/A_Philosopher_Lecturing_on_the_Orrery">
    <owl:sameAs rdf:resource="http://dbpedia.org/resource/A_Philosopher_Lecturing_on_the_Orrery"/>
  </rdf:Description>
  <rdf:Description rdf:about="http://en.wikipedia.org/wiki/A_Philosopher_Lecturing_on_the_Orrery">
    <foaf:primaryTopic rdf:resource="http://dbpedia.org/resource/A_Philosopher_Lecturing_on_the_Orrery"/>
  </rdf:Description>
  <rdf:Description rdf:about="http://it.dbpedia.org/resource/Filosofo_tiene_una_lezione_sul_planetario">
    <owl:sameAs rdf:resource="http://dbpedia.org/resource/A_Philosopher_Lecturing_on_the_Orrery"/>
  </rdf:Description>
  <rdf:Description rdf:about="http://ru.dbpedia.org/resource/Философ,_объясняющий_модель_Солнечной_системы">
    <owl:sameAs rdf:resource="http://dbpedia.org/resource/A_Philosopher_Lecturing_on_the_Orrery"/>
  </rdf:Description>
  <rdf:Description rdf:about="http://wikidata.dbpedia.org/resource/Q1651874">
    <owl:sameAs rdf:resource="http://dbpedia.org/resource/A_Philosopher_Lecturing_on_the_Orrery"/>
  </rdf:Description>
  <rdf:Description rdf:about="http://be.dbpedia.org/resource/Філосаф,_які_тлумачыць_мадэль_Сонечнай_сістэмы">
    <owl:sameAs rdf:resource="http://dbpedia.org/resource/A_Philosopher_Lecturing_on_the_Orrery"/>
  </rdf:Description>
  <rdf:Description rdf:about="http://br.dbpedia.org/resource/A_Philosopher_Lecturing_on_the_Orrery">
    <owl:sameAs rdf:resource="http://dbpedia.org/resource/A_Philosopher_Lecturing_on_the_Orrery"/>
  </rdf:Description>
  <rdf:Description rdf:about="http://ca.dbpedia.org/resource/El_filòsof_que_dóna_conferències_sobre_el_planetari">
    <owl:sameAs rdf:resource="http://dbpedia.org/resource/A_Philosopher_Lecturing_on_the_Orrery"/>
  </rdf:Description>
  <rdf:Description rdf:about="http://eo.dbpedia.org/resource/Filozofo_preleganta_pri_sunsistema_modelo">
    <owl:sameAs rdf:resource="http://dbpedia.org/resource/A_Philosopher_Lecturing_on_the_Orrery"/>
  </rdf:Description>
  <rdf:Description rdf:about="http://fi.dbpedia.org/resource/Filosofi_luennoi_telluuriosta">
    <owl:sameAs rdf:resource="http://dbpedia.org/resource/A_Philosopher_Lecturing_on_the_Orrery"/>
  </rdf:Description>
  <rdf:Description rdf:about="http://id.dbpedia.org/resource/A_Philosopher_Lecturing_on_the_Orrery">
    <owl:sameAs rdf:resource="http://dbpedia.org/resource/A_Philosopher_Lecturing_on_the_Orrery"/>
  </rdf:Description>
  <rdf:Description rdf:about="http://simple.dbpedia.org/resource/A_Philosopher_Lecturing_on_the_Orrery">
    <owl:sameAs rdf:resource="http://dbpedia.org/resource/A_Philosopher_Lecturing_on_the_Orrery"/>
  </rdf:Description>
  <rdf:Description rdf:about="http://sk.dbpedia.org/resource/A_Philosopher_Lecturing_on_the_Orrery">
    <owl:sameAs rdf:resource="http://dbpedia.org/resource/A_Philosopher_Lecturing_on_the_Orrery"/>
  </rdf:Description>
  <rdf:Description rdf:about="http://sv.dbpedia.org/resource/A_Philosopher_Lecturing_on_the_Orrery">
    <owl:sameAs rdf:resource="http://dbpedia.org/resource/A_Philosopher_Lecturing_on_the_Orrery"/>
  </rdf:Description>
  <rdf:Description rdf:about="http://ba.dbpedia.org/resource/Ҡояш_системаһы_моделен_аңлатыусы_философ">
    <owl:sameAs rdf:resource="http://dbpedia.org/resource/A_Philosopher_Lecturing_on_the_Orrery"/>
  </rdf:Description>
  <rdf:Description rdf:about="http://be_x_old.dbpedia.org/resource/Філёзаф,_які_тлумачыць_мадэль_Сонечнай_сыстэмы">
    <owl:sameAs rdf:resource="http://dbpedia.org/resource/A_Philosopher_Lecturing_on_the_Orrery"/>
  </rdf:Description>
</rdf:RDF>
