<rdf:RDF xmlns:dbpprop="http://dbpedia.org/property/" xmlns:ns6="http://www.w3.org/ns/prov#" xmlns:foaf="http://xmlns.com/foaf/0.1/" xmlns:dbpedia-owl="http://dbpedia.org/ontology/" xmlns:dcterms="http://purl.org/dc/terms/" xmlns:owl="http://www.w3.org/2002/07/owl#" xmlns:rdfs="http://www.w3.org/2000/01/rdf-schema#" xmlns:rdf="http://www.w3.org/1999/02/22-rdf-syntax-ns#">
  <rdf:Description rdf:about="http://dbpedia.org/resource/A_Vision_of_the_Last_Judgment">
    <rdf:type rdf:resource="http://dbpedia.org/class/yago/Creation103129123"/>
    <rdf:type rdf:resource="http://dbpedia.org/class/yago/1810Paintings"/>
    <rdf:type rdf:resource="http://dbpedia.org/class/yago/Art102743547"/>
    <rdf:type rdf:resource="http://dbpedia.org/class/yago/Object100002684"/>
    <rdf:type rdf:resource="http://dbpedia.org/class/yago/Painting103876519"/>
    <rdf:type rdf:resource="http://dbpedia.org/class/yago/Whole100003553"/>
    <rdf:type rdf:resource="http://dbpedia.org/class/yago/GraphicArt103453809"/>
    <rdf:type rdf:resource="http://dbpedia.org/class/yago/Artifact100021939"/>
    <rdf:type rdf:resource="http://dbpedia.org/class/yago/LostPaintings"/>
    <rdf:type rdf:resource="http://dbpedia.org/class/yago/PhysicalEntity100001930"/>
    <rdf:type rdf:resource="http://dbpedia.org/class/yago/1808Paintings"/>
    <owl:sameAs rdf:resource="http://yago-knowledge.org/resource/A_Vision_of_the_Last_Judgment"/>
    <owl:sameAs rdf:resource="http://dbpedia.org/resource/A_Vision_of_the_Last_Judgment"/>
    <owl:sameAs rdf:resource="http://rdf.freebase.com/ns/m.06zrcs1"/>
    <owl:sameAs rdf:resource="http://www.wikidata.org/entity/Q4660501"/>
    <owl:sameAs rdf:resource="http://es.dbpedia.org/resource/Una_visión_del_Juicio_Final"/>
    <dcterms:subject rdf:resource="http://dbpedia.org/resource/Category:1808_paintings"/>
    <dcterms:subject rdf:resource="http://dbpedia.org/resource/Category:1810_paintings"/>
    <dcterms:subject rdf:resource="http://dbpedia.org/resource/Category:Art_by_William_Blake"/>
    <dcterms:subject rdf:resource="http://dbpedia.org/resource/Category:Lost_paintings"/>
    <dbpedia-owl:abstract xml:lang="en">A Vision of the Last Judgment is a painting by William Blake that was designed in 1808 before becoming a lost artwork. The painting was to be shown in an 1810 exhibition with a detailed analysis added to a second edition of his Descriptive Catalogue. This plan was dropped after the exhibition was cancelled, and the painting disappeared. Blake's notes for the Descriptive Catalogue describe various aspects of the work in a detailed manner, which allow the aspects of the painting to be known. Additionally, earlier designs that reveal similar Blake depiction of the Last Judgment have survived, and these date back to an 1805 precursor design created for Robert Blair's The Grave. In addition to Blake's notes on the painting, a letter written to Ozias Humphrey provides a description of the various images within an earlier design of the Last Judgment.</dbpedia-owl:abstract>
    <dbpedia-owl:abstract xml:lang="es">Una visión del juicio final es una pintura hecha y diseñada por William Blake en 1808 antes de llegar a ser un material gráfico perdido. La pintura fue mostrada en una exhibición de 1810 con un detallado análisis añadido a una segunda edición de su Descriptive Catalogue. Este plan fue abandonado después de que se canceló la exhibición, y la pintura desapareció. Las notas de Blake para Descriptive Catalogue describen varios aspectos del trabajo en una forma detallada, lo que permitió que las características de la pintura fueran conocidas. Además, los primeros diseños que revelan la representación de Blake con respecto al Juicio Final han sobrevivido, y éstos se remontan a un diseño precursor de Robert Blair en The Grave en 1805. Adicionalmente con las notas de Blake sobre la pintura, aparece una carta escrita a Ozias Humphry que dar una descripción de varias imágenes dentro de un diseño anterior al del Juicio Final.</dbpedia-owl:abstract>
    <dbpedia-owl:wikiPageID rdf:datatype="http://www.w3.org/2001/XMLSchema#integer">23665498</dbpedia-owl:wikiPageID>
    <dbpedia-owl:wikiPageRevisionID rdf:datatype="http://www.w3.org/2001/XMLSchema#integer">545678458</dbpedia-owl:wikiPageRevisionID>
    <rdfs:label xml:lang="es">Una visión del Juicio Final</rdfs:label>
    <rdfs:label xml:lang="en">A Vision of the Last Judgment</rdfs:label>
    <foaf:depiction rdf:resource="http://upload.wikimedia.org/wikipedia/commons/5/53/The_Vision_of_the_Last_Judgment.png"/>
    <rdfs:comment xml:lang="es">Una visión del juicio final es una pintura hecha y diseñada por William Blake en 1808 antes de llegar a ser un material gráfico perdido. La pintura fue mostrada en una exhibición de 1810 con un detallado análisis añadido a una segunda edición de su Descriptive Catalogue. Este plan fue abandonado después de que se canceló la exhibición, y la pintura desapareció.</rdfs:comment>
    <rdfs:comment xml:lang="en">A Vision of the Last Judgment is a painting by William Blake that was designed in 1808 before becoming a lost artwork. The painting was to be shown in an 1810 exhibition with a detailed analysis added to a second edition of his Descriptive Catalogue. This plan was dropped after the exhibition was cancelled, and the painting disappeared. Blake's notes for the Descriptive Catalogue describe various aspects of the work in a detailed manner, which allow the aspects of the painting to be known.</rdfs:comment>
    <dbpedia-owl:thumbnail rdf:resource="http://upload.wikimedia.org/wikipedia/commons/thumb/5/53/The_Vision_of_the_Last_Judgment.png/200px-The_Vision_of_the_Last_Judgment.png"/>
    <foaf:isPrimaryTopicOf rdf:resource="http://en.wikipedia.org/wiki/A_Vision_of_the_Last_Judgment"/>
    <ns6:wasDerivedFrom rdf:resource="http://en.wikipedia.org/wiki/A_Vision_of_the_Last_Judgment?oldid=545678458"/>
    <dbpprop:hasPhotoCollection rdf:resource="http://wifo5-03.informatik.uni-mannheim.de/flickrwrappr/photos/A_Vision_of_the_Last_Judgment"/>
  </rdf:Description>
  <rdf:Description rdf:about="http://es.dbpedia.org/resource/Una_visión_del_Juicio_Final">
    <owl:sameAs rdf:resource="http://dbpedia.org/resource/A_Vision_of_the_Last_Judgment"/>
  </rdf:Description>
  <rdf:Description rdf:about="http://dbpedia.org/resource/A_Vision_of_the_Last_Judgement">
    <dbpedia-owl:wikiPageRedirects rdf:resource="http://dbpedia.org/resource/A_Vision_of_the_Last_Judgment"/>
  </rdf:Description>
  <rdf:Description rdf:about="http://dbpedia.org/resource/Last_Judgment_(disambiguation)">
    <dbpedia-owl:wikiPageDisambiguates rdf:resource="http://dbpedia.org/resource/A_Vision_of_the_Last_Judgment"/>
  </rdf:Description>
  <rdf:Description rdf:about="http://en.wikipedia.org/wiki/A_Vision_of_the_Last_Judgment">
    <foaf:primaryTopic rdf:resource="http://dbpedia.org/resource/A_Vision_of_the_Last_Judgment"/>
  </rdf:Description>
  <rdf:Description rdf:about="http://wikidata.dbpedia.org/resource/Q4660501">
    <owl:sameAs rdf:resource="http://dbpedia.org/resource/A_Vision_of_the_Last_Judgment"/>
  </rdf:Description>
</rdf:RDF>
