<rdf:RDF xmlns:ns7="http://www.w3.org/ns/prov#" xmlns:dbpprop="http://dbpedia.org/property/" xmlns:foaf="http://xmlns.com/foaf/0.1/" xmlns:dbpedia-owl="http://dbpedia.org/ontology/" xmlns:dcterms="http://purl.org/dc/terms/" xmlns:owl="http://www.w3.org/2002/07/owl#" xmlns:rdfs="http://www.w3.org/2000/01/rdf-schema#" xmlns:rdf="http://www.w3.org/1999/02/22-rdf-syntax-ns#">
  <rdf:Description rdf:about="http://en.wikipedia.org/wiki/A_Woman_Walking_in_a_Garden">
    <foaf:primaryTopic rdf:resource="http://dbpedia.org/resource/A_Woman_Walking_in_a_Garden"/>
  </rdf:Description>
  <rdf:Description rdf:about="http://dbpedia.org/resource/A_Woman_Walking_in_a_Garden">
    <rdf:type rdf:resource="http://dbpedia.org/class/yago/VincentVanGoghPaintingsOfParis"/>
    <rdf:type rdf:resource="http://dbpedia.org/class/yago/Art102743547"/>
    <rdf:type rdf:resource="http://dbpedia.org/ontology/Artwork"/>
    <rdf:type rdf:resource="http://dbpedia.org/class/yago/PhysicalEntity100001930"/>
    <rdf:type rdf:resource="http://dbpedia.org/class/yago/Painting103876519"/>
    <rdf:type rdf:resource="http://schema.org/CreativeWork"/>
    <rdf:type rdf:resource="http://dbpedia.org/class/yago/Whole100003553"/>
    <rdf:type rdf:resource="http://dbpedia.org/class/yago/Object100002684"/>
    <rdf:type rdf:resource="http://dbpedia.org/class/yago/GraphicArt103453809"/>
    <rdf:type rdf:resource="http://www.w3.org/2002/07/owl#Thing"/>
    <rdf:type rdf:resource="http://dbpedia.org/class/yago/Artifact100021939"/>
    <rdf:type rdf:resource="http://dbpedia.org/class/yago/1887Paintings"/>
    <rdf:type rdf:resource="http://dbpedia.org/ontology/Work"/>
    <rdf:type rdf:resource="http://dbpedia.org/class/yago/PaintingsByVincentVanGogh"/>
    <rdf:type rdf:resource="http://dbpedia.org/class/yago/Creation103129123"/>
    <owl:sameAs rdf:resource="http://yago-knowledge.org/resource/A_Woman_Walking_in_a_Garden"/>
    <owl:sameAs rdf:resource="http://dbpedia.org/resource/A_Woman_Walking_in_a_Garden"/>
    <owl:sameAs rdf:resource="http://rdf.freebase.com/ns/m.0czd4f2"/>
    <owl:sameAs rdf:resource="http://www.wikidata.org/entity/Q4660742"/>
    <dcterms:subject rdf:resource="http://dbpedia.org/resource/Category:1887_paintings"/>
    <dcterms:subject rdf:resource="http://dbpedia.org/resource/Category:Vincent_van_Gogh_paintings_of_Paris"/>
    <dcterms:subject rdf:resource="http://dbpedia.org/resource/Category:Paintings_by_Vincent_van_Gogh"/>
    <dbpedia-owl:abstract xml:lang="en">A Woman Walking in a Garden was painted by Vincent Van Gogh in 1887. As the title indicates, it depicts a woman walking through a garden. Greenery is everywhere and numerous trees can be seen in the background. In 1886 van Gogh left Holland for Paris never to return. His brother Theo, a successful Parisian art dealer, provided van Gogh the support and connections for an immersion in modern art. In the two years, from 1886 through 1888, van Gogh emerged as a sophisticated, thoughtful and provoking artist. During 1886 van Gogh was introduced to Impressionist artists and their works, such as Edgar Degas, Claude Monet, Auguste Renoir, Georges Seurat and Paul Signac. In 1887 van Gogh continued to make important connections with other artists who he befriended and exchanged paintings with, such as Louis Anquetin, Émile Bernard, Armand Guillaumin, Lucien Pissarro and Paul Signac. Having been introduced to Impressionism and Pointillism in Paris, van Gogh began experimenting with related techniques. Van Gogh also utilized complementary colors to allow the formation of vibrant contrasts which enhance each other when juxtaposed.</dbpedia-owl:abstract>
    <dbpedia-owl:author rdf:resource="http://dbpedia.org/resource/Vincent_van_Gogh"/>
    <dbpedia-owl:wikiPageID rdf:datatype="http://www.w3.org/2001/XMLSchema#integer">28738042</dbpedia-owl:wikiPageID>
    <dbpedia-owl:wikiPageRevisionID rdf:datatype="http://www.w3.org/2001/XMLSchema#integer">523250297</dbpedia-owl:wikiPageRevisionID>
    <rdfs:label xml:lang="en">A Woman Walking in a Garden</rdfs:label>
    <foaf:depiction rdf:resource="http://upload.wikimedia.org/wikipedia/commons/6/6a/Vangogh_femme-dans-un-jardin.jpg"/>
    <rdfs:comment xml:lang="en">A Woman Walking in a Garden was painted by Vincent Van Gogh in 1887. As the title indicates, it depicts a woman walking through a garden. Greenery is everywhere and numerous trees can be seen in the background. In 1886 van Gogh left Holland for Paris never to return. His brother Theo, a successful Parisian art dealer, provided van Gogh the support and connections for an immersion in modern art.</rdfs:comment>
    <foaf:name xml:lang="en">A Woman Walking in a Garden (F368)</foaf:name>
    <dbpedia-owl:thumbnail rdf:resource="http://upload.wikimedia.org/wikipedia/commons/thumb/6/6a/Vangogh_femme-dans-un-jardin.jpg/200px-Vangogh_femme-dans-un-jardin.jpg"/>
    <dbpprop:artist rdf:resource="http://dbpedia.org/resource/Vincent_van_Gogh"/>
    <dbpprop:imageFile xml:lang="en">Vangogh femme-dans-un-jardin.jpg</dbpprop:imageFile>
    <dbpprop:museum xml:lang="en">Private collection</dbpprop:museum>
    <dbpprop:title xml:lang="en">A Woman Walking in a Garden</dbpprop:title>
    <dbpprop:type rdf:resource="http://dbpedia.org/resource/Oil_painting"/>
    <dbpprop:year rdf:datatype="http://www.w3.org/2001/XMLSchema#integer">1887</dbpprop:year>
    <foaf:isPrimaryTopicOf rdf:resource="http://en.wikipedia.org/wiki/A_Woman_Walking_in_a_Garden"/>
    <ns7:wasDerivedFrom rdf:resource="http://en.wikipedia.org/wiki/A_Woman_Walking_in_a_Garden?oldid=523250297"/>
    <dbpprop:hasPhotoCollection rdf:resource="http://wifo5-03.informatik.uni-mannheim.de/flickrwrappr/photos/A_Woman_Walking_in_a_Garden"/>
  </rdf:Description>
  <rdf:Description rdf:about="http://dbpedia.org/resource/A_woman_walking_in_a_garden">
    <dbpedia-owl:wikiPageRedirects rdf:resource="http://dbpedia.org/resource/A_Woman_Walking_in_a_Garden"/>
  </rdf:Description>
  <rdf:Description rdf:about="http://wikidata.dbpedia.org/resource/Q4660742">
    <owl:sameAs rdf:resource="http://dbpedia.org/resource/A_Woman_Walking_in_a_Garden"/>
  </rdf:Description>
</rdf:RDF>
