<rdf:RDF xmlns:ns7="http://www.w3.org/ns/prov#" xmlns:dbpprop="http://dbpedia.org/property/" xmlns:foaf="http://xmlns.com/foaf/0.1/" xmlns:dbpedia-owl="http://dbpedia.org/ontology/" xmlns:dcterms="http://purl.org/dc/terms/" xmlns:owl="http://www.w3.org/2002/07/owl#" xmlns:rdfs="http://www.w3.org/2000/01/rdf-schema#" xmlns:rdf="http://www.w3.org/1999/02/22-rdf-syntax-ns#">
  <rdf:Description rdf:about="http://dbpedia.org/resource/A_Young_Woman_Seated_at_the_Virginals">
    <rdf:type rdf:resource="http://dbpedia.org/class/yago/Painting103876519"/>
    <rdf:type rdf:resource="http://dbpedia.org/ontology/Work"/>
    <rdf:type rdf:resource="http://www.w3.org/2002/07/owl#Thing"/>
    <rdf:type rdf:resource="http://dbpedia.org/class/yago/PaintingsByJohannesVermeer"/>
    <rdf:type rdf:resource="http://dbpedia.org/class/yago/Creation103129123"/>
    <rdf:type rdf:resource="http://dbpedia.org/class/yago/PhysicalEntity100001930"/>
    <rdf:type rdf:resource="http://dbpedia.org/class/yago/Object100002684"/>
    <rdf:type rdf:resource="http://schema.org/CreativeWork"/>
    <rdf:type rdf:resource="http://dbpedia.org/class/yago/Artifact100021939"/>
    <rdf:type rdf:resource="http://dbpedia.org/class/yago/Art102743547"/>
    <rdf:type rdf:resource="http://dbpedia.org/class/yago/GraphicArt103453809"/>
    <rdf:type rdf:resource="http://dbpedia.org/class/yago/PaintingsOfTheMetropolitanMuseumOfArt"/>
    <rdf:type rdf:resource="http://dbpedia.org/class/yago/Whole100003553"/>
    <rdf:type rdf:resource="http://dbpedia.org/ontology/Artwork"/>
    <rdf:type rdf:resource="http://dbpedia.org/class/yago/1670sPaintings"/>
    <owl:sameAs rdf:resource="http://www.wikidata.org/entity/Q4660880"/>
    <owl:sameAs rdf:resource="http://pl.dbpedia.org/resource/Młoda_kobieta_siedząca_przy_wirginale"/>
    <owl:sameAs rdf:resource="http://yago-knowledge.org/resource/A_Young_Woman_Seated_at_the_Virginals"/>
    <owl:sameAs rdf:resource="http://rdf.freebase.com/ns/m.07s3fsf"/>
    <owl:sameAs rdf:resource="http://it.dbpedia.org/resource/Giovane_donna_seduta_al_virginale"/>
    <owl:sameAs rdf:resource="http://nl.dbpedia.org/resource/Zittende_vrouw_aan_het_virginaal"/>
    <owl:sameAs rdf:resource="http://dbpedia.org/resource/A_Young_Woman_Seated_at_the_Virginals"/>
    <owl:sameAs rdf:resource="http://sv.dbpedia.org/resource/En_ung_kvinna_som_sitter_vid_en_cembalo"/>
    <dcterms:subject rdf:resource="http://dbpedia.org/resource/Category:Paintings_by_Johannes_Vermeer"/>
    <dcterms:subject rdf:resource="http://dbpedia.org/resource/Category:Paintings_of_the_Metropolitan_Museum_of_Art"/>
    <dcterms:subject rdf:resource="http://dbpedia.org/resource/Category:1670s_paintings"/>
    <dbpedia-owl:abstract xml:lang="sv">Ej att förväxla med Dam som sitter vid en cembalo, också av Johannes Vermeer En ung kvinna som sitter vid en cembalo 300px KonstnärAttribuerad till Johannes VermeerTillkomståromkring 1670-72MaterialOlja på dukMått25,1 × 20 centimeterMuseumPrivat samling i New York En ung kvinna som sitter vid en cembalo är en till Johannes Vermeer attribuerad oljemålning från omkring 1670-72.</dbpedia-owl:abstract>
    <dbpedia-owl:abstract xml:lang="en">A Young Woman Seated at the Virginals, also known as Young Woman Seated at the Virginals and A Young Woman Seated at a Virginal, is a painting some attribute to the Dutch artist Johannes Vermeer. It is thought to date from 1670 to 1672 and is now in a private collection in New York. The painting's title is close to that of another Vermeer work, sometimes called "Young Woman Seated at a Virginal" (which itself has an alternate title, "Lady Seated at a Virginal") at the National Gallery, London. Until recently the work was little known. It was determined to be a Vermeer painting through technical examination and passages of painting very similar to those in Vermeer's "Lady Seated at a Virginal" in The National Gallery, London, although the yellow shawl may have been painted by another artist. It is on loan to the Ashmolean Museum, Oxford, from January to September 2012.</dbpedia-owl:abstract>
    <dbpedia-owl:abstract xml:lang="nl">Zittende vrouw aan het virginaal is een klein schilderij uit 1670-1672, in 2003 alsnog toegeschreven aan de Delftse kunstschilder Johannes Vermeer (1632-1675). Het werk is in privébezit in New York.</dbpedia-owl:abstract>
    <dbpedia-owl:abstract xml:lang="pl">Młoda kobieta siedząca przy wirginale – obraz przypisywany Janowi Vermeerowi (autorstwo nie jest jednak pewne) i datowany na ok. 1670. Obraz stanowi obecnie własność Steve'a Wynna, milionera z Las Vegas, który kupił go 7 lipca 2004 na aukcji w domu Sotheby's za 16 245 600 funtów (27 000 000 dolarów). Dzieło sprzedali spadkobiercy barona Frédérica Rolin (zm. 2002). Wcześniej było własnością Alberta Beita, odziedziczoną przez niego po ojcu-kolekcjonerze. Dzieło to zostało po raz pierwszy opublikowane w 1904 i przez kolejne lata powszechnie uznawane za obraz Vermeera. Po "sprawie van Meegerena" wyrażono co do tego wątpliwości i Młoda kobieta siedząca przy wirginale była pomijana zazwyczaj przez badaczy. A. B. de Vries w 1948 usunął ją ze swojego katalogu dzieł Vermeera. Nie znalazła się na wystawie dzieł Vermeera w 1960. W 1993 rozpoczęto szczegółowe, trwające 10 lat, badania obrazu, na podstawie których zaproponowano, by ponownie włączyć go do oeuvre Vermeera. W 2001 roku został wyeksponowany na wystawie Vermeer i szkoła z Delft w National Gallery w Londynie.</dbpedia-owl:abstract>
    <dbpedia-owl:author rdf:resource="http://dbpedia.org/resource/Johannes_Vermeer"/>
    <dbpedia-owl:museum rdf:resource="http://dbpedia.org/resource/Private_collection"/>
    <dbpedia-owl:wikiPageID rdf:datatype="http://www.w3.org/2001/XMLSchema#integer">24416206</dbpedia-owl:wikiPageID>
    <dbpedia-owl:wikiPageRevisionID rdf:datatype="http://www.w3.org/2001/XMLSchema#integer">538598967</dbpedia-owl:wikiPageRevisionID>
    <rdfs:label xml:lang="sv">En ung kvinna som sitter vid en cembalo</rdfs:label>
    <rdfs:label xml:lang="nl">Zittende vrouw aan het virginaal</rdfs:label>
    <rdfs:label xml:lang="pl">Młoda kobieta siedząca przy wirginale</rdfs:label>
    <rdfs:label xml:lang="en">A Young Woman Seated at the Virginals</rdfs:label>
    <foaf:depiction rdf:resource="http://upload.wikimedia.org/wikipedia/commons/2/2b/Vermeer_-_A_young_Woman_seated_at_the_Virginals.jpg"/>
    <rdfs:comment xml:lang="en">A Young Woman Seated at the Virginals, also known as Young Woman Seated at the Virginals and A Young Woman Seated at a Virginal, is a painting some attribute to the Dutch artist Johannes Vermeer. It is thought to date from 1670 to 1672 and is now in a private collection in New York. The painting's title is close to that of another Vermeer work, sometimes called "Young Woman Seated at a Virginal" (which itself has an alternate title, "Lady Seated at a Virginal") at the National Gallery, London.</rdfs:comment>
    <rdfs:comment xml:lang="pl">Młoda kobieta siedząca przy wirginale – obraz przypisywany Janowi Vermeerowi (autorstwo nie jest jednak pewne) i datowany na ok. 1670. Obraz stanowi obecnie własność Steve'a Wynna, milionera z Las Vegas, który kupił go 7 lipca 2004 na aukcji w domu Sotheby's za 16 245 600 funtów (27 000 000 dolarów). Dzieło sprzedali spadkobiercy barona Frédérica Rolin (zm. 2002). Wcześniej było własnością Alberta Beita, odziedziczoną przez niego po ojcu-kolekcjonerze.</rdfs:comment>
    <rdfs:comment xml:lang="sv">Ej att förväxla med Dam som sitter vid en cembalo, också av Johannes Vermeer En ung kvinna som sitter vid en cembalo 300px KonstnärAttribuerad till Johannes VermeerTillkomståromkring 1670-72MaterialOlja på dukMått25,1 × 20 centimeterMuseumPrivat samling i New York En ung kvinna som sitter vid en cembalo är en till Johannes Vermeer attribuerad oljemålning från omkring 1670-72.</rdfs:comment>
    <rdfs:comment xml:lang="nl">Zittende vrouw aan het virginaal is een klein schilderij uit 1670-1672, in 2003 alsnog toegeschreven aan de Delftse kunstschilder Johannes Vermeer (1632-1675). Het werk is in privébezit in New York.</rdfs:comment>
    <foaf:name xml:lang="en">Young Woman Seated at a Virginal</foaf:name>
    <dbpedia-owl:thumbnail rdf:resource="http://upload.wikimedia.org/wikipedia/commons/thumb/2/2b/Vermeer_-_A_young_Woman_seated_at_the_Virginals.jpg/200px-Vermeer_-_A_young_Woman_seated_at_the_Virginals.jpg"/>
    <dbpedia-owl:wikiPageExternalLink rdf:resource="http://www.essentialvermeer.com/catalogue/baron_rolin.html"/>
    <dbpedia-owl:wikiPageExternalLink rdf:resource="http://www.artsjournal.com/culturegrrl/2009/01/virginal_vermeer_sold_by_wynn.html"/>
    <dbpedia-owl:wikiPageExternalLink rdf:resource="http://www.sothebys.com/app/live/lot/LotDetail.jsp?sale_number=L04031&amp;live_lot_id=8"/>
    <dbpprop:artist rdf:resource="http://dbpedia.org/resource/Johannes_Vermeer"/>
    <dbpprop:city rdf:resource="http://dbpedia.org/resource/New_York"/>
    <dbpprop:height rdf:datatype="http://www.w3.org/2001/XMLSchema#double">25.1</dbpprop:height>
    <dbpprop:imageFile xml:lang="en">Vermeer - A young Woman seated at the Virginals.jpg</dbpprop:imageFile>
    <dbpprop:museum xml:lang="en">private collection</dbpprop:museum>
    <dbpprop:title xml:lang="en">Young Woman Seated at a Virginal</dbpprop:title>
    <dbpprop:type rdf:resource="http://dbpedia.org/resource/Oil_painting"/>
    <dbpprop:width rdf:datatype="http://www.w3.org/2001/XMLSchema#integer">20</dbpprop:width>
    <dbpprop:year xml:lang="en">c. 1670–72</dbpprop:year>
    <foaf:isPrimaryTopicOf rdf:resource="http://en.wikipedia.org/wiki/A_Young_Woman_Seated_at_the_Virginals"/>
    <ns7:wasDerivedFrom rdf:resource="http://en.wikipedia.org/wiki/A_Young_Woman_Seated_at_the_Virginals?oldid=538598967"/>
    <dbpprop:hasPhotoCollection rdf:resource="http://wifo5-03.informatik.uni-mannheim.de/flickrwrappr/photos/A_Young_Woman_Seated_at_the_Virginals"/>
  </rdf:Description>
  <rdf:Description rdf:about="http://pl.dbpedia.org/resource/Młoda_kobieta_siedząca_przy_wirginale">
    <owl:sameAs rdf:resource="http://dbpedia.org/resource/A_Young_Woman_Seated_at_the_Virginals"/>
  </rdf:Description>
  <rdf:Description rdf:about="http://en.wikipedia.org/wiki/A_Young_Woman_Seated_at_the_Virginals">
    <foaf:primaryTopic rdf:resource="http://dbpedia.org/resource/A_Young_Woman_Seated_at_the_Virginals"/>
  </rdf:Description>
  <rdf:Description rdf:about="http://it.dbpedia.org/resource/Giovane_donna_seduta_al_virginale">
    <owl:sameAs rdf:resource="http://dbpedia.org/resource/A_Young_Woman_Seated_at_the_Virginals"/>
  </rdf:Description>
  <rdf:Description rdf:about="http://nl.dbpedia.org/resource/Zittende_vrouw_aan_het_virginaal">
    <owl:sameAs rdf:resource="http://dbpedia.org/resource/A_Young_Woman_Seated_at_the_Virginals"/>
  </rdf:Description>
  <rdf:Description rdf:about="http://wikidata.dbpedia.org/resource/Q4660880">
    <owl:sameAs rdf:resource="http://dbpedia.org/resource/A_Young_Woman_Seated_at_the_Virginals"/>
  </rdf:Description>
  <rdf:Description rdf:about="http://sv.dbpedia.org/resource/En_ung_kvinna_som_sitter_vid_en_cembalo">
    <owl:sameAs rdf:resource="http://dbpedia.org/resource/A_Young_Woman_Seated_at_the_Virginals"/>
  </rdf:Description>
</rdf:RDF>
