<rdf:RDF xmlns:ns7="http://www.w3.org/ns/prov#" xmlns:dbpprop="http://dbpedia.org/property/" xmlns:foaf="http://xmlns.com/foaf/0.1/" xmlns:dbpedia-owl="http://dbpedia.org/ontology/" xmlns:dcterms="http://purl.org/dc/terms/" xmlns:owl="http://www.w3.org/2002/07/owl#" xmlns:rdfs="http://www.w3.org/2000/01/rdf-schema#" xmlns:rdf="http://www.w3.org/1999/02/22-rdf-syntax-ns#">
  <rdf:Description rdf:about="http://it.dbpedia.org/resource/Giovane_introdotto_tra_le_Arti_Liberali">
    <owl:sameAs rdf:resource="http://dbpedia.org/resource/A_Young_Man_Being_Introduced_to_the_Seven_Liberal_Arts_(Botticelli)"/>
  </rdf:Description>
  <rdf:Description rdf:about="http://en.wikipedia.org/wiki/A_Young_Man_Being_Introduced_to_the_Seven_Liberal_Arts_(Botticelli)">
    <foaf:primaryTopic rdf:resource="http://dbpedia.org/resource/A_Young_Man_Being_Introduced_to_the_Seven_Liberal_Arts_(Botticelli)"/>
  </rdf:Description>
  <rdf:Description rdf:about="http://dbpedia.org/resource/A_Young_Man_Being_Introduced_to_the_Seven_Liberal_Arts_(Botticelli)">
    <rdf:type rdf:resource="http://dbpedia.org/class/yago/Artifact100021939"/>
    <rdf:type rdf:resource="http://dbpedia.org/class/yago/1480sPaintings"/>
    <rdf:type rdf:resource="http://dbpedia.org/ontology/Artwork"/>
    <rdf:type rdf:resource="http://dbpedia.org/class/yago/Whole100003553"/>
    <rdf:type rdf:resource="http://dbpedia.org/class/yago/Object100002684"/>
    <rdf:type rdf:resource="http://dbpedia.org/class/yago/GraphicArt103453809"/>
    <rdf:type rdf:resource="http://dbpedia.org/class/yago/Art102743547"/>
    <rdf:type rdf:resource="http://dbpedia.org/class/yago/PhysicalEntity100001930"/>
    <rdf:type rdf:resource="http://dbpedia.org/class/yago/Painting103876519"/>
    <rdf:type rdf:resource="http://dbpedia.org/class/yago/PaintingsBySandroBotticelli"/>
    <rdf:type rdf:resource="http://www.w3.org/2002/07/owl#Thing"/>
    <rdf:type rdf:resource="http://dbpedia.org/ontology/Work"/>
    <rdf:type rdf:resource="http://schema.org/CreativeWork"/>
    <rdf:type rdf:resource="http://dbpedia.org/class/yago/Creation103129123"/>
    <owl:sameAs rdf:resource="http://dbpedia.org/resource/A_Young_Man_Being_Introduced_to_the_Seven_Liberal_Arts_(Botticelli)"/>
    <owl:sameAs rdf:resource="http://www.wikidata.org/entity/Q6287319"/>
    <owl:sameAs rdf:resource="http://it.dbpedia.org/resource/Giovane_introdotto_tra_le_Arti_Liberali"/>
    <owl:sameAs rdf:resource="http://yago-knowledge.org/resource/A_Young_Man_Being_Introduced_to_the_Seven_Liberal_Arts_(Botticelli)"/>
    <owl:sameAs rdf:resource="http://rdf.freebase.com/ns/m.0h1gy5_"/>
    <dcterms:subject rdf:resource="http://dbpedia.org/resource/Category:1480s_paintings"/>
    <dcterms:subject rdf:resource="http://dbpedia.org/resource/Category:Paintings_by_Sandro_Botticelli"/>
    <dbpedia-owl:abstract xml:lang="it">Giovane introdotto tra le Arti Liberali è un affresco staccato (237×269 cm) di Sandro Botticelli, databile al 1486 circa e conservato nel Museo del Louvre di Parigi. Con Venere e le tre Grazie offrono doni a una giovane forma il ciclo di villa Lemmi Tornabuoni, residenza suburbana presso Firenze, del quale fa parte anche un affresco frammentario ancora in sede.</dbpedia-owl:abstract>
    <dbpedia-owl:abstract xml:lang="en">A Young Man Being Introduced to the Seven Liberal Arts, also known as Lorenzo Tornabuoni Presented by Grammar to Prudentia and the other Liberal Arts or Lorenzo Tornabuoni Being Introduced to the Liberal Arts (Italian: Giovane Introdotto tra le Arti Liberali), is a painting by the Italian Renaissance painter Sandro Botticelli, circa 1483-1486. The painting and its companion piece, Venus and the Three Graces Presenting Gifts to a Young Woman, originally decorated Villa Lemmi, a country villa near Florence owned by Giovanni Tornabuoni, uncle of Lorenzo de' Medici and head of the Roman branch of the Medici Bank. They were probably commissioned for the 1486 wedding of Giovanni's son Lorenzo to Giovanna of the Albizzi family, and are therefore thought to depict the two. A Young Man Being Introduced to the Seven Liberal Arts depicts a young man, perhaps Lorenzo Tornabuoni, led by a personification of Grammar into a circle of allegorical figures representing the Seven Liberal Arts. Presided over by Prudentia, the circle also includes Rhetoric, Logic, Arithmetic, Geometry, Astronomy and Music, each recognizable by means of various attributes. In antiquity, the liberal arts denoted the education worthy of a free person and the painting therefore testifies to the young man's broad education. The figure of Arithmetic is seen holding its hand out in greeting to the young man. Tornabuoni, a scion to a banking family, would have probably had an education focused on numbers. Both painting were discovered at Villa Lemmi in 1873 under a coat of whitewash and removed from their original location. They are currently housed in the Musée du Louvre, Paris.</dbpedia-owl:abstract>
    <dbpedia-owl:author rdf:resource="http://dbpedia.org/resource/Sandro_Botticelli"/>
    <dbpedia-owl:museum rdf:resource="http://dbpedia.org/resource/The_Louvre"/>
    <dbpedia-owl:wikiPageID rdf:datatype="http://www.w3.org/2001/XMLSchema#integer">32493839</dbpedia-owl:wikiPageID>
    <dbpedia-owl:wikiPageRevisionID rdf:datatype="http://www.w3.org/2001/XMLSchema#integer">546192491</dbpedia-owl:wikiPageRevisionID>
    <rdfs:label xml:lang="it">Giovane introdotto tra le Arti Liberali</rdfs:label>
    <rdfs:label xml:lang="en">A Young Man Being Introduced to the Seven Liberal Arts (Botticelli)</rdfs:label>
    <foaf:depiction rdf:resource="http://upload.wikimedia.org/wikipedia/commons/0/0b/Sandro_Botticelli_028.jpg"/>
    <rdfs:comment xml:lang="it">Giovane introdotto tra le Arti Liberali è un affresco staccato (237×269 cm) di Sandro Botticelli, databile al 1486 circa e conservato nel Museo del Louvre di Parigi. Con Venere e le tre Grazie offrono doni a una giovane forma il ciclo di villa Lemmi Tornabuoni, residenza suburbana presso Firenze, del quale fa parte anche un affresco frammentario ancora in sede.</rdfs:comment>
    <rdfs:comment xml:lang="en">A Young Man Being Introduced to the Seven Liberal Arts, also known as Lorenzo Tornabuoni Presented by Grammar to Prudentia and the other Liberal Arts or Lorenzo Tornabuoni Being Introduced to the Liberal Arts (Italian: Giovane Introdotto tra le Arti Liberali), is a painting by the Italian Renaissance painter Sandro Botticelli, circa 1483-1486.</rdfs:comment>
    <foaf:name xml:lang="en">A Young Man Being Introduced to the Seven Liberal Arts</foaf:name>
    <dbpedia-owl:thumbnail rdf:resource="http://upload.wikimedia.org/wikipedia/commons/thumb/0/0b/Sandro_Botticelli_028.jpg/200px-Sandro_Botticelli_028.jpg"/>
    <dbpprop:artist xml:lang="en">Sandro Botticelli</dbpprop:artist>
    <dbpprop:city xml:lang="en">Paris</dbpprop:city>
    <dbpprop:height rdf:datatype="http://www.w3.org/2001/XMLSchema#integer">237</dbpprop:height>
    <dbpprop:imageFile xml:lang="en">Sandro Botticelli 028.jpg</dbpprop:imageFile>
    <dbpprop:museum rdf:resource="http://dbpedia.org/resource/The_Louvre"/>
    <dbpprop:title xml:lang="en">A Young Man Being Introduced to the Seven Liberal Arts</dbpprop:title>
    <dbpprop:type xml:lang="en">Fresco, detached and mounted on canvas</dbpprop:type>
    <dbpprop:width rdf:datatype="http://www.w3.org/2001/XMLSchema#integer">269</dbpprop:width>
    <dbpprop:year rdf:datatype="http://www.w3.org/2001/XMLSchema#integer">1483</dbpprop:year>
    <foaf:isPrimaryTopicOf rdf:resource="http://en.wikipedia.org/wiki/A_Young_Man_Being_Introduced_to_the_Seven_Liberal_Arts_(Botticelli)"/>
    <ns7:wasDerivedFrom rdf:resource="http://en.wikipedia.org/wiki/A_Young_Man_Being_Introduced_to_the_Seven_Liberal_Arts_(Botticelli)?oldid=546192491"/>
    <dbpprop:hasPhotoCollection rdf:resource="http://wifo5-03.informatik.uni-mannheim.de/flickrwrappr/photos/A_Young_Man_Being_Introduced_to_the_Seven_Liberal_Arts_(Botticelli)"/>
  </rdf:Description>
  <rdf:Description rdf:about="http://wikidata.dbpedia.org/resource/Q6287319">
    <owl:sameAs rdf:resource="http://dbpedia.org/resource/A_Young_Man_Being_Introduced_to_the_Seven_Liberal_Arts_(Botticelli)"/>
  </rdf:Description>
</rdf:RDF>
