<rdf:RDF xmlns:ns7="http://www.w3.org/ns/prov#" xmlns:dbpprop="http://dbpedia.org/property/" xmlns:foaf="http://xmlns.com/foaf/0.1/" xmlns:dbpedia-owl="http://dbpedia.org/ontology/" xmlns:dcterms="http://purl.org/dc/terms/" xmlns:owl="http://www.w3.org/2002/07/owl#" xmlns:rdfs="http://www.w3.org/2000/01/rdf-schema#" xmlns:rdf="http://www.w3.org/1999/02/22-rdf-syntax-ns#">
  <rdf:Description rdf:about="http://dbpedia.org/resource/A_Young_Tiger_Playing_with_its_Mother">
    <rdf:type rdf:resource="http://dbpedia.org/class/yago/PaintingsByEug%C3%A8neDelacroix"/>
    <rdf:type rdf:resource="http://dbpedia.org/class/yago/Painting103876519"/>
    <rdf:type rdf:resource="http://www.w3.org/2002/07/owl#Thing"/>
    <rdf:type rdf:resource="http://dbpedia.org/ontology/Artwork"/>
    <rdf:type rdf:resource="http://dbpedia.org/class/yago/Creation103129123"/>
    <rdf:type rdf:resource="http://dbpedia.org/ontology/Work"/>
    <rdf:type rdf:resource="http://dbpedia.org/class/yago/1831Paintings"/>
    <rdf:type rdf:resource="http://dbpedia.org/class/yago/Object100002684"/>
    <rdf:type rdf:resource="http://dbpedia.org/class/yago/Art102743547"/>
    <rdf:type rdf:resource="http://dbpedia.org/class/yago/Whole100003553"/>
    <rdf:type rdf:resource="http://dbpedia.org/class/yago/PaintingsOfTheLouvre"/>
    <rdf:type rdf:resource="http://dbpedia.org/class/yago/Artifact100021939"/>
    <rdf:type rdf:resource="http://schema.org/CreativeWork"/>
    <rdf:type rdf:resource="http://dbpedia.org/class/yago/GraphicArt103453809"/>
    <rdf:type rdf:resource="http://dbpedia.org/class/yago/RomanticPaintings"/>
    <rdf:type rdf:resource="http://dbpedia.org/class/yago/PhysicalEntity100001930"/>
    <owl:sameAs rdf:resource="http://yago-knowledge.org/resource/A_Young_Tiger_Playing_with_its_Mother"/>
    <owl:sameAs rdf:resource="http://dbpedia.org/resource/A_Young_Tiger_Playing_with_its_Mother"/>
    <owl:sameAs rdf:resource="http://www.wikidata.org/entity/Q23912"/>
    <owl:sameAs rdf:resource="http://rdf.freebase.com/ns/m.0dgrbg3"/>
    <dcterms:subject rdf:resource="http://dbpedia.org/resource/Category:1831_paintings"/>
    <dcterms:subject rdf:resource="http://dbpedia.org/resource/Category:Paintings_of_the_Louvre"/>
    <dcterms:subject rdf:resource="http://dbpedia.org/resource/Category:Paintings_by_Eug%C3%A8ne_Delacroix"/>
    <dcterms:subject rdf:resource="http://dbpedia.org/resource/Category:Animals_in_art"/>
    <dbpedia-owl:abstract xml:lang="en">A Young Tiger Playing with its Mother is a painting of 1830-31 by French artist Eugène Delacroix depicting two enormous tigers "playing" with each other. Painted early in his career, it shows how the artist was attracted to animal subjects in this period. The painting was exhibited at the Salon of 1831, and archives of Delacroix's will executor, Achille Piron, revealed that the painter had paid 1,200 francs to insure it. It belonged to M. Maurice Cottier and now is on display at Room 77 of Louvre in Paris.</dbpedia-owl:abstract>
    <dbpedia-owl:author rdf:resource="http://dbpedia.org/resource/Eug%C3%A8ne_Delacroix"/>
    <dbpedia-owl:museum rdf:resource="http://dbpedia.org/resource/The_Louvre"/>
    <dbpedia-owl:wikiPageID rdf:datatype="http://www.w3.org/2001/XMLSchema#integer">28975265</dbpedia-owl:wikiPageID>
    <dbpedia-owl:wikiPageRevisionID rdf:datatype="http://www.w3.org/2001/XMLSchema#integer">538008348</dbpedia-owl:wikiPageRevisionID>
    <rdfs:label xml:lang="en">A Young Tiger Playing with its Mother</rdfs:label>
    <foaf:depiction rdf:resource="http://upload.wikimedia.org/wikipedia/commons/a/ad/Young_tiger_playing_with_its_mother.jpg"/>
    <rdfs:comment xml:lang="en">A Young Tiger Playing with its Mother is a painting of 1830-31 by French artist Eugène Delacroix depicting two enormous tigers "playing" with each other. Painted early in his career, it shows how the artist was attracted to animal subjects in this period. The painting was exhibited at the Salon of 1831, and archives of Delacroix's will executor, Achille Piron, revealed that the painter had paid 1,200 francs to insure it. It belonged to M.</rdfs:comment>
    <foaf:name xml:lang="en">A Young Tiger Playing with its Mother</foaf:name>
    <dbpedia-owl:thumbnail rdf:resource="http://upload.wikimedia.org/wikipedia/commons/thumb/a/ad/Young_tiger_playing_with_its_mother.jpg/200px-Young_tiger_playing_with_its_mother.jpg"/>
    <dbpedia-owl:wikiPageExternalLink rdf:resource="http://www.abcgallery.com/D/delacroix/delacroix28.html"/>
    <dbpprop:artist rdf:resource="http://dbpedia.org/resource/Eug%C3%A8ne_Delacroix"/>
    <dbpprop:city rdf:resource="http://dbpedia.org/resource/Paris"/>
    <dbpprop:height rdf:datatype="http://www.w3.org/2001/XMLSchema#integer">131</dbpprop:height>
    <dbpprop:imageFile xml:lang="en">Young tiger playing with its mother.jpg</dbpprop:imageFile>
    <dbpprop:museum rdf:resource="http://dbpedia.org/resource/The_Louvre"/>
    <dbpprop:title xml:lang="en">A Young Tiger Playing with its Mother</dbpprop:title>
    <dbpprop:type rdf:resource="http://dbpedia.org/resource/Oil_painting"/>
    <dbpprop:width rdf:datatype="http://www.w3.org/2001/XMLSchema#double">194.5</dbpprop:width>
    <dbpprop:year rdf:datatype="http://www.w3.org/2001/XMLSchema#integer">1830</dbpprop:year>
    <foaf:isPrimaryTopicOf rdf:resource="http://en.wikipedia.org/wiki/A_Young_Tiger_Playing_with_its_Mother"/>
    <ns7:wasDerivedFrom rdf:resource="http://en.wikipedia.org/wiki/A_Young_Tiger_Playing_with_its_Mother?oldid=538008348"/>
    <dbpprop:hasPhotoCollection rdf:resource="http://wifo5-03.informatik.uni-mannheim.de/flickrwrappr/photos/A_Young_Tiger_Playing_with_its_Mother"/>
  </rdf:Description>
  <rdf:Description rdf:about="http://en.wikipedia.org/wiki/A_Young_Tiger_Playing_with_its_Mother">
    <foaf:primaryTopic rdf:resource="http://dbpedia.org/resource/A_Young_Tiger_Playing_with_its_Mother"/>
  </rdf:Description>
  <rdf:Description rdf:about="http://wikidata.dbpedia.org/resource/Q23912">
    <owl:sameAs rdf:resource="http://dbpedia.org/resource/A_Young_Tiger_Playing_with_its_Mother"/>
  </rdf:Description>
</rdf:RDF>
