<rdf:RDF xmlns:ns7="http://www.w3.org/ns/prov#" xmlns:dbpprop="http://dbpedia.org/property/" xmlns:foaf="http://xmlns.com/foaf/0.1/" xmlns:dbpedia-owl="http://dbpedia.org/ontology/" xmlns:dcterms="http://purl.org/dc/terms/" xmlns:owl="http://www.w3.org/2002/07/owl#" xmlns:rdfs="http://www.w3.org/2000/01/rdf-schema#" xmlns:rdf="http://www.w3.org/1999/02/22-rdf-syntax-ns#">
  <rdf:Description rdf:about="http://en.wikipedia.org/wiki/Abaporu">
    <foaf:primaryTopic rdf:resource="http://dbpedia.org/resource/Abaporu"/>
  </rdf:Description>
  <rdf:Description rdf:about="http://es.dbpedia.org/resource/Abaporu">
    <owl:sameAs rdf:resource="http://dbpedia.org/resource/Abaporu"/>
  </rdf:Description>
  <rdf:Description rdf:about="http://dbpedia.org/resource/Abaporu">
    <rdf:type rdf:resource="http://dbpedia.org/ontology/Work"/>
    <rdf:type rdf:resource="http://dbpedia.org/class/yago/Whole100003553"/>
    <rdf:type rdf:resource="http://dbpedia.org/class/yago/Artifact100021939"/>
    <rdf:type rdf:resource="http://dbpedia.org/ontology/Artwork"/>
    <rdf:type rdf:resource="http://dbpedia.org/class/yago/Creation103129123"/>
    <rdf:type rdf:resource="http://dbpedia.org/class/yago/Art102743547"/>
    <rdf:type rdf:resource="http://dbpedia.org/class/yago/GraphicArt103453809"/>
    <rdf:type rdf:resource="http://dbpedia.org/class/yago/1928Paintings"/>
    <rdf:type rdf:resource="http://schema.org/CreativeWork"/>
    <rdf:type rdf:resource="http://dbpedia.org/class/yago/PhysicalEntity100001930"/>
    <rdf:type rdf:resource="http://www.w3.org/2002/07/owl#Thing"/>
    <rdf:type rdf:resource="http://dbpedia.org/class/yago/Object100002684"/>
    <rdf:type rdf:resource="http://dbpedia.org/class/yago/Painting103876519"/>
    <owl:sameAs rdf:resource="http://pt.dbpedia.org/resource/Abaporu"/>
    <owl:sameAs rdf:resource="http://dbpedia.org/resource/Abaporu"/>
    <owl:sameAs rdf:resource="http://rdf.freebase.com/ns/m.07s9zqm"/>
    <owl:sameAs rdf:resource="http://yago-knowledge.org/resource/Abaporu"/>
    <owl:sameAs rdf:resource="http://es.dbpedia.org/resource/Abaporu"/>
    <owl:sameAs rdf:resource="http://www.wikidata.org/entity/Q4663455"/>
    <dcterms:subject rdf:resource="http://dbpedia.org/resource/Category:Brazilian_art"/>
    <dcterms:subject rdf:resource="http://dbpedia.org/resource/Category:1928_paintings"/>
    <dbpedia-owl:abstract xml:lang="es">Abaporu (del tupí-guaraní aba / poru, "hombre que come") es un cuadro de pincel sobre tela de la pintora brasilera Tarsila do Amaral, pintado en 1928 como presente del aniversario del escritor Oswald de Andrade, su esposo en la época. Hoy es la pintura brasilera más valorada en el mundo, llegando a alcanzar el valor de US$ 1,5 millones, pagado por el coleccionista argentino Eduardo Costantini en 1995. Se encuentra expuesta en el Museo de Arte Latinoamericano de Buenos Aires (MALBA). La composición - un hombre, un Sol y un cactus - inspiró a Oswald de Andrade a escribir y desarrollar el Manifiesto Antropófago, con la intención de "deglutir" la cultura europea y transformarla en algo bien brasilero.</dbpedia-owl:abstract>
    <dbpedia-owl:abstract xml:lang="en">Abaporu (from Tupi-Guaraní language ‘aba’, ‘pora’, and ‘u’, "the man that eats people") is an oil painting on canvas by the Brazilian painter Tarsila do Amaral, executed in 1928 as a birthday present to the writer Oswald de Andrade, her husband at the time. It is considered the most valuable painting by a Brazilian artist, having reached the value of $1.4 million, paid by the Argentine collector Eduardo Costantini in an auction in 1995. It is currently displayed at the Latin American Art Museum of Buenos Aires in Buenos Aires, Argentina. The composition: one man, the sun and a cactus – inspired Oswald de Andrade to write the Anthropophagite Manifesto and consequently create Anthropophagic Movement, intended to "swallow" European culture and turn it into something culturally very Brazilian.</dbpedia-owl:abstract>
    <dbpedia-owl:abstract xml:lang="pt">Abaporu é um quadro em pincel sobre tela da pintora brasileira Tarsila do Amaral. Hoje, é a tela brasileira mais valorizada no mundo, tendo alcançado o valor de US$ 1,5 milhão, pago pelo colecionador argentino Eduardo Costantini em 1995. Encontra-se exposta no Museu de arte latino-americana de Buenos Aires (MALBA). Abaporu vem dos termos em tupi aba (homem), pora (gente) e ú (comer), significando "homem que come gente". O nome é uma referência à antropofagia modernista, que se propunha a deglutir a cultura estrangeira e adaptá-la ao Brasil. Foi pintado em óleo sobre tela em 1928 por Tarsila do Amaral para dar de presente de aniversário ao escritor Oswald de Andrade, seu marido na época. Tarsila do Amaral valorizou o trabalho braçal (pés e mão grandes) e desvalorizou o trabalho mental (cabeça pequena) na obra, pois era o trabalho braçal que tinha maior importância na época.</dbpedia-owl:abstract>
    <dbpedia-owl:author rdf:resource="http://dbpedia.org/resource/Tarsila_do_Amaral"/>
    <dbpedia-owl:museum rdf:resource="http://dbpedia.org/resource/Private_collection"/>
    <dbpedia-owl:wikiPageID rdf:datatype="http://www.w3.org/2001/XMLSchema#integer">24389929</dbpedia-owl:wikiPageID>
    <dbpedia-owl:wikiPageRevisionID rdf:datatype="http://www.w3.org/2001/XMLSchema#integer">543350962</dbpedia-owl:wikiPageRevisionID>
    <rdfs:label xml:lang="pt">Abaporu</rdfs:label>
    <rdfs:label xml:lang="es">Abaporu</rdfs:label>
    <rdfs:label xml:lang="en">Abaporu</rdfs:label>
    <rdfs:comment xml:lang="pt">Abaporu é um quadro em pincel sobre tela da pintora brasileira Tarsila do Amaral. Hoje, é a tela brasileira mais valorizada no mundo, tendo alcançado o valor de US$ 1,5 milhão, pago pelo colecionador argentino Eduardo Costantini em 1995. Encontra-se exposta no Museu de arte latino-americana de Buenos Aires (MALBA). Abaporu vem dos termos em tupi aba (homem), pora (gente) e ú (comer), significando "homem que come gente".</rdfs:comment>
    <rdfs:comment xml:lang="es">Abaporu (del tupí-guaraní aba / poru, "hombre que come") es un cuadro de pincel sobre tela de la pintora brasilera Tarsila do Amaral, pintado en 1928 como presente del aniversario del escritor Oswald de Andrade, su esposo en la época. Hoy es la pintura brasilera más valorada en el mundo, llegando a alcanzar el valor de US$ 1,5 millones, pagado por el coleccionista argentino Eduardo Costantini en 1995. Se encuentra expuesta en el Museo de Arte Latinoamericano de Buenos Aires (MALBA).</rdfs:comment>
    <rdfs:comment xml:lang="en">Abaporu (from Tupi-Guaraní language ‘aba’, ‘pora’, and ‘u’, "the man that eats people") is an oil painting on canvas by the Brazilian painter Tarsila do Amaral, executed in 1928 as a birthday present to the writer Oswald de Andrade, her husband at the time. It is considered the most valuable painting by a Brazilian artist, having reached the value of $1.4 million, paid by the Argentine collector Eduardo Costantini in an auction in 1995.</rdfs:comment>
    <foaf:name xml:lang="en">Abaporu</foaf:name>
    <dbpprop:artist rdf:resource="http://dbpedia.org/resource/Tarsila_do_Amaral"/>
    <dbpprop:height rdf:datatype="http://www.w3.org/2001/XMLSchema#integer">85</dbpprop:height>
    <dbpprop:museum xml:lang="en">Private collection of Eduardo Costantini</dbpprop:museum>
    <dbpprop:title xml:lang="en">Abaporu</dbpprop:title>
    <dbpprop:type rdf:resource="http://dbpedia.org/resource/Oil_painting"/>
    <dbpprop:width rdf:datatype="http://www.w3.org/2001/XMLSchema#integer">73</dbpprop:width>
    <dbpprop:year rdf:datatype="http://www.w3.org/2001/XMLSchema#integer">1928</dbpprop:year>
    <foaf:isPrimaryTopicOf rdf:resource="http://en.wikipedia.org/wiki/Abaporu"/>
    <ns7:wasDerivedFrom rdf:resource="http://en.wikipedia.org/wiki/Abaporu?oldid=543350962"/>
    <dbpprop:hasPhotoCollection rdf:resource="http://wifo5-03.informatik.uni-mannheim.de/flickrwrappr/photos/Abaporu"/>
  </rdf:Description>
  <rdf:Description rdf:about="http://pt.dbpedia.org/resource/Abaporu">
    <owl:sameAs rdf:resource="http://dbpedia.org/resource/Abaporu"/>
  </rdf:Description>
  <rdf:Description rdf:about="http://wikidata.dbpedia.org/resource/Q4663455">
    <owl:sameAs rdf:resource="http://dbpedia.org/resource/Abaporu"/>
  </rdf:Description>
</rdf:RDF>
