<rdf:RDF xmlns:ns7="http://www.w3.org/ns/prov#" xmlns:dbpprop="http://dbpedia.org/property/" xmlns:foaf="http://xmlns.com/foaf/0.1/" xmlns:dbpedia-owl="http://dbpedia.org/ontology/" xmlns:dcterms="http://purl.org/dc/terms/" xmlns:owl="http://www.w3.org/2002/07/owl#" xmlns:rdfs="http://www.w3.org/2000/01/rdf-schema#" xmlns:rdf="http://www.w3.org/1999/02/22-rdf-syntax-ns#">
  <rdf:Description rdf:about="http://dbpedia.org/resource/Abraham_Lincoln_(Healy)">
    <rdf:type rdf:resource="http://dbpedia.org/ontology/Artwork"/>
    <rdf:type rdf:resource="http://dbpedia.org/class/yago/GraphicArt103453809"/>
    <rdf:type rdf:resource="http://dbpedia.org/class/yago/PhysicalEntity100001930"/>
    <rdf:type rdf:resource="http://dbpedia.org/class/yago/Painting103876519"/>
    <rdf:type rdf:resource="http://dbpedia.org/class/yago/Art102743547"/>
    <rdf:type rdf:resource="http://dbpedia.org/class/yago/Whole100003553"/>
    <rdf:type rdf:resource="http://dbpedia.org/class/yago/Creation103129123"/>
    <rdf:type rdf:resource="http://dbpedia.org/class/yago/Object100002684"/>
    <rdf:type rdf:resource="http://dbpedia.org/class/yago/1869Paintings"/>
    <rdf:type rdf:resource="http://www.w3.org/2002/07/owl#Thing"/>
    <rdf:type rdf:resource="http://dbpedia.org/ontology/Work"/>
    <rdf:type rdf:resource="http://schema.org/CreativeWork"/>
    <rdf:type rdf:resource="http://dbpedia.org/class/yago/Artifact100021939"/>
    <owl:sameAs rdf:resource="http://www.wikidata.org/entity/Q10322725"/>
    <owl:sameAs rdf:resource="http://fa.dbpedia.org/resource/آبراهام_لینکلن_(نقاشی)"/>
    <owl:sameAs rdf:resource="http://dbpedia.org/resource/Abraham_Lincoln_(Healy)"/>
    <owl:sameAs rdf:resource="http://rdf.freebase.com/ns/m.0j29jkx"/>
    <owl:sameAs rdf:resource="http://yago-knowledge.org/resource/Abraham_Lincoln_(Healy)"/>
    <dcterms:subject rdf:resource="http://dbpedia.org/resource/Category:1869_paintings"/>
    <dcterms:subject rdf:resource="http://dbpedia.org/resource/Category:19th-century_portraits"/>
    <dcterms:subject rdf:resource="http://dbpedia.org/resource/Category:Abraham_Lincoln_in_art"/>
    <dbpedia-owl:abstract xml:lang="en">Abraham Lincoln is a 1869 oil-on-canvas painting by George Peter Alexander Healy of Abraham Lincoln, the 16th President of the United States. In the painting, Lincoln is observed alone, leaning forward, with his elbow on his knee and his head resting on his hand. The pose is taken from Healy's 1868 painting, The Peacemakers, which depicts the historic March 28, 1865, strategy session by the Union high command, composed of William Tecumseh Sherman, Ulysses S. Grant, David Dixon Porter, and Lincoln, aboard the steamboat the River Queen during the final days of the American Civil War.</dbpedia-owl:abstract>
    <dbpedia-owl:author rdf:resource="http://dbpedia.org/resource/George_Peter_Alexander_Healy"/>
    <dbpedia-owl:museum rdf:resource="http://dbpedia.org/resource/White_House"/>
    <dbpedia-owl:museum rdf:resource="http://dbpedia.org/resource/State_Dining_Room"/>
    <dbpedia-owl:wikiPageID rdf:datatype="http://www.w3.org/2001/XMLSchema#integer">34495894</dbpedia-owl:wikiPageID>
    <dbpedia-owl:wikiPageRevisionID rdf:datatype="http://www.w3.org/2001/XMLSchema#integer">541944688</dbpedia-owl:wikiPageRevisionID>
    <rdfs:label xml:lang="en">Abraham Lincoln (Healy)</rdfs:label>
    <foaf:depiction rdf:resource="http://upload.wikimedia.org/wikipedia/commons/5/5f/Abraham_Lincoln_by_George_Peter_Alexander_Healy.jpg"/>
    <rdfs:comment xml:lang="en">Abraham Lincoln is a 1869 oil-on-canvas painting by George Peter Alexander Healy of Abraham Lincoln, the 16th President of the United States. In the painting, Lincoln is observed alone, leaning forward, with his elbow on his knee and his head resting on his hand. The pose is taken from Healy's 1868 painting, The Peacemakers, which depicts the historic March 28, 1865, strategy session by the Union high command, composed of William Tecumseh Sherman, Ulysses S.</rdfs:comment>
    <foaf:name xml:lang="en">Abraham Lincoln</foaf:name>
    <dbpedia-owl:thumbnail rdf:resource="http://upload.wikimedia.org/wikipedia/commons/thumb/5/5f/Abraham_Lincoln_by_George_Peter_Alexander_Healy.jpg/200px-Abraham_Lincoln_by_George_Peter_Alexander_Healy.jpg"/>
    <dbpprop:artist rdf:resource="http://dbpedia.org/resource/George_Peter_Alexander_Healy"/>
    <dbpprop:city rdf:resource="http://dbpedia.org/resource/Washington,_D.C."/>
    <dbpprop:height rdf:datatype="http://www.w3.org/2001/XMLSchema#double">187.3</dbpprop:height>
    <dbpprop:heightInch rdf:datatype="http://www.w3.org/2001/XMLSchema#double">73.7</dbpprop:heightInch>
    <dbpprop:imageFile xml:lang="en">Abraham Lincoln by George Peter Alexander Healy.jpg</dbpprop:imageFile>
    <dbpprop:museum rdf:resource="http://dbpedia.org/resource/State_Dining_Room"/>
    <dbpprop:museum rdf:resource="http://dbpedia.org/resource/White_House"/>
    <dbpprop:title xml:lang="en">Abraham Lincoln</dbpprop:title>
    <dbpprop:type rdf:resource="http://dbpedia.org/resource/Oil_painting"/>
    <dbpprop:width rdf:datatype="http://www.w3.org/2001/XMLSchema#double">141.3</dbpprop:width>
    <dbpprop:widthInch rdf:datatype="http://www.w3.org/2001/XMLSchema#double">55.6</dbpprop:widthInch>
    <dbpprop:year rdf:datatype="http://www.w3.org/2001/XMLSchema#integer">1869</dbpprop:year>
    <foaf:isPrimaryTopicOf rdf:resource="http://en.wikipedia.org/wiki/Abraham_Lincoln_(Healy)"/>
    <ns7:wasDerivedFrom rdf:resource="http://en.wikipedia.org/wiki/Abraham_Lincoln_(Healy)?oldid=541944688"/>
    <dbpprop:hasPhotoCollection rdf:resource="http://wifo5-03.informatik.uni-mannheim.de/flickrwrappr/photos/Abraham_Lincoln_(Healy)"/>
  </rdf:Description>
  <rdf:Description rdf:about="http://en.wikipedia.org/wiki/Abraham_Lincoln_(Healy)">
    <foaf:primaryTopic rdf:resource="http://dbpedia.org/resource/Abraham_Lincoln_(Healy)"/>
  </rdf:Description>
  <rdf:Description rdf:about="http://wikidata.dbpedia.org/resource/Q10322725">
    <owl:sameAs rdf:resource="http://dbpedia.org/resource/Abraham_Lincoln_(Healy)"/>
  </rdf:Description>
  <rdf:Description rdf:about="http://fa.dbpedia.org/resource/آبراهام_لینکلن_(نقاشی)">
    <owl:sameAs rdf:resource="http://dbpedia.org/resource/Abraham_Lincoln_(Healy)"/>
  </rdf:Description>
</rdf:RDF>
