<rdf:RDF xmlns:ns7="http://www.w3.org/ns/prov#" xmlns:dbpprop="http://dbpedia.org/property/" xmlns:foaf="http://xmlns.com/foaf/0.1/" xmlns:dbpedia-owl="http://dbpedia.org/ontology/" xmlns:dcterms="http://purl.org/dc/terms/" xmlns:owl="http://www.w3.org/2002/07/owl#" xmlns:rdfs="http://www.w3.org/2000/01/rdf-schema#" xmlns:rdf="http://www.w3.org/1999/02/22-rdf-syntax-ns#">
  <rdf:Description rdf:about="http://dbpedia.org/resource/Adele_(disambiguation)">
    <dbpedia-owl:wikiPageDisambiguates rdf:resource="http://dbpedia.org/resource/Adele_Bloch-Bauer_II"/>
  </rdf:Description>
  <rdf:Description rdf:about="http://en.wikipedia.org/wiki/Adele_Bloch-Bauer_II">
    <foaf:primaryTopic rdf:resource="http://dbpedia.org/resource/Adele_Bloch-Bauer_II"/>
  </rdf:Description>
  <rdf:Description rdf:about="http://dbpedia.org/resource/Adele_Bloch-Bauer_II">
    <rdf:type rdf:resource="http://dbpedia.org/class/yago/PhysicalEntity100001930"/>
    <rdf:type rdf:resource="http://www.w3.org/2002/07/owl#Thing"/>
    <rdf:type rdf:resource="http://dbpedia.org/ontology/Work"/>
    <rdf:type rdf:resource="http://dbpedia.org/class/yago/1912Paintings"/>
    <rdf:type rdf:resource="http://dbpedia.org/class/yago/PaintingsByGustavKlimt"/>
    <rdf:type rdf:resource="http://schema.org/CreativeWork"/>
    <rdf:type rdf:resource="http://dbpedia.org/class/yago/Artifact100021939"/>
    <rdf:type rdf:resource="http://dbpedia.org/class/yago/Creation103129123"/>
    <rdf:type rdf:resource="http://dbpedia.org/ontology/Artwork"/>
    <rdf:type rdf:resource="http://dbpedia.org/class/yago/Whole100003553"/>
    <rdf:type rdf:resource="http://dbpedia.org/class/yago/Object100002684"/>
    <rdf:type rdf:resource="http://dbpedia.org/class/yago/GraphicArt103453809"/>
    <rdf:type rdf:resource="http://dbpedia.org/class/yago/Art102743547"/>
    <rdf:type rdf:resource="http://dbpedia.org/class/yago/Painting103876519"/>
    <owl:sameAs rdf:resource="http://dbpedia.org/resource/Adele_Bloch-Bauer_II"/>
    <owl:sameAs rdf:resource="http://www.wikidata.org/entity/Q4681871"/>
    <owl:sameAs rdf:resource="http://yago-knowledge.org/resource/Adele_Bloch-Bauer_II"/>
    <owl:sameAs rdf:resource="http://rdf.freebase.com/ns/m.02vwtv1"/>
    <dcterms:subject rdf:resource="http://dbpedia.org/resource/Category:Jews_and_Judaism_in_Vienna"/>
    <dcterms:subject rdf:resource="http://dbpedia.org/resource/Category:1912_paintings"/>
    <dcterms:subject rdf:resource="http://dbpedia.org/resource/Category:Jews_and_Judaism_in_Austria"/>
    <dcterms:subject rdf:resource="http://dbpedia.org/resource/Category:Paintings_by_Gustav_Klimt"/>
    <dcterms:subject rdf:resource="http://dbpedia.org/resource/Category:Arts_set_in_Austria"/>
    <dbpedia-owl:abstract xml:lang="en">Adele Bloch-Bauer II is a 1912 painting by Gustav Klimt. Adele Bloch-Bauer was the wife of Ferdinand Bloch-Bauer, who was a wealthy industrialist who sponsored the arts and supported Gustav Klimt. Adele Bloch-Bauer was the only model to be painted twice by Klimt; she also appeared in the much more famous Portrait of Adele Bloch-Bauer I. Adele's portraits had hung in the family home prior to their seizure by the Nazis during WWII. The Austrian museum where they resided after the war was reluctant to return them to their rightful owners, hence a protracted court battle in the United States and in Austria ensued, which resulted in five Gustav Klimt paintings being returned to Maria Altmann, the niece of Ferdinand Bloch-Bauer, in January 2006. In November 2006, Christie's auction house sold Portrait of Adele Bloch-Bauer II at auction for almost $88 million, the fourth-highest priced piece of art at auction at the time.</dbpedia-owl:abstract>
    <dbpedia-owl:author rdf:resource="http://dbpedia.org/resource/Gustav_Klimt"/>
    <dbpedia-owl:wikiPageID rdf:datatype="http://www.w3.org/2001/XMLSchema#integer">12232364</dbpedia-owl:wikiPageID>
    <dbpedia-owl:wikiPageRevisionID rdf:datatype="http://www.w3.org/2001/XMLSchema#integer">546828453</dbpedia-owl:wikiPageRevisionID>
    <rdfs:label xml:lang="en">Adele Bloch-Bauer II</rdfs:label>
    <foaf:depiction rdf:resource="http://upload.wikimedia.org/wikipedia/commons/3/33/Gustav_Klimt_047.jpg"/>
    <rdfs:comment xml:lang="en">Adele Bloch-Bauer II is a 1912 painting by Gustav Klimt. Adele Bloch-Bauer was the wife of Ferdinand Bloch-Bauer, who was a wealthy industrialist who sponsored the arts and supported Gustav Klimt. Adele Bloch-Bauer was the only model to be painted twice by Klimt; she also appeared in the much more famous Portrait of Adele Bloch-Bauer I. Adele's portraits had hung in the family home prior to their seizure by the Nazis during WWII.</rdfs:comment>
    <foaf:name xml:lang="en">Portrait of Adele Bloch-Bauer II</foaf:name>
    <dbpedia-owl:thumbnail rdf:resource="http://upload.wikimedia.org/wikipedia/commons/thumb/3/33/Gustav_Klimt_047.jpg/200px-Gustav_Klimt_047.jpg"/>
    <dbpprop:artist xml:lang="en">Gustav Klimt</dbpprop:artist>
    <dbpprop:height rdf:datatype="http://www.w3.org/2001/XMLSchema#integer">190</dbpprop:height>
    <dbpprop:imageFile xml:lang="en">Gustav Klimt 047.jpg</dbpprop:imageFile>
    <dbpprop:museum xml:lang="en">Private collection</dbpprop:museum>
    <dbpprop:title xml:lang="en">Portrait of Adele Bloch-Bauer II</dbpprop:title>
    <dbpprop:type xml:lang="en">Oil on canvas</dbpprop:type>
    <dbpprop:width rdf:datatype="http://www.w3.org/2001/XMLSchema#integer">120</dbpprop:width>
    <dbpprop:year rdf:datatype="http://www.w3.org/2001/XMLSchema#integer">1912</dbpprop:year>
    <foaf:isPrimaryTopicOf rdf:resource="http://en.wikipedia.org/wiki/Adele_Bloch-Bauer_II"/>
    <ns7:wasDerivedFrom rdf:resource="http://en.wikipedia.org/wiki/Adele_Bloch-Bauer_II?oldid=546828453"/>
    <dbpprop:hasPhotoCollection rdf:resource="http://wifo5-03.informatik.uni-mannheim.de/flickrwrappr/photos/Adele_Bloch-Bauer_II"/>
  </rdf:Description>
  <rdf:Description rdf:about="http://wikidata.dbpedia.org/resource/Q4681871">
    <owl:sameAs rdf:resource="http://dbpedia.org/resource/Adele_Bloch-Bauer_II"/>
  </rdf:Description>
</rdf:RDF>
