<rdf:RDF xmlns:dbpprop="http://dbpedia.org/property/" xmlns:ns6="http://www.w3.org/ns/prov#" xmlns:foaf="http://xmlns.com/foaf/0.1/" xmlns:dbpedia-owl="http://dbpedia.org/ontology/" xmlns:dcterms="http://purl.org/dc/terms/" xmlns:owl="http://www.w3.org/2002/07/owl#" xmlns:rdfs="http://www.w3.org/2000/01/rdf-schema#" xmlns:rdf="http://www.w3.org/1999/02/22-rdf-syntax-ns#">
  <rdf:Description rdf:about="http://dbpedia.org/resource/Adios_del_Sol">
    <rdf:type rdf:resource="http://dbpedia.org/class/yago/Whole100003553"/>
    <rdf:type rdf:resource="http://dbpedia.org/class/yago/PaintingsByF%C3%A9lixResurrecci%C3%B3nHidalgo"/>
    <rdf:type rdf:resource="http://dbpedia.org/class/yago/1893Paintings"/>
    <rdf:type rdf:resource="http://dbpedia.org/class/yago/GraphicArt103453809"/>
    <rdf:type rdf:resource="http://dbpedia.org/class/yago/Creation103129123"/>
    <rdf:type rdf:resource="http://dbpedia.org/class/yago/Object100002684"/>
    <rdf:type rdf:resource="http://dbpedia.org/class/yago/PhysicalEntity100001930"/>
    <rdf:type rdf:resource="http://dbpedia.org/class/yago/Art102743547"/>
    <rdf:type rdf:resource="http://dbpedia.org/class/yago/Painting103876519"/>
    <rdf:type rdf:resource="http://dbpedia.org/class/yago/Artifact100021939"/>
    <owl:sameAs rdf:resource="http://www.wikidata.org/entity/Q4682928"/>
    <owl:sameAs rdf:resource="http://dbpedia.org/resource/Adios_del_Sol"/>
    <owl:sameAs rdf:resource="http://yago-knowledge.org/resource/Adios_del_Sol"/>
    <owl:sameAs rdf:resource="http://rdf.freebase.com/ns/m.0bmc294"/>
    <dcterms:subject rdf:resource="http://dbpedia.org/resource/Category:1893_paintings"/>
    <dcterms:subject rdf:resource="http://dbpedia.org/resource/Category:Paintings_by_F%C3%A9lix_Resurrecci%C3%B3n_Hidalgo"/>
    <dcterms:subject rdf:resource="http://dbpedia.org/resource/Category:Philippine_art"/>
    <dbpedia-owl:abstract xml:lang="en">Adios del Sol (Farewell to the Sun) or Adios al Sol (Farewell from the Sun) is an 1893 historical painting by award-winning Filipino painter and hero Félix Resurrección Hidalgo. The painting won Hidalgo a silver medal during the 1893 Chicago Universal Exposition in the United States. Although created in the “grand manner” style of painting, Adios del Sol is a “seascape with figure” that marked Hidalgo’s departure from the traditional way of painting. The masterpiece is also one of the paintings that marked Hidalgo as a reputable painter in Philippine history of art and in the so-called “popular mind” (the other painting is Jovenes Cristianas Expuestas al Populacho).</dbpedia-owl:abstract>
    <dbpedia-owl:wikiPageID rdf:datatype="http://www.w3.org/2001/XMLSchema#integer">26798499</dbpedia-owl:wikiPageID>
    <dbpedia-owl:wikiPageRevisionID rdf:datatype="http://www.w3.org/2001/XMLSchema#integer">532053104</dbpedia-owl:wikiPageRevisionID>
    <rdfs:label xml:lang="en">Adios del Sol</rdfs:label>
    <rdfs:comment xml:lang="en">Adios del Sol (Farewell to the Sun) or Adios al Sol (Farewell from the Sun) is an 1893 historical painting by award-winning Filipino painter and hero Félix Resurrección Hidalgo. The painting won Hidalgo a silver medal during the 1893 Chicago Universal Exposition in the United States. Although created in the “grand manner” style of painting, Adios del Sol is a “seascape with figure” that marked Hidalgo’s departure from the traditional way of painting.</rdfs:comment>
    <foaf:isPrimaryTopicOf rdf:resource="http://en.wikipedia.org/wiki/Adios_del_Sol"/>
    <ns6:wasDerivedFrom rdf:resource="http://en.wikipedia.org/wiki/Adios_del_Sol?oldid=532053104"/>
    <dbpprop:hasPhotoCollection rdf:resource="http://wifo5-03.informatik.uni-mannheim.de/flickrwrappr/photos/Adios_del_Sol"/>
  </rdf:Description>
  <rdf:Description rdf:about="http://en.wikipedia.org/wiki/Adios_del_Sol">
    <foaf:primaryTopic rdf:resource="http://dbpedia.org/resource/Adios_del_Sol"/>
  </rdf:Description>
  <rdf:Description rdf:about="http://dbpedia.org/resource/Adios_al_Sol">
    <dbpedia-owl:wikiPageRedirects rdf:resource="http://dbpedia.org/resource/Adios_del_Sol"/>
  </rdf:Description>
  <rdf:Description rdf:about="http://dbpedia.org/resource/Farewell_from_the_Sun">
    <dbpedia-owl:wikiPageRedirects rdf:resource="http://dbpedia.org/resource/Adios_del_Sol"/>
  </rdf:Description>
  <rdf:Description rdf:about="http://dbpedia.org/resource/Farewell_to_the_Sun">
    <dbpedia-owl:wikiPageRedirects rdf:resource="http://dbpedia.org/resource/Adios_del_Sol"/>
  </rdf:Description>
  <rdf:Description rdf:about="http://wikidata.dbpedia.org/resource/Q4682928">
    <owl:sameAs rdf:resource="http://dbpedia.org/resource/Adios_del_Sol"/>
  </rdf:Description>
</rdf:RDF>
