<rdf:RDF xmlns:ns7="http://www.w3.org/ns/prov#" xmlns:dbpprop="http://dbpedia.org/property/" xmlns:foaf="http://xmlns.com/foaf/0.1/" xmlns:dbpedia-owl="http://dbpedia.org/ontology/" xmlns:dcterms="http://purl.org/dc/terms/" xmlns:owl="http://www.w3.org/2002/07/owl#" xmlns:rdfs="http://www.w3.org/2000/01/rdf-schema#" xmlns:rdf="http://www.w3.org/1999/02/22-rdf-syntax-ns#">
  <rdf:Description rdf:about="http://dbpedia.org/resource/Adoration_of_the_Magi_(Filippino_Lippi)">
    <rdf:type rdf:resource="http://dbpedia.org/class/yago/Art102743547"/>
    <rdf:type rdf:resource="http://dbpedia.org/class/yago/Object100002684"/>
    <rdf:type rdf:resource="http://dbpedia.org/class/yago/PhysicalEntity100001930"/>
    <rdf:type rdf:resource="http://dbpedia.org/class/yago/GraphicArt103453809"/>
    <rdf:type rdf:resource="http://dbpedia.org/ontology/Artwork"/>
    <rdf:type rdf:resource="http://www.w3.org/2002/07/owl#Thing"/>
    <rdf:type rdf:resource="http://schema.org/CreativeWork"/>
    <rdf:type rdf:resource="http://dbpedia.org/class/yago/1496Paintings"/>
    <rdf:type rdf:resource="http://dbpedia.org/class/yago/Whole100003553"/>
    <rdf:type rdf:resource="http://dbpedia.org/class/yago/Artifact100021939"/>
    <rdf:type rdf:resource="http://dbpedia.org/class/yago/Creation103129123"/>
    <rdf:type rdf:resource="http://dbpedia.org/class/yago/PaintingsByFilippinoLippi"/>
    <rdf:type rdf:resource="http://dbpedia.org/ontology/Work"/>
    <rdf:type rdf:resource="http://dbpedia.org/class/yago/Painting103876519"/>
    <owl:sameAs rdf:resource="http://de.dbpedia.org/resource/Anbetung_der_Könige_(Filippino_Lippi)"/>
    <owl:sameAs rdf:resource="http://yago-knowledge.org/resource/Adoration_of_the_Magi_(Filippino_Lippi)"/>
    <owl:sameAs rdf:resource="http://dbpedia.org/resource/Adoration_of_the_Magi_(Filippino_Lippi)"/>
    <owl:sameAs rdf:resource="http://zh.dbpedia.org/resource/三博士来朝_(利皮)"/>
    <owl:sameAs rdf:resource="http://www.wikidata.org/entity/Q3605532"/>
    <owl:sameAs rdf:resource="http://rdf.freebase.com/ns/m.02rsfgk"/>
    <owl:sameAs rdf:resource="http://it.dbpedia.org/resource/Adorazione_dei_Magi_(Filippino_Lippi)"/>
    <dcterms:subject rdf:resource="http://dbpedia.org/resource/Category:1496_paintings"/>
    <dcterms:subject rdf:resource="http://dbpedia.org/resource/Category:Adoration_of_the_Magi_in_art"/>
    <dcterms:subject rdf:resource="http://dbpedia.org/resource/Category:Paintings_by_Filippino_Lippi"/>
    <dcterms:subject rdf:resource="http://dbpedia.org/resource/Category:Collections_of_the_Uffizi"/>
    <dbpedia-owl:abstract xml:lang="zh">三博士来朝（Adoration of the Magi）是意大利画家菲利皮诺·利皮的油画，创作于1496年，画面显示《圣经·马太福音》第2章记载的东方三博士朝拜耶稣基督的故事。现藏于意大利佛罗伦萨的乌菲兹美术馆。</dbpedia-owl:abstract>
    <dbpedia-owl:abstract xml:lang="de">Die Anbetung der Könige ist ein Gemälde von Filippino Lippi für den Hochaltar von San Donato a Scopeto aus dem Jahr 1496. Es hängt heute in der Galerie der Uffizien in Florenz.</dbpedia-owl:abstract>
    <dbpedia-owl:abstract xml:lang="en">The Adoration of the Magi is a painting by the Italian Renaissance painter Filippino Lippi. It is signed and dated at 1496. It is housed in the Uffizi of Florence. The panel was painted for the Convent of the San Donato agli Scopeti, in substitution of the one commissioned in 1481 to Leonardo da Vinci, who left it unfinished. In 1529 it was acquired by Cardinal Carlo de' Medici and in 1666 it became part of the Uffizi collection. Filippino Lippi followed Leonardo's setting, in particular in the central part of the work. Much of its inspiration was clearly derived from Botticelli's Adoration of the Magi, also in the Uffizi: this is evident in the disposition of the characters on the two sides, with the Holy Family portrayed in the centre under. Similarly to Botticelli's work, Filippino also portrayed numerous members of the Medici cadet line, who had adhered to the Savonarolian Republic in the period in which the work was executed. On the left, kneeling and holding with a quadrant, is Pierfrancesco de' Medici. Behind him, standing, are his two sons Giovanni, holding a goblet, and Lorenzo, from whom a page is removing a crown. The general style is that of Filippino's late career, characterized by a greater care to details and by a nervous rhythm in the forms, influenced by the knowledge of foreign painting schools (as also in the landscape of the background).</dbpedia-owl:abstract>
    <dbpedia-owl:abstract xml:lang="it">L'Adorazione dei Magi è un dipinto tempera grassa su tavola (258x243 cm) di Filippino Lippi, firmata e datata 29 marzo 1496 (sul retro, di mano del pittore) e conservato nella Galleria degli Uffizi a Firenze.</dbpedia-owl:abstract>
    <dbpedia-owl:author rdf:resource="http://dbpedia.org/resource/Filippino_Lippi"/>
    <dbpedia-owl:museum rdf:resource="http://dbpedia.org/resource/Uffizi"/>
    <dbpedia-owl:wikiPageID rdf:datatype="http://www.w3.org/2001/XMLSchema#integer">11789686</dbpedia-owl:wikiPageID>
    <dbpedia-owl:wikiPageRevisionID rdf:datatype="http://www.w3.org/2001/XMLSchema#integer">541640205</dbpedia-owl:wikiPageRevisionID>
    <rdfs:label xml:lang="it">Adorazione dei Magi (Filippino Lippi)</rdfs:label>
    <rdfs:label xml:lang="en">Adoration of the Magi (Filippino Lippi)</rdfs:label>
    <rdfs:label xml:lang="zh">三博士来朝 (利皮)</rdfs:label>
    <rdfs:label xml:lang="de">Anbetung der Könige (Filippino Lippi)</rdfs:label>
    <foaf:depiction rdf:resource="http://upload.wikimedia.org/wikipedia/commons/7/76/Adorazione_dei_magi,_filippino_lippi.JPG"/>
    <rdfs:comment xml:lang="zh">三博士来朝（Adoration of the Magi）是意大利画家菲利皮诺·利皮的油画，创作于1496年，画面显示《圣经·马太福音》第2章记载的东方三博士朝拜耶稣基督的故事。现藏于意大利佛罗伦萨的乌菲兹美术馆。</rdfs:comment>
    <rdfs:comment xml:lang="en">The Adoration of the Magi is a painting by the Italian Renaissance painter Filippino Lippi. It is signed and dated at 1496. It is housed in the Uffizi of Florence. The panel was painted for the Convent of the San Donato agli Scopeti, in substitution of the one commissioned in 1481 to Leonardo da Vinci, who left it unfinished. In 1529 it was acquired by Cardinal Carlo de' Medici and in 1666 it became part of the Uffizi collection.</rdfs:comment>
    <rdfs:comment xml:lang="it">L'Adorazione dei Magi è un dipinto tempera grassa su tavola (258x243 cm) di Filippino Lippi, firmata e datata 29 marzo 1496 (sul retro, di mano del pittore) e conservato nella Galleria degli Uffizi a Firenze.</rdfs:comment>
    <rdfs:comment xml:lang="de">Die Anbetung der Könige ist ein Gemälde von Filippino Lippi für den Hochaltar von San Donato a Scopeto aus dem Jahr 1496. Es hängt heute in der Galerie der Uffizien in Florenz.</rdfs:comment>
    <foaf:name xml:lang="en">Adoration of the Magi</foaf:name>
    <dbpedia-owl:thumbnail rdf:resource="http://upload.wikimedia.org/wikipedia/commons/thumb/7/76/Adorazione_dei_magi,_filippino_lippi.JPG/200px-Adorazione_dei_magi,_filippino_lippi.JPG"/>
    <dbpedia-owl:wikiPageExternalLink rdf:resource="http://www.virtualuffizi.com/uffizi1/cercals1.asp?Contatore=6"/>
    <dbpedia-owl:wikiPageExternalLink rdf:resource="http://www.artonline.it/opera.asp?IDOpera=1423"/>
    <dbpprop:artist xml:lang="en">Filippino Lippi</dbpprop:artist>
    <dbpprop:city xml:lang="en">Florence</dbpprop:city>
    <dbpprop:height rdf:datatype="http://www.w3.org/2001/XMLSchema#integer">258</dbpprop:height>
    <dbpprop:imageFile xml:lang="en">Adorazione dei magi, filippino lippi.JPG</dbpprop:imageFile>
    <dbpprop:museum xml:lang="en">Uffizi</dbpprop:museum>
    <dbpprop:title xml:lang="en">Adoration of the Magi</dbpprop:title>
    <dbpprop:type xml:lang="en">Oil on panel</dbpprop:type>
    <dbpprop:width rdf:datatype="http://www.w3.org/2001/XMLSchema#integer">243</dbpprop:width>
    <dbpprop:year rdf:datatype="http://www.w3.org/2001/XMLSchema#integer">1496</dbpprop:year>
    <foaf:isPrimaryTopicOf rdf:resource="http://en.wikipedia.org/wiki/Adoration_of_the_Magi_(Filippino_Lippi)"/>
    <ns7:wasDerivedFrom rdf:resource="http://en.wikipedia.org/wiki/Adoration_of_the_Magi_(Filippino_Lippi)?oldid=541640205"/>
    <dbpprop:hasPhotoCollection rdf:resource="http://wifo5-03.informatik.uni-mannheim.de/flickrwrappr/photos/Adoration_of_the_Magi_(Filippino_Lippi)"/>
  </rdf:Description>
  <rdf:Description rdf:about="http://it.dbpedia.org/resource/Adorazione_dei_Magi_(Filippino_Lippi)">
    <owl:sameAs rdf:resource="http://dbpedia.org/resource/Adoration_of_the_Magi_(Filippino_Lippi)"/>
  </rdf:Description>
  <rdf:Description rdf:about="http://en.wikipedia.org/wiki/Adoration_of_the_Magi_(Filippino_Lippi)">
    <foaf:primaryTopic rdf:resource="http://dbpedia.org/resource/Adoration_of_the_Magi_(Filippino_Lippi)"/>
  </rdf:Description>
  <rdf:Description rdf:about="http://de.dbpedia.org/resource/Anbetung_der_Könige_(Filippino_Lippi)">
    <owl:sameAs rdf:resource="http://dbpedia.org/resource/Adoration_of_the_Magi_(Filippino_Lippi)"/>
  </rdf:Description>
  <rdf:Description rdf:about="http://wikidata.dbpedia.org/resource/Q3605532">
    <owl:sameAs rdf:resource="http://dbpedia.org/resource/Adoration_of_the_Magi_(Filippino_Lippi)"/>
  </rdf:Description>
  <rdf:Description rdf:about="http://zh.dbpedia.org/resource/三博士来朝_(利皮)">
    <owl:sameAs rdf:resource="http://dbpedia.org/resource/Adoration_of_the_Magi_(Filippino_Lippi)"/>
  </rdf:Description>
</rdf:RDF>
