<rdf:RDF xmlns:ns7="http://www.w3.org/ns/prov#" xmlns:dbpprop="http://dbpedia.org/property/" xmlns:foaf="http://xmlns.com/foaf/0.1/" xmlns:dbpedia-owl="http://dbpedia.org/ontology/" xmlns:dcterms="http://purl.org/dc/terms/" xmlns:owl="http://www.w3.org/2002/07/owl#" xmlns:rdfs="http://www.w3.org/2000/01/rdf-schema#" xmlns:rdf="http://www.w3.org/1999/02/22-rdf-syntax-ns#">
  <rdf:Description rdf:about="http://fr.dbpedia.org/resource/L'Adoration_des_mages_(Innocents)">
    <owl:sameAs rdf:resource="http://dbpedia.org/resource/Adoration_of_the_Magi_(Ospedale_degli_Innocenti)"/>
  </rdf:Description>
  <rdf:Description rdf:about="http://it.dbpedia.org/resource/Adorazione_dei_Magi_degli_Innocenti">
    <owl:sameAs rdf:resource="http://dbpedia.org/resource/Adoration_of_the_Magi_(Ospedale_degli_Innocenti)"/>
  </rdf:Description>
  <rdf:Description rdf:about="http://dbpedia.org/resource/Adoration_of_the_Magi_(Ospedale_degli_Innocenti)">
    <rdf:type rdf:resource="http://www.w3.org/2002/07/owl#Thing"/>
    <rdf:type rdf:resource="http://dbpedia.org/class/yago/Artifact100021939"/>
    <rdf:type rdf:resource="http://dbpedia.org/class/yago/Creation103129123"/>
    <rdf:type rdf:resource="http://dbpedia.org/class/yago/Object100002684"/>
    <rdf:type rdf:resource="http://dbpedia.org/class/yago/Whole100003553"/>
    <rdf:type rdf:resource="http://dbpedia.org/class/yago/GraphicArt103453809"/>
    <rdf:type rdf:resource="http://dbpedia.org/class/yago/Painting103876519"/>
    <rdf:type rdf:resource="http://dbpedia.org/class/yago/PaintingsByDomenicoGhirlandaio"/>
    <rdf:type rdf:resource="http://dbpedia.org/class/yago/PhysicalEntity100001930"/>
    <rdf:type rdf:resource="http://dbpedia.org/class/yago/1480sPaintings"/>
    <rdf:type rdf:resource="http://schema.org/CreativeWork"/>
    <rdf:type rdf:resource="http://dbpedia.org/class/yago/Art102743547"/>
    <rdf:type rdf:resource="http://dbpedia.org/ontology/Artwork"/>
    <rdf:type rdf:resource="http://dbpedia.org/ontology/Work"/>
    <owl:sameAs rdf:resource="http://it.dbpedia.org/resource/Adorazione_dei_Magi_degli_Innocenti"/>
    <owl:sameAs rdf:resource="http://rdf.freebase.com/ns/m.0gx176b"/>
    <owl:sameAs rdf:resource="http://fr.dbpedia.org/resource/L'Adoration_des_mages_(Innocents)"/>
    <owl:sameAs rdf:resource="http://yago-knowledge.org/resource/Adoration_of_the_Magi_(Ospedale_degli_Innocenti)"/>
    <owl:sameAs rdf:resource="http://www.wikidata.org/entity/Q3201479"/>
    <owl:sameAs rdf:resource="http://dbpedia.org/resource/Adoration_of_the_Magi_(Ospedale_degli_Innocenti)"/>
    <dcterms:subject rdf:resource="http://dbpedia.org/resource/Category:Paintings_by_Domenico_Ghirlandaio"/>
    <dcterms:subject rdf:resource="http://dbpedia.org/resource/Category:1480s_paintings"/>
    <dbpedia-owl:abstract xml:lang="en">The Adoration of the Magi is a painting by the Italian Renaissance master Domenico Ghirlandaio, executed around 1485-1488 and housed in the Ospedale degli Innocenti gallery in Florence, Italy. The predella, painted by Bartolomeo di Giovanni, is in the same site.</dbpedia-owl:abstract>
    <dbpedia-owl:abstract xml:lang="fr">L'Adoration des mages (en italien, Adorazione dei Magi degli Innocenti) est un tableau de Domenico Ghirlandaio conservé au musée de l'Hôpital des Innocents de Florence. C'est une peinture chrétienne en tempera sur tableau de 285 × 243 cm datable des années 1485-1488 : sa prédelle est l'œuvre de Bartolomeo di Giovanni.</dbpedia-owl:abstract>
    <dbpedia-owl:abstract xml:lang="it">L'Adorazione dei Magi degli Innocenti è un dipinto a tempera su tavola (285x243 cm) di Domenico Ghirlandaio, databile al 1485-1488 e conservato nella Galleria dello Spedale degli Innocenti a Firenze. In loco si conserva anche la predella, opera di Bartolomeo di Giovanni.</dbpedia-owl:abstract>
    <dbpedia-owl:author rdf:resource="http://dbpedia.org/resource/Domenico_Ghirlandaio"/>
    <dbpedia-owl:museum rdf:resource="http://dbpedia.org/resource/Ospedale_degli_Innocenti"/>
    <dbpedia-owl:wikiPageID rdf:datatype="http://www.w3.org/2001/XMLSchema#integer">32137484</dbpedia-owl:wikiPageID>
    <dbpedia-owl:wikiPageRevisionID rdf:datatype="http://www.w3.org/2001/XMLSchema#integer">546178674</dbpedia-owl:wikiPageRevisionID>
    <rdfs:label xml:lang="it">Adorazione dei Magi degli Innocenti</rdfs:label>
    <rdfs:label xml:lang="en">Adoration of the Magi (Ospedale degli Innocenti)</rdfs:label>
    <rdfs:label xml:lang="fr">L'Adoration des mages (Innocents)</rdfs:label>
    <foaf:depiction rdf:resource="http://upload.wikimedia.org/wikipedia/commons/d/d4/Adoration_of_the_Magi_for_the_Spedale_degli_Innocenti.jpg"/>
    <rdfs:comment xml:lang="it">L'Adorazione dei Magi degli Innocenti è un dipinto a tempera su tavola (285x243 cm) di Domenico Ghirlandaio, databile al 1485-1488 e conservato nella Galleria dello Spedale degli Innocenti a Firenze. In loco si conserva anche la predella, opera di Bartolomeo di Giovanni.</rdfs:comment>
    <rdfs:comment xml:lang="en">The Adoration of the Magi is a painting by the Italian Renaissance master Domenico Ghirlandaio, executed around 1485-1488 and housed in the Ospedale degli Innocenti gallery in Florence, Italy. The predella, painted by Bartolomeo di Giovanni, is in the same site.</rdfs:comment>
    <rdfs:comment xml:lang="fr">L'Adoration des mages (en italien, Adorazione dei Magi degli Innocenti) est un tableau de Domenico Ghirlandaio conservé au musée de l'Hôpital des Innocents de Florence. C'est une peinture chrétienne en tempera sur tableau de 285 × 243 cm datable des années 1485-1488 : sa prédelle est l'œuvre de Bartolomeo di Giovanni.</rdfs:comment>
    <foaf:name xml:lang="en">Adoration of the Magi</foaf:name>
    <dbpedia-owl:thumbnail rdf:resource="http://upload.wikimedia.org/wikipedia/commons/thumb/d/d4/Adoration_of_the_Magi_for_the_Spedale_degli_Innocenti.jpg/200px-Adoration_of_the_Magi_for_the_Spedale_degli_Innocenti.jpg"/>
    <dbpprop:artist xml:lang="en">Domenico Ghirlandaio</dbpprop:artist>
    <dbpprop:city xml:lang="en">Florence</dbpprop:city>
    <dbpprop:height rdf:datatype="http://www.w3.org/2001/XMLSchema#integer">285</dbpprop:height>
    <dbpprop:imageFile xml:lang="en">Adoration of the Magi for the Spedale degli Innocenti.jpg</dbpprop:imageFile>
    <dbpprop:imageSize rdf:datatype="http://www.w3.org/2001/XMLSchema#integer">420</dbpprop:imageSize>
    <dbpprop:museum rdf:resource="http://dbpedia.org/resource/Ospedale_degli_Innocenti"/>
    <dbpprop:title xml:lang="en">Adoration of the Magi</dbpprop:title>
    <dbpprop:type xml:lang="en">Tempera on panel</dbpprop:type>
    <dbpprop:width rdf:datatype="http://www.w3.org/2001/XMLSchema#integer">243</dbpprop:width>
    <dbpprop:year rdf:datatype="http://www.w3.org/2001/XMLSchema#integer">1485</dbpprop:year>
    <foaf:isPrimaryTopicOf rdf:resource="http://en.wikipedia.org/wiki/Adoration_of_the_Magi_(Ospedale_degli_Innocenti)"/>
    <ns7:wasDerivedFrom rdf:resource="http://en.wikipedia.org/wiki/Adoration_of_the_Magi_(Ospedale_degli_Innocenti)?oldid=546178674"/>
    <dbpprop:hasPhotoCollection rdf:resource="http://wifo5-03.informatik.uni-mannheim.de/flickrwrappr/photos/Adoration_of_the_Magi_(Ospedale_degli_Innocenti)"/>
  </rdf:Description>
  <rdf:Description rdf:about="http://en.wikipedia.org/wiki/Adoration_of_the_Magi_(Ospedale_degli_Innocenti)">
    <foaf:primaryTopic rdf:resource="http://dbpedia.org/resource/Adoration_of_the_Magi_(Ospedale_degli_Innocenti)"/>
  </rdf:Description>
  <rdf:Description rdf:about="http://wikidata.dbpedia.org/resource/Q3201479">
    <owl:sameAs rdf:resource="http://dbpedia.org/resource/Adoration_of_the_Magi_(Ospedale_degli_Innocenti)"/>
  </rdf:Description>
</rdf:RDF>
