<rdf:RDF xmlns:dbpprop="http://dbpedia.org/property/" xmlns:ns6="http://www.w3.org/ns/prov#" xmlns:foaf="http://xmlns.com/foaf/0.1/" xmlns:dbpedia-owl="http://dbpedia.org/ontology/" xmlns:dcterms="http://purl.org/dc/terms/" xmlns:owl="http://www.w3.org/2002/07/owl#" xmlns:rdfs="http://www.w3.org/2000/01/rdf-schema#" xmlns:rdf="http://www.w3.org/1999/02/22-rdf-syntax-ns#">
  <rdf:Description rdf:about="http://dbpedia.org/resource/Adoration_of_the_Shepherds_(Le_Nain)">
    <rdf:type rdf:resource="http://dbpedia.org/class/yago/Object100002684"/>
    <rdf:type rdf:resource="http://dbpedia.org/class/yago/Artifact100021939"/>
    <rdf:type rdf:resource="http://dbpedia.org/class/yago/PhysicalEntity100001930"/>
    <rdf:type rdf:resource="http://dbpedia.org/class/yago/Art102743547"/>
    <rdf:type rdf:resource="http://dbpedia.org/class/yago/Creation103129123"/>
    <rdf:type rdf:resource="http://dbpedia.org/class/yago/Whole100003553"/>
    <rdf:type rdf:resource="http://dbpedia.org/class/yago/Painting103876519"/>
    <rdf:type rdf:resource="http://dbpedia.org/class/yago/FrenchPaintings"/>
    <rdf:type rdf:resource="http://dbpedia.org/class/yago/GraphicArt103453809"/>
    <owl:sameAs rdf:resource="http://www.wikidata.org/entity/Q4684626"/>
    <owl:sameAs rdf:resource="http://rdf.freebase.com/ns/m.0hr1_mt"/>
    <owl:sameAs rdf:resource="http://yago-knowledge.org/resource/Adoration_of_the_Shepherds_(Le_Nain)"/>
    <owl:sameAs rdf:resource="http://dbpedia.org/resource/Adoration_of_the_Shepherds_(Le_Nain)"/>
    <dcterms:subject rdf:resource="http://dbpedia.org/resource/Category:Collections_of_the_National_Gallery,_London"/>
    <dcterms:subject rdf:resource="http://dbpedia.org/resource/Category:French_paintings"/>
    <dcterms:subject rdf:resource="http://dbpedia.org/resource/Category:Nativity_of_Jesus_in_art"/>
    <dbpedia-owl:abstract xml:lang="en">The Adoration of the Shepherds by the Le Nain Brothers is in the National Gallery in London. The painting dates from about 1640, and is relatively unusual as a religious subject or history painting in their oeuvre; they are best known for genre painting, especially groups of peasants. As with most of the works of Antoine (c 1600-1648), Louis (c. 1603?-1648) and Mathieu (1607-1677) Le Nain, it is not possible to establish which brother, or combination of brothers, painted it. This painting is unsigned, but when they signed their works, from 1641 to 1648, it was simply as Lenain.</dbpedia-owl:abstract>
    <dbpedia-owl:wikiPageID rdf:datatype="http://www.w3.org/2001/XMLSchema#integer">34149316</dbpedia-owl:wikiPageID>
    <dbpedia-owl:wikiPageRevisionID rdf:datatype="http://www.w3.org/2001/XMLSchema#integer">509066385</dbpedia-owl:wikiPageRevisionID>
    <rdfs:label xml:lang="en">Adoration of the Shepherds (Le Nain)</rdfs:label>
    <foaf:depiction rdf:resource="http://upload.wikimedia.org/wikipedia/commons/5/54/Le_Nain_Adoration_NG.jpg"/>
    <rdfs:comment xml:lang="en">The Adoration of the Shepherds by the Le Nain Brothers is in the National Gallery in London. The painting dates from about 1640, and is relatively unusual as a religious subject or history painting in their oeuvre; they are best known for genre painting, especially groups of peasants. As with most of the works of Antoine (c 1600-1648), Louis (c. 1603?-1648) and Mathieu (1607-1677) Le Nain, it is not possible to establish which brother, or combination of brothers, painted it.</rdfs:comment>
    <dbpedia-owl:thumbnail rdf:resource="http://upload.wikimedia.org/wikipedia/commons/thumb/5/54/Le_Nain_Adoration_NG.jpg/200px-Le_Nain_Adoration_NG.jpg"/>
    <dbpedia-owl:wikiPageExternalLink rdf:resource="http://www.nationalgallery.org.uk/paintings/the-le-nain-brothers-the-adoration-of-the-shepherds"/>
    <foaf:isPrimaryTopicOf rdf:resource="http://en.wikipedia.org/wiki/Adoration_of_the_Shepherds_(Le_Nain)"/>
    <ns6:wasDerivedFrom rdf:resource="http://en.wikipedia.org/wiki/Adoration_of_the_Shepherds_(Le_Nain)?oldid=509066385"/>
    <dbpprop:hasPhotoCollection rdf:resource="http://wifo5-03.informatik.uni-mannheim.de/flickrwrappr/photos/Adoration_of_the_Shepherds_(Le_Nain)"/>
  </rdf:Description>
  <rdf:Description rdf:about="http://en.wikipedia.org/wiki/Adoration_of_the_Shepherds_(Le_Nain)">
    <foaf:primaryTopic rdf:resource="http://dbpedia.org/resource/Adoration_of_the_Shepherds_(Le_Nain)"/>
  </rdf:Description>
  <rdf:Description rdf:about="http://wikidata.dbpedia.org/resource/Q4684626">
    <owl:sameAs rdf:resource="http://dbpedia.org/resource/Adoration_of_the_Shepherds_(Le_Nain)"/>
  </rdf:Description>
</rdf:RDF>
