<rdf:RDF xmlns:ns7="http://www.w3.org/ns/prov#" xmlns:dbpprop="http://dbpedia.org/property/" xmlns:foaf="http://xmlns.com/foaf/0.1/" xmlns:dbpedia-owl="http://dbpedia.org/ontology/" xmlns:dcterms="http://purl.org/dc/terms/" xmlns:owl="http://www.w3.org/2002/07/owl#" xmlns:rdfs="http://www.w3.org/2000/01/rdf-schema#" xmlns:rdf="http://www.w3.org/1999/02/22-rdf-syntax-ns#">
  <rdf:Description rdf:about="http://dbpedia.org/resource/Adoration_of_the_Child_(Gentile_da_Fabriano)">
    <rdf:type rdf:resource="http://dbpedia.org/class/yago/Artifact100021939"/>
    <rdf:type rdf:resource="http://dbpedia.org/class/yago/Creation103129123"/>
    <rdf:type rdf:resource="http://dbpedia.org/ontology/Work"/>
    <rdf:type rdf:resource="http://dbpedia.org/class/yago/GraphicArt103453809"/>
    <rdf:type rdf:resource="http://schema.org/CreativeWork"/>
    <rdf:type rdf:resource="http://dbpedia.org/class/yago/PhysicalEntity100001930"/>
    <rdf:type rdf:resource="http://dbpedia.org/class/yago/GentileDaFabrianoPaintings"/>
    <rdf:type rdf:resource="http://dbpedia.org/class/yago/PaintingsOfTheVirginMary"/>
    <rdf:type rdf:resource="http://dbpedia.org/class/yago/Object100002684"/>
    <rdf:type rdf:resource="http://dbpedia.org/ontology/Artwork"/>
    <rdf:type rdf:resource="http://www.w3.org/2002/07/owl#Thing"/>
    <rdf:type rdf:resource="http://dbpedia.org/class/yago/1420sPaintings"/>
    <rdf:type rdf:resource="http://dbpedia.org/class/yago/Painting103876519"/>
    <rdf:type rdf:resource="http://dbpedia.org/class/yago/Whole100003553"/>
    <rdf:type rdf:resource="http://dbpedia.org/class/yago/Art102743547"/>
    <owl:sameAs rdf:resource="http://yago-knowledge.org/resource/Adoration_of_the_Child_(Gentile_da_Fabriano)"/>
    <owl:sameAs rdf:resource="http://dbpedia.org/resource/Adoration_of_the_Child_(Gentile_da_Fabriano)"/>
    <owl:sameAs rdf:resource="http://it.dbpedia.org/resource/Adorazione_del_Bambino_(Gentile_da_Fabriano)"/>
    <owl:sameAs rdf:resource="http://www.wikidata.org/entity/Q3605567"/>
    <owl:sameAs rdf:resource="http://rdf.freebase.com/ns/m.0h55jr7"/>
    <dcterms:subject rdf:resource="http://dbpedia.org/resource/Category:Paintings_of_the_Virgin_Mary"/>
    <dcterms:subject rdf:resource="http://dbpedia.org/resource/Category:Gentile_da_Fabriano_paintings"/>
    <dcterms:subject rdf:resource="http://dbpedia.org/resource/Category:Collections_of_the_J._Paul_Getty_Museum"/>
    <dcterms:subject rdf:resource="http://dbpedia.org/resource/Category:Nativity_of_Jesus_in_art"/>
    <dcterms:subject rdf:resource="http://dbpedia.org/resource/Category:1420s_paintings"/>
    <dbpedia-owl:abstract xml:lang="en">The Adoration of the Child is an tempera and gold on panel painting by the Italian late medieval artist Gentile da Fabriano, dating from around 1420-1421 and housed in the Getty Center of Los Angeles, USA. The work is generally dated from between Gentile's quick stay in his hometown, Fabriano, in the Spring of 1420, and his arrival to Florence in the following summer. There are indeed similarities with the female faces in the Adoration of the Magi, although the presence of copies by local followers in the Marche and Dalmatia could imply that the painting was at some location in the Adriatic Sea area.</dbpedia-owl:abstract>
    <dbpedia-owl:abstract xml:lang="it">L'Adorazione del Bambino è un dipinto a tempera e oro su tavola (72x42,6 cm) di Gentile da Fabriano, databile al 1420-1421 e conservato nel Getty Center di Los Angeles.</dbpedia-owl:abstract>
    <dbpedia-owl:author rdf:resource="http://dbpedia.org/resource/Gentile_da_Fabriano"/>
    <dbpedia-owl:museum rdf:resource="http://dbpedia.org/resource/Los_Angeles"/>
    <dbpedia-owl:museum rdf:resource="http://dbpedia.org/resource/Getty_Center"/>
    <dbpedia-owl:wikiPageID rdf:datatype="http://www.w3.org/2001/XMLSchema#integer">33002711</dbpedia-owl:wikiPageID>
    <dbpedia-owl:wikiPageRevisionID rdf:datatype="http://www.w3.org/2001/XMLSchema#integer">546215309</dbpedia-owl:wikiPageRevisionID>
    <rdfs:label xml:lang="it">Adorazione del Bambino (Gentile da Fabriano)</rdfs:label>
    <rdfs:label xml:lang="en">Adoration of the Child (Gentile da Fabriano)</rdfs:label>
    <foaf:depiction rdf:resource="http://upload.wikimedia.org/wikipedia/commons/9/9f/Gentile_da_fabriano,_natività,_1420-21.jpg"/>
    <rdfs:comment xml:lang="en">The Adoration of the Child is an tempera and gold on panel painting by the Italian late medieval artist Gentile da Fabriano, dating from around 1420-1421 and housed in the Getty Center of Los Angeles, USA. The work is generally dated from between Gentile's quick stay in his hometown, Fabriano, in the Spring of 1420, and his arrival to Florence in the following summer.</rdfs:comment>
    <rdfs:comment xml:lang="it">L'Adorazione del Bambino è un dipinto a tempera e oro su tavola (72x42,6 cm) di Gentile da Fabriano, databile al 1420-1421 e conservato nel Getty Center di Los Angeles.</rdfs:comment>
    <foaf:name xml:lang="en">Adoration of the Child</foaf:name>
    <dbpedia-owl:thumbnail rdf:resource="http://upload.wikimedia.org/wikipedia/commons/thumb/9/9f/Gentile_da_fabriano,_natività,_1420-21.jpg/200px-Gentile_da_fabriano,_natività,_1420-21.jpg"/>
    <dbpedia-owl:wikiPageExternalLink rdf:resource="http://www.getty.edu/art/gettyguide/artObjectDetails?artobj=733"/>
    <dbpprop:artist rdf:resource="http://dbpedia.org/resource/Gentile_da_Fabriano"/>
    <dbpprop:height rdf:datatype="http://www.w3.org/2001/XMLSchema#integer">72</dbpprop:height>
    <dbpprop:imageFile xml:lang="en">Gentile da fabriano, natività, 1420-21.jpg</dbpprop:imageFile>
    <dbpprop:imageSize rdf:datatype="http://www.w3.org/2001/XMLSchema#integer">300</dbpprop:imageSize>
    <dbpprop:museum rdf:resource="http://dbpedia.org/resource/Los_Angeles"/>
    <dbpprop:museum rdf:resource="http://dbpedia.org/resource/Getty_Center"/>
    <dbpprop:title xml:lang="en">Adoration of the Child</dbpprop:title>
    <dbpprop:type xml:lang="en">Tempera and gold on panel</dbpprop:type>
    <dbpprop:width rdf:datatype="http://www.w3.org/2001/XMLSchema#double">42.6</dbpprop:width>
    <dbpprop:year rdf:datatype="http://www.w3.org/2001/XMLSchema#integer">1420</dbpprop:year>
    <foaf:homepage rdf:resource="http://www.getty.edu/art/gettyguide/artObjectDetails?artobj=733"/>
    <foaf:isPrimaryTopicOf rdf:resource="http://en.wikipedia.org/wiki/Adoration_of_the_Child_(Gentile_da_Fabriano)"/>
    <ns7:wasDerivedFrom rdf:resource="http://en.wikipedia.org/wiki/Adoration_of_the_Child_(Gentile_da_Fabriano)?oldid=546215309"/>
    <dbpprop:hasPhotoCollection rdf:resource="http://wifo5-03.informatik.uni-mannheim.de/flickrwrappr/photos/Adoration_of_the_Child_(Gentile_da_Fabriano)"/>
  </rdf:Description>
  <rdf:Description rdf:about="http://it.dbpedia.org/resource/Adorazione_del_Bambino_(Gentile_da_Fabriano)">
    <owl:sameAs rdf:resource="http://dbpedia.org/resource/Adoration_of_the_Child_(Gentile_da_Fabriano)"/>
  </rdf:Description>
  <rdf:Description rdf:about="http://dbpedia.org/resource/Adoration_of_the_Child">
    <dbpedia-owl:wikiPageDisambiguates rdf:resource="http://dbpedia.org/resource/Adoration_of_the_Child_(Gentile_da_Fabriano)"/>
  </rdf:Description>
  <rdf:Description rdf:about="http://en.wikipedia.org/wiki/Adoration_of_the_Child_(Gentile_da_Fabriano)">
    <foaf:primaryTopic rdf:resource="http://dbpedia.org/resource/Adoration_of_the_Child_(Gentile_da_Fabriano)"/>
  </rdf:Description>
  <rdf:Description rdf:about="http://wikidata.dbpedia.org/resource/Q3605567">
    <owl:sameAs rdf:resource="http://dbpedia.org/resource/Adoration_of_the_Child_(Gentile_da_Fabriano)"/>
  </rdf:Description>
</rdf:RDF>
