<rdf:RDF xmlns:ns7="http://www.w3.org/ns/prov#" xmlns:dbpprop="http://dbpedia.org/property/" xmlns:foaf="http://xmlns.com/foaf/0.1/" xmlns:dbpedia-owl="http://dbpedia.org/ontology/" xmlns:dcterms="http://purl.org/dc/terms/" xmlns:owl="http://www.w3.org/2002/07/owl#" xmlns:rdfs="http://www.w3.org/2000/01/rdf-schema#" xmlns:rdf="http://www.w3.org/1999/02/22-rdf-syntax-ns#">
  <rdf:Description rdf:about="http://dbpedia.org/resource/Adoration_of_the_Magi_(Rubens)">
    <rdf:type rdf:resource="http://dbpedia.org/class/yago/Creation103129123"/>
    <rdf:type rdf:resource="http://dbpedia.org/class/yago/Whole100003553"/>
    <rdf:type rdf:resource="http://dbpedia.org/class/yago/Object100002684"/>
    <rdf:type rdf:resource="http://www.w3.org/2002/07/owl#Thing"/>
    <rdf:type rdf:resource="http://dbpedia.org/class/yago/GraphicArt103453809"/>
    <rdf:type rdf:resource="http://dbpedia.org/class/yago/Art102743547"/>
    <rdf:type rdf:resource="http://dbpedia.org/ontology/Artwork"/>
    <rdf:type rdf:resource="http://dbpedia.org/class/yago/PhysicalEntity100001930"/>
    <rdf:type rdf:resource="http://dbpedia.org/class/yago/1617Paintings"/>
    <rdf:type rdf:resource="http://dbpedia.org/class/yago/Painting103876519"/>
    <rdf:type rdf:resource="http://dbpedia.org/class/yago/PaintingsByPeterPaulRubens"/>
    <rdf:type rdf:resource="http://dbpedia.org/ontology/Work"/>
    <rdf:type rdf:resource="http://schema.org/CreativeWork"/>
    <rdf:type rdf:resource="http://dbpedia.org/class/yago/Artifact100021939"/>
    <owl:sameAs rdf:resource="http://rdf.freebase.com/ns/m.0bh8tf1"/>
    <owl:sameAs rdf:resource="http://yago-knowledge.org/resource/Adoration_of_the_Magi_(Rubens)"/>
    <owl:sameAs rdf:resource="http://www.wikidata.org/entity/Q4684623"/>
    <owl:sameAs rdf:resource="http://dbpedia.org/resource/Adoration_of_the_Magi_(Rubens)"/>
    <dcterms:subject rdf:resource="http://dbpedia.org/resource/Category:Paintings_by_Peter_Paul_Rubens"/>
    <dcterms:subject rdf:resource="http://dbpedia.org/resource/Category:Adoration_of_the_Magi_in_art"/>
    <dcterms:subject rdf:resource="http://dbpedia.org/resource/Category:Collections_of_the_Museum_of_Fine_Arts_of_Lyon"/>
    <dcterms:subject rdf:resource="http://dbpedia.org/resource/Category:1617_paintings"/>
    <dbpedia-owl:abstract xml:lang="en">Peter Paul Rubens painted The Adoration of the Magi more often than any other episode from the life of Christ. The adoration of the Magi offered the Counter-Reformation artist the chance to depict the richest worldly panoply, rich textiles, exotic turbans and other incidents, with a range of human types caught up in a dramatic action that expressed the humbling of the world before the Church, embodied in Madonna and child. The horizontal composition of the Adoration of the Magi conserved at the Musée des Beaux-Arts de Lyon arranges full-length figures across the canvas, backed by a frieze-like crowd showing a variety of mature male types, twelve in all. The oldest magus kneels and kisses the foot of the Christ Child with a tender gesture, as the Child, standing on a straw-strewn table, where he is presented by the Virgin Mary, touches the magus' bald head in a gesture of benediction. The dim stable is lit by shafts of light. Peter C. Sutton suggested that, as Rubens' treatments of this subject in vertical formats were for known ecclesiastical commissions as altarpieces, the horizontal format, which is shared with Rubens' Adoration painted for the Statenkamer of Antwerp's town hall, c. 1608-09, might suggest that the Lyon painting was also a secular commission. The painting had a distinguished early history: it was purchased by Maximilian II Emanuel, Prince-Elector of Bavaria in Antwerp in September 1698, from Gijsbert van Ceulen, part of a spectacular group of paintings that included twelve other paintings by Rubens that are now among the Wittelsbach works of art from Schleissheim now in the Alte Pinakothek, Munich. It languished as a copy until Jacques Fouquart resuscitated its reputation, recognized as a major work of Rubens, in the exhibition Le siècle de Rubens, Paris, 1977-78. There is an oil preparatory sketch, long hidden in private collections.</dbpedia-owl:abstract>
    <dbpedia-owl:author rdf:resource="http://dbpedia.org/resource/Peter_Paul_Rubens"/>
    <dbpedia-owl:museum rdf:resource="http://dbpedia.org/resource/Museum_of_Fine_Arts_of_Lyon"/>
    <dbpedia-owl:wikiPageID rdf:datatype="http://www.w3.org/2001/XMLSchema#integer">26561481</dbpedia-owl:wikiPageID>
    <dbpedia-owl:wikiPageRevisionID rdf:datatype="http://www.w3.org/2001/XMLSchema#integer">493991725</dbpedia-owl:wikiPageRevisionID>
    <rdfs:label xml:lang="en">Adoration of the Magi (Rubens)</rdfs:label>
    <foaf:depiction rdf:resource="http://upload.wikimedia.org/wikipedia/commons/7/72/Rubens-adoration_des_mages.jpg"/>
    <rdfs:comment xml:lang="en">Peter Paul Rubens painted The Adoration of the Magi more often than any other episode from the life of Christ. The adoration of the Magi offered the Counter-Reformation artist the chance to depict the richest worldly panoply, rich textiles, exotic turbans and other incidents, with a range of human types caught up in a dramatic action that expressed the humbling of the world before the Church, embodied in Madonna and child.</rdfs:comment>
    <foaf:name xml:lang="en">Adoration of the Magi</foaf:name>
    <dbpedia-owl:thumbnail rdf:resource="http://upload.wikimedia.org/wikipedia/commons/thumb/7/72/Rubens-adoration_des_mages.jpg/200px-Rubens-adoration_des_mages.jpg"/>
    <dbpprop:artist rdf:resource="http://dbpedia.org/resource/Peter_Paul_Rubens"/>
    <dbpprop:city rdf:resource="http://dbpedia.org/resource/Lyon"/>
    <dbpprop:height rdf:datatype="http://www.w3.org/2001/XMLSchema#integer">251</dbpprop:height>
    <dbpprop:imageFile xml:lang="en">Rubens-adoration des mages.jpg</dbpprop:imageFile>
    <dbpprop:imageSize rdf:datatype="http://www.w3.org/2001/XMLSchema#integer">300</dbpprop:imageSize>
    <dbpprop:museum rdf:resource="http://dbpedia.org/resource/Museum_of_Fine_Arts_of_Lyon"/>
    <dbpprop:title xml:lang="en">Adoration of the Magi</dbpprop:title>
    <dbpprop:type xml:lang="en">Oil on canvas</dbpprop:type>
    <dbpprop:width rdf:datatype="http://www.w3.org/2001/XMLSchema#integer">338</dbpprop:width>
    <dbpprop:year xml:lang="en">ca. 1616-17</dbpprop:year>
    <foaf:isPrimaryTopicOf rdf:resource="http://en.wikipedia.org/wiki/Adoration_of_the_Magi_(Rubens)"/>
    <ns7:wasDerivedFrom rdf:resource="http://en.wikipedia.org/wiki/Adoration_of_the_Magi_(Rubens)?oldid=493991725"/>
    <dbpprop:hasPhotoCollection rdf:resource="http://wifo5-03.informatik.uni-mannheim.de/flickrwrappr/photos/Adoration_of_the_Magi_(Rubens)"/>
  </rdf:Description>
  <rdf:Description rdf:about="http://en.wikipedia.org/wiki/Adoration_of_the_Magi_(Rubens)">
    <foaf:primaryTopic rdf:resource="http://dbpedia.org/resource/Adoration_of_the_Magi_(Rubens)"/>
  </rdf:Description>
  <rdf:Description rdf:about="http://wikidata.dbpedia.org/resource/Q4684623">
    <owl:sameAs rdf:resource="http://dbpedia.org/resource/Adoration_of_the_Magi_(Rubens)"/>
  </rdf:Description>
</rdf:RDF>
