<rdf:RDF xmlns:ns7="http://www.w3.org/ns/prov#" xmlns:dbpprop="http://dbpedia.org/property/" xmlns:foaf="http://xmlns.com/foaf/0.1/" xmlns:dbpedia-owl="http://dbpedia.org/ontology/" xmlns:dcterms="http://purl.org/dc/terms/" xmlns:owl="http://www.w3.org/2002/07/owl#" xmlns:rdfs="http://www.w3.org/2000/01/rdf-schema#" xmlns:rdf="http://www.w3.org/1999/02/22-rdf-syntax-ns#">
  <rdf:Description rdf:about="http://dbpedia.org/resource/Adoration_of_the_Shepherds_(Lorenzo_di_Credi)">
    <rdf:type rdf:resource="http://dbpedia.org/class/yago/1510Paintings"/>
    <rdf:type rdf:resource="http://dbpedia.org/class/yago/Creation103129123"/>
    <rdf:type rdf:resource="http://dbpedia.org/ontology/Artwork"/>
    <rdf:type rdf:resource="http://dbpedia.org/ontology/Work"/>
    <rdf:type rdf:resource="http://www.w3.org/2002/07/owl#Thing"/>
    <rdf:type rdf:resource="http://dbpedia.org/class/yago/Object100002684"/>
    <rdf:type rdf:resource="http://dbpedia.org/class/yago/Whole100003553"/>
    <rdf:type rdf:resource="http://schema.org/CreativeWork"/>
    <rdf:type rdf:resource="http://dbpedia.org/class/yago/Art102743547"/>
    <rdf:type rdf:resource="http://dbpedia.org/class/yago/PhysicalEntity100001930"/>
    <rdf:type rdf:resource="http://dbpedia.org/class/yago/GraphicArt103453809"/>
    <rdf:type rdf:resource="http://dbpedia.org/class/yago/Artifact100021939"/>
    <rdf:type rdf:resource="http://dbpedia.org/class/yago/Painting103876519"/>
    <owl:sameAs rdf:resource="http://www.wikidata.org/entity/Q3605549"/>
    <owl:sameAs rdf:resource="http://yago-knowledge.org/resource/Adoration_of_the_Shepherds_(Lorenzo_di_Credi)"/>
    <owl:sameAs rdf:resource="http://rdf.freebase.com/ns/m.0gtxp29"/>
    <owl:sameAs rdf:resource="http://dbpedia.org/resource/Adoration_of_the_Shepherds_(Lorenzo_di_Credi)"/>
    <owl:sameAs rdf:resource="http://it.dbpedia.org/resource/Adorazione_dei_pastori_(Lorenzo_di_Credi)"/>
    <dcterms:subject rdf:resource="http://dbpedia.org/resource/Category:Collections_of_the_Uffizi"/>
    <dcterms:subject rdf:resource="http://dbpedia.org/resource/Category:1510_paintings"/>
    <dcterms:subject rdf:resource="http://dbpedia.org/resource/Category:Nativity_of_Jesus_in_art"/>
    <dbpedia-owl:abstract xml:lang="en">The Adoration of the Shepherds is a painting by the Italian Renaissance painter Lorenzo di Credi, dating to about 1510. It is displayed in the Uffizi Gallery of Florence.</dbpedia-owl:abstract>
    <dbpedia-owl:abstract xml:lang="it">L'Adorazione dei pastori è un dipinto a olio su tavola (224x196 cm) di Lorenzo di Credi, databile al 1510 circa e conservato nella Galleria degli Uffizi a Firenze.</dbpedia-owl:abstract>
    <dbpedia-owl:author rdf:resource="http://dbpedia.org/resource/Lorenzo_di_Credi"/>
    <dbpedia-owl:museum rdf:resource="http://dbpedia.org/resource/Uffizi"/>
    <dbpedia-owl:wikiPageID rdf:datatype="http://www.w3.org/2001/XMLSchema#integer">31752496</dbpedia-owl:wikiPageID>
    <dbpedia-owl:wikiPageRevisionID rdf:datatype="http://www.w3.org/2001/XMLSchema#integer">546154516</dbpedia-owl:wikiPageRevisionID>
    <rdfs:label xml:lang="en">Adoration of the Shepherds (Lorenzo di Credi)</rdfs:label>
    <rdfs:label xml:lang="it">Adorazione dei pastori (Lorenzo di Credi)</rdfs:label>
    <foaf:depiction rdf:resource="http://upload.wikimedia.org/wikipedia/commons/d/d1/Lorenzo_di_credi,_adorazione_di_pastori.jpg"/>
    <rdfs:comment xml:lang="en">The Adoration of the Shepherds is a painting by the Italian Renaissance painter Lorenzo di Credi, dating to about 1510. It is displayed in the Uffizi Gallery of Florence.</rdfs:comment>
    <rdfs:comment xml:lang="it">L'Adorazione dei pastori è un dipinto a olio su tavola (224x196 cm) di Lorenzo di Credi, databile al 1510 circa e conservato nella Galleria degli Uffizi a Firenze.</rdfs:comment>
    <foaf:name xml:lang="en">Adoration of the Shepherds</foaf:name>
    <dbpedia-owl:thumbnail rdf:resource="http://upload.wikimedia.org/wikipedia/commons/thumb/d/d1/Lorenzo_di_credi,_adorazione_di_pastori.jpg/200px-Lorenzo_di_credi,_adorazione_di_pastori.jpg"/>
    <dbpedia-owl:wikiPageExternalLink rdf:resource="http://www.polomuseale.firenze.it/catalogo/scheda.asp?nctn=00285596&amp;value=1"/>
    <dbpprop:artist xml:lang="en">Lorenzo di Credi</dbpprop:artist>
    <dbpprop:city xml:lang="en">Florence</dbpprop:city>
    <dbpprop:height rdf:datatype="http://www.w3.org/2001/XMLSchema#integer">224</dbpprop:height>
    <dbpprop:imageFile xml:lang="en">Lorenzo di credi, adorazione di pastori.jpg</dbpprop:imageFile>
    <dbpprop:museum xml:lang="en">Uffizi Gallery</dbpprop:museum>
    <dbpprop:title xml:lang="en">Adoration of the Shepherds</dbpprop:title>
    <dbpprop:type xml:lang="en">Oil on panel</dbpprop:type>
    <dbpprop:width rdf:datatype="http://www.w3.org/2001/XMLSchema#integer">196</dbpprop:width>
    <dbpprop:year xml:lang="en">c. 1510</dbpprop:year>
    <foaf:isPrimaryTopicOf rdf:resource="http://en.wikipedia.org/wiki/Adoration_of_the_Shepherds_(Lorenzo_di_Credi)"/>
    <ns7:wasDerivedFrom rdf:resource="http://en.wikipedia.org/wiki/Adoration_of_the_Shepherds_(Lorenzo_di_Credi)?oldid=546154516"/>
    <dbpprop:hasPhotoCollection rdf:resource="http://wifo5-03.informatik.uni-mannheim.de/flickrwrappr/photos/Adoration_of_the_Shepherds_(Lorenzo_di_Credi)"/>
  </rdf:Description>
  <rdf:Description rdf:about="http://en.wikipedia.org/wiki/Adoration_of_the_Shepherds_(Lorenzo_di_Credi)">
    <foaf:primaryTopic rdf:resource="http://dbpedia.org/resource/Adoration_of_the_Shepherds_(Lorenzo_di_Credi)"/>
  </rdf:Description>
  <rdf:Description rdf:about="http://it.dbpedia.org/resource/Adorazione_dei_pastori_(Lorenzo_di_Credi)">
    <owl:sameAs rdf:resource="http://dbpedia.org/resource/Adoration_of_the_Shepherds_(Lorenzo_di_Credi)"/>
  </rdf:Description>
  <rdf:Description rdf:about="http://wikidata.dbpedia.org/resource/Q3605549">
    <owl:sameAs rdf:resource="http://dbpedia.org/resource/Adoration_of_the_Shepherds_(Lorenzo_di_Credi)"/>
  </rdf:Description>
</rdf:RDF>
