<rdf:RDF xmlns:ns7="http://www.w3.org/ns/prov#" xmlns:dbpprop="http://dbpedia.org/property/" xmlns:foaf="http://xmlns.com/foaf/0.1/" xmlns:dbpedia-owl="http://dbpedia.org/ontology/" xmlns:dcterms="http://purl.org/dc/terms/" xmlns:owl="http://www.w3.org/2002/07/owl#" xmlns:rdfs="http://www.w3.org/2000/01/rdf-schema#" xmlns:rdf="http://www.w3.org/1999/02/22-rdf-syntax-ns#">
  <rdf:Description rdf:about="http://dbpedia.org/resource/The_Adoration_of_the_Shepherds_(Mantegna)">
    <dbpedia-owl:wikiPageRedirects rdf:resource="http://dbpedia.org/resource/Adoration_of_the_Shepherds_(Mantegna)"/>
  </rdf:Description>
  <rdf:Description rdf:about="http://it.dbpedia.org/resource/Adorazione_dei_pastori_(Mantegna)">
    <owl:sameAs rdf:resource="http://dbpedia.org/resource/Adoration_of_the_Shepherds_(Mantegna)"/>
  </rdf:Description>
  <rdf:Description rdf:about="http://dbpedia.org/resource/Adoration_of_the_Shepherds_(Mantegna)">
    <rdf:type rdf:resource="http://dbpedia.org/class/yago/PaintingsByAndreaMantegna"/>
    <rdf:type rdf:resource="http://dbpedia.org/class/yago/PaintingsOfTheMetropolitanMuseumOfArt"/>
    <rdf:type rdf:resource="http://dbpedia.org/class/yago/Whole100003553"/>
    <rdf:type rdf:resource="http://schema.org/CreativeWork"/>
    <rdf:type rdf:resource="http://dbpedia.org/class/yago/Artifact100021939"/>
    <rdf:type rdf:resource="http://dbpedia.org/class/yago/GraphicArt103453809"/>
    <rdf:type rdf:resource="http://dbpedia.org/class/yago/Creation103129123"/>
    <rdf:type rdf:resource="http://dbpedia.org/class/yago/PhysicalEntity100001930"/>
    <rdf:type rdf:resource="http://dbpedia.org/class/yago/Painting103876519"/>
    <rdf:type rdf:resource="http://dbpedia.org/ontology/Artwork"/>
    <rdf:type rdf:resource="http://dbpedia.org/class/yago/Art102743547"/>
    <rdf:type rdf:resource="http://www.w3.org/2002/07/owl#Thing"/>
    <rdf:type rdf:resource="http://dbpedia.org/ontology/Work"/>
    <rdf:type rdf:resource="http://dbpedia.org/class/yago/Object100002684"/>
    <rdf:type rdf:resource="http://dbpedia.org/class/yago/1450sPaintings"/>
    <owl:sameAs rdf:resource="http://www.wikidata.org/entity/Q3605556"/>
    <owl:sameAs rdf:resource="http://yago-knowledge.org/resource/Adoration_of_the_Shepherds_(Mantegna)"/>
    <owl:sameAs rdf:resource="http://dbpedia.org/resource/Adoration_of_the_Shepherds_(Mantegna)"/>
    <owl:sameAs rdf:resource="http://it.dbpedia.org/resource/Adorazione_dei_pastori_(Mantegna)"/>
    <owl:sameAs rdf:resource="http://rdf.freebase.com/ns/m.0ch4ct6"/>
    <owl:sameAs rdf:resource="http://pl.dbpedia.org/resource/Pokłon_pasterzy_(obraz_Mantegni)"/>
    <dcterms:subject rdf:resource="http://dbpedia.org/resource/Category:Paintings_by_Andrea_Mantegna"/>
    <dcterms:subject rdf:resource="http://dbpedia.org/resource/Category:1450s_paintings"/>
    <dcterms:subject rdf:resource="http://dbpedia.org/resource/Category:Nativity_of_Jesus_in_art"/>
    <dcterms:subject rdf:resource="http://dbpedia.org/resource/Category:Paintings_of_the_Metropolitan_Museum_of_Art"/>
    <dbpedia-owl:abstract xml:lang="pl">Pokłon pasterzy – obraz włoskiego malarza i rytownika Andrei Mantegni. Obraz powstał w Padwie, jako jedno z pierwszych dzieł Mantegni. Pomimo niewielkiego rozmiaru artysta umieścił na nim ogromną ilość szczegółów przedstawionych w sposób bardzo wyrazisty i czytelny dla widza.</dbpedia-owl:abstract>
    <dbpedia-owl:abstract xml:lang="en">The Adoration of the Shepherds is a painting by the northern Italian Renaissance artist Andrea Mantegna, dated to c. 1450-1451.</dbpedia-owl:abstract>
    <dbpedia-owl:abstract xml:lang="it">L'Adorazione dei pastori è un dipinto, tempera su tavola trasferita su tela (40x55,6 cm), di Andrea Mantegna, databile al 1450-1451 circa e conservato nel Metropolitan Museum of Art di New York.</dbpedia-owl:abstract>
    <dbpedia-owl:author rdf:resource="http://dbpedia.org/resource/Andrea_Mantegna"/>
    <dbpedia-owl:museum rdf:resource="http://dbpedia.org/resource/Metropolitan_Museum_of_Art"/>
    <dbpedia-owl:wikiPageID rdf:datatype="http://www.w3.org/2001/XMLSchema#integer">27993629</dbpedia-owl:wikiPageID>
    <dbpedia-owl:wikiPageRevisionID rdf:datatype="http://www.w3.org/2001/XMLSchema#integer">545948597</dbpedia-owl:wikiPageRevisionID>
    <rdfs:label xml:lang="it">Adorazione dei pastori (Mantegna)</rdfs:label>
    <rdfs:label xml:lang="en">Adoration of the Shepherds (Mantegna)</rdfs:label>
    <rdfs:label xml:lang="pl">Pokłon pasterzy (obraz Mantegni)</rdfs:label>
    <foaf:depiction rdf:resource="http://upload.wikimedia.org/wikipedia/commons/4/41/Andrea_Mantegna_The_Adoration_of_the_Shepherds.jpg"/>
    <rdfs:comment xml:lang="it">L'Adorazione dei pastori è un dipinto, tempera su tavola trasferita su tela (40x55,6 cm), di Andrea Mantegna, databile al 1450-1451 circa e conservato nel Metropolitan Museum of Art di New York.</rdfs:comment>
    <rdfs:comment xml:lang="pl">Pokłon pasterzy – obraz włoskiego malarza i rytownika Andrei Mantegni. Obraz powstał w Padwie, jako jedno z pierwszych dzieł Mantegni. Pomimo niewielkiego rozmiaru artysta umieścił na nim ogromną ilość szczegółów przedstawionych w sposób bardzo wyrazisty i czytelny dla widza.</rdfs:comment>
    <rdfs:comment xml:lang="en">The Adoration of the Shepherds is a painting by the northern Italian Renaissance artist Andrea Mantegna, dated to c. 1450-1451.</rdfs:comment>
    <foaf:name xml:lang="en">The Adoration of the Shepherds</foaf:name>
    <dbpedia-owl:thumbnail rdf:resource="http://upload.wikimedia.org/wikipedia/commons/thumb/4/41/Andrea_Mantegna_The_Adoration_of_the_Shepherds.jpg/200px-Andrea_Mantegna_The_Adoration_of_the_Shepherds.jpg"/>
    <dbpprop:artist xml:lang="en">Andrea Mantegna</dbpprop:artist>
    <dbpprop:city xml:lang="en">New York</dbpprop:city>
    <dbpprop:height rdf:datatype="http://www.w3.org/2001/XMLSchema#integer">40</dbpprop:height>
    <dbpprop:imageFile xml:lang="en">Andrea Mantegna The Adoration of the Shepherds.jpg</dbpprop:imageFile>
    <dbpprop:museum xml:lang="en">Metropolitan Museum of Art</dbpprop:museum>
    <dbpprop:title xml:lang="en">The Adoration of the Shepherds</dbpprop:title>
    <dbpprop:type xml:lang="en">Tempera on canvas</dbpprop:type>
    <dbpprop:width rdf:datatype="http://www.w3.org/2001/XMLSchema#double">55.6</dbpprop:width>
    <dbpprop:year rdf:datatype="http://www.w3.org/2001/XMLSchema#integer">1450</dbpprop:year>
    <foaf:isPrimaryTopicOf rdf:resource="http://en.wikipedia.org/wiki/Adoration_of_the_Shepherds_(Mantegna)"/>
    <ns7:wasDerivedFrom rdf:resource="http://en.wikipedia.org/wiki/Adoration_of_the_Shepherds_(Mantegna)?oldid=545948597"/>
    <dbpprop:hasPhotoCollection rdf:resource="http://wifo5-03.informatik.uni-mannheim.de/flickrwrappr/photos/Adoration_of_the_Shepherds_(Mantegna)"/>
  </rdf:Description>
  <rdf:Description rdf:about="http://pl.dbpedia.org/resource/Pokłon_pasterzy_(obraz_Mantegni)">
    <owl:sameAs rdf:resource="http://dbpedia.org/resource/Adoration_of_the_Shepherds_(Mantegna)"/>
  </rdf:Description>
  <rdf:Description rdf:about="http://en.wikipedia.org/wiki/Adoration_of_the_Shepherds_(Mantegna)">
    <foaf:primaryTopic rdf:resource="http://dbpedia.org/resource/Adoration_of_the_Shepherds_(Mantegna)"/>
  </rdf:Description>
  <rdf:Description rdf:about="http://dbpedia.org/resource/Adoration_of_the_Shepherds,_Mantegna">
    <dbpedia-owl:wikiPageRedirects rdf:resource="http://dbpedia.org/resource/Adoration_of_the_Shepherds_(Mantegna)"/>
  </rdf:Description>
  <rdf:Description rdf:about="http://wikidata.dbpedia.org/resource/Q3605556">
    <owl:sameAs rdf:resource="http://dbpedia.org/resource/Adoration_of_the_Shepherds_(Mantegna)"/>
  </rdf:Description>
</rdf:RDF>
