<rdf:RDF xmlns:dbpprop="http://dbpedia.org/property/" xmlns:ns6="http://www.w3.org/ns/prov#" xmlns:foaf="http://xmlns.com/foaf/0.1/" xmlns:dbpedia-owl="http://dbpedia.org/ontology/" xmlns:dcterms="http://purl.org/dc/terms/" xmlns:owl="http://www.w3.org/2002/07/owl#" xmlns:rdfs="http://www.w3.org/2000/01/rdf-schema#" xmlns:rdf="http://www.w3.org/1999/02/22-rdf-syntax-ns#">
  <rdf:Description rdf:about="http://dbpedia.org/resource/Adoration_of_the_Magi_(Dürer)">
    <owl:sameAs rdf:resource="http://dbpedia.org/resource/Adoration_of_the_Magi_(D%C3%BCrer)"/>
  </rdf:Description>
  <rdf:Description rdf:about="http://dbpedia.org/resource/Adoration_of_the_Magi_(D%C3%BCrer)">
    <rdf:type rdf:resource="http://dbpedia.org/class/yago/Object100002684"/>
    <rdf:type rdf:resource="http://dbpedia.org/class/yago/Whole100003553"/>
    <rdf:type rdf:resource="http://dbpedia.org/class/yago/Art102743547"/>
    <rdf:type rdf:resource="http://dbpedia.org/class/yago/PhysicalEntity100001930"/>
    <rdf:type rdf:resource="http://dbpedia.org/class/yago/Painting103876519"/>
    <rdf:type rdf:resource="http://dbpedia.org/class/yago/Creation103129123"/>
    <rdf:type rdf:resource="http://dbpedia.org/class/yago/GraphicArt103453809"/>
    <rdf:type rdf:resource="http://dbpedia.org/class/yago/1504Paintings"/>
    <rdf:type rdf:resource="http://dbpedia.org/class/yago/Artifact100021939"/>
    <rdf:type rdf:resource="http://dbpedia.org/class/yago/PaintingsAndPrintsByAlbrechtD%C3%BCrer"/>
    <owl:sameAs rdf:resource="http://rdf.freebase.com/ns/m.0j259b1"/>
    <owl:sameAs rdf:resource="http://www.wikidata.org/entity/Q2628761"/>
    <owl:sameAs rdf:resource="http://it.dbpedia.org/resource/Adorazione_dei_Magi_(Dürer)"/>
    <owl:sameAs rdf:resource="http://yago-knowledge.org/resource/Adoration_of_the_Magi_(Dürer)"/>
    <owl:sameAs rdf:resource="http://pl.dbpedia.org/resource/Hołd_Trzech_Króli_(obraz_Dürera)"/>
    <owl:sameAs rdf:resource="http://es.dbpedia.org/resource/Adoración_de_los_Magos_(Durero)"/>
    <owl:sameAs rdf:resource="http://dbpedia.org/resource/Adoration_of_the_Magi_(D%C3%BCrer)"/>
    <owl:sameAs rdf:resource="http://ru.dbpedia.org/resource/Поклонение_волхвов_(Дюрер)"/>
    <dcterms:subject rdf:resource="http://dbpedia.org/resource/Category:Collections_of_the_Uffizi"/>
    <dcterms:subject rdf:resource="http://dbpedia.org/resource/Category:Adoration_of_the_Magi_in_art"/>
    <dcterms:subject rdf:resource="http://dbpedia.org/resource/Category:Paintings_and_prints_by_Albrecht_D%C3%BCrer"/>
    <dcterms:subject rdf:resource="http://dbpedia.org/resource/Category:1504_paintings"/>
    <dbpedia-owl:abstract xml:lang="ru">«Поклонение волхвов» (нем. Anbetung der Könige) — картина Альбрехта Дюрера, написанная по заказу курфюрста Саксонии Фридриха III в 1504 году для алтаря замковой церкви в Виттенберге. Считается одной из лучших и значимых работ Дюрера в период между 1494/5 и 1505 годом (предполагаемым первым и вторым путешествиями художника в Италию).</dbpedia-owl:abstract>
    <dbpedia-owl:abstract xml:lang="es">Esta Adoración de los Magos o de los Reyes (en alemán, Anbetung der Könige) es un cuadro del pintor alemán Alberto Durero (Albrecht Dürer). Es un óleo sobre tabla, pintado en 1504. Mide 100 cm de alto y 114 cm de ancho. Está firmado y fechado. Se exhibe actualmente en la Galería de los Uffizi de Florencia, Italia, donde se expone con el título de Adorazione dei Magi. Se trata de una obra de madurez, encargo de Federico el Sabio. En principio, era el panel central de un retablo, conocido como el «retablo Jabach» y cuyas alas laterales se encuentran en el Instituto Städel de Fráncfort, el Museo Wallraf-Richartz de Colonia y la Alte Pinakothek de Múnich. Fue realizado después del viaje a Venecia del autor, por lo que se nota influencia de la pintura renacentista italiana, en particular en el vivo cromatismo y la luz muy veneciana que ilumina el cuadro. En la figura de la Virgen se observan influencias de Giovanni Bellini. La arquitectura de los fondos revela la influencia de Andrea Mantegna. Destaca en esta obra el tratamiento de la perspectiva. En efecto, la dirección del punto de fuga es diagonal. Con gran precisión estudia esta perspectiva y las proporciones. Representa la escena de la Adoración de los Reyes, que ocupa el centro de la escana, un poco hacia la izquierda. Son cuatro figuras monumentales cuyas expresiones, sin embargo, resultan bastante simples. La Virgen María, a la izquierda, sostiene al Niño sobre sus rodillas. Frente a él se encuentra Melchor, arrodillado, siempre representado como el más viejo de los tres. Detrás de él es reconocible la figura de Baltasar, representado como un joven negro. Prácticamente en el centro quedaría el tercer rey mago, Gaspar, vuelto hacia Baltasar, y que tiene el rostro del propio Durero Estas figuras dialogan con naturalidad con el entorno en el que se sitúan, lo cual recuerda a Leonardo. Se trata de un paisaje que recuerda un poco a la pintura flamenca. Junto a los elementos de la naturaleza, aparecen estructuras o edificaciones en ruinas dispuestas a lo largo de la diagonal, que lleva la mirada a las siluetas de castillos en el fondo. El paisaje recuerda a la pintura flamenca. Durero pinta con un gran detallismo: insectos en el primer plano, pedrerías en el vestido del mago Melchor. Los colores son intensos, lo que es un rasgo típico de Durero.</dbpedia-owl:abstract>
    <dbpedia-owl:abstract xml:lang="pl">Hołd Trzech Króli – obraz niemieckiego malarza i grafika, Albrechta Dürera.</dbpedia-owl:abstract>
    <dbpedia-owl:abstract xml:lang="it">L'Adorazione dei Magi è un dipinto a olio su tavola (199x113,5 cm) di Albrecht Dürer, siglato col monogramma e datato 1504, e conservato nella Galleria degli Uffizi di Firenze.</dbpedia-owl:abstract>
    <dbpedia-owl:abstract xml:lang="en">The Adoration of the Magi is a 1504 oil on wood painting by Albrecht Dürer. It was commissioned by Frederick the Wise for the altar of the Schlosskirche in Wittenberg, and is considered one of Dürer's best and most important works from the period between his first and second trips to Italy (1494-5 and 1505). In 1603 Christian II of Saxony presented the painting as a gift to the Holy Roman Emperor Rudolf II. It remained in the imperial collection in Vienna until 1792, when Luigi Lanzi, the director of the Uffizi, acquired it in exchange for Fra Bartolomeo's '.</dbpedia-owl:abstract>
    <dbpedia-owl:wikiPageID rdf:datatype="http://www.w3.org/2001/XMLSchema#integer">34632386</dbpedia-owl:wikiPageID>
    <dbpedia-owl:wikiPageRevisionID rdf:datatype="http://www.w3.org/2001/XMLSchema#integer">540600245</dbpedia-owl:wikiPageRevisionID>
    <rdfs:label xml:lang="es">Adoración de los Magos (Durero)</rdfs:label>
    <rdfs:label xml:lang="ru">Поклонение волхвов (Дюрер)</rdfs:label>
    <rdfs:label xml:lang="pl">Hołd Trzech Króli (obraz Dürera)</rdfs:label>
    <rdfs:label xml:lang="en">Adoration of the Magi (Dürer)</rdfs:label>
    <rdfs:label xml:lang="it">Adorazione dei Magi (Dürer)</rdfs:label>
    <foaf:depiction rdf:resource="http://upload.wikimedia.org/wikipedia/commons/7/72/Albrecht_Dürer_-_L'Adoration_des_mages.jpg"/>
    <rdfs:comment xml:lang="en">The Adoration of the Magi is a 1504 oil on wood painting by Albrecht Dürer. It was commissioned by Frederick the Wise for the altar of the Schlosskirche in Wittenberg, and is considered one of Dürer's best and most important works from the period between his first and second trips to Italy (1494-5 and 1505). In 1603 Christian II of Saxony presented the painting as a gift to the Holy Roman Emperor Rudolf II.</rdfs:comment>
    <rdfs:comment xml:lang="ru">«Поклонение волхвов» (нем. Anbetung der Könige) — картина Альбрехта Дюрера, написанная по заказу курфюрста Саксонии Фридриха III в 1504 году для алтаря замковой церкви в Виттенберге. Считается одной из лучших и значимых работ Дюрера в период между 1494/5 и 1505 годом (предполагаемым первым и вторым путешествиями художника в Италию).</rdfs:comment>
    <rdfs:comment xml:lang="es">Esta Adoración de los Magos o de los Reyes (en alemán, Anbetung der Könige) es un cuadro del pintor alemán Alberto Durero (Albrecht Dürer). Es un óleo sobre tabla, pintado en 1504. Mide 100 cm de alto y 114 cm de ancho. Está firmado y fechado. Se exhibe actualmente en la Galería de los Uffizi de Florencia, Italia, donde se expone con el título de Adorazione dei Magi. Se trata de una obra de madurez, encargo de Federico el Sabio.</rdfs:comment>
    <rdfs:comment xml:lang="pl">Hołd Trzech Króli – obraz niemieckiego malarza i grafika, Albrechta Dürera.</rdfs:comment>
    <rdfs:comment xml:lang="it">L'Adorazione dei Magi è un dipinto a olio su tavola (199x113,5 cm) di Albrecht Dürer, siglato col monogramma e datato 1504, e conservato nella Galleria degli Uffizi di Firenze.</rdfs:comment>
    <dbpedia-owl:thumbnail rdf:resource="http://upload.wikimedia.org/wikipedia/commons/thumb/7/72/Albrecht_Dürer_-_L'Adoration_des_mages.jpg/200px-Albrecht_Dürer_-_L'Adoration_des_mages.jpg"/>
    <dbpedia-owl:wikiPageExternalLink rdf:resource="http://www.wga.hu/frames-e.html?/html/d/durer/1/04/2adorat.html"/>
    <dbpedia-owl:wikiPageExternalLink rdf:resource="http://www.polomuseale.firenze.it/catalogo/scheda.asp?nctn=00286563&amp;value=1"/>
    <foaf:homepage rdf:resource="http://www.polomuseale.firenze.it/catalogo/scheda.asp?nctn=00286563&amp;value=1"/>
    <foaf:isPrimaryTopicOf rdf:resource="http://en.wikipedia.org/wiki/Adoration_of_the_Magi_(Dürer)"/>
    <ns6:wasDerivedFrom rdf:resource="http://en.wikipedia.org/wiki/Adoration_of_the_Magi_(Dürer)?oldid=540600245"/>
    <dbpprop:hasPhotoCollection rdf:resource="http://wifo5-03.informatik.uni-mannheim.de/flickrwrappr/photos/Adoration_of_the_Magi_(Dürer)"/>
  </rdf:Description>
  <rdf:Description rdf:about="http://en.wikipedia.org/wiki/Adoration_of_the_Magi_(Dürer)">
    <foaf:primaryTopic rdf:resource="http://dbpedia.org/resource/Adoration_of_the_Magi_(D%C3%BCrer)"/>
  </rdf:Description>
  <rdf:Description rdf:about="http://dbpedia.org/resource/Adoration_of_the_Magi_(Durer)">
    <dbpedia-owl:wikiPageRedirects rdf:resource="http://dbpedia.org/resource/Adoration_of_the_Magi_(D%C3%BCrer)"/>
  </rdf:Description>
</rdf:RDF>
