<rdf:RDF xmlns:dbpprop="http://dbpedia.org/property/" xmlns:ns6="http://www.w3.org/ns/prov#" xmlns:foaf="http://xmlns.com/foaf/0.1/" xmlns:dbpedia-owl="http://dbpedia.org/ontology/" xmlns:dcterms="http://purl.org/dc/terms/" xmlns:owl="http://www.w3.org/2002/07/owl#" xmlns:rdfs="http://www.w3.org/2000/01/rdf-schema#" xmlns:rdf="http://www.w3.org/1999/02/22-rdf-syntax-ns#">
  <rdf:Description rdf:about="http://dbpedia.org/resource/Adoration_in_the_Forest_(Lippi)">
    <rdf:type rdf:resource="http://dbpedia.org/class/yago/Whole100003553"/>
    <rdf:type rdf:resource="http://dbpedia.org/class/yago/PhysicalEntity100001930"/>
    <rdf:type rdf:resource="http://dbpedia.org/class/yago/GraphicArt103453809"/>
    <rdf:type rdf:resource="http://dbpedia.org/class/yago/PaintingsByFilippoLippi"/>
    <rdf:type rdf:resource="http://dbpedia.org/class/yago/Artifact100021939"/>
    <rdf:type rdf:resource="http://dbpedia.org/class/yago/PaintingsOfTheVirginMary"/>
    <rdf:type rdf:resource="http://dbpedia.org/class/yago/Object100002684"/>
    <rdf:type rdf:resource="http://dbpedia.org/class/yago/Creation103129123"/>
    <rdf:type rdf:resource="http://dbpedia.org/class/yago/Art102743547"/>
    <rdf:type rdf:resource="http://dbpedia.org/class/yago/Painting103876519"/>
    <owl:sameAs rdf:resource="http://www.wikidata.org/entity/Q291189"/>
    <owl:sameAs rdf:resource="http://it.dbpedia.org/resource/Adorazione_del_Bambino_di_palazzo_Medici"/>
    <owl:sameAs rdf:resource="http://pl.dbpedia.org/resource/Adoracja_ze_św._Janem_i_św._Bernardem"/>
    <owl:sameAs rdf:resource="http://yago-knowledge.org/resource/Adoration_in_the_Forest_(Lippi)"/>
    <owl:sameAs rdf:resource="http://dbpedia.org/resource/Adoration_in_the_Forest_(Lippi)"/>
    <owl:sameAs rdf:resource="http://rdf.freebase.com/ns/m.0g5t01l"/>
    <dcterms:subject rdf:resource="http://dbpedia.org/resource/Category:Nativity_of_Jesus_in_art"/>
    <dcterms:subject rdf:resource="http://dbpedia.org/resource/Category:Paintings_of_the_Madonna_and_Child"/>
    <dcterms:subject rdf:resource="http://dbpedia.org/resource/Category:Paintings_by_Filippo_Lippi"/>
    <dbpedia-owl:abstract xml:lang="pl">Adoracja ze św. Janem i św. Bernardem – obraz renesansowego włoskiego malarza Fra Filippa Lippiego znajdujący się obecnie w zbiorach berlińskiej Gemäldegalerie. Znane są również dwie repliki dzieła przechowywane dziś w Muzeum Uffizi we Florencji. Obraz został namalowany na zlecenie dworu Cosmy Medyceusza i miał ozdabiać kaplicę w Palazzo Medici. Na pierwszym planie przedstawia Matkę Boską błękitnej bogato haftowanej szacie i nagiego, małego Jezusa. Po lewej stronie widoczny jest młody Jan Chrzciciel, patron Florencji z nieodzownym atrybutem w ręce – krzyżem i szarfą z widocznym początkiem sentencji: Ecce Agnus Dei, ecce qui tollit peccatum mundi ("Oto Baranek Boży, oto ten który gładzi grzech świata"; Ewangelia według świętego Jana 1, 29). Za nim pogrążony w modlitwie przedstawiony został cysters św. Bernard z Clairvaux. Na górze na środku widoczna jest postać Boga Ojca Błogosławiącego oraz poniżej Ducha Świętego w postaci gołąbka. Promień wychodzący z niego w kierunku Jezusa dzieli płótno na dwie części wyznaczając oś obrazu. Cała scena rozgrywa się w lesie wśród ściętych drzew. Na jednym z nich widoczna jest sygnatura Filippo nawiązująca do słów św. Jana Każde więc drzewo, które nie wydaje dobrego owocu, zostaje wycięte i w ogień rzucone (Łk 9,3)</dbpedia-owl:abstract>
    <dbpedia-owl:abstract xml:lang="it">L'Adorazione del Bambino di palazzo Medici è un'opera, tempera su tavola (129.5x118.5 cm) di Filippo Lippi, realizzata tra il 1458 e il 1460 e oggi conservata Gemäldegalerie di Berlino. Nella collocazione originale, la Cappella dei Magi di palazzo Medici-Riccardi, si trova oggi una copia antica del dipinto, dello pseudo Pier Francesco Fiorentino.</dbpedia-owl:abstract>
    <dbpedia-owl:abstract xml:lang="en">Adoration in the Forest is a painting completed before 1459 by the Carmelite friar, Filippo Lippi, of the Virgin Mary and the newly born Christ Child lying on the ground, in the unusual setting of a steep, dark, wooded wilderness. There are no shepherds, kings, ox, ass – there is no Joseph. "Lippi removes a whole range of narrative details which would have been present in a standard Nativity - he creates a whole set of mysteries, and then preserves them. " It was painted for one of the wealthiest men in Renaissance Florence, the banker Cosimo de Medici. In later times it had a turbulent history. Hitler ordered it to be hidden in WW2 and it became part of the story of a mutiny in the U.S. Army - 'the only known case in the whole Second World War of American officers refusing an order. ' It is now once again in the Gemäldegalerie, Berlin.</dbpedia-owl:abstract>
    <dbpedia-owl:wikiPageID rdf:datatype="http://www.w3.org/2001/XMLSchema#integer">30375124</dbpedia-owl:wikiPageID>
    <dbpedia-owl:wikiPageRevisionID rdf:datatype="http://www.w3.org/2001/XMLSchema#integer">546083375</dbpedia-owl:wikiPageRevisionID>
    <rdfs:label xml:lang="it">Adorazione del Bambino di palazzo Medici</rdfs:label>
    <rdfs:label xml:lang="pl">Adoracja ze św. Janem i św. Bernardem</rdfs:label>
    <rdfs:label xml:lang="en">Adoration in the Forest (Lippi)</rdfs:label>
    <foaf:depiction rdf:resource="http://upload.wikimedia.org/wikipedia/commons/0/0e/Fra_Filippo_Lippi_002.jpg"/>
    <rdfs:comment xml:lang="en">Adoration in the Forest is a painting completed before 1459 by the Carmelite friar, Filippo Lippi, of the Virgin Mary and the newly born Christ Child lying on the ground, in the unusual setting of a steep, dark, wooded wilderness. There are no shepherds, kings, ox, ass – there is no Joseph. "Lippi removes a whole range of narrative details which would have been present in a standard Nativity - he creates a whole set of mysteries, and then preserves them.</rdfs:comment>
    <rdfs:comment xml:lang="it">L'Adorazione del Bambino di palazzo Medici è un'opera, tempera su tavola (129.5x118.5 cm) di Filippo Lippi, realizzata tra il 1458 e il 1460 e oggi conservata Gemäldegalerie di Berlino. Nella collocazione originale, la Cappella dei Magi di palazzo Medici-Riccardi, si trova oggi una copia antica del dipinto, dello pseudo Pier Francesco Fiorentino.</rdfs:comment>
    <rdfs:comment xml:lang="pl">Adoracja ze św. Janem i św. Bernardem – obraz renesansowego włoskiego malarza Fra Filippa Lippiego znajdujący się obecnie w zbiorach berlińskiej Gemäldegalerie. Znane są również dwie repliki dzieła przechowywane dziś w Muzeum Uffizi we Florencji. Obraz został namalowany na zlecenie dworu Cosmy Medyceusza i miał ozdabiać kaplicę w Palazzo Medici. Na pierwszym planie przedstawia Matkę Boską błękitnej bogato haftowanej szacie i nagiego, małego Jezusa.</rdfs:comment>
    <dbpedia-owl:thumbnail rdf:resource="http://upload.wikimedia.org/wikipedia/commons/thumb/0/0e/Fra_Filippo_Lippi_002.jpg/200px-Fra_Filippo_Lippi_002.jpg"/>
    <foaf:isPrimaryTopicOf rdf:resource="http://en.wikipedia.org/wiki/Adoration_in_the_Forest_(Lippi)"/>
    <ns6:wasDerivedFrom rdf:resource="http://en.wikipedia.org/wiki/Adoration_in_the_Forest_(Lippi)?oldid=546083375"/>
    <dbpprop:hasPhotoCollection rdf:resource="http://wifo5-03.informatik.uni-mannheim.de/flickrwrappr/photos/Adoration_in_the_Forest_(Lippi)"/>
  </rdf:Description>
  <rdf:Description rdf:about="http://it.dbpedia.org/resource/Adorazione_del_Bambino_di_palazzo_Medici">
    <owl:sameAs rdf:resource="http://dbpedia.org/resource/Adoration_in_the_Forest_(Lippi)"/>
  </rdf:Description>
  <rdf:Description rdf:about="http://pl.dbpedia.org/resource/Adoracja_ze_św._Janem_i_św._Bernardem">
    <owl:sameAs rdf:resource="http://dbpedia.org/resource/Adoration_in_the_Forest_(Lippi)"/>
  </rdf:Description>
  <rdf:Description rdf:about="http://en.wikipedia.org/wiki/Adoration_in_the_Forest_(Lippi)">
    <foaf:primaryTopic rdf:resource="http://dbpedia.org/resource/Adoration_in_the_Forest_(Lippi)"/>
  </rdf:Description>
  <rdf:Description rdf:about="http://wikidata.dbpedia.org/resource/Q291189">
    <owl:sameAs rdf:resource="http://dbpedia.org/resource/Adoration_in_the_Forest_(Lippi)"/>
  </rdf:Description>
</rdf:RDF>
