<rdf:RDF xmlns:ns7="http://www.w3.org/ns/prov#" xmlns:dbpprop="http://dbpedia.org/property/" xmlns:foaf="http://xmlns.com/foaf/0.1/" xmlns:dbpedia-owl="http://dbpedia.org/ontology/" xmlns:dcterms="http://purl.org/dc/terms/" xmlns:owl="http://www.w3.org/2002/07/owl#" xmlns:rdfs="http://www.w3.org/2000/01/rdf-schema#" xmlns:rdf="http://www.w3.org/1999/02/22-rdf-syntax-ns#">
  <rdf:Description rdf:about="http://it.dbpedia.org/resource/Adorazione_dei_Magi_(Correggio)">
    <owl:sameAs rdf:resource="http://dbpedia.org/resource/Adoration_of_the_Magi_(Correggio)"/>
  </rdf:Description>
  <rdf:Description rdf:about="http://dbpedia.org/resource/The_Adoration_of_the_Magi_(Correggio)">
    <dbpedia-owl:wikiPageRedirects rdf:resource="http://dbpedia.org/resource/Adoration_of_the_Magi_(Correggio)"/>
  </rdf:Description>
  <rdf:Description rdf:about="http://dbpedia.org/resource/Adoration_of_the_Magi_(Correggio)">
    <rdf:type rdf:resource="http://dbpedia.org/class/yago/Artifact100021939"/>
    <rdf:type rdf:resource="http://dbpedia.org/class/yago/Art102743547"/>
    <rdf:type rdf:resource="http://dbpedia.org/class/yago/Painting103876519"/>
    <rdf:type rdf:resource="http://dbpedia.org/class/yago/Whole100003553"/>
    <rdf:type rdf:resource="http://dbpedia.org/class/yago/1510sPaintings"/>
    <rdf:type rdf:resource="http://schema.org/CreativeWork"/>
    <rdf:type rdf:resource="http://www.w3.org/2002/07/owl#Thing"/>
    <rdf:type rdf:resource="http://dbpedia.org/class/yago/PhysicalEntity100001930"/>
    <rdf:type rdf:resource="http://dbpedia.org/class/yago/PaintingsByCorreggio"/>
    <rdf:type rdf:resource="http://dbpedia.org/ontology/Artwork"/>
    <rdf:type rdf:resource="http://dbpedia.org/class/yago/Creation103129123"/>
    <rdf:type rdf:resource="http://dbpedia.org/class/yago/GraphicArt103453809"/>
    <rdf:type rdf:resource="http://dbpedia.org/class/yago/Object100002684"/>
    <rdf:type rdf:resource="http://dbpedia.org/ontology/Work"/>
    <owl:sameAs rdf:resource="http://www.wikidata.org/entity/Q3605527"/>
    <owl:sameAs rdf:resource="http://dbpedia.org/resource/Adoration_of_the_Magi_(Correggio)"/>
    <owl:sameAs rdf:resource="http://it.dbpedia.org/resource/Adorazione_dei_Magi_(Correggio)"/>
    <owl:sameAs rdf:resource="http://yago-knowledge.org/resource/Adoration_of_the_Magi_(Correggio)"/>
    <owl:sameAs rdf:resource="http://rdf.freebase.com/ns/m.0h692_f"/>
    <dcterms:subject rdf:resource="http://dbpedia.org/resource/Category:Paintings_by_Correggio"/>
    <dcterms:subject rdf:resource="http://dbpedia.org/resource/Category:1510s_paintings"/>
    <dcterms:subject rdf:resource="http://dbpedia.org/resource/Category:Collections_of_Pinacoteca_di_Brera"/>
    <dbpedia-owl:abstract xml:lang="it">La Adorazione dei Magi è un dipinto a olio su tela (84x108 cm) di Correggio, databile al 1515-1518 circa e conservato nella Pinacoteca di Brera di Milano.</dbpedia-owl:abstract>
    <dbpedia-owl:abstract xml:lang="en">The Adoration of the Magi is a painting by the Italian late Renaissance painter Correggio, executed around 1515-1518. It is housed in the Pinacoteca di Brera of Milan, Italy.</dbpedia-owl:abstract>
    <dbpedia-owl:author rdf:resource="http://dbpedia.org/resource/Antonio_da_Correggio"/>
    <dbpedia-owl:museum rdf:resource="http://dbpedia.org/resource/Pinacoteca_di_Brera"/>
    <dbpedia-owl:wikiPageID rdf:datatype="http://www.w3.org/2001/XMLSchema#integer">33087932</dbpedia-owl:wikiPageID>
    <dbpedia-owl:wikiPageRevisionID rdf:datatype="http://www.w3.org/2001/XMLSchema#integer">546221695</dbpedia-owl:wikiPageRevisionID>
    <rdfs:label xml:lang="en">Adoration of the Magi (Correggio)</rdfs:label>
    <rdfs:label xml:lang="it">Adorazione dei Magi (Correggio)</rdfs:label>
    <foaf:depiction rdf:resource="http://upload.wikimedia.org/wikipedia/commons/2/2f/Correggio,_adorazione_dei_magi,_brera.jpg"/>
    <rdfs:comment xml:lang="en">The Adoration of the Magi is a painting by the Italian late Renaissance painter Correggio, executed around 1515-1518. It is housed in the Pinacoteca di Brera of Milan, Italy.</rdfs:comment>
    <rdfs:comment xml:lang="it">La Adorazione dei Magi è un dipinto a olio su tela (84x108 cm) di Correggio, databile al 1515-1518 circa e conservato nella Pinacoteca di Brera di Milano.</rdfs:comment>
    <foaf:name xml:lang="en">Adoration of the Magi</foaf:name>
    <dbpedia-owl:thumbnail rdf:resource="http://upload.wikimedia.org/wikipedia/commons/thumb/2/2f/Correggio,_adorazione_dei_magi,_brera.jpg/200px-Correggio,_adorazione_dei_magi,_brera.jpg"/>
    <dbpprop:artist rdf:resource="http://dbpedia.org/resource/Antonio_da_Correggio"/>
    <dbpprop:city rdf:resource="http://dbpedia.org/resource/Milan"/>
    <dbpprop:height rdf:datatype="http://www.w3.org/2001/XMLSchema#integer">84</dbpprop:height>
    <dbpprop:imageFile xml:lang="en">Correggio, adorazione dei magi, brera.jpg</dbpprop:imageFile>
    <dbpprop:imageSize rdf:datatype="http://www.w3.org/2001/XMLSchema#integer">350</dbpprop:imageSize>
    <dbpprop:museum rdf:resource="http://dbpedia.org/resource/Pinacoteca_di_Brera"/>
    <dbpprop:title xml:lang="en">Adoration of the Magi</dbpprop:title>
    <dbpprop:type rdf:resource="http://dbpedia.org/resource/Oil_painting"/>
    <dbpprop:width rdf:datatype="http://www.w3.org/2001/XMLSchema#integer">108</dbpprop:width>
    <dbpprop:year xml:lang="en">c. 1515-158</dbpprop:year>
    <foaf:isPrimaryTopicOf rdf:resource="http://en.wikipedia.org/wiki/Adoration_of_the_Magi_(Correggio)"/>
    <ns7:wasDerivedFrom rdf:resource="http://en.wikipedia.org/wiki/Adoration_of_the_Magi_(Correggio)?oldid=546221695"/>
    <dbpprop:hasPhotoCollection rdf:resource="http://wifo5-03.informatik.uni-mannheim.de/flickrwrappr/photos/Adoration_of_the_Magi_(Correggio)"/>
  </rdf:Description>
  <rdf:Description rdf:about="http://en.wikipedia.org/wiki/Adoration_of_the_Magi_(Correggio)">
    <foaf:primaryTopic rdf:resource="http://dbpedia.org/resource/Adoration_of_the_Magi_(Correggio)"/>
  </rdf:Description>
  <rdf:Description rdf:about="http://wikidata.dbpedia.org/resource/Q3605527">
    <owl:sameAs rdf:resource="http://dbpedia.org/resource/Adoration_of_the_Magi_(Correggio)"/>
  </rdf:Description>
</rdf:RDF>
