<rdf:RDF xmlns:ns7="http://www.w3.org/ns/prov#" xmlns:dbpprop="http://dbpedia.org/property/" xmlns:foaf="http://xmlns.com/foaf/0.1/" xmlns:dbpedia-owl="http://dbpedia.org/ontology/" xmlns:dcterms="http://purl.org/dc/terms/" xmlns:owl="http://www.w3.org/2002/07/owl#" xmlns:rdfs="http://www.w3.org/2000/01/rdf-schema#" xmlns:rdf="http://www.w3.org/1999/02/22-rdf-syntax-ns#">
  <rdf:Description rdf:about="http://it.dbpedia.org/resource/Orazione_nell'orto_(Perugino)">
    <owl:sameAs rdf:resource="http://dbpedia.org/resource/Agony_in_the_Garden_(Perugino)"/>
  </rdf:Description>
  <rdf:Description rdf:about="http://fr.dbpedia.org/resource/L'Agonie_dans_le_jardin_(Le_Pérugin)">
    <owl:sameAs rdf:resource="http://dbpedia.org/resource/Agony_in_the_Garden_(Perugino)"/>
  </rdf:Description>
  <rdf:Description rdf:about="http://dbpedia.org/resource/Agony_in_the_Garden_(Perugino)">
    <rdf:type rdf:resource="http://www.w3.org/2002/07/owl#Thing"/>
    <rdf:type rdf:resource="http://dbpedia.org/ontology/Artwork"/>
    <rdf:type rdf:resource="http://dbpedia.org/class/yago/Object100002684"/>
    <rdf:type rdf:resource="http://dbpedia.org/class/yago/Artifact100021939"/>
    <rdf:type rdf:resource="http://dbpedia.org/class/yago/Creation103129123"/>
    <rdf:type rdf:resource="http://dbpedia.org/class/yago/PeruginoPaintingsInTheUffizi"/>
    <rdf:type rdf:resource="http://dbpedia.org/ontology/Work"/>
    <rdf:type rdf:resource="http://dbpedia.org/class/yago/Art102743547"/>
    <rdf:type rdf:resource="http://schema.org/CreativeWork"/>
    <rdf:type rdf:resource="http://dbpedia.org/class/yago/PhysicalEntity100001930"/>
    <rdf:type rdf:resource="http://dbpedia.org/class/yago/1480sPaintings"/>
    <rdf:type rdf:resource="http://dbpedia.org/class/yago/GraphicArt103453809"/>
    <rdf:type rdf:resource="http://dbpedia.org/class/yago/Whole100003553"/>
    <rdf:type rdf:resource="http://dbpedia.org/class/yago/Painting103876519"/>
    <owl:sameAs rdf:resource="http://rdf.freebase.com/ns/m.0gtwr13"/>
    <owl:sameAs rdf:resource="http://fr.dbpedia.org/resource/L'Agonie_dans_le_jardin_(Le_Pérugin)"/>
    <owl:sameAs rdf:resource="http://it.dbpedia.org/resource/Orazione_nell'orto_(Perugino)"/>
    <owl:sameAs rdf:resource="http://www.wikidata.org/entity/Q3201606"/>
    <owl:sameAs rdf:resource="http://yago-knowledge.org/resource/Agony_in_the_Garden_(Perugino)"/>
    <owl:sameAs rdf:resource="http://dbpedia.org/resource/Agony_in_the_Garden_(Perugino)"/>
    <dcterms:subject rdf:resource="http://dbpedia.org/resource/Category:Perugino_paintings_in_the_Uffizi"/>
    <dcterms:subject rdf:resource="http://dbpedia.org/resource/Category:1480s_paintings"/>
    <dbpedia-owl:abstract xml:lang="en">Pietà is a painting by the Italian Renaissance artist Pietro Perugino, executed around 1483-1493, and housed in the Uffizi Gallery, Florence.</dbpedia-owl:abstract>
    <dbpedia-owl:abstract xml:lang="fr">L'Agonie dans le jardin est une peinture religieuse du Pérugin, datant de 1483-1495 environ, conservée à la Galerie des Offices à Florence.</dbpedia-owl:abstract>
    <dbpedia-owl:abstract xml:lang="it">L'Orazione nell'orto è un dipinto a olio su tavola (166x171 cm) di Pietro Perugino, databile al 1483-1495 circa e conservata nella Galleria degli Uffizi a Firenze.</dbpedia-owl:abstract>
    <dbpedia-owl:author rdf:resource="http://dbpedia.org/resource/Pietro_Perugino"/>
    <dbpedia-owl:museum rdf:resource="http://dbpedia.org/resource/Uffizi"/>
    <dbpedia-owl:wikiPageID rdf:datatype="http://www.w3.org/2001/XMLSchema#integer">31783007</dbpedia-owl:wikiPageID>
    <dbpedia-owl:wikiPageRevisionID rdf:datatype="http://www.w3.org/2001/XMLSchema#integer">546158609</dbpedia-owl:wikiPageRevisionID>
    <rdfs:label xml:lang="en">Agony in the Garden (Perugino)</rdfs:label>
    <rdfs:label xml:lang="it">Orazione nell'orto (Perugino)</rdfs:label>
    <rdfs:label xml:lang="fr">L'Agonie dans le jardin (Le Pérugin)</rdfs:label>
    <foaf:depiction rdf:resource="http://upload.wikimedia.org/wikipedia/commons/5/5d/Pietro_Perugino_cat20.jpg"/>
    <rdfs:comment xml:lang="en">Pietà is a painting by the Italian Renaissance artist Pietro Perugino, executed around 1483-1493, and housed in the Uffizi Gallery, Florence.</rdfs:comment>
    <rdfs:comment xml:lang="it">L'Orazione nell'orto è un dipinto a olio su tavola (166x171 cm) di Pietro Perugino, databile al 1483-1495 circa e conservata nella Galleria degli Uffizi a Firenze.</rdfs:comment>
    <rdfs:comment xml:lang="fr">L'Agonie dans le jardin est une peinture religieuse du Pérugin, datant de 1483-1495 environ, conservée à la Galerie des Offices à Florence.</rdfs:comment>
    <foaf:name xml:lang="en">Agony in the Garden</foaf:name>
    <dbpedia-owl:thumbnail rdf:resource="http://upload.wikimedia.org/wikipedia/commons/thumb/5/5d/Pietro_Perugino_cat20.jpg/200px-Pietro_Perugino_cat20.jpg"/>
    <dbpprop:artist rdf:resource="http://dbpedia.org/resource/Pietro_Perugino"/>
    <dbpprop:city rdf:resource="http://dbpedia.org/resource/Florence"/>
    <dbpprop:height rdf:datatype="http://www.w3.org/2001/XMLSchema#integer">166</dbpprop:height>
    <dbpprop:imageFile xml:lang="en">Pietro Perugino cat20.jpg</dbpprop:imageFile>
    <dbpprop:museum rdf:resource="http://dbpedia.org/resource/Uffizi"/>
    <dbpprop:title xml:lang="en">Agony in the Garden</dbpprop:title>
    <dbpprop:type rdf:resource="http://dbpedia.org/resource/Oil_painting"/>
    <dbpprop:width rdf:datatype="http://www.w3.org/2001/XMLSchema#integer">171</dbpprop:width>
    <dbpprop:year xml:lang="en">c. 1483-1493</dbpprop:year>
    <foaf:isPrimaryTopicOf rdf:resource="http://en.wikipedia.org/wiki/Agony_in_the_Garden_(Perugino)"/>
    <ns7:wasDerivedFrom rdf:resource="http://en.wikipedia.org/wiki/Agony_in_the_Garden_(Perugino)?oldid=546158609"/>
    <dbpprop:hasPhotoCollection rdf:resource="http://wifo5-03.informatik.uni-mannheim.de/flickrwrappr/photos/Agony_in_the_Garden_(Perugino)"/>
  </rdf:Description>
  <rdf:Description rdf:about="http://en.wikipedia.org/wiki/Agony_in_the_Garden_(Perugino)">
    <foaf:primaryTopic rdf:resource="http://dbpedia.org/resource/Agony_in_the_Garden_(Perugino)"/>
  </rdf:Description>
  <rdf:Description rdf:about="http://wikidata.dbpedia.org/resource/Q3201606">
    <owl:sameAs rdf:resource="http://dbpedia.org/resource/Agony_in_the_Garden_(Perugino)"/>
  </rdf:Description>
</rdf:RDF>
