<rdf:RDF xmlns:ns7="http://www.w3.org/ns/prov#" xmlns:dbpprop="http://dbpedia.org/property/" xmlns:foaf="http://xmlns.com/foaf/0.1/" xmlns:dbpedia-owl="http://dbpedia.org/ontology/" xmlns:dcterms="http://purl.org/dc/terms/" xmlns:owl="http://www.w3.org/2002/07/owl#" xmlns:rdfs="http://www.w3.org/2000/01/rdf-schema#" xmlns:rdf="http://www.w3.org/1999/02/22-rdf-syntax-ns#">
  <rdf:Description rdf:about="http://it.dbpedia.org/resource/Orazione_nell'orto_(Giovanni_Bellini)">
    <owl:sameAs rdf:resource="http://dbpedia.org/resource/Agony_in_the_Garden_(Bellini)"/>
  </rdf:Description>
  <rdf:Description rdf:about="http://dbpedia.org/resource/Agony_in_the_Garden_(Bellini)">
    <rdf:type rdf:resource="http://dbpedia.org/class/yago/Creation103129123"/>
    <rdf:type rdf:resource="http://dbpedia.org/class/yago/Artifact100021939"/>
    <rdf:type rdf:resource="http://dbpedia.org/class/yago/1450sPaintings"/>
    <rdf:type rdf:resource="http://dbpedia.org/class/yago/PaintingsDepictingJesus"/>
    <rdf:type rdf:resource="http://www.w3.org/2002/07/owl#Thing"/>
    <rdf:type rdf:resource="http://schema.org/CreativeWork"/>
    <rdf:type rdf:resource="http://dbpedia.org/class/yago/Art102743547"/>
    <rdf:type rdf:resource="http://dbpedia.org/class/yago/Object100002684"/>
    <rdf:type rdf:resource="http://dbpedia.org/class/yago/Whole100003553"/>
    <rdf:type rdf:resource="http://dbpedia.org/ontology/Artwork"/>
    <rdf:type rdf:resource="http://dbpedia.org/class/yago/GraphicArt103453809"/>
    <rdf:type rdf:resource="http://dbpedia.org/class/yago/PaintingsByGiovanniBellini"/>
    <rdf:type rdf:resource="http://dbpedia.org/class/yago/PhysicalEntity100001930"/>
    <rdf:type rdf:resource="http://dbpedia.org/class/yago/Painting103876519"/>
    <rdf:type rdf:resource="http://dbpedia.org/ontology/Work"/>
    <owl:sameAs rdf:resource="http://yago-knowledge.org/resource/Agony_in_the_Garden_(Bellini)"/>
    <owl:sameAs rdf:resource="http://rdf.freebase.com/ns/m.02rz02f"/>
    <owl:sameAs rdf:resource="http://he.dbpedia.org/resource/הייסורים_בגן_(בליני)"/>
    <owl:sameAs rdf:resource="http://es.dbpedia.org/resource/Cristo_en_el_monte_de_los_Olivos_(Bellini)"/>
    <owl:sameAs rdf:resource="http://it.dbpedia.org/resource/Orazione_nell'orto_(Giovanni_Bellini)"/>
    <owl:sameAs rdf:resource="http://dbpedia.org/resource/Agony_in_the_Garden_(Bellini)"/>
    <owl:sameAs rdf:resource="http://www.wikidata.org/entity/Q1131110"/>
    <dcterms:subject rdf:resource="http://dbpedia.org/resource/Category:Collections_of_the_National_Gallery,_London"/>
    <dcterms:subject rdf:resource="http://dbpedia.org/resource/Category:1450s_paintings"/>
    <dcterms:subject rdf:resource="http://dbpedia.org/resource/Category:Paintings_by_Giovanni_Bellini"/>
    <dcterms:subject rdf:resource="http://dbpedia.org/resource/Category:Paintings_depicting_Jesus"/>
    <dbpedia-owl:abstract xml:lang="es">Cristo en el monte de los Olivos es un cuadro realizado al temple sobre tabla por el pintor renacentista italiano Giovanni Bellini. Mide 81 cm de alto y 127 cm de ancho. Está datado en 1459. Se conserva en la National Gallery de Londres. El cuadro representa a Jesucristo arrodillado en oración sobre una roca en el monte de los Olivos, cerca de sus discípulos, que duermen. Esta obra deriva de otra de Andrea Mantegna sobre el mismo tema, que se conserva en el Museo de Tours y que es de 1457. A la influencia de este autor se debe, igualmente, la estructura geológica del paisaje. Aquí el paisaje se humaniza y suaviza gracias a la luz de la aurora, que le da un mayor calor e intensifica los profundos verdes.</dbpedia-owl:abstract>
    <dbpedia-owl:abstract xml:lang="it">L'Orazione nell'orto è un dipinto, tempera su tavola (81x127 cm) di Giovanni Bellini, realizzato nel 1459 e conservato nella National Gallery di Londra.</dbpedia-owl:abstract>
    <dbpedia-owl:abstract xml:lang="en">The Agony in the Garden is an early painting by the Italian Renaissance master Giovanni Bellini, who painted it around 1459-65. It is in the National Gallery, London. It portrays Christ kneeling on the Mount of Olives in prayer, with his disciples Peter, James and John sleeping near to him. The picture is closely related to the similar work by Bellini's brother-in-law, Andrea Mantegna, also in the National Gallery. It is likely that both derived from a drawing by Bellini's father, Jacopo. In Bellini's version, the treatment of dawn light has a more important role in giving the scene a quasi-unearthly atmosphere. Until the mid-19th century Early Renaissance paintings were regarded as curiosities by most collectors. This one had probably belonged to Consul Smith in Venice (d. 1770), was bought by William Beckford at the Joshua Reynolds sale in 1795 for £5, then sold in 1823 with Fonthill Abbey and repurchased by Beckford at the Fonthill Sale the next year for £52.10s. It was bought by the National Gallery for £630 in 1863, still a low price for the day.</dbpedia-owl:abstract>
    <dbpedia-owl:author rdf:resource="http://dbpedia.org/resource/Giovanni_Bellini"/>
    <dbpedia-owl:museum rdf:resource="http://dbpedia.org/resource/National_Gallery"/>
    <dbpedia-owl:wikiPageID rdf:datatype="http://www.w3.org/2001/XMLSchema#integer">11943731</dbpedia-owl:wikiPageID>
    <dbpedia-owl:wikiPageRevisionID rdf:datatype="http://www.w3.org/2001/XMLSchema#integer">541643010</dbpedia-owl:wikiPageRevisionID>
    <rdfs:label xml:lang="es">Cristo en el monte de los Olivos (Bellini)</rdfs:label>
    <rdfs:label xml:lang="it">Orazione nell'orto (Giovanni Bellini)</rdfs:label>
    <rdfs:label xml:lang="en">Agony in the Garden (Bellini)</rdfs:label>
    <foaf:depiction rdf:resource="http://upload.wikimedia.org/wikipedia/commons/b/b5/Giovanni_Bellini_002.jpg"/>
    <rdfs:comment xml:lang="it">L'Orazione nell'orto è un dipinto, tempera su tavola (81x127 cm) di Giovanni Bellini, realizzato nel 1459 e conservato nella National Gallery di Londra.</rdfs:comment>
    <rdfs:comment xml:lang="es">Cristo en el monte de los Olivos es un cuadro realizado al temple sobre tabla por el pintor renacentista italiano Giovanni Bellini. Mide 81 cm de alto y 127 cm de ancho. Está datado en 1459. Se conserva en la National Gallery de Londres. El cuadro representa a Jesucristo arrodillado en oración sobre una roca en el monte de los Olivos, cerca de sus discípulos, que duermen. Esta obra deriva de otra de Andrea Mantegna sobre el mismo tema, que se conserva en el Museo de Tours y que es de 1457.</rdfs:comment>
    <rdfs:comment xml:lang="en">The Agony in the Garden is an early painting by the Italian Renaissance master Giovanni Bellini, who painted it around 1459-65. It is in the National Gallery, London. It portrays Christ kneeling on the Mount of Olives in prayer, with his disciples Peter, James and John sleeping near to him. The picture is closely related to the similar work by Bellini's brother-in-law, Andrea Mantegna, also in the National Gallery. It is likely that both derived from a drawing by Bellini's father, Jacopo.</rdfs:comment>
    <foaf:name xml:lang="en">The Agony in the Garden</foaf:name>
    <dbpedia-owl:thumbnail rdf:resource="http://upload.wikimedia.org/wikipedia/commons/thumb/b/b5/Giovanni_Bellini_002.jpg/200px-Giovanni_Bellini_002.jpg"/>
    <dbpedia-owl:wikiPageExternalLink rdf:resource="http://www.wga.hu/frames-e.html?/html/b/bellini/giovanni/1460-69/060agon.html"/>
    <dbpedia-owl:wikiPageExternalLink rdf:resource="http://www.artble.com/artists/giovanni_bellini/paintings/agony_in_the_garden"/>
    <dbpedia-owl:wikiPageExternalLink rdf:resource="http://www.nationalgallery.org.uk/cgi-bin/WebObjects.dll/CollectionPublisher.woa/wa/work?workNumber=ng726"/>
    <dbpprop:artist rdf:resource="http://dbpedia.org/resource/Giovanni_Bellini"/>
    <dbpprop:height rdf:datatype="http://www.w3.org/2001/XMLSchema#integer">81</dbpprop:height>
    <dbpprop:imageFile xml:lang="en">Giovanni_Bellini_002.jpg</dbpprop:imageFile>
    <dbpprop:museum rdf:resource="http://dbpedia.org/resource/National_Gallery"/>
    <dbpprop:title xml:lang="en">The Agony in the Garden</dbpprop:title>
    <dbpprop:type xml:lang="en">Tempera on panel</dbpprop:type>
    <dbpprop:width rdf:datatype="http://www.w3.org/2001/XMLSchema#integer">127</dbpprop:width>
    <dbpprop:year xml:lang="en">c. 1459-1465</dbpprop:year>
    <foaf:homepage rdf:resource="http://www.nationalgallery.org.uk/cgi-bin/WebObjects.dll/CollectionPublisher.woa/wa/work?workNumber=ng726"/>
    <foaf:isPrimaryTopicOf rdf:resource="http://en.wikipedia.org/wiki/Agony_in_the_Garden_(Bellini)"/>
    <ns7:wasDerivedFrom rdf:resource="http://en.wikipedia.org/wiki/Agony_in_the_Garden_(Bellini)?oldid=541643010"/>
    <dbpprop:hasPhotoCollection rdf:resource="http://wifo5-03.informatik.uni-mannheim.de/flickrwrappr/photos/Agony_in_the_Garden_(Bellini)"/>
  </rdf:Description>
  <rdf:Description rdf:about="http://es.dbpedia.org/resource/Cristo_en_el_monte_de_los_Olivos_(Bellini)">
    <owl:sameAs rdf:resource="http://dbpedia.org/resource/Agony_in_the_Garden_(Bellini)"/>
  </rdf:Description>
  <rdf:Description rdf:about="http://en.wikipedia.org/wiki/Agony_in_the_Garden_(Bellini)">
    <foaf:primaryTopic rdf:resource="http://dbpedia.org/resource/Agony_in_the_Garden_(Bellini)"/>
  </rdf:Description>
  <rdf:Description rdf:about="http://wikidata.dbpedia.org/resource/Q1131110">
    <owl:sameAs rdf:resource="http://dbpedia.org/resource/Agony_in_the_Garden_(Bellini)"/>
  </rdf:Description>
  <rdf:Description rdf:about="http://he.dbpedia.org/resource/הייסורים_בגן_(בליני)">
    <owl:sameAs rdf:resource="http://dbpedia.org/resource/Agony_in_the_Garden_(Bellini)"/>
  </rdf:Description>
</rdf:RDF>
