<rdf:RDF xmlns:ns7="http://www.w3.org/ns/prov#" xmlns:dbpprop="http://dbpedia.org/property/" xmlns:foaf="http://xmlns.com/foaf/0.1/" xmlns:dbpedia-owl="http://dbpedia.org/ontology/" xmlns:dcterms="http://purl.org/dc/terms/" xmlns:owl="http://www.w3.org/2002/07/owl#" xmlns:rdfs="http://www.w3.org/2000/01/rdf-schema#" xmlns:rdf="http://www.w3.org/1999/02/22-rdf-syntax-ns#">
  <rdf:Description rdf:about="http://dbpedia.org/resource/Agostina_Segatori_Sitting_in_the_Café_du_Tambourin">
    <owl:sameAs rdf:resource="http://dbpedia.org/resource/Agostina_Segatori_Sitting_in_the_Caf%C3%A9_du_Tambourin"/>
  </rdf:Description>
  <rdf:Description rdf:about="http://dbpedia.org/resource/Agostina_Segatori_Sitting_in_the_Caf%C3%A9_du_Tambourin">
    <rdf:type rdf:resource="http://dbpedia.org/class/yago/Whole100003553"/>
    <rdf:type rdf:resource="http://dbpedia.org/class/yago/Object100002684"/>
    <rdf:type rdf:resource="http://dbpedia.org/class/yago/PhysicalEntity100001930"/>
    <rdf:type rdf:resource="http://dbpedia.org/class/yago/1887Paintings"/>
    <rdf:type rdf:resource="http://dbpedia.org/class/yago/PaintingsByVincentVanGogh"/>
    <rdf:type rdf:resource="http://dbpedia.org/class/yago/GraphicArt103453809"/>
    <rdf:type rdf:resource="http://schema.org/CreativeWork"/>
    <rdf:type rdf:resource="http://dbpedia.org/class/yago/1880sPaintings"/>
    <rdf:type rdf:resource="http://dbpedia.org/ontology/Work"/>
    <rdf:type rdf:resource="http://dbpedia.org/class/yago/Artifact100021939"/>
    <rdf:type rdf:resource="http://dbpedia.org/class/yago/VincentVanGoghPaintingsOfParis"/>
    <rdf:type rdf:resource="http://dbpedia.org/class/yago/Art102743547"/>
    <rdf:type rdf:resource="http://www.w3.org/2002/07/owl#Thing"/>
    <rdf:type rdf:resource="http://dbpedia.org/class/yago/Painting103876519"/>
    <rdf:type rdf:resource="http://dbpedia.org/class/yago/Creation103129123"/>
    <rdf:type rdf:resource="http://dbpedia.org/ontology/Artwork"/>
    <owl:sameAs rdf:resource="http://yago-knowledge.org/resource/Agostina_Segatori_Sitting_in_the_Café_du_Tambourin"/>
    <owl:sameAs rdf:resource="http://ru.dbpedia.org/resource/Агостина_Сегатори_в_кафе_«Тамбурин»"/>
    <owl:sameAs rdf:resource="http://it.dbpedia.org/resource/Donna_al_Cafè_Le_Tambourin"/>
    <owl:sameAs rdf:resource="http://pl.dbpedia.org/resource/Agostina_Segatori_siedząca_w_kawiarni_du_Tambourin"/>
    <owl:sameAs rdf:resource="http://www.wikidata.org/entity/Q2278818"/>
    <owl:sameAs rdf:resource="http://dbpedia.org/resource/Agostina_Segatori_Sitting_in_the_Caf%C3%A9_du_Tambourin"/>
    <owl:sameAs rdf:resource="http://rdf.freebase.com/ns/m.0czbbqq"/>
    <dcterms:subject rdf:resource="http://dbpedia.org/resource/Category:Paintings_by_Vincent_van_Gogh"/>
    <dcterms:subject rdf:resource="http://dbpedia.org/resource/Category:Vincent_van_Gogh_paintings_of_Paris"/>
    <dcterms:subject rdf:resource="http://dbpedia.org/resource/Category:19th-century_portraits"/>
    <dcterms:subject rdf:resource="http://dbpedia.org/resource/Category:1880s_paintings"/>
    <dcterms:subject rdf:resource="http://dbpedia.org/resource/Category:Van_Gogh_Museum"/>
    <dcterms:subject rdf:resource="http://dbpedia.org/resource/Category:1887_paintings"/>
    <dbpedia-owl:abstract xml:lang="ru">«Агостина Сегатори в кафе „Тамбурин“» (нидерл.  In het café- Agostina Segatori in Le tambourin) — картина известного нидерландского художника Винсента Ван Гога. Была написана зимой 1887—1888 гг. в Париже.</dbpedia-owl:abstract>
    <dbpedia-owl:abstract xml:lang="en">Agostina Segatori Sitting in the Café du Tambourin was painted by Vincent van Gogh in 1887. Agostina Segatori owned the café that Van Gogh knew intimately. It was a gathering spot for Parisian artists, a place where their work was exhibited. Van Gogh, unable to pay in cash for his meals, exchanged paintings for meals. The paintings then adorned the restaurant. He held a special exhibit of his Japanese prints in the café as well. His connection with Agostina and the cafe came to a sad end when she went bankrupt and Van Gogh's paintings were confiscated by creditors. This painting, however, demonstrates an artistic discovery that culminated in his unique, creative style not quite on the brink of being understood and revered.</dbpedia-owl:abstract>
    <dbpedia-owl:abstract xml:lang="it">Donna al Café Le Tambourin è un'opera del 1887 del pittore Vincent Van Gogh. È conservata al Van Gogh Museum di Amsterdam. Dipinta all'inizio del 1887, raffigura quasi sicuramente Agostina Segatori, proprietaria del Caffè ed ex modella di Degas; con lei Van Gogh (che ne dipingerà un secondo ritratto) avrà una breve relazione finita tumultuosamente. Influenzato dalle stampe giapponesi (sullo sfondo a destra si nota, appunto, una stampa di Keisai Eisen), Van Gogh raffigura la donna seduta ad un tavolo del caffè, con una sigaretta come abbandonata tra le dita, un boccale di birra davanti e lo sguardo perso nel vuoto, malinconico come non mai. L'atmosfera triste del quadro è accentuata dallo strano copricapo della donna, nonché dallo sfondo cupo ancora legato al precedente periodo olandese del pittore. Sembra quasi voler comunicare la sensazione di abbandono e di confusione di numerose donne che, arrivate nella capitale con effimeri sogni di successo, si ritrovavano perse nella prostituzione o nell'alcool.</dbpedia-owl:abstract>
    <dbpedia-owl:abstract xml:lang="pl">Agostina Segatori siedząca w kawiarni du Tambourin lub Agostina Segatori siedząca w Cafe du Tambourin (hol. Agostina Segatori in het Cafè du Tambourin, ang. Agostina Segatori Sitting in the Cafe du Tambourin) to tytuł obrazu namalowanego przez Vincenta van Gogha na przełomie lutego i marca 1887 podczas jego pobytu w Paryżu. Nr kat. : F 370, JH 1208.</dbpedia-owl:abstract>
    <dbpedia-owl:author rdf:resource="http://dbpedia.org/resource/Vincent_van_Gogh"/>
    <dbpedia-owl:museum rdf:resource="http://dbpedia.org/resource/Van_Gogh_Museum"/>
    <dbpedia-owl:wikiPageID rdf:datatype="http://www.w3.org/2001/XMLSchema#integer">31229842</dbpedia-owl:wikiPageID>
    <dbpedia-owl:wikiPageRevisionID rdf:datatype="http://www.w3.org/2001/XMLSchema#integer">541231184</dbpedia-owl:wikiPageRevisionID>
    <rdfs:label xml:lang="it">Donna al Cafè Le Tambourin</rdfs:label>
    <rdfs:label xml:lang="en">Agostina Segatori Sitting in the Café du Tambourin</rdfs:label>
    <rdfs:label xml:lang="pl">Agostina Segatori siedząca w kawiarni du Tambourin</rdfs:label>
    <rdfs:label xml:lang="ru">Агостина Сегатори в кафе «Тамбурин»</rdfs:label>
    <foaf:depiction rdf:resource="http://upload.wikimedia.org/wikipedia/commons/5/5f/Vincent_van_Gogh_-_In_the_café_-_Agostina_Segatori_in_Le_Tambourin_-_Google_Art_Project_2.jpg"/>
    <rdfs:comment xml:lang="it">Donna al Café Le Tambourin è un'opera del 1887 del pittore Vincent Van Gogh. È conservata al Van Gogh Museum di Amsterdam. Dipinta all'inizio del 1887, raffigura quasi sicuramente Agostina Segatori, proprietaria del Caffè ed ex modella di Degas; con lei Van Gogh (che ne dipingerà un secondo ritratto) avrà una breve relazione finita tumultuosamente.</rdfs:comment>
    <rdfs:comment xml:lang="pl">Agostina Segatori siedząca w kawiarni du Tambourin lub Agostina Segatori siedząca w Cafe du Tambourin (hol. Agostina Segatori in het Cafè du Tambourin, ang. Agostina Segatori Sitting in the Cafe du Tambourin) to tytuł obrazu namalowanego przez Vincenta van Gogha na przełomie lutego i marca 1887 podczas jego pobytu w Paryżu. Nr kat. : F 370, JH 1208.</rdfs:comment>
    <rdfs:comment xml:lang="ru">«Агостина Сегатори в кафе „Тамбурин“» (нидерл.  In het café- Agostina Segatori in Le tambourin) — картина известного нидерландского художника Винсента Ван Гога. Была написана зимой 1887—1888 гг. в Париже.</rdfs:comment>
    <rdfs:comment xml:lang="en">Agostina Segatori Sitting in the Café du Tambourin was painted by Vincent van Gogh in 1887. Agostina Segatori owned the café that Van Gogh knew intimately. It was a gathering spot for Parisian artists, a place where their work was exhibited. Van Gogh, unable to pay in cash for his meals, exchanged paintings for meals. The paintings then adorned the restaurant. He held a special exhibit of his Japanese prints in the café as well.</rdfs:comment>
    <foaf:name xml:lang="en">Agostina Segatori Sitting in the Café du Tambourin</foaf:name>
    <dbpedia-owl:thumbnail rdf:resource="http://upload.wikimedia.org/wikipedia/commons/thumb/5/5f/Vincent_van_Gogh_-_In_the_café_-_Agostina_Segatori_in_Le_Tambourin_-_Google_Art_Project_2.jpg/200px-Vincent_van_Gogh_-_In_the_café_-_Agostina_Segatori_in_Le_Tambourin_-_Google_Art_Project_2.jpg"/>
    <dbpprop:artist xml:lang="en">Vincent van Gogh</dbpprop:artist>
    <dbpprop:city rdf:resource="http://dbpedia.org/resource/Amsterdam"/>
    <dbpprop:city rdf:resource="http://dbpedia.org/resource/Holland"/>
    <dbpprop:height rdf:datatype="http://www.w3.org/2001/XMLSchema#double">55.5</dbpprop:height>
    <dbpprop:imageFile xml:lang="en">Vincent van Gogh - In the café - Agostina Segatori in Le Tambourin - Google Art Project 2.jpg</dbpprop:imageFile>
    <dbpprop:museum rdf:resource="http://dbpedia.org/resource/Van_Gogh_Museum"/>
    <dbpprop:title xml:lang="en">Agostina Segatori Sitting in the Café du Tambourin</dbpprop:title>
    <dbpprop:type xml:lang="en">Oil on canvas</dbpprop:type>
    <dbpprop:width rdf:datatype="http://www.w3.org/2001/XMLSchema#double">46.5</dbpprop:width>
    <dbpprop:year rdf:datatype="http://www.w3.org/2001/XMLSchema#integer">1887</dbpprop:year>
    <foaf:isPrimaryTopicOf rdf:resource="http://en.wikipedia.org/wiki/Agostina_Segatori_Sitting_in_the_Café_du_Tambourin"/>
    <ns7:wasDerivedFrom rdf:resource="http://en.wikipedia.org/wiki/Agostina_Segatori_Sitting_in_the_Café_du_Tambourin?oldid=541231184"/>
    <dbpprop:hasPhotoCollection rdf:resource="http://wifo5-03.informatik.uni-mannheim.de/flickrwrappr/photos/Agostina_Segatori_Sitting_in_the_Café_du_Tambourin"/>
  </rdf:Description>
  <rdf:Description rdf:about="http://dbpedia.org/resource/Agostina_Segatori_Sitting_in_the_Caf%C3%A9_du_Tabourin">
    <dbpedia-owl:wikiPageRedirects rdf:resource="http://dbpedia.org/resource/Agostina_Segatori_Sitting_in_the_Caf%C3%A9_du_Tambourin"/>
  </rdf:Description>
  <rdf:Description rdf:about="http://en.wikipedia.org/wiki/Agostina_Segatori_Sitting_in_the_Café_du_Tambourin">
    <foaf:primaryTopic rdf:resource="http://dbpedia.org/resource/Agostina_Segatori_Sitting_in_the_Caf%C3%A9_du_Tambourin"/>
  </rdf:Description>
  <rdf:Description rdf:about="http://dbpedia.org/resource/Agostina_Segatori_Sitting_in_the_Cafe_du_Tambourin">
    <dbpedia-owl:wikiPageRedirects rdf:resource="http://dbpedia.org/resource/Agostina_Segatori_Sitting_in_the_Caf%C3%A9_du_Tambourin"/>
  </rdf:Description>
</rdf:RDF>
