<rdf:RDF xmlns:ns7="http://www.w3.org/ns/prov#" xmlns:dbpprop="http://dbpedia.org/property/" xmlns:foaf="http://xmlns.com/foaf/0.1/" xmlns:dbpedia-owl="http://dbpedia.org/ontology/" xmlns:dcterms="http://purl.org/dc/terms/" xmlns:owl="http://www.w3.org/2002/07/owl#" xmlns:rdfs="http://www.w3.org/2000/01/rdf-schema#" xmlns:rdf="http://www.w3.org/1999/02/22-rdf-syntax-ns#">
  <rdf:Description rdf:about="http://it.dbpedia.org/resource/Madonna_Aldobrandini">
    <owl:sameAs rdf:resource="http://dbpedia.org/resource/Aldobrandini_Madonna"/>
  </rdf:Description>
  <rdf:Description rdf:about="http://dbpedia.org/resource/Aldobrandini_Madonna">
    <rdf:type rdf:resource="http://dbpedia.org/class/yago/Creation103129123"/>
    <rdf:type rdf:resource="http://dbpedia.org/ontology/Artwork"/>
    <rdf:type rdf:resource="http://dbpedia.org/class/yago/GraphicArt103453809"/>
    <rdf:type rdf:resource="http://dbpedia.org/class/yago/Painting103876519"/>
    <rdf:type rdf:resource="http://dbpedia.org/class/yago/Object100002684"/>
    <rdf:type rdf:resource="http://www.w3.org/2002/07/owl#Thing"/>
    <rdf:type rdf:resource="http://dbpedia.org/class/yago/Art102743547"/>
    <rdf:type rdf:resource="http://dbpedia.org/class/yago/Artifact100021939"/>
    <rdf:type rdf:resource="http://dbpedia.org/class/yago/Whole100003553"/>
    <rdf:type rdf:resource="http://schema.org/CreativeWork"/>
    <rdf:type rdf:resource="http://dbpedia.org/class/yago/1510Paintings"/>
    <rdf:type rdf:resource="http://dbpedia.org/class/yago/PhysicalEntity100001930"/>
    <rdf:type rdf:resource="http://dbpedia.org/ontology/Work"/>
    <owl:sameAs rdf:resource="http://ru.dbpedia.org/resource/Мадонна_Альдобрандини"/>
    <owl:sameAs rdf:resource="http://fr.dbpedia.org/resource/La_Madone_Aldobrandini"/>
    <owl:sameAs rdf:resource="http://ja.dbpedia.org/resource/アルドブランディーニの聖母"/>
    <owl:sameAs rdf:resource="http://yago-knowledge.org/resource/Aldobrandini_Madonna"/>
    <owl:sameAs rdf:resource="http://it.dbpedia.org/resource/Madonna_Aldobrandini"/>
    <owl:sameAs rdf:resource="http://es.dbpedia.org/resource/Virgen_Aldobrandini"/>
    <owl:sameAs rdf:resource="http://no.dbpedia.org/resource/Aldobrandini_Madonna"/>
    <owl:sameAs rdf:resource="http://da.dbpedia.org/resource/Aldobrandini_Madonna"/>
    <owl:sameAs rdf:resource="http://www.wikidata.org/entity/Q2503581"/>
    <owl:sameAs rdf:resource="http://dbpedia.org/resource/Aldobrandini_Madonna"/>
    <owl:sameAs rdf:resource="http://rdf.freebase.com/ns/m.025z07r"/>
    <dcterms:subject rdf:resource="http://dbpedia.org/resource/Category:1510_paintings"/>
    <dcterms:subject rdf:resource="http://dbpedia.org/resource/Category:Raphael_Madonnas"/>
    <dcterms:subject rdf:resource="http://dbpedia.org/resource/Category:Collections_of_the_National_Gallery,_London"/>
    <dbpedia-owl:abstract xml:lang="ja">『アルドブランディーニの聖母』（アルドブランディーニのせいぼ、（伊: Madonna Aldobrandini、英: Aldobrandini Madonna））は、盛期ルネサンスの画家ラファエロ・サンティが描いた絵画。板に油彩で描かれた板絵で、ラファエロが多く描いた、聖母マリア、幼児キリスト、幼児洗礼者聖ヨハネの三人をモチーフとした作品の一つである。ラファエロのキャリアにおけるローマ時代といわれる時期の初めごろに描かれた作品で、色使い、自然物の取り入れ、画面構成手法など、それまでのウルビーノ時代、フィレンツェ時代と呼ばれる時期の作品とは異なった、ラファエロの後期作品の典型ともいえる作風で描かれた作品となっている。 『アルドブランディーニの聖母』は数世紀にわたってローマの貴族アルドブランディーニ家 が所蔵しており、1865年からはロンドンのナショナル・ギャラリーに所蔵されている。ナショナル・ギャラリーに売却される以前は50年にわたってガルヴァ男爵家が所蔵していたこともあって、『ガルヴァの聖母』と呼ばれることもある。</dbpedia-owl:abstract>
    <dbpedia-owl:abstract xml:lang="it">La Madonna Aldobrandini o Madonna Garvagh è un dipinto a olio su tavola (38x33 cm) di Raffaello, databile al 1510 circa e conservato nella National Gallery di Londra.</dbpedia-owl:abstract>
    <dbpedia-owl:abstract xml:lang="en">The Aldobrandini Madonna is a painting from about 1509-1510 oil by the Italian renaissance artist Raphael. The picture is of the Virgin Mother, Christ child and infant John the Baptist, one of many paintings by Raphael with this trio. It is from early in his third, or Roman period, where distinctive changes are seen from his Umbrian or Florentine period in style, use of colour, and introduction of more natural subjects and settings. Owned for centuries by the aristocratic Roman Aldobrandini family, it has been part of the collection of the National Gallery in London since 1865. It was sold to the National Gallery in 1865 after about five decades of ownership by the Lord and Lady Garvagh, and is still sometimes known as the Garvagh Madonna.</dbpedia-owl:abstract>
    <dbpedia-owl:abstract xml:lang="ru">Мадонна Альдобрандини (Madonna Aldobrandini) — одна из мадонн Рафаэля, написанная им предположительно в 1509-10 гг. , перед самым отъездом из Флоренции в Рим либо сразу после него. Судя по расположению набросков в рабочей тетради художника, создана в одно время с «Мадонной Макинтоша». Экспонируется в Лондонской Национальной галерее. В XVII—XVIII вв. (до конца 1780-х) картина хранилась в собрании знатного семейства Альдобрандини на вилле Боргезе, куда, вероятно, поступила из дома Лукреции д’Эсте. Во время Наполеоновских войн она была приобретена в Риме английским миниатюристом Александром Дэем. В 1824 г. он продал картину лорду Гарвагу (Garvagh) из рода Каннингов, двоюродному брату Джорджа и Чарльза Каннингов. В 1865 г. «Мадонну лорда Гарвага» у его вдовы выкупила Национальная галерея. «Мадонна Альдобрандини» представляет собой классический пример пирамидальной композиции. Одеяния Марии выдержаны в традиционных её цветах — красном и голубом. Пейзаж за двумя окнами по сторонам от Марии выдаёт влияние Леонардо да Винчи. По мнению Кавальказеле, башня и ферма за окном — это пейзаж, более свойственный Лацио, чем Тоскане, что указывает на написание картины после переезда в Рим. Мадонна сидит в кресле и держит на руках младенца Христа. Левой рукой она обнимает юного Иоанна Крестителя. Взгляды всех троих устремлены на цветок гвоздики, который Иоанн передаёт младенцу. По иконографической традиции гвоздика символизирует пролитую на кресте кровь, а также тайную связь матери с младенцем и Христа с его церковью.</dbpedia-owl:abstract>
    <dbpedia-owl:abstract xml:lang="fr">La Madone Aldobrandini ou La Madone Garvagh est une peinture religieuse de Raphaël. Le tableau est actuellement exposé à la National Gallery de Londres.</dbpedia-owl:abstract>
    <dbpedia-owl:abstract xml:lang="es">Virgen Aldobrandini (en italiano Madonna Aldobrandini) es una pintura del artista renacentista italiano Rafael Sanzio, que data de 1510. Es una pintura al óleo sobre tabla con unas dimensiones de 38,7 centímetros de alto y 32,7 cm. de ancho. Se conserva en la National Gallery de Londres, Reino Unido. También es conocida como la Garvagh Madonna (Madona o Virgen Garvagh). Es una Virgen con Niño y san Juanito.</dbpedia-owl:abstract>
    <dbpedia-owl:author rdf:resource="http://dbpedia.org/resource/Raphael"/>
    <dbpedia-owl:museum rdf:resource="http://dbpedia.org/resource/National_Gallery"/>
    <dbpedia-owl:wikiPageID rdf:datatype="http://www.w3.org/2001/XMLSchema#integer">7319008</dbpedia-owl:wikiPageID>
    <dbpedia-owl:wikiPageRevisionID rdf:datatype="http://www.w3.org/2001/XMLSchema#integer">540572936</dbpedia-owl:wikiPageRevisionID>
    <rdfs:label xml:lang="es">Virgen Aldobrandini</rdfs:label>
    <rdfs:label xml:lang="ru">Мадонна Альдобрандини</rdfs:label>
    <rdfs:label xml:lang="fr">La Madone Aldobrandini</rdfs:label>
    <rdfs:label xml:lang="it">Madonna Aldobrandini</rdfs:label>
    <rdfs:label xml:lang="en">Aldobrandini Madonna</rdfs:label>
    <rdfs:label xml:lang="ja">アルドブランディーニの聖母</rdfs:label>
    <foaf:depiction rdf:resource="http://upload.wikimedia.org/wikipedia/commons/c/c5/The_Aldobrandini_Madonna.jpg"/>
    <rdfs:comment xml:lang="ru">Мадонна Альдобрандини (Madonna Aldobrandini) — одна из мадонн Рафаэля, написанная им предположительно в 1509-10 гг. , перед самым отъездом из Флоренции в Рим либо сразу после него. Судя по расположению набросков в рабочей тетради художника, создана в одно время с «Мадонной Макинтоша». Экспонируется в Лондонской Национальной галерее. В XVII—XVIII вв.</rdfs:comment>
    <rdfs:comment xml:lang="en">The Aldobrandini Madonna is a painting from about 1509-1510 oil by the Italian renaissance artist Raphael. The picture is of the Virgin Mother, Christ child and infant John the Baptist, one of many paintings by Raphael with this trio. It is from early in his third, or Roman period, where distinctive changes are seen from his Umbrian or Florentine period in style, use of colour, and introduction of more natural subjects and settings.</rdfs:comment>
    <rdfs:comment xml:lang="es">Virgen Aldobrandini (en italiano Madonna Aldobrandini) es una pintura del artista renacentista italiano Rafael Sanzio, que data de 1510. Es una pintura al óleo sobre tabla con unas dimensiones de 38,7 centímetros de alto y 32,7 cm. de ancho. Se conserva en la National Gallery de Londres, Reino Unido. También es conocida como la Garvagh Madonna (Madona o Virgen Garvagh). Es una Virgen con Niño y san Juanito.</rdfs:comment>
    <rdfs:comment xml:lang="fr">La Madone Aldobrandini ou La Madone Garvagh est une peinture religieuse de Raphaël. Le tableau est actuellement exposé à la National Gallery de Londres.</rdfs:comment>
    <rdfs:comment xml:lang="ja">『アルドブランディーニの聖母』（アルドブランディーニのせいぼ、（伊: Madonna Aldobrandini、英: Aldobrandini Madonna））は、盛期ルネサンスの画家ラファエロ・サンティが描いた絵画。板に油彩で描かれた板絵で、ラファエロが多く描いた、聖母マリア、幼児キリスト、幼児洗礼者聖ヨハネの三人をモチーフとした作品の一つである。ラファエロのキャリアにおけるローマ時代といわれる時期の初めごろに描かれた作品で、色使い、自然物の取り入れ、画面構成手法など、それまでのウルビーノ時代、フィレンツェ時代と呼ばれる時期の作品とは異なった、ラファエロの後期作品の典型ともいえる作風で描かれた作品となっている。 『アルドブランディーニの聖母』は数世紀にわたってローマの貴族アルドブランディーニ家 が所蔵しており、1865年からはロンドンのナショナル・ギャラリーに所蔵されている。ナショナル・ギャラリーに売却される以前は50年にわたってガルヴァ男爵家が所蔵していたこともあって、『ガルヴァの聖母』と呼ばれることもある。</rdfs:comment>
    <rdfs:comment xml:lang="it">La Madonna Aldobrandini o Madonna Garvagh è un dipinto a olio su tavola (38x33 cm) di Raffaello, databile al 1510 circa e conservato nella National Gallery di Londra.</rdfs:comment>
    <foaf:name xml:lang="en">Aldobrandini Madonna</foaf:name>
    <dbpedia-owl:thumbnail rdf:resource="http://upload.wikimedia.org/wikipedia/commons/thumb/c/c5/The_Aldobrandini_Madonna.jpg/200px-The_Aldobrandini_Madonna.jpg"/>
    <dbpedia-owl:wikiPageExternalLink rdf:resource="http://www.nationalgallery.org.uk/paintings/research/provenance"/>
    <dbpedia-owl:wikiPageExternalLink rdf:resource="http://www.wga.hu/frames-e.html?/html/r/raphael/5roma/1/02garvag.html"/>
    <dbpprop:artist rdf:resource="http://dbpedia.org/resource/Raphael"/>
    <dbpprop:city rdf:resource="http://dbpedia.org/resource/London"/>
    <dbpprop:height rdf:datatype="http://www.w3.org/2001/XMLSchema#double">38.9</dbpprop:height>
    <dbpprop:heightInch rdf:datatype="http://www.w3.org/2001/XMLSchema#integer">15</dbpprop:heightInch>
    <dbpprop:imageFile xml:lang="en">The Aldobrandini Madonna.jpg</dbpprop:imageFile>
    <dbpprop:imageSize rdf:datatype="http://www.w3.org/2001/XMLSchema#integer">250</dbpprop:imageSize>
    <dbpprop:museum rdf:resource="http://dbpedia.org/resource/National_Gallery"/>
    <dbpprop:paintingAlignment xml:lang="en">right</dbpprop:paintingAlignment>
    <dbpprop:title xml:lang="en">Aldobrandini Madonna</dbpprop:title>
    <dbpprop:type xml:lang="en">Oil on wood panel</dbpprop:type>
    <dbpprop:width rdf:datatype="http://www.w3.org/2001/XMLSchema#double">32.9</dbpprop:width>
    <dbpprop:widthInch rdf:datatype="http://www.w3.org/2001/XMLSchema#integer">12</dbpprop:widthInch>
    <dbpprop:year xml:lang="en">About 1509-1510</dbpprop:year>
    <foaf:isPrimaryTopicOf rdf:resource="http://en.wikipedia.org/wiki/Aldobrandini_Madonna"/>
    <ns7:wasDerivedFrom rdf:resource="http://en.wikipedia.org/wiki/Aldobrandini_Madonna?oldid=540572936"/>
    <dbpprop:hasPhotoCollection rdf:resource="http://wifo5-03.informatik.uni-mannheim.de/flickrwrappr/photos/Aldobrandini_Madonna"/>
  </rdf:Description>
  <rdf:Description rdf:about="http://ru.dbpedia.org/resource/Мадонна_Альдобрандини">
    <owl:sameAs rdf:resource="http://dbpedia.org/resource/Aldobrandini_Madonna"/>
  </rdf:Description>
  <rdf:Description rdf:about="http://es.dbpedia.org/resource/Virgen_Aldobrandini">
    <owl:sameAs rdf:resource="http://dbpedia.org/resource/Aldobrandini_Madonna"/>
  </rdf:Description>
  <rdf:Description rdf:about="http://en.wikipedia.org/wiki/Aldobrandini_Madonna">
    <foaf:primaryTopic rdf:resource="http://dbpedia.org/resource/Aldobrandini_Madonna"/>
  </rdf:Description>
  <rdf:Description rdf:about="http://fr.dbpedia.org/resource/La_Madone_Aldobrandini">
    <owl:sameAs rdf:resource="http://dbpedia.org/resource/Aldobrandini_Madonna"/>
  </rdf:Description>
  <rdf:Description rdf:about="http://dbpedia.org/resource/Garvagh_Madonna">
    <dbpedia-owl:wikiPageRedirects rdf:resource="http://dbpedia.org/resource/Aldobrandini_Madonna"/>
  </rdf:Description>
  <rdf:Description rdf:about="http://ja.dbpedia.org/resource/アルドブランディーニの聖母">
    <owl:sameAs rdf:resource="http://dbpedia.org/resource/Aldobrandini_Madonna"/>
  </rdf:Description>
  <rdf:Description rdf:about="http://wikidata.dbpedia.org/resource/Q2503581">
    <owl:sameAs rdf:resource="http://dbpedia.org/resource/Aldobrandini_Madonna"/>
  </rdf:Description>
  <rdf:Description rdf:about="http://da.dbpedia.org/resource/Aldobrandini_Madonna">
    <owl:sameAs rdf:resource="http://dbpedia.org/resource/Aldobrandini_Madonna"/>
  </rdf:Description>
  <rdf:Description rdf:about="http://no.dbpedia.org/resource/Aldobrandini_Madonna">
    <owl:sameAs rdf:resource="http://dbpedia.org/resource/Aldobrandini_Madonna"/>
  </rdf:Description>
</rdf:RDF>
