<rdf:RDF xmlns:ns7="http://www.w3.org/ns/prov#" xmlns:dbpprop="http://dbpedia.org/property/" xmlns:foaf="http://xmlns.com/foaf/0.1/" xmlns:dbpedia-owl="http://dbpedia.org/ontology/" xmlns:dcterms="http://purl.org/dc/terms/" xmlns:owl="http://www.w3.org/2002/07/owl#" xmlns:rdfs="http://www.w3.org/2000/01/rdf-schema#" xmlns:rdf="http://www.w3.org/1999/02/22-rdf-syntax-ns#">
  <rdf:Description rdf:about="http://dbpedia.org/resource/Alicia_Markova_%22The_Dying_Swan%22">
    <rdf:type rdf:resource="http://dbpedia.org/class/yago/Painting103876519"/>
    <rdf:type rdf:resource="http://dbpedia.org/class/yago/Creation103129123"/>
    <rdf:type rdf:resource="http://dbpedia.org/ontology/Work"/>
    <rdf:type rdf:resource="http://dbpedia.org/class/yago/Artifact100021939"/>
    <rdf:type rdf:resource="http://dbpedia.org/class/yago/Whole100003553"/>
    <rdf:type rdf:resource="http://dbpedia.org/class/yago/Art102743547"/>
    <rdf:type rdf:resource="http://dbpedia.org/ontology/Artwork"/>
    <rdf:type rdf:resource="http://dbpedia.org/class/yago/GraphicArt103453809"/>
    <rdf:type rdf:resource="http://dbpedia.org/class/yago/PhysicalEntity100001930"/>
    <rdf:type rdf:resource="http://dbpedia.org/class/yago/1949Paintings"/>
    <rdf:type rdf:resource="http://schema.org/CreativeWork"/>
    <rdf:type rdf:resource="http://www.w3.org/2002/07/owl#Thing"/>
    <rdf:type rdf:resource="http://dbpedia.org/class/yago/Object100002684"/>
    <owl:sameAs rdf:resource="http://yago-knowledge.org/resource/Alicia_Markova_%22The_Dying_Swan%22"/>
    <owl:sameAs rdf:resource="http://dbpedia.org/resource/Alicia_Markova_%22The_Dying_Swan%22"/>
    <owl:sameAs rdf:resource="http://www.wikidata.org/entity/Q4726281"/>
    <owl:sameAs rdf:resource="http://rdf.freebase.com/ns/m.0bs7nvt"/>
    <dcterms:subject rdf:resource="http://dbpedia.org/resource/Category:1949_paintings"/>
    <dcterms:subject rdf:resource="http://dbpedia.org/resource/Category:Paintings_by_Vladimir_Tretchikoff"/>
    <dbpedia-owl:abstract xml:lang="en">Alicia Markova "The Dying Swan" (also known as The Dying Swan, but not to be confused with another painting with the same title by the same artist started in 1949 and completed in 1951) is a painting by Vladimir Tretchikoff painted in 1949. In this portrait fantasy, Tretchikoff has identified the prima ballerina Alicia Markova in her most famous role - The Dying Swan - from which, as did Anna Pavlova, she has become inseparable in the minds of all lovers of the ballet; it is for this reason that the artist painted the swan and Markova as one and the same being.</dbpedia-owl:abstract>
    <dbpedia-owl:author rdf:resource="http://dbpedia.org/resource/Vladimir_Tretchikoff"/>
    <dbpedia-owl:wikiPageID rdf:datatype="http://www.w3.org/2001/XMLSchema#integer">27090262</dbpedia-owl:wikiPageID>
    <dbpedia-owl:wikiPageRevisionID rdf:datatype="http://www.w3.org/2001/XMLSchema#integer">534817270</dbpedia-owl:wikiPageRevisionID>
    <rdfs:label xml:lang="en">Alicia Markova "The Dying Swan"</rdfs:label>
    <foaf:depiction rdf:resource="http://upload.wikimedia.org/wikipedia/commons/b/b5/The_Dying_Swan_by_Vladimir_Tretchikoff.jpg"/>
    <rdfs:comment xml:lang="en">Alicia Markova "The Dying Swan" (also known as The Dying Swan, but not to be confused with another painting with the same title by the same artist started in 1949 and completed in 1951) is a painting by Vladimir Tretchikoff painted in 1949.</rdfs:comment>
    <foaf:name xml:lang="en">Alicia Markova "The Dying Swan"</foaf:name>
    <dbpedia-owl:thumbnail rdf:resource="http://upload.wikimedia.org/wikipedia/commons/thumb/b/b5/The_Dying_Swan_by_Vladimir_Tretchikoff.jpg/200px-The_Dying_Swan_by_Vladimir_Tretchikoff.jpg"/>
    <dbpedia-owl:wikiPageExternalLink rdf:resource="http://www.vladimirtretchikoff.com/"/>
    <dbpprop:artist rdf:resource="http://dbpedia.org/resource/Vladimir_Tretchikoff"/>
    <dbpprop:height rdf:datatype="http://dbpedia.org/datatype/centimetre">92.0</dbpprop:height>
    <dbpprop:heightInch rdf:datatype="http://www.w3.org/2001/XMLSchema#integer">36</dbpprop:heightInch>
    <dbpprop:paintingAlignment xml:lang="en">right</dbpprop:paintingAlignment>
    <dbpprop:title xml:lang="en">Alicia Markova "The Dying Swan"</dbpprop:title>
    <dbpprop:type rdf:resource="http://dbpedia.org/resource/Oil_painting"/>
    <dbpprop:width rdf:datatype="http://dbpedia.org/datatype/centimetre">72.0</dbpprop:width>
    <dbpprop:widthInch rdf:datatype="http://www.w3.org/2001/XMLSchema#double">28.5</dbpprop:widthInch>
    <dbpprop:year rdf:datatype="http://www.w3.org/2001/XMLSchema#integer">1949</dbpprop:year>
    <foaf:homepage rdf:resource="http://www.vladimirtretchikoff.com/"/>
    <foaf:isPrimaryTopicOf rdf:resource="http://en.wikipedia.org/wiki/Alicia_Markova_%22The_Dying_Swan%22"/>
    <ns7:wasDerivedFrom rdf:resource="http://en.wikipedia.org/wiki/Alicia_Markova_%22The_Dying_Swan%22?oldid=534817270"/>
    <dbpprop:hasPhotoCollection rdf:resource="http://wifo5-03.informatik.uni-mannheim.de/flickrwrappr/photos/Alicia_Markova_%22The_Dying_Swan%22"/>
  </rdf:Description>
  <rdf:Description rdf:about="http://en.wikipedia.org/wiki/Alicia_Markova_%22The_Dying_Swan%22">
    <foaf:primaryTopic rdf:resource="http://dbpedia.org/resource/Alicia_Markova_%22The_Dying_Swan%22"/>
  </rdf:Description>
</rdf:RDF>
