<rdf:RDF xmlns:ns7="http://www.w3.org/ns/prov#" xmlns:dbpprop="http://dbpedia.org/property/" xmlns:foaf="http://xmlns.com/foaf/0.1/" xmlns:dbpedia-owl="http://dbpedia.org/ontology/" xmlns:dcterms="http://purl.org/dc/terms/" xmlns:owl="http://www.w3.org/2002/07/owl#" xmlns:rdfs="http://www.w3.org/2000/01/rdf-schema#" xmlns:rdf="http://www.w3.org/1999/02/22-rdf-syntax-ns#">
  <rdf:Description rdf:about="http://dbpedia.org/resource/Allegory_of_Isabella_d'Este's_Coronation">
    <rdf:type rdf:resource="http://schema.org/CreativeWork"/>
    <rdf:type rdf:resource="http://dbpedia.org/class/yago/PaintingsOfTheLouvre"/>
    <rdf:type rdf:resource="http://dbpedia.org/class/yago/GraphicArt103453809"/>
    <rdf:type rdf:resource="http://dbpedia.org/class/yago/1500sPaintings"/>
    <rdf:type rdf:resource="http://dbpedia.org/class/yago/Creation103129123"/>
    <rdf:type rdf:resource="http://dbpedia.org/class/yago/Object100002684"/>
    <rdf:type rdf:resource="http://dbpedia.org/class/yago/Art102743547"/>
    <rdf:type rdf:resource="http://dbpedia.org/class/yago/PhysicalEntity100001930"/>
    <rdf:type rdf:resource="http://dbpedia.org/class/yago/Painting103876519"/>
    <rdf:type rdf:resource="http://dbpedia.org/class/yago/PaintingsByLorenzoCostaTheElder"/>
    <rdf:type rdf:resource="http://dbpedia.org/ontology/Artwork"/>
    <rdf:type rdf:resource="http://dbpedia.org/ontology/Work"/>
    <rdf:type rdf:resource="http://dbpedia.org/class/yago/Artifact100021939"/>
    <rdf:type rdf:resource="http://www.w3.org/2002/07/owl#Thing"/>
    <rdf:type rdf:resource="http://dbpedia.org/class/yago/Whole100003553"/>
    <owl:sameAs rdf:resource="http://rdf.freebase.com/ns/m.0gvvc3d"/>
    <owl:sameAs rdf:resource="http://it.dbpedia.org/resource/Isabella_d'Este_nel_regno_di_Armonia"/>
    <owl:sameAs rdf:resource="http://yago-knowledge.org/resource/Allegory_of_Isabella_d'Este's_Coronation"/>
    <owl:sameAs rdf:resource="http://www.wikidata.org/entity/Q3802301"/>
    <owl:sameAs rdf:resource="http://dbpedia.org/resource/Allegory_of_Isabella_d'Este's_Coronation"/>
    <dcterms:subject rdf:resource="http://dbpedia.org/resource/Category:1500s_paintings"/>
    <dcterms:subject rdf:resource="http://dbpedia.org/resource/Category:Paintings_of_the_Louvre"/>
    <dcterms:subject rdf:resource="http://dbpedia.org/resource/Category:Paintings_by_Lorenzo_Costa_the_Elder"/>
    <dbpedia-owl:abstract xml:lang="en">The Allegory of Isabella d'Este's Coronation is a painting by the Italian Renaissance painter Lorenzo Costa the Elder, dating to about 1505-1506. It is displayed in the Louvre Museum of Paris, France.</dbpedia-owl:abstract>
    <dbpedia-owl:abstract xml:lang="it">Isabella d'Este nel regno di Armonia (o Allegoria dell'incoronazione di Isabella d'Este) è un dipinto tempera e olio su tela (164,5x197,5 cm) di Lorenzo Costa il Vecchio, databile al 1505-1506 e conservato nel Museo del Louvre a Parigi. Fu originariamente dipinta per lo studiolo di Isabella d'Este nel Castello di San Giorgio a Mantova. L'opera è firmata in basso a destra .</dbpedia-owl:abstract>
    <dbpedia-owl:author rdf:resource="http://dbpedia.org/resource/Lorenzo_Costa"/>
    <dbpedia-owl:museum rdf:resource="http://dbpedia.org/resource/The_Louvre"/>
    <dbpedia-owl:wikiPageID rdf:datatype="http://www.w3.org/2001/XMLSchema#integer">31977957</dbpedia-owl:wikiPageID>
    <dbpedia-owl:wikiPageRevisionID rdf:datatype="http://www.w3.org/2001/XMLSchema#integer">546168171</dbpedia-owl:wikiPageRevisionID>
    <rdfs:label xml:lang="en">Allegory of Isabella d'Este's Coronation</rdfs:label>
    <rdfs:label xml:lang="it">Isabella d'Este nel regno di Armonia</rdfs:label>
    <foaf:depiction rdf:resource="http://upload.wikimedia.org/wikipedia/commons/8/8d/Lorenzo_Costa_003.jpg"/>
    <rdfs:comment xml:lang="it">Isabella d'Este nel regno di Armonia (o Allegoria dell'incoronazione di Isabella d'Este) è un dipinto tempera e olio su tela (164,5x197,5 cm) di Lorenzo Costa il Vecchio, databile al 1505-1506 e conservato nel Museo del Louvre a Parigi. Fu originariamente dipinta per lo studiolo di Isabella d'Este nel Castello di San Giorgio a Mantova. L'opera è firmata in basso a destra .</rdfs:comment>
    <rdfs:comment xml:lang="en">The Allegory of Isabella d'Este's Coronation is a painting by the Italian Renaissance painter Lorenzo Costa the Elder, dating to about 1505-1506. It is displayed in the Louvre Museum of Paris, France.</rdfs:comment>
    <foaf:name xml:lang="en">Allegory of Isabella d'Este's Coronation</foaf:name>
    <dbpedia-owl:thumbnail rdf:resource="http://upload.wikimedia.org/wikipedia/commons/thumb/8/8d/Lorenzo_Costa_003.jpg/200px-Lorenzo_Costa_003.jpg"/>
    <dbpedia-owl:wikiPageExternalLink rdf:resource="http://cartelen.louvre.fr/cartelen/visite?srv=car_not_frame&amp;idNotice=14959"/>
    <dbpprop:artist xml:lang="en">Lorenzo Costa the Elder</dbpprop:artist>
    <dbpprop:city xml:lang="en">Paris</dbpprop:city>
    <dbpprop:height rdf:datatype="http://www.w3.org/2001/XMLSchema#double">164.5</dbpprop:height>
    <dbpprop:imageFile xml:lang="en">Lorenzo Costa 003.jpg</dbpprop:imageFile>
    <dbpprop:imageSize rdf:datatype="http://www.w3.org/2001/XMLSchema#integer">420</dbpprop:imageSize>
    <dbpprop:museum xml:lang="en">Louvre Museum</dbpprop:museum>
    <dbpprop:title xml:lang="en">Allegory of Isabella d'Este's Coronation</dbpprop:title>
    <dbpprop:type xml:lang="en">Oil and tempera on canvas</dbpprop:type>
    <dbpprop:width rdf:datatype="http://www.w3.org/2001/XMLSchema#double">197.5</dbpprop:width>
    <dbpprop:year rdf:datatype="http://www.w3.org/2001/XMLSchema#integer">1505</dbpprop:year>
    <foaf:isPrimaryTopicOf rdf:resource="http://en.wikipedia.org/wiki/Allegory_of_Isabella_d'Este's_Coronation"/>
    <ns7:wasDerivedFrom rdf:resource="http://en.wikipedia.org/wiki/Allegory_of_Isabella_d'Este's_Coronation?oldid=546168171"/>
    <dbpprop:hasPhotoCollection rdf:resource="http://wifo5-03.informatik.uni-mannheim.de/flickrwrappr/photos/Allegory_of_Isabella_d'Este's_Coronation"/>
  </rdf:Description>
  <rdf:Description rdf:about="http://en.wikipedia.org/wiki/Allegory_of_Isabella_d'Este's_Coronation">
    <foaf:primaryTopic rdf:resource="http://dbpedia.org/resource/Allegory_of_Isabella_d'Este's_Coronation"/>
  </rdf:Description>
  <rdf:Description rdf:about="http://it.dbpedia.org/resource/Isabella_d'Este_nel_regno_di_Armonia">
    <owl:sameAs rdf:resource="http://dbpedia.org/resource/Allegory_of_Isabella_d'Este's_Coronation"/>
  </rdf:Description>
  <rdf:Description rdf:about="http://dbpedia.org/resource/Allegory_of_the_Court_of_Isabella_d'Este">
    <dbpedia-owl:wikiPageRedirects rdf:resource="http://dbpedia.org/resource/Allegory_of_Isabella_d'Este's_Coronation"/>
  </rdf:Description>
  <rdf:Description rdf:about="http://dbpedia.org/resource/Coronation_of_Isabella_d'Este">
    <dbpedia-owl:wikiPageRedirects rdf:resource="http://dbpedia.org/resource/Allegory_of_Isabella_d'Este's_Coronation"/>
  </rdf:Description>
  <rdf:Description rdf:about="http://wikidata.dbpedia.org/resource/Q3802301">
    <owl:sameAs rdf:resource="http://dbpedia.org/resource/Allegory_of_Isabella_d'Este's_Coronation"/>
  </rdf:Description>
</rdf:RDF>
