<rdf:RDF xmlns:dbpprop="http://dbpedia.org/property/" xmlns:ns6="http://www.w3.org/ns/prov#" xmlns:foaf="http://xmlns.com/foaf/0.1/" xmlns:dbpedia-owl="http://dbpedia.org/ontology/" xmlns:dcterms="http://purl.org/dc/terms/" xmlns:owl="http://www.w3.org/2002/07/owl#" xmlns:rdfs="http://www.w3.org/2000/01/rdf-schema#" xmlns:rdf="http://www.w3.org/1999/02/22-rdf-syntax-ns#">
  <rdf:Description rdf:about="http://it.dbpedia.org/resource/Allegoria_della_battaglia_di_Lepanto">
    <owl:sameAs rdf:resource="http://dbpedia.org/resource/Allegory_of_the_Battle_of_Lepanto_(Veronese)"/>
  </rdf:Description>
  <rdf:Description rdf:about="http://dbpedia.org/resource/Battle_of_Lepanto_(Veronese)">
    <dbpedia-owl:wikiPageRedirects rdf:resource="http://dbpedia.org/resource/Allegory_of_the_Battle_of_Lepanto_(Veronese)"/>
  </rdf:Description>
  <rdf:Description rdf:about="http://dbpedia.org/resource/Battle_of_Lepanto_(disambiguation)">
    <dbpedia-owl:wikiPageDisambiguates rdf:resource="http://dbpedia.org/resource/Allegory_of_the_Battle_of_Lepanto_(Veronese)"/>
  </rdf:Description>
  <rdf:Description rdf:about="http://dbpedia.org/resource/Allegory_of_the_Battle_of_Lepanto_(Veronese)">
    <rdf:type rdf:resource="http://dbpedia.org/class/yago/Whole100003553"/>
    <rdf:type rdf:resource="http://dbpedia.org/class/yago/Painting103876519"/>
    <rdf:type rdf:resource="http://dbpedia.org/class/yago/Artifact100021939"/>
    <rdf:type rdf:resource="http://dbpedia.org/class/yago/Object100002684"/>
    <rdf:type rdf:resource="http://dbpedia.org/class/yago/Creation103129123"/>
    <rdf:type rdf:resource="http://dbpedia.org/class/yago/PhysicalEntity100001930"/>
    <rdf:type rdf:resource="http://dbpedia.org/class/yago/GraphicArt103453809"/>
    <rdf:type rdf:resource="http://dbpedia.org/class/yago/Art102743547"/>
    <rdf:type rdf:resource="http://dbpedia.org/class/yago/PaintingsByPaoloVeronese"/>
    <owl:sameAs rdf:resource="http://yago-knowledge.org/resource/Allegory_of_the_Battle_of_Lepanto_(Veronese)"/>
    <owl:sameAs rdf:resource="http://rdf.freebase.com/ns/m.03cbrhr"/>
    <owl:sameAs rdf:resource="http://www.wikidata.org/entity/Q1237250"/>
    <owl:sameAs rdf:resource="http://it.dbpedia.org/resource/Allegoria_della_battaglia_di_Lepanto"/>
    <owl:sameAs rdf:resource="http://dbpedia.org/resource/Allegory_of_the_Battle_of_Lepanto_(Veronese)"/>
    <owl:sameAs rdf:resource="http://la.dbpedia.org/resource/Pugna_Lepantina_(Paulus_Veronensis)"/>
    <dcterms:subject rdf:resource="http://dbpedia.org/resource/Category:Paintings_by_Paolo_Veronese"/>
    <dbpedia-owl:abstract xml:lang="en">The Allegory of the Battle of Lepanto is a painting by Paolo Veronese. The lower half of the painting shows the events of the battle of Lepanto, whilst at the top a female personification of Venice is presented to the Virgin Mary, with Saint Roch, Saint Peter, Saint Justina, Saint Mark and a group of angels in attendance - as a whole, the painting presents the victory as divine intervention.</dbpedia-owl:abstract>
    <dbpedia-owl:abstract xml:lang="it">Allegoria della battaglia di Lepanto è un dipinto di Paolo Veronese del 1571, custodito nelle gallerie dell'Accademia di Venezia.</dbpedia-owl:abstract>
    <dbpedia-owl:wikiPageID rdf:datatype="http://www.w3.org/2001/XMLSchema#integer">13608969</dbpedia-owl:wikiPageID>
    <dbpedia-owl:wikiPageRevisionID rdf:datatype="http://www.w3.org/2001/XMLSchema#integer">544991022</dbpedia-owl:wikiPageRevisionID>
    <rdfs:label xml:lang="it">Allegoria della battaglia di Lepanto</rdfs:label>
    <rdfs:label xml:lang="en">Allegory of the Battle of Lepanto (Veronese)</rdfs:label>
    <foaf:depiction rdf:resource="http://upload.wikimedia.org/wikipedia/commons/6/65/The_Battle_of_Lepanto_by_Paolo_Veronese.jpeg"/>
    <rdfs:comment xml:lang="en">The Allegory of the Battle of Lepanto is a painting by Paolo Veronese. The lower half of the painting shows the events of the battle of Lepanto, whilst at the top a female personification of Venice is presented to the Virgin Mary, with Saint Roch, Saint Peter, Saint Justina, Saint Mark and a group of angels in attendance - as a whole, the painting presents the victory as divine intervention.</rdfs:comment>
    <rdfs:comment xml:lang="it">Allegoria della battaglia di Lepanto è un dipinto di Paolo Veronese del 1571, custodito nelle gallerie dell'Accademia di Venezia.</rdfs:comment>
    <dbpedia-owl:thumbnail rdf:resource="http://upload.wikimedia.org/wikipedia/commons/thumb/6/65/The_Battle_of_Lepanto_by_Paolo_Veronese.jpeg/200px-The_Battle_of_Lepanto_by_Paolo_Veronese.jpeg"/>
    <foaf:isPrimaryTopicOf rdf:resource="http://en.wikipedia.org/wiki/Allegory_of_the_Battle_of_Lepanto_(Veronese)"/>
    <ns6:wasDerivedFrom rdf:resource="http://en.wikipedia.org/wiki/Allegory_of_the_Battle_of_Lepanto_(Veronese)?oldid=544991022"/>
    <dbpprop:hasPhotoCollection rdf:resource="http://wifo5-03.informatik.uni-mannheim.de/flickrwrappr/photos/Allegory_of_the_Battle_of_Lepanto_(Veronese)"/>
  </rdf:Description>
  <rdf:Description rdf:about="http://en.wikipedia.org/wiki/Allegory_of_the_Battle_of_Lepanto_(Veronese)">
    <foaf:primaryTopic rdf:resource="http://dbpedia.org/resource/Allegory_of_the_Battle_of_Lepanto_(Veronese)"/>
  </rdf:Description>
  <rdf:Description rdf:about="http://wikidata.dbpedia.org/resource/Q1237250">
    <owl:sameAs rdf:resource="http://dbpedia.org/resource/Allegory_of_the_Battle_of_Lepanto_(Veronese)"/>
  </rdf:Description>
  <rdf:Description rdf:about="http://la.dbpedia.org/resource/Pugna_Lepantina_(Paulus_Veronensis)">
    <owl:sameAs rdf:resource="http://dbpedia.org/resource/Allegory_of_the_Battle_of_Lepanto_(Veronese)"/>
  </rdf:Description>
</rdf:RDF>
