<rdf:RDF xmlns:ns7="http://www.w3.org/ns/prov#" xmlns:dbpprop="http://dbpedia.org/property/" xmlns:foaf="http://xmlns.com/foaf/0.1/" xmlns:dbpedia-owl="http://dbpedia.org/ontology/" xmlns:dcterms="http://purl.org/dc/terms/" xmlns:owl="http://www.w3.org/2002/07/owl#" xmlns:rdfs="http://www.w3.org/2000/01/rdf-schema#" xmlns:rdf="http://www.w3.org/1999/02/22-rdf-syntax-ns#">
  <rdf:Description rdf:about="http://de.dbpedia.org/resource/Qingming-Rolle">
    <owl:sameAs rdf:resource="http://dbpedia.org/resource/Along_the_River_During_the_Qingming_Festival"/>
  </rdf:Description>
  <rdf:Description rdf:about="http://fr.dbpedia.org/resource/Le_Jour_de_Qingming_au_bord_de_la_rivière">
    <owl:sameAs rdf:resource="http://dbpedia.org/resource/Along_the_River_During_the_Qingming_Festival"/>
  </rdf:Description>
  <rdf:Description rdf:about="http://ko.dbpedia.org/resource/청명상하도">
    <owl:sameAs rdf:resource="http://dbpedia.org/resource/Along_the_River_During_the_Qingming_Festival"/>
  </rdf:Description>
  <rdf:Description rdf:about="http://pl.dbpedia.org/resource/Widok_wzdłuż_rzeki_podczas_święta_Qingming">
    <owl:sameAs rdf:resource="http://dbpedia.org/resource/Along_the_River_During_the_Qingming_Festival"/>
  </rdf:Description>
  <rdf:Description rdf:about="http://es.dbpedia.org/resource/El_festival_Qingming_junto_al_río">
    <owl:sameAs rdf:resource="http://dbpedia.org/resource/Along_the_River_During_the_Qingming_Festival"/>
  </rdf:Description>
  <rdf:Description rdf:about="http://ja.dbpedia.org/resource/清明上河図">
    <owl:sameAs rdf:resource="http://dbpedia.org/resource/Along_the_River_During_the_Qingming_Festival"/>
  </rdf:Description>
  <rdf:Description rdf:about="http://ru.dbpedia.org/resource/По_реке_в_День_поминовения_усопших">
    <owl:sameAs rdf:resource="http://dbpedia.org/resource/Along_the_River_During_the_Qingming_Festival"/>
  </rdf:Description>
  <rdf:Description rdf:about="http://dbpedia.org/resource/Along_the_River_During_the_Qingming_Festival">
    <rdf:type rdf:resource="http://dbpedia.org/class/yago/SongDynastyPaintings"/>
    <rdf:type rdf:resource="http://www.w3.org/2002/07/owl#Thing"/>
    <rdf:type rdf:resource="http://dbpedia.org/class/yago/Creation103129123"/>
    <rdf:type rdf:resource="http://dbpedia.org/ontology/Artwork"/>
    <rdf:type rdf:resource="http://dbpedia.org/ontology/Work"/>
    <rdf:type rdf:resource="http://dbpedia.org/class/yago/Artifact100021939"/>
    <rdf:type rdf:resource="http://dbpedia.org/class/yago/Whole100003553"/>
    <rdf:type rdf:resource="http://schema.org/CreativeWork"/>
    <rdf:type rdf:resource="http://dbpedia.org/class/yago/PhysicalEntity100001930"/>
    <rdf:type rdf:resource="http://dbpedia.org/class/yago/PaintingsByZhangZeduan"/>
    <rdf:type rdf:resource="http://dbpedia.org/class/yago/Art102743547"/>
    <rdf:type rdf:resource="http://dbpedia.org/class/yago/Object100002684"/>
    <rdf:type rdf:resource="http://dbpedia.org/class/yago/GraphicArt103453809"/>
    <rdf:type rdf:resource="http://dbpedia.org/class/yago/Painting103876519"/>
    <owl:sameAs rdf:resource="http://zh.dbpedia.org/resource/清明上河圖"/>
    <owl:sameAs rdf:resource="http://rdf.freebase.com/ns/m.0dsd39"/>
    <owl:sameAs rdf:resource="http://ru.dbpedia.org/resource/По_реке_в_День_поминовения_усопших"/>
    <owl:sameAs rdf:resource="http://zh_classical.dbpedia.org/resource/清明上河圖"/>
    <owl:sameAs rdf:resource="http://he.dbpedia.org/resource/לאורך_הנהר_בשעת_פסטיבל_צ'ינגמינג"/>
    <owl:sameAs rdf:resource="http://www.wikidata.org/entity/Q714802"/>
    <owl:sameAs rdf:resource="http://ka.dbpedia.org/resource/მდინარის_გაყოლებით_გარდაცვლილთა_ხსენების_დღეს"/>
    <owl:sameAs rdf:resource="http://ko.dbpedia.org/resource/청명상하도"/>
    <owl:sameAs rdf:resource="http://vi.dbpedia.org/resource/Thanh_minh_thượng_hà_đồ"/>
    <owl:sameAs rdf:resource="http://de.dbpedia.org/resource/Qingming-Rolle"/>
    <owl:sameAs rdf:resource="http://eo.dbpedia.org/resource/Laŭ_La_Rivero_Dum_Serena_Festo"/>
    <owl:sameAs rdf:resource="http://yago-knowledge.org/resource/Along_the_River_During_the_Qingming_Festival"/>
    <owl:sameAs rdf:resource="http://simple.dbpedia.org/resource/Along_the_River_During_Qingming_Festival"/>
    <owl:sameAs rdf:resource="http://nl.dbpedia.org/resource/Langs_de_rivier_tijdens_het_Qingmingfestival"/>
    <owl:sameAs rdf:resource="http://no.dbpedia.org/resource/Qingmingrullen"/>
    <owl:sameAs rdf:resource="http://es.dbpedia.org/resource/El_festival_Qingming_junto_al_río"/>
    <owl:sameAs rdf:resource="http://zh_yue.dbpedia.org/resource/清明上河圖"/>
    <owl:sameAs rdf:resource="http://fr.dbpedia.org/resource/Le_Jour_de_Qingming_au_bord_de_la_rivière"/>
    <owl:sameAs rdf:resource="http://dbpedia.org/resource/Along_the_River_During_the_Qingming_Festival"/>
    <owl:sameAs rdf:resource="http://ja.dbpedia.org/resource/清明上河図"/>
    <owl:sameAs rdf:resource="http://pl.dbpedia.org/resource/Widok_wzdłuż_rzeki_podczas_święta_Qingming"/>
    <dcterms:subject rdf:resource="http://dbpedia.org/resource/Category:Paintings_by_Zhang_Zeduan"/>
    <dcterms:subject rdf:resource="http://dbpedia.org/resource/Category:Song_Dynasty_paintings"/>
    <dcterms:subject rdf:resource="http://dbpedia.org/resource/Category:Kaifeng"/>
    <dbpedia-owl:abstract xml:lang="nl">Langs de rivier tijdens het Qingming-festival is een panoramaschilderij van kunstenaar Zhang Zeduan (1085-1145) ten tijde van de Song-dynastie. Het panorama toont het dagelijks leven van de mensen tijdens de Song-dynastie in diens hoofdstad Bianjing, het tegenwoordige Kaifeng. Het thema viert de feestelijke geest en de wereldlijke commotie op het Qingmingfestival, in plaats van de ceremoniële aspecten van de vakantie, zoals het vegen van het graf en gebeden. Het gehele stuk was geschilderd in handrolformaat en de inhoud toont de levensstijl van alle niveaus van de samenleving van rijk tot arm met verschillende economische activiteiten in landelijke gebieden en de stad. Het toont glimpen van kleding en architectuur uit die periode. Als artistieke creatie is het stuk geëerd en hofkunstenaars van latere dynastieën hebben een aantal re-interpretatieve replica's gemaakt. Het schilderij is ook bekend om zijn geometrisch nauwkeurige beelden van de verschillende natuurlijke elementen en architecturen, boten en bruggen, markt en winkels, mensen en landschappen. Het wordt vaak beschouwd als het meest gerenommeerde werk van alle Chinese schilderijen en wordt het wel "China's Mona Lisa" genoemd. In de loop der eeuwen werd de Qingming-rol verzameld en bewaard door tal van particuliere eigenaren, voordat het uiteindelijk weer terug in publiek eigendom kwam. Het schilderij was een favoriet van keizer Pu Yi, die het origineel uit de Song-dynastie (24,8 bij 528,7 cm) met zich meenam naar Mantsjoekwo. In 1945 werd het gekocht en bewaard in het paleismuseum van de Verboden Stad. Ongeveer 20 tot 30 variaties werden er door kunstenaars van latere dynastieën op dit thema gemaakt. Verschillende Ming- en Qing-versies zijn te vinden in publieke en particuliere collecties over de hele wereld. Elke versie volgt de totale samenstelling van het origineel redelijk trouw, maar de details lopen vaak sterk uiteen. Het origineel uit de Song-dynastie en die uit de Qing-dynastie bevinden zich in het paleismuseum in Beijing en het paleismuseum van Taipei en worden beschouwd als nationale schatten en worden alleen tentoongesteld voor korte periodes om de paar jaar. Om bijvoorbeeld het schilderij in Beijing te zien moest men drie en een half uur wachten.</dbpedia-owl:abstract>
    <dbpedia-owl:abstract xml:lang="ja">清明上河図（せいめいじょうがず）は、中国北宋の都開封の都城内外の殷賑（にぎわい栄えた）の様を描いた画巻である。オリジナルは北京・故宮博物院に所蔵されているが、類作が数多く伝わっている。</dbpedia-owl:abstract>
    <dbpedia-owl:abstract xml:lang="pl">Widok wzdłuż rzeki podczas święta Qingming – panorama autorstwa Zhang Zeduan z dynastii Song (1085–1145). Obraz dzięki swojej sławie bywa określany jako "Chińska Mona Lisa". Aktualnie znajduje się w muzeum w Zakazanym Mieście.</dbpedia-owl:abstract>
    <dbpedia-owl:abstract xml:lang="en">Along the River During the Qingming Festival is a panoramic painting by Song Dynasty artist Zhang Zeduan (1085–1145). It captures the daily life of people and the landscape of the capital, Bianjing, today's Kaifeng, from the Song period. The theme celebrates the festive spirit and worldly commotion at the Qingming Festival, rather than the holiday's ceremonial aspects, such as tomb sweeping and prayers. The entire piece was painted in hand scroll format and the content reveals the lifestyle of all levels of the society from rich to poor as well as different economic activities in rural areas and the city. It offers glimpses of period clothing and architecture. As an artistic creation, the piece has been revered and court artists of subsequent dynasties have made several re-interpretive replicas. It is considered to be the most renowned work among all Chinese paintings, and it has been called "China's Mona Lisa. " Over the centuries, the Qingming scroll was collected and kept among numerous private owners, before it eventually returned to public ownership. The painting was a particular favorite of emperor Puyi, who took the Song Dynasty original (25.5 by 525 cm) with him to Manchukuo. It was later re-purchased in 1945 and kept at the Palace Museum in the Forbidden City. About 20 to 30 variations on this topic by artists of subsequent dynasties were made. Several Ming and Qing versions can be found in public and private collections around the world. Each version follows the overall composition of the original fairly faithfully, however, the details often vary widely. The Song Dynasty original and the Qing version, in the Beijing and Taipei Palace Museums respectively, are regarded as national treasures and are exhibited only for brief periods every few years. For instance, the wait in Beijing to see the painting was three and a half hours.</dbpedia-owl:abstract>
    <dbpedia-owl:abstract xml:lang="fr">Le Jour de Qingming au bord de la rivière est le titre de plusieurs peintures monumentales ; la version d'origine est généralement attribuée à Zhang Zeduan (1085-1145), artiste sous la dynastie des Song. Cette représentation saisit la vie quotidienne des gens de la période Song, dans la capitale de l'époque, Bianjing, aujourd'hui Kaifeng. Le thème célèbre l'esprit festif et l'agitation profane du Festival de Qingming plutôt que les aspects rituels comme le balayage des tombes et les prières. Peinte sur un rouleau à main, l'œuvre dévoile le mode de vie de toutes les classes sociales, du plus pauvre jusqu'au plus riche, ainsi que les diverses activités économiques se déroulant tant à la campagne qu'à la ville. Elle donne un aperçu des vêtements et de l'architecture de l'époque. Comme création artistique, elle a été vénérée ainsi que copiée et réinterprétée par des artistes des dynasties ultérieures. Cette peinture est célèbre en raison de la précision géométrique des bateaux, ponts, magasins et scènes représentés. Cette renommée lui a valu l'appellation de « Joconde de Chine ». À l'instar de la Joconde, le rouleau de Qingming a été maintes fois vendu et revendu, avant de redevenir propriété de l'État. Il est également réputé sur le plan historique comme étant une des peintures de la collection de la dernière dynastie qui soient restées propriété de l'État en Chine continentale. Cette peinture était une des préférées de l'empereur Puyi, qui l'emporta au Mandchoukouo et empêcha ainsi l'original de la dynastie Song (24,8 par 528,7 cm) de partir au Musée national du palais, à Taipei. Il sera racheté en 1945 et se trouve actuellement au musée du Palais à la Cité interdite.</dbpedia-owl:abstract>
    <dbpedia-owl:abstract xml:lang="de">Die Qingming-Rolle ist das berühmteste Bild des chinesischen Malers Zhang Zeduan. Die Bildrolle zeigt das Alltagsleben der Stadt Kaifeng, der Hauptstadt der Nördlichen Song-Dynastie während des chinesischen Totengedenktags Qingming. Die Rolle hat eine Höhe von 24,8 Zentimetern und eine Länge von 528,7 Zentimetern. 4000pxvergrößernInteraktiver BildbetrachterPanorama aus der Qingming-Rolle von Zhang Zeduan</dbpedia-owl:abstract>
    <dbpedia-owl:abstract xml:lang="zh">《清明上河圖》的原畫長528公分，高24.8公分，最早的版本爲北宋畫家張擇端所作，現藏北京故宫博物院。《清明上河圖》描绘北宋京城汴梁及汴河两岸的繁华和热闹的景象和优美的自然风光。作品以长卷形式，采用散点透视的构图法，将繁杂的景物纳入统一而富于变化的画卷中，畫中主要分開兩部份，一部份是農村，另一部是市集。畫中有814人，牲畜60多匹，船隻28艘，房屋樓宇30多棟，車20輛，轎8頂，樹木170多棵，往來衣着不同，神情各异，栩栩如生，其间还穿插各种活动，注重情节，构图疏密有致，富有节奏感和韵律的变化，笔墨章法都很巧妙，颇见功底。這幅畫作對於各種形態的幾何正確描繪性使其負有盛名。</dbpedia-owl:abstract>
    <dbpedia-owl:abstract xml:lang="ru">«По реке в день поминовения усопших» — живописная панорама, созданная в XII веке при дворе династии Сун, очевидно, художником по имени Чжан Цзэдуань. На свитке запечатлена повседневная жизнь обитателей императорской столицы, Кайфына, в день празднования Цинмина.</dbpedia-owl:abstract>
    <dbpedia-owl:abstract xml:lang="es">El festival Qingming junto al río es el título de varias pinturas panorámicas de origen chino. La versión original ha sido atribuida al artista de la Dinastía Song conocido como Zhang Zeduan (1085-1145). En esta pintura se captura la vida diaria de la gente del periodo Song y el telón de fondo se desarrolla en la antigua capital del imperio llamada Bianling (hoy en día la ciudad de Kaifeng). El tema de la obra pictórica celebra el espíritu festivo y la conmoción mundana durante el festival de Qingming, al contrario de representar los aspectos ceremoniales de la verdadera conmemoración que era el día de los fieles difuntos. La obra entera fue pintada en formato de rollo, revelando el estilo de vida en ese tiempo de todas las clases sociales, incluyendo a ricos y a pobres. Del mismo modo se muestran las diferentes actividades económicas de las zonas rurales y de la ciudad. También ofrece un vistazo de la vestimenta usada en dicha época y la arquitectura correspondiente. A lo largo de los siglos esta pintura ha sido ampliamente reverenciada, ejerciendo una fuerte influencia sobre las tendencias artísticas de las posteriores dinastías chinas y sus artistas, los cuales han realizado réplicas y reinterpretaciones basadas en el cuadro original. Asimismo, la obra pictórica es famosa por la precisión geométrica de los botes, puentes, almacenes, y su escenografía. Debido a su fama, ha sido denominada "La Mona Lisa de China". Al igual que la Mona Lisa, el rollo de Qingming fue vendido a numerosos coleccionistas privados en el transcurso de los años, hasta que finalmente pasó a ser propiedad pública. A pesar que esta pintura perteneció a la antigua colección imperial, es de las pocas obras que lograron permanecer en la China continental y en posesión del público. Históricamente fue una de las pinturas favoritas del emperador Puyi, quien la llevó consigo hacia Manchukuo, manteniendo a la pintura original de la dinastía Song apartada de la colección del Museo Nacional del Palacio. Sin embargo, en 1945 fue adquirida y custodiada en el Museo del Palacio, ubicado en la Ciudad Prohibida. En los años posteriores diferentes artistas realizaron aproximadamente 20 a 30 rollos basados en el tema de la pintura original. Muchas de las versiones Ming y Qing se encuentran en colecciones públicas y privadas alrededor del mundo. Cada una de las versiones sigue de una manera bastante fiel el mismo formato compositivo del rollo de Zeduan, sin embargo, los detalles varían ampliamente. El rollo original de la Dinastía Song y el rollo de la Dinastía Qing, yacen respectivamente en Pekín y Taipéi en los Museos del palacio, y son considerados tesoros nacionales, siendo exhibidos por breves periodos de tiempo en muy pocas ocasiones.</dbpedia-owl:abstract>
    <dbpedia-owl:author rdf:resource="http://dbpedia.org/resource/Zhang_Zeduan"/>
    <dbpedia-owl:museum rdf:resource="http://dbpedia.org/resource/Forbidden_City"/>
    <dbpedia-owl:wikiPageID rdf:datatype="http://www.w3.org/2001/XMLSchema#integer">5556566</dbpedia-owl:wikiPageID>
    <dbpedia-owl:wikiPageRevisionID rdf:datatype="http://www.w3.org/2001/XMLSchema#integer">540253386</dbpedia-owl:wikiPageRevisionID>
    <rdfs:label xml:lang="ru">По реке в День поминовения усопших</rdfs:label>
    <rdfs:label xml:lang="es">El festival Qingming junto al río</rdfs:label>
    <rdfs:label xml:lang="en">Along the River During the Qingming Festival</rdfs:label>
    <rdfs:label xml:lang="fr">Le Jour de Qingming au bord de la rivière</rdfs:label>
    <rdfs:label xml:lang="pl">Widok wzdłuż rzeki podczas święta Qingming</rdfs:label>
    <rdfs:label xml:lang="de">Qingming-Rolle</rdfs:label>
    <rdfs:label xml:lang="nl">Langs de rivier tijdens het Qingmingfestival</rdfs:label>
    <rdfs:label xml:lang="ja">清明上河図</rdfs:label>
    <rdfs:label xml:lang="zh">清明上河圖</rdfs:label>
    <foaf:depiction rdf:resource="http://upload.wikimedia.org/wikipedia/commons/d/d2/Bianjing_city_gate.JPG"/>
    <rdfs:comment xml:lang="ja">清明上河図（せいめいじょうがず）は、中国北宋の都開封の都城内外の殷賑（にぎわい栄えた）の様を描いた画巻である。オリジナルは北京・故宮博物院に所蔵されているが、類作が数多く伝わっている。</rdfs:comment>
    <rdfs:comment xml:lang="nl">Langs de rivier tijdens het Qingming-festival is een panoramaschilderij van kunstenaar Zhang Zeduan (1085-1145) ten tijde van de Song-dynastie. Het panorama toont het dagelijks leven van de mensen tijdens de Song-dynastie in diens hoofdstad Bianjing, het tegenwoordige Kaifeng. Het thema viert de feestelijke geest en de wereldlijke commotie op het Qingmingfestival, in plaats van de ceremoniële aspecten van de vakantie, zoals het vegen van het graf en gebeden.</rdfs:comment>
    <rdfs:comment xml:lang="fr">Le Jour de Qingming au bord de la rivière est le titre de plusieurs peintures monumentales ; la version d'origine est généralement attribuée à Zhang Zeduan (1085-1145), artiste sous la dynastie des Song. Cette représentation saisit la vie quotidienne des gens de la période Song, dans la capitale de l'époque, Bianjing, aujourd'hui Kaifeng. Le thème célèbre l'esprit festif et l'agitation profane du Festival de Qingming plutôt que les aspects rituels comme le balayage des tombes et les prières.</rdfs:comment>
    <rdfs:comment xml:lang="es">El festival Qingming junto al río es el título de varias pinturas panorámicas de origen chino. La versión original ha sido atribuida al artista de la Dinastía Song conocido como Zhang Zeduan (1085-1145). En esta pintura se captura la vida diaria de la gente del periodo Song y el telón de fondo se desarrolla en la antigua capital del imperio llamada Bianling (hoy en día la ciudad de Kaifeng).</rdfs:comment>
    <rdfs:comment xml:lang="de">Die Qingming-Rolle ist das berühmteste Bild des chinesischen Malers Zhang Zeduan. Die Bildrolle zeigt das Alltagsleben der Stadt Kaifeng, der Hauptstadt der Nördlichen Song-Dynastie während des chinesischen Totengedenktags Qingming. Die Rolle hat eine Höhe von 24,8 Zentimetern und eine Länge von 528,7 Zentimetern. 4000pxvergrößernInteraktiver BildbetrachterPanorama aus der Qingming-Rolle von Zhang Zeduan</rdfs:comment>
    <rdfs:comment xml:lang="en">Along the River During the Qingming Festival is a panoramic painting by Song Dynasty artist Zhang Zeduan (1085–1145). It captures the daily life of people and the landscape of the capital, Bianjing, today's Kaifeng, from the Song period. The theme celebrates the festive spirit and worldly commotion at the Qingming Festival, rather than the holiday's ceremonial aspects, such as tomb sweeping and prayers.</rdfs:comment>
    <rdfs:comment xml:lang="ru">«По реке в день поминовения усопших» — живописная панорама, созданная в XII веке при дворе династии Сун, очевидно, художником по имени Чжан Цзэдуань. На свитке запечатлена повседневная жизнь обитателей императорской столицы, Кайфына, в день празднования Цинмина.</rdfs:comment>
    <rdfs:comment xml:lang="pl">Widok wzdłuż rzeki podczas święta Qingming – panorama autorstwa Zhang Zeduan z dynastii Song (1085–1145). Obraz dzięki swojej sławie bywa określany jako "Chińska Mona Lisa". Aktualnie znajduje się w muzeum w Zakazanym Mieście.</rdfs:comment>
    <rdfs:comment xml:lang="zh">《清明上河圖》的原畫長528公分，高24.8公分，最早的版本爲北宋畫家張擇端所作，現藏北京故宫博物院。《清明上河圖》描绘北宋京城汴梁及汴河两岸的繁华和热闹的景象和优美的自然风光。作品以长卷形式，采用散点透视的构图法，将繁杂的景物纳入统一而富于变化的画卷中，畫中主要分開兩部份，一部份是農村，另一部是市集。畫中有814人，牲畜60多匹，船隻28艘，房屋樓宇30多棟，車20輛，轎8頂，樹木170多棵，往來衣着不同，神情各异，栩栩如生，其间还穿插各种活动，注重情节，构图疏密有致，富有节奏感和韵律的变化，笔墨章法都很巧妙，颇见功底。這幅畫作對於各種形態的幾何正確描繪性使其負有盛名。</rdfs:comment>
    <foaf:name xml:lang="en">Along the River During the Qingming Festival</foaf:name>
    <dbpedia-owl:thumbnail rdf:resource="http://upload.wikimedia.org/wikipedia/commons/thumb/d/d2/Bianjing_city_gate.JPG/200px-Bianjing_city_gate.JPG"/>
    <dbpedia-owl:wikiPageExternalLink rdf:resource="http://www.npm.gov.tw/exh96/orientation/flash_4/index.html"/>
    <dbpedia-owl:wikiPageExternalLink rdf:resource="http://www.npm.gov.tw/"/>
    <dbpedia-owl:wikiPageExternalLink rdf:resource="http://www.chinaheritagequarterly.org/scholarship.php?searchterm=004_qingmingconf.inc&amp;issue=004"/>
    <dbpedia-owl:wikiPageExternalLink rdf:resource="http://www.courses.fas.harvard.edu/~icgzmod/qingming.html"/>
    <dbpedia-owl:wikiPageExternalLink rdf:resource="http://www.chinaonlinemuseum.com/painting-along-the-river.php"/>
    <dbpedia-owl:wikiPageExternalLink rdf:resource="http://www.dpm.org.cn/"/>
    <dbpedia-owl:wikiPageExternalLink rdf:resource="http://afe.easia.columbia.edu/song/pop/c_scroll.htm"/>
    <dbpprop:artist rdf:resource="http://dbpedia.org/resource/Zhang_Zeduan"/>
    <dbpprop:city rdf:resource="http://dbpedia.org/resource/Beijing"/>
    <dbpprop:height rdf:datatype="http://www.w3.org/2001/XMLSchema#double">25.5</dbpprop:height>
    <dbpprop:imageFile xml:lang="en">Bianjing city gate.JPG</dbpprop:imageFile>
    <dbpprop:imageSize rdf:datatype="http://www.w3.org/2001/XMLSchema#integer">300</dbpprop:imageSize>
    <dbpprop:museum rdf:resource="http://dbpedia.org/resource/Forbidden_City"/>
    <dbpprop:otherLanguage rdf:resource="http://dbpedia.org/resource/Traditional_Chinese_characters"/>
    <dbpprop:otherLanguage rdf:resource="http://dbpedia.org/resource/Simplified_Chinese_characters"/>
    <dbpprop:otherTitle xml:lang="en">清明上河图</dbpprop:otherTitle>
    <dbpprop:otherTitle xml:lang="en">清明上河圖</dbpprop:otherTitle>
    <dbpprop:p xml:lang="en">Qīngmíng Shànghé Tú</dbpprop:p>
    <dbpprop:s xml:lang="en">清明上河图</dbpprop:s>
    <dbpprop:t xml:lang="en">清明上河圖</dbpprop:t>
    <dbpprop:title xml:lang="en">Along the River During the Qingming Festival</dbpprop:title>
    <dbpprop:type rdf:resource="http://dbpedia.org/resource/Panoramic_painting"/>
    <dbpprop:width rdf:datatype="http://www.w3.org/2001/XMLSchema#integer">525</dbpprop:width>
    <dbpprop:year rdf:datatype="http://www.w3.org/2001/XMLSchema#integer">1085</dbpprop:year>
    <foaf:isPrimaryTopicOf rdf:resource="http://en.wikipedia.org/wiki/Along_the_River_During_the_Qingming_Festival"/>
    <ns7:wasDerivedFrom rdf:resource="http://en.wikipedia.org/wiki/Along_the_River_During_the_Qingming_Festival?oldid=540253386"/>
    <dbpprop:hasPhotoCollection rdf:resource="http://wifo5-03.informatik.uni-mannheim.de/flickrwrappr/photos/Along_the_River_During_the_Qingming_Festival"/>
  </rdf:Description>
  <rdf:Description rdf:about="http://dbpedia.org/resource/%E6%B7%B8%E6%98%8E%E4%B8%8A%E6%B2%B3%E5%9C%96">
    <dbpedia-owl:wikiPageRedirects rdf:resource="http://dbpedia.org/resource/Along_the_River_During_the_Qingming_Festival"/>
  </rdf:Description>
  <rdf:Description rdf:about="http://dbpedia.org/resource/%E6%B8%85%E6%98%8E%E4%B8%8A%E6%B2%B3%E5%9C%96">
    <dbpedia-owl:wikiPageRedirects rdf:resource="http://dbpedia.org/resource/Along_the_River_During_the_Qingming_Festival"/>
  </rdf:Description>
  <rdf:Description rdf:about="http://dbpedia.org/resource/Qingming_Scroll">
    <dbpedia-owl:wikiPageRedirects rdf:resource="http://dbpedia.org/resource/Along_the_River_During_the_Qingming_Festival"/>
  </rdf:Description>
  <rdf:Description rdf:about="http://dbpedia.org/resource/A_City_in_Cathay">
    <dbpedia-owl:wikiPageRedirects rdf:resource="http://dbpedia.org/resource/Along_the_River_During_the_Qingming_Festival"/>
  </rdf:Description>
  <rdf:Description rdf:about="http://dbpedia.org/resource/A_City_of_Cathay">
    <dbpedia-owl:wikiPageRedirects rdf:resource="http://dbpedia.org/resource/Along_the_River_During_the_Qingming_Festival"/>
  </rdf:Description>
  <rdf:Description rdf:about="http://dbpedia.org/resource/Along_the_River_During_Ching_Ming_Festival">
    <dbpedia-owl:wikiPageRedirects rdf:resource="http://dbpedia.org/resource/Along_the_River_During_the_Qingming_Festival"/>
  </rdf:Description>
  <rdf:Description rdf:about="http://dbpedia.org/resource/Along_the_River_During_Qing_Ming_Festival">
    <dbpedia-owl:wikiPageRedirects rdf:resource="http://dbpedia.org/resource/Along_the_River_During_the_Qingming_Festival"/>
  </rdf:Description>
  <rdf:Description rdf:about="http://dbpedia.org/resource/Along_the_River_During_Qingming_Festival">
    <dbpedia-owl:wikiPageRedirects rdf:resource="http://dbpedia.org/resource/Along_the_River_During_the_Qingming_Festival"/>
  </rdf:Description>
  <rdf:Description rdf:about="http://dbpedia.org/resource/Along_the_River_During_the_Qing_Ming_Festival">
    <dbpedia-owl:wikiPageRedirects rdf:resource="http://dbpedia.org/resource/Along_the_River_During_the_Qingming_Festival"/>
  </rdf:Description>
  <rdf:Description rdf:about="http://dbpedia.org/resource/Along_the_River_During_the_Tomb_Sweeping_Festival">
    <dbpedia-owl:wikiPageRedirects rdf:resource="http://dbpedia.org/resource/Along_the_River_During_the_Qingming_Festival"/>
  </rdf:Description>
  <rdf:Description rdf:about="http://dbpedia.org/resource/Along_the_river_during_the_qingming_festival">
    <dbpedia-owl:wikiPageRedirects rdf:resource="http://dbpedia.org/resource/Along_the_River_During_the_Qingming_Festival"/>
  </rdf:Description>
  <rdf:Description rdf:about="http://dbpedia.org/resource/Ching-ming_Scroll">
    <dbpedia-owl:wikiPageRedirects rdf:resource="http://dbpedia.org/resource/Along_the_River_During_the_Qingming_Festival"/>
  </rdf:Description>
  <rdf:Description rdf:about="http://dbpedia.org/resource/Chingming_Scroll">
    <dbpedia-owl:wikiPageRedirects rdf:resource="http://dbpedia.org/resource/Along_the_River_During_the_Qingming_Festival"/>
  </rdf:Description>
  <rdf:Description rdf:about="http://dbpedia.org/resource/City_in_Cathay">
    <dbpedia-owl:wikiPageRedirects rdf:resource="http://dbpedia.org/resource/Along_the_River_During_the_Qingming_Festival"/>
  </rdf:Description>
  <rdf:Description rdf:about="http://dbpedia.org/resource/City_of_Cathay">
    <dbpedia-owl:wikiPageRedirects rdf:resource="http://dbpedia.org/resource/Along_the_River_During_the_Qingming_Festival"/>
  </rdf:Description>
  <rdf:Description rdf:about="http://dbpedia.org/resource/Life_Along_the_Bian_River_at_the_Pure_Brightness_Festival">
    <dbpedia-owl:wikiPageRedirects rdf:resource="http://dbpedia.org/resource/Along_the_River_During_the_Qingming_Festival"/>
  </rdf:Description>
  <rdf:Description rdf:about="http://dbpedia.org/resource/Life_along_the_Bian_River_at_the_Qingming_Festival">
    <dbpedia-owl:wikiPageRedirects rdf:resource="http://dbpedia.org/resource/Along_the_River_During_the_Qingming_Festival"/>
  </rdf:Description>
  <rdf:Description rdf:about="http://dbpedia.org/resource/Qingming_Shanghe_tu">
    <dbpedia-owl:wikiPageRedirects rdf:resource="http://dbpedia.org/resource/Along_the_River_During_the_Qingming_Festival"/>
  </rdf:Description>
  <rdf:Description rdf:about="http://dbpedia.org/resource/Riverside_Scene_at_Qingming_Festival">
    <dbpedia-owl:wikiPageRedirects rdf:resource="http://dbpedia.org/resource/Along_the_River_During_the_Qingming_Festival"/>
  </rdf:Description>
  <rdf:Description rdf:about="http://dbpedia.org/resource/Spring_Festival_on_the_River">
    <dbpedia-owl:wikiPageRedirects rdf:resource="http://dbpedia.org/resource/Along_the_River_During_the_Qingming_Festival"/>
  </rdf:Description>
  <rdf:Description rdf:about="http://en.wikipedia.org/wiki/Along_the_River_During_the_Qingming_Festival">
    <foaf:primaryTopic rdf:resource="http://dbpedia.org/resource/Along_the_River_During_the_Qingming_Festival"/>
  </rdf:Description>
  <rdf:Description rdf:about="http://dbpedia.org/resource/Going_Upriver_at_the_Qing_Ming_Festival">
    <dbpedia-owl:wikiPageRedirects rdf:resource="http://dbpedia.org/resource/Along_the_River_During_the_Qingming_Festival"/>
  </rdf:Description>
  <rdf:Description rdf:about="http://dbpedia.org/resource/Going_Upriver_at_the_Qingming_Festival">
    <dbpedia-owl:wikiPageRedirects rdf:resource="http://dbpedia.org/resource/Along_the_River_During_the_Qingming_Festival"/>
  </rdf:Description>
  <rdf:Description rdf:about="http://dbpedia.org/resource/Going_Upriver_for_the_Qingming_Festival">
    <dbpedia-owl:wikiPageRedirects rdf:resource="http://dbpedia.org/resource/Along_the_River_During_the_Qingming_Festival"/>
  </rdf:Description>
  <rdf:Description rdf:about="http://dbpedia.org/resource/Going_up_the_river_at_the_Qingming_Festival">
    <dbpedia-owl:wikiPageRedirects rdf:resource="http://dbpedia.org/resource/Along_the_River_During_the_Qingming_Festival"/>
  </rdf:Description>
  <rdf:Description rdf:about="http://dbpedia.org/resource/Life_Along_the_River_at_the_Pure_Brightness_Festival">
    <dbpedia-owl:wikiPageRedirects rdf:resource="http://dbpedia.org/resource/Along_the_River_During_the_Qingming_Festival"/>
  </rdf:Description>
  <rdf:Description rdf:about="http://dbpedia.org/resource/Peace_Reigns_Over_the_River">
    <dbpedia-owl:wikiPageRedirects rdf:resource="http://dbpedia.org/resource/Along_the_River_During_the_Qingming_Festival"/>
  </rdf:Description>
  <rdf:Description rdf:about="http://dbpedia.org/resource/Upper_River_during_Qing_Ming_Festival">
    <dbpedia-owl:wikiPageRedirects rdf:resource="http://dbpedia.org/resource/Along_the_River_During_the_Qingming_Festival"/>
  </rdf:Description>
  <rdf:Description rdf:about="http://dbpedia.org/resource/Riverside_Scene_at_the_Qingming_Festival">
    <dbpedia-owl:wikiPageRedirects rdf:resource="http://dbpedia.org/resource/Along_the_River_During_the_Qingming_Festival"/>
  </rdf:Description>
  <rdf:Description rdf:about="http://nl.dbpedia.org/resource/Langs_de_rivier_tijdens_het_Qingmingfestival">
    <owl:sameAs rdf:resource="http://dbpedia.org/resource/Along_the_River_During_the_Qingming_Festival"/>
  </rdf:Description>
  <rdf:Description rdf:about="http://wikidata.dbpedia.org/resource/Q714802">
    <owl:sameAs rdf:resource="http://dbpedia.org/resource/Along_the_River_During_the_Qingming_Festival"/>
  </rdf:Description>
  <rdf:Description rdf:about="http://zh.dbpedia.org/resource/清明上河圖">
    <owl:sameAs rdf:resource="http://dbpedia.org/resource/Along_the_River_During_the_Qingming_Festival"/>
  </rdf:Description>
  <rdf:Description rdf:about="http://eo.dbpedia.org/resource/Laŭ_La_Rivero_Dum_Serena_Festo">
    <owl:sameAs rdf:resource="http://dbpedia.org/resource/Along_the_River_During_the_Qingming_Festival"/>
  </rdf:Description>
  <rdf:Description rdf:about="http://he.dbpedia.org/resource/לאורך_הנהר_בשעת_פסטיבל_צ'ינגמינג">
    <owl:sameAs rdf:resource="http://dbpedia.org/resource/Along_the_River_During_the_Qingming_Festival"/>
  </rdf:Description>
  <rdf:Description rdf:about="http://ka.dbpedia.org/resource/მდინარის_გაყოლებით_გარდაცვლილთა_ხსენების_დღეს">
    <owl:sameAs rdf:resource="http://dbpedia.org/resource/Along_the_River_During_the_Qingming_Festival"/>
  </rdf:Description>
  <rdf:Description rdf:about="http://no.dbpedia.org/resource/Qingmingrullen">
    <owl:sameAs rdf:resource="http://dbpedia.org/resource/Along_the_River_During_the_Qingming_Festival"/>
  </rdf:Description>
  <rdf:Description rdf:about="http://simple.dbpedia.org/resource/Along_the_River_During_Qingming_Festival">
    <owl:sameAs rdf:resource="http://dbpedia.org/resource/Along_the_River_During_the_Qingming_Festival"/>
  </rdf:Description>
  <rdf:Description rdf:about="http://vi.dbpedia.org/resource/Thanh_minh_thượng_hà_đồ">
    <owl:sameAs rdf:resource="http://dbpedia.org/resource/Along_the_River_During_the_Qingming_Festival"/>
  </rdf:Description>
  <rdf:Description rdf:about="http://zh_classical.dbpedia.org/resource/清明上河圖">
    <owl:sameAs rdf:resource="http://dbpedia.org/resource/Along_the_River_During_the_Qingming_Festival"/>
  </rdf:Description>
  <rdf:Description rdf:about="http://zh_yue.dbpedia.org/resource/清明上河圖">
    <owl:sameAs rdf:resource="http://dbpedia.org/resource/Along_the_River_During_the_Qingming_Festival"/>
  </rdf:Description>
</rdf:RDF>
