<rdf:RDF xmlns:ns7="http://www.w3.org/ns/prov#" xmlns:dbpprop="http://dbpedia.org/property/" xmlns:foaf="http://xmlns.com/foaf/0.1/" xmlns:dbpedia-owl="http://dbpedia.org/ontology/" xmlns:dcterms="http://purl.org/dc/terms/" xmlns:owl="http://www.w3.org/2002/07/owl#" xmlns:rdfs="http://www.w3.org/2000/01/rdf-schema#" xmlns:rdf="http://www.w3.org/1999/02/22-rdf-syntax-ns#">
  <rdf:Description rdf:about="http://dbpedia.org/resource/Altar_frontal_from_Avià">
    <owl:sameAs rdf:resource="http://dbpedia.org/resource/Altar_frontal_from_Avi%C3%A0"/>
  </rdf:Description>
  <rdf:Description rdf:about="http://en.wikipedia.org/wiki/Altar_frontal_from_Avià">
    <foaf:primaryTopic rdf:resource="http://dbpedia.org/resource/Altar_frontal_from_Avi%C3%A0"/>
  </rdf:Description>
  <rdf:Description rdf:about="http://dbpedia.org/resource/Altar_frontal_from_Avi%C3%A0">
    <rdf:type rdf:resource="http://dbpedia.org/class/yago/Creation103129123"/>
    <rdf:type rdf:resource="http://dbpedia.org/ontology/Work"/>
    <rdf:type rdf:resource="http://schema.org/CreativeWork"/>
    <rdf:type rdf:resource="http://dbpedia.org/class/yago/PaintingsDepictingJesus"/>
    <rdf:type rdf:resource="http://dbpedia.org/class/yago/Object100002684"/>
    <rdf:type rdf:resource="http://dbpedia.org/ontology/Artwork"/>
    <rdf:type rdf:resource="http://dbpedia.org/class/yago/Art102743547"/>
    <rdf:type rdf:resource="http://dbpedia.org/class/yago/GraphicArt103453809"/>
    <rdf:type rdf:resource="http://dbpedia.org/class/yago/PaintingsOfTheMuseuNacionalD'ArtDeCatalunya"/>
    <rdf:type rdf:resource="http://dbpedia.org/class/yago/PhysicalEntity100001930"/>
    <rdf:type rdf:resource="http://dbpedia.org/class/yago/Whole100003553"/>
    <rdf:type rdf:resource="http://dbpedia.org/class/yago/CatalanPaintings"/>
    <rdf:type rdf:resource="http://www.w3.org/2002/07/owl#Thing"/>
    <rdf:type rdf:resource="http://dbpedia.org/class/yago/12th-centuryPaintings"/>
    <rdf:type rdf:resource="http://dbpedia.org/class/yago/Artifact100021939"/>
    <rdf:type rdf:resource="http://dbpedia.org/class/yago/Painting103876519"/>
    <owl:sameAs rdf:resource="http://yago-knowledge.org/resource/Altar_frontal_from_Avià"/>
    <owl:sameAs rdf:resource="http://dbpedia.org/resource/Altar_frontal_from_Avi%C3%A0"/>
    <owl:sameAs rdf:resource="http://www.wikidata.org/entity/Q3025377"/>
    <owl:sameAs rdf:resource="http://rdf.freebase.com/ns/m.0j7lcp8"/>
    <owl:sameAs rdf:resource="http://fr.dbpedia.org/resource/Devant_d'autel_d'Avià"/>
    <owl:sameAs rdf:resource="http://es.dbpedia.org/resource/Frontal_de_Avià"/>
    <dcterms:subject rdf:resource="http://dbpedia.org/resource/Category:Paintings_of_the_Museu_Nacional_d'Art_de_Catalunya"/>
    <dcterms:subject rdf:resource="http://dbpedia.org/resource/Category:Paintings_of_the_Madonna_and_Child"/>
    <dcterms:subject rdf:resource="http://dbpedia.org/resource/Category:Catalan_paintings"/>
    <dcterms:subject rdf:resource="http://dbpedia.org/resource/Category:12th-century_paintings"/>
    <dcterms:subject rdf:resource="http://dbpedia.org/resource/Category:Romanesque_art"/>
    <dbpedia-owl:abstract xml:lang="fr">Le devant d'autel d'Avià est une pièce maîtresse de l'art roman catalan. Il s'agit du devant de l'autel original de l'église de Santa Maria d'Avià, dans la comarque de Berguedà, qui est actuellement exposé au Musée national d'art de Catalogne, alors que l'on trouve une réplique dans l'église. La datation est du XIII siècle ou antérieur. On ne connait pas son auteur. Il a été acheté en 1903. Le devant est peint sur bois, à tempera, avec des dorures et des stucs. Il est divisé en cinq compatiments, le plus important étant celui du centre, qui représente Marie et l'enfant Jésus. Les personnages sont allongés, vêtus à l'orientale et en position frontale, dans le style byzantin. Les quatre autres scènes représentent: l'Annonciation de l'Ange Gabriel à Marie et la Visitation de Marie à sa cousine Élisabeth, la Nativité, l'Épiphanie qui montre les trois rois mages en route pour Bethléem, la Présentation de Jésus au temple, où il est reconnu par Syméon. Tant l'encadrement que la séparation des compartiments sont réalisés en gypse doré, imitant un travail d'orfèvrerie.</dbpedia-owl:abstract>
    <dbpedia-owl:abstract xml:lang="es">El frontal de Avià es una pieza clave del románico catalán. Se trata del frontal de altar, originalmente en la Iglesia de Santa Maria d'Avià, en la comarca del Berguedà, aunque actualmente se expone en el MNAC, mientras que en la parroquia hay una réplica. Su datación es del siglo XIII o anterior. Se desconoce su autor. Está pintado sobre madera, con temple de huevo, corladura y estuco. Se divide en cinco registros, presididos por el central, con la Virgen María y el niño Jesús enmarcados en arco lobulado, el cual destaca sobre el resto. Las figuras son alargadas y en ellas predomina el punto de vista frontal, con vestidos de Oriente, al estilo bizantino. Rodeando estas figuras, aparecen cuatro escenas relacionadas: la Anunciación y la Visitación, el nacimiento, la Epifanía y la presentación de Jesús en el templo. Tanto el encuadre como la separación de los compartimentos está realizada con estuco sobredorado, imitando trabajos de platería.</dbpedia-owl:abstract>
    <dbpedia-owl:abstract xml:lang="en">The Altar frontal from Avià is a rare Romanesque altar frontal exhibited at the National Art Museum of Catalonia in Barcelona. It is the front of the altar of the church of St. Mary of Avià, in the county of Berguedà, later moved to MNAC Barcelona, while the church has a replica in place. It is dated to the 13th century or earlier, and done by an unknown artist.</dbpedia-owl:abstract>
    <dbpedia-owl:museum rdf:resource="http://dbpedia.org/resource/Museu_Nacional_d'Art_de_Catalunya"/>
    <dbpedia-owl:wikiPageID rdf:datatype="http://www.w3.org/2001/XMLSchema#integer">35260049</dbpedia-owl:wikiPageID>
    <dbpedia-owl:wikiPageRevisionID rdf:datatype="http://www.w3.org/2001/XMLSchema#integer">542691005</dbpedia-owl:wikiPageRevisionID>
    <rdfs:label xml:lang="es">Frontal de Avià</rdfs:label>
    <rdfs:label xml:lang="fr">Devant d'autel d'Avià</rdfs:label>
    <rdfs:label xml:lang="en">Altar frontal from Avià</rdfs:label>
    <foaf:depiction rdf:resource="http://upload.wikimedia.org/wikipedia/commons/0/04/MNAC.Barcelona_-_Romànic.Fontal_d'Avià.jpg"/>
    <rdfs:comment xml:lang="es">El frontal de Avià es una pieza clave del románico catalán. Se trata del frontal de altar, originalmente en la Iglesia de Santa Maria d'Avià, en la comarca del Berguedà, aunque actualmente se expone en el MNAC, mientras que en la parroquia hay una réplica. Su datación es del siglo XIII o anterior. Se desconoce su autor. Está pintado sobre madera, con temple de huevo, corladura y estuco.</rdfs:comment>
    <rdfs:comment xml:lang="fr">Le devant d'autel d'Avià est une pièce maîtresse de l'art roman catalan. Il s'agit du devant de l'autel original de l'église de Santa Maria d'Avià, dans la comarque de Berguedà, qui est actuellement exposé au Musée national d'art de Catalogne, alors que l'on trouve une réplique dans l'église. La datation est du XIII siècle ou antérieur. On ne connait pas son auteur. Il a été acheté en 1903. Le devant est peint sur bois, à tempera, avec des dorures et des stucs.</rdfs:comment>
    <rdfs:comment xml:lang="en">The Altar frontal from Avià is a rare Romanesque altar frontal exhibited at the National Art Museum of Catalonia in Barcelona. It is the front of the altar of the church of St. Mary of Avià, in the county of Berguedà, later moved to MNAC Barcelona, while the church has a replica in place. It is dated to the 13th century or earlier, and done by an unknown artist.</rdfs:comment>
    <foaf:name xml:lang="en">Altar frontal from Avià</foaf:name>
    <dbpedia-owl:thumbnail rdf:resource="http://upload.wikimedia.org/wikipedia/commons/thumb/0/04/MNAC.Barcelona_-_Romànic.Fontal_d'Avià.jpg/200px-MNAC.Barcelona_-_Romànic.Fontal_d'Avià.jpg"/>
    <dbpedia-owl:wikiPageExternalLink rdf:resource="http://art.mnac.cat/fitxatecnica.html;jsessionid=1be3734bc116cb40ed37627bb0055750aac1142ee18f11b6dbffd5470903a561?inventoryNumber=015784-000#"/>
    <dbpprop:artist xml:lang="en">Unknown</dbpprop:artist>
    <dbpprop:city rdf:resource="http://dbpedia.org/resource/Barcelona"/>
    <dbpprop:height rdf:datatype="http://www.w3.org/2001/XMLSchema#integer">107</dbpprop:height>
    <dbpprop:imageFile xml:lang="en">MNAC.Barcelona - Romànic.Fontal d'Avià.jpg</dbpprop:imageFile>
    <dbpprop:imageSize rdf:datatype="http://www.w3.org/2001/XMLSchema#integer">350</dbpprop:imageSize>
    <dbpprop:museum rdf:resource="http://dbpedia.org/resource/Museu_Nacional_d'Art_de_Catalunya"/>
    <dbpprop:title xml:lang="en">Altar frontal from Avià</dbpprop:title>
    <dbpprop:type xml:lang="en">Tempera on wood</dbpprop:type>
    <dbpprop:width rdf:datatype="http://www.w3.org/2001/XMLSchema#integer">177</dbpprop:width>
    <dbpprop:year rdf:datatype="http://www.w3.org/2001/XMLSchema#integer">13</dbpprop:year>
    <foaf:isPrimaryTopicOf rdf:resource="http://en.wikipedia.org/wiki/Altar_frontal_from_Avià"/>
    <ns7:wasDerivedFrom rdf:resource="http://en.wikipedia.org/wiki/Altar_frontal_from_Avià?oldid=542691005"/>
    <dbpprop:hasPhotoCollection rdf:resource="http://wifo5-03.informatik.uni-mannheim.de/flickrwrappr/photos/Altar_frontal_from_Avià"/>
  </rdf:Description>
  <rdf:Description rdf:about="http://dbpedia.org/resource/Altar_frontal_from_Avia">
    <dbpedia-owl:wikiPageRedirects rdf:resource="http://dbpedia.org/resource/Altar_frontal_from_Avi%C3%A0"/>
  </rdf:Description>
</rdf:RDF>
