<rdf:RDF xmlns:ns7="http://www.w3.org/ns/prov#" xmlns:dbpprop="http://dbpedia.org/property/" xmlns:foaf="http://xmlns.com/foaf/0.1/" xmlns:dbpedia-owl="http://dbpedia.org/ontology/" xmlns:dcterms="http://purl.org/dc/terms/" xmlns:owl="http://www.w3.org/2002/07/owl#" xmlns:rdfs="http://www.w3.org/2000/01/rdf-schema#" xmlns:rdf="http://www.w3.org/1999/02/22-rdf-syntax-ns#">
  <rdf:Description rdf:about="http://es.dbpedia.org/resource/American_Gothic">
    <owl:sameAs rdf:resource="http://dbpedia.org/resource/American_Gothic"/>
  </rdf:Description>
  <rdf:Description rdf:about="http://it.dbpedia.org/resource/American_Gothic_(dipinto)">
    <owl:sameAs rdf:resource="http://dbpedia.org/resource/American_Gothic"/>
  </rdf:Description>
  <rdf:Description rdf:about="http://fr.dbpedia.org/resource/American_Gothic_(peinture)">
    <owl:sameAs rdf:resource="http://dbpedia.org/resource/American_Gothic"/>
  </rdf:Description>
  <rdf:Description rdf:about="http://pl.dbpedia.org/resource/American_Gothic">
    <owl:sameAs rdf:resource="http://dbpedia.org/resource/American_Gothic"/>
  </rdf:Description>
  <rdf:Description rdf:about="http://dbpedia.org/resource/American_Gothic">
    <rdf:type rdf:resource="http://dbpedia.org/ontology/Work"/>
    <rdf:type rdf:resource="http://dbpedia.org/class/yago/1930Paintings"/>
    <rdf:type rdf:resource="http://dbpedia.org/ontology/Artwork"/>
    <rdf:type rdf:resource="http://dbpedia.org/class/yago/Whole100003553"/>
    <rdf:type rdf:resource="http://dbpedia.org/class/yago/PhysicalEntity100001930"/>
    <rdf:type rdf:resource="http://dbpedia.org/class/yago/Painting103876519"/>
    <rdf:type rdf:resource="http://dbpedia.org/class/yago/AmericanPaintings"/>
    <rdf:type rdf:resource="http://dbpedia.org/class/yago/Art102743547"/>
    <rdf:type rdf:resource="http://www.w3.org/2002/07/owl#Thing"/>
    <rdf:type rdf:resource="http://dbpedia.org/class/yago/GraphicArt103453809"/>
    <rdf:type rdf:resource="http://schema.org/CreativeWork"/>
    <rdf:type rdf:resource="http://dbpedia.org/class/yago/Artifact100021939"/>
    <rdf:type rdf:resource="http://dbpedia.org/class/yago/PaintingsOfTheArtInstituteOfChicago"/>
    <rdf:type rdf:resource="http://dbpedia.org/class/yago/Object100002684"/>
    <rdf:type rdf:resource="http://dbpedia.org/class/yago/Creation103129123"/>
    <rdf:type rdf:resource="http://dbpedia.org/class/yago/ModernPaintings"/>
    <owl:sameAs rdf:resource="http://sw.cyc.com/concept/Mx4rvhNx-JwpEbGdrcN5Y29ycA"/>
    <owl:sameAs rdf:resource="http://www.wikidata.org/entity/Q464782"/>
    <owl:sameAs rdf:resource="http://simple.dbpedia.org/resource/American_Gothic"/>
    <owl:sameAs rdf:resource="http://de.dbpedia.org/resource/American_Gothic"/>
    <owl:sameAs rdf:resource="http://dbpedia.org/resource/American_Gothic"/>
    <owl:sameAs rdf:resource="http://mr.dbpedia.org/resource/अमेरिकन_गॉथिक"/>
    <owl:sameAs rdf:resource="http://pt.dbpedia.org/resource/American_Gothic_(pintura)"/>
    <owl:sameAs rdf:resource="http://ru.dbpedia.org/resource/Американская_готика"/>
    <owl:sameAs rdf:resource="http://fa.dbpedia.org/resource/گوتیک_آمریکایی"/>
    <owl:sameAs rdf:resource="http://pl.dbpedia.org/resource/American_Gothic"/>
    <owl:sameAs rdf:resource="http://da.dbpedia.org/resource/American_Gothic"/>
    <owl:sameAs rdf:resource="http://es.dbpedia.org/resource/American_Gothic"/>
    <owl:sameAs rdf:resource="http://it.dbpedia.org/resource/American_Gothic_(dipinto)"/>
    <owl:sameAs rdf:resource="http://is.dbpedia.org/resource/American_Gothic"/>
    <owl:sameAs rdf:resource="http://he.dbpedia.org/resource/אמריקן_גות'יק"/>
    <owl:sameAs rdf:resource="http://no.dbpedia.org/resource/American_Gothic"/>
    <owl:sameAs rdf:resource="http://rdf.freebase.com/ns/m.04g3t7"/>
    <owl:sameAs rdf:resource="http://fr.dbpedia.org/resource/American_Gothic_(peinture)"/>
    <owl:sameAs rdf:resource="http://ja.dbpedia.org/resource/アメリカン・ゴシック"/>
    <owl:sameAs rdf:resource="http://ka.dbpedia.org/resource/ამერიკული_გოტიკა"/>
    <owl:sameAs rdf:resource="http://yago-knowledge.org/resource/American_Gothic"/>
    <owl:sameAs rdf:resource="http://nl.dbpedia.org/resource/American_Gothic"/>
    <dcterms:subject rdf:resource="http://dbpedia.org/resource/Category:1930_paintings"/>
    <dcterms:subject rdf:resource="http://dbpedia.org/resource/Category:American_paintings"/>
    <dcterms:subject rdf:resource="http://dbpedia.org/resource/Category:Modern_paintings"/>
    <dcterms:subject rdf:resource="http://dbpedia.org/resource/Category:Paintings_of_the_Art_Institute_of_Chicago"/>
    <dcterms:subject rdf:resource="http://dbpedia.org/resource/Category:Iowa_culture"/>
    <dbpedia-owl:abstract xml:lang="it">American Gothic (Gotico americano) è un dipinto del 1930, a olio, eseguito dall'artista statunitense Grant Wood. Raffigura un agricoltore che regge un forcone e sua figlia (oppure la giovane moglie) davanti a una casa di legno in stile rurale "Carpenter Gothic", che è una delle immagini più familiari dell'arte americana nel XX secolo, nonché un'icona universalmente riconosciuta. Grant Wood voleva raffigurare i ruoli tradizionali dell'uomo e della donna nel Midwest, e molti interpretano il forcone che l'anziano regge come un simbolo del lavoro manuale. Wood affermava di essersi ispirato a fotografie americane del tardo XIX secolo e sistemò i suoi modelli in un modo che ricordava i primordi della ritrattistica americana. Grant Wood, che approfondì i suoi studi pittorici in Germania, sembra ispirarsi anche agli atteggiamenti ieratici dei personaggi della pittura gotico nord-europea, specialmente tedesca e olandese, che mostrano spesso volti in contrizione, irati, preoccupati o doloranti.</dbpedia-owl:abstract>
    <dbpedia-owl:abstract xml:lang="nl">American Gothic is een schilderij van de Amerikaanse kunstschilder Grant Wood uit 1930. Het werk is geschilderd in de stijl van het realisme en is 74,3 bij 62,4 cm groot. Het bevindt zich momenteel in het Art Institute of Chicago.</dbpedia-owl:abstract>
    <dbpedia-owl:abstract xml:lang="pl">American Gothic – obraz olejny autorstwa Granta Wooda, powstały w roku 1930. Przedstawia on trzymającego widły farmera z młodszą od niego kobietą, prawdopodobnie jego żoną lub córką, stojących przed zbudowanym w stylu neogotyckim domem. Dzieło uznaje się za jeden z najbardziej rozpoznawalnych obrazów amerykańskich dwudziestego wieku.</dbpedia-owl:abstract>
    <dbpedia-owl:abstract xml:lang="de">American Gothic ist ein Gemälde (Öl auf Spanplatte, 76 × 63,3 cm), das 1930 von Grant Wood (1891–1942) gemalt wurde. Das realistisch gemalte Bild zeigt einen Mann, der eine Heugabel hält, und seine unverheiratete Tochter, vor einem neugotischen Holzhaus. Der Mann schaut mit strenger Miene den Betrachter direkt an, die ebenfalls ernste Frau blickt an dem Mann vorbei in die Ferne. Das Bild hängt heute im Art Institute of Chicago.</dbpedia-owl:abstract>
    <dbpedia-owl:abstract xml:lang="en">American Gothic is a painting by Grant Wood in the collection of the Art Institute of Chicago. Wood's inspiration came from what is now known as the American Gothic House, and a decision to paint the house along with "the kind of people I fancied should live in that house. " The painting shows a farmer standing beside his spinster daughter. The figures were modeled by the artist's sister and their dentist. The woman is dressed in a colonial print apron evoking 19th-century Americana, and the couple are in the traditional roles of men and women, the man's pitchfork symbolizing hard labor, and the flowers over the woman's right shoulder suggesting domesticity. It is one of the most familiar images in 20th-century American art, and one of the most parodied artworks within American popular culture.</dbpedia-owl:abstract>
    <dbpedia-owl:abstract xml:lang="pt">American Gothic é uma pintura de Grant Wood da coleção do Art Institute of Chicago. A inspiração de Wood veio da casa de campo desenhada no estilo gótico rural com uma distinta janela superior e uma decisão de pintar junto a casa com "o tipo de pessoa que eu imaginava viver naquela casa. " A pintura mostra um fazendeiro ao lado de sua filha solteirona. A mulher está vestida com um avental florido e o homem segura um forcado simbolizando o trabalho que cada um desempenha. Notas ↑ Tradução livre de the kind of people I fancied should live in that house. Referências</dbpedia-owl:abstract>
    <dbpedia-owl:abstract xml:lang="fr">American Gothic est un tableau de Grant Wood faisant partie de la collection de l'Art Institute de Chicago. Wood a été inspiré par un chalet conçu dans le style néogothique avec une fenêtre supérieure distinctive ; et il a décidé de peindre la maison parce que « le genre de personnes qui me plaisaient doit vivre dans cette maison.  » Le tableau montre un paysan debout à côté de sa fille célibataire. Les modèles étaient le dentiste et la sœur de Wood. La femme est vêtue d'un tablier imprimé colonial imitant le style traditionnel américain du XIX siècle et le couple est dans les rôles traditionnels des hommes et des femmes, la fourche représentant le dur labeur et les fleurs sur l'épaule droite de la femme suggérant la vie domestique. C'est une des images plus connues de l'art américain du XX siècle et l'une des œuvres plus parodiées dans la culture populaire américaine.</dbpedia-owl:abstract>
    <dbpedia-owl:abstract xml:lang="es">American Gothic (‘Gótico estadounidense’) es un cuadro de Grant Wood de 1930. El cuadro ilustra a un granjero sujetando una horca (tridente) y a una joven mujer, enfrente de una casa de estilo gótico rural. Es una de las imágenes más conocidas del arte estadounidense del siglo XX y se ha convertido en un icono en la cultura popular siendo una de las imágenes del mundo moderno más reconocidas y parodiadas. Wood quería representar los roles tradicionales del hombre y la mujer, ya que el hombre sujeta un rastrillo simbolizando el trabajo duro. Wood tomó cómo modelos para el cuadro a su hermana Nan (1900-1990) y a su dentista el Dr. Byron McKeeby (1867-1950) de Cedar Rapids. El cuadro se encuentra expuesto en el Instituto de Arte de Chicago.</dbpedia-owl:abstract>
    <dbpedia-owl:abstract xml:lang="ja">『アメリカン・ゴシック』（英: American Gothic）は、1930年にアメリカの画家グラント・ウッドが描いた油絵。シカゴ美術館に展示されている。平野の建てられた古風な家の前に三叉のピッチフォークを手にして立っている初老の男女の肖像が描かれている。</dbpedia-owl:abstract>
    <dbpedia-owl:abstract xml:lang="ru">«Американская готика» — картина американского художника Гранта Вуда, созданная в 1930 году. Один из самых узнаваемых образов в американском искусстве XX века.</dbpedia-owl:abstract>
    <dbpedia-owl:author rdf:resource="http://dbpedia.org/resource/Grant_Wood"/>
    <dbpedia-owl:museum rdf:resource="http://dbpedia.org/resource/Art_Institute_of_Chicago"/>
    <dbpedia-owl:wikiPageID rdf:datatype="http://www.w3.org/2001/XMLSchema#integer">1192806</dbpedia-owl:wikiPageID>
    <dbpedia-owl:wikiPageRevisionID rdf:datatype="http://www.w3.org/2001/XMLSchema#integer">546764842</dbpedia-owl:wikiPageRevisionID>
    <rdfs:label xml:lang="ja">アメリカン・ゴシック</rdfs:label>
    <rdfs:label xml:lang="nl">American Gothic</rdfs:label>
    <rdfs:label xml:lang="pt">American Gothic (pintura)</rdfs:label>
    <rdfs:label xml:lang="it">American Gothic (dipinto)</rdfs:label>
    <rdfs:label xml:lang="es">American Gothic</rdfs:label>
    <rdfs:label xml:lang="de">American Gothic</rdfs:label>
    <rdfs:label xml:lang="en">American Gothic</rdfs:label>
    <rdfs:label xml:lang="ru">Американская готика</rdfs:label>
    <rdfs:label xml:lang="fr">American Gothic (peinture)</rdfs:label>
    <rdfs:label xml:lang="pl">American Gothic</rdfs:label>
    <foaf:depiction rdf:resource="http://upload.wikimedia.org/wikipedia/commons/c/cc/Grant_Wood_-_American_Gothic_-_Google_Art_Project.jpg"/>
    <rdfs:comment xml:lang="pl">American Gothic – obraz olejny autorstwa Granta Wooda, powstały w roku 1930. Przedstawia on trzymającego widły farmera z młodszą od niego kobietą, prawdopodobnie jego żoną lub córką, stojących przed zbudowanym w stylu neogotyckim domem. Dzieło uznaje się za jeden z najbardziej rozpoznawalnych obrazów amerykańskich dwudziestego wieku.</rdfs:comment>
    <rdfs:comment xml:lang="nl">American Gothic is een schilderij van de Amerikaanse kunstschilder Grant Wood uit 1930. Het werk is geschilderd in de stijl van het realisme en is 74,3 bij 62,4 cm groot. Het bevindt zich momenteel in het Art Institute of Chicago.</rdfs:comment>
    <rdfs:comment xml:lang="de">American Gothic ist ein Gemälde (Öl auf Spanplatte, 76 × 63,3 cm), das 1930 von Grant Wood (1891–1942) gemalt wurde. Das realistisch gemalte Bild zeigt einen Mann, der eine Heugabel hält, und seine unverheiratete Tochter, vor einem neugotischen Holzhaus. Der Mann schaut mit strenger Miene den Betrachter direkt an, die ebenfalls ernste Frau blickt an dem Mann vorbei in die Ferne. Das Bild hängt heute im Art Institute of Chicago.</rdfs:comment>
    <rdfs:comment xml:lang="pt">American Gothic é uma pintura de Grant Wood da coleção do Art Institute of Chicago. A inspiração de Wood veio da casa de campo desenhada no estilo gótico rural com uma distinta janela superior e uma decisão de pintar junto a casa com "o tipo de pessoa que eu imaginava viver naquela casa. " A pintura mostra um fazendeiro ao lado de sua filha solteirona. A mulher está vestida com um avental florido e o homem segura um forcado simbolizando o trabalho que cada um desempenha.</rdfs:comment>
    <rdfs:comment xml:lang="es">American Gothic (‘Gótico estadounidense’) es un cuadro de Grant Wood de 1930. El cuadro ilustra a un granjero sujetando una horca (tridente) y a una joven mujer, enfrente de una casa de estilo gótico rural. Es una de las imágenes más conocidas del arte estadounidense del siglo XX y se ha convertido en un icono en la cultura popular siendo una de las imágenes del mundo moderno más reconocidas y parodiadas.</rdfs:comment>
    <rdfs:comment xml:lang="it">American Gothic (Gotico americano) è un dipinto del 1930, a olio, eseguito dall'artista statunitense Grant Wood. Raffigura un agricoltore che regge un forcone e sua figlia (oppure la giovane moglie) davanti a una casa di legno in stile rurale "Carpenter Gothic", che è una delle immagini più familiari dell'arte americana nel XX secolo, nonché un'icona universalmente riconosciuta.</rdfs:comment>
    <rdfs:comment xml:lang="fr">American Gothic est un tableau de Grant Wood faisant partie de la collection de l'Art Institute de Chicago. Wood a été inspiré par un chalet conçu dans le style néogothique avec une fenêtre supérieure distinctive ; et il a décidé de peindre la maison parce que « le genre de personnes qui me plaisaient doit vivre dans cette maison.  » Le tableau montre un paysan debout à côté de sa fille célibataire. Les modèles étaient le dentiste et la sœur de Wood.</rdfs:comment>
    <rdfs:comment xml:lang="ru">«Американская готика» — картина американского художника Гранта Вуда, созданная в 1930 году. Один из самых узнаваемых образов в американском искусстве XX века.</rdfs:comment>
    <rdfs:comment xml:lang="en">American Gothic is a painting by Grant Wood in the collection of the Art Institute of Chicago. Wood's inspiration came from what is now known as the American Gothic House, and a decision to paint the house along with "the kind of people I fancied should live in that house. " The painting shows a farmer standing beside his spinster daughter. The figures were modeled by the artist's sister and their dentist.</rdfs:comment>
    <rdfs:comment xml:lang="ja">『アメリカン・ゴシック』（英: American Gothic）は、1930年にアメリカの画家グラント・ウッドが描いた油絵。シカゴ美術館に展示されている。平野の建てられた古風な家の前に三叉のピッチフォークを手にして立っている初老の男女の肖像が描かれている。</rdfs:comment>
    <foaf:name xml:lang="en">American Gothic</foaf:name>
    <dbpedia-owl:thumbnail rdf:resource="http://upload.wikimedia.org/wikipedia/commons/thumb/c/cc/Grant_Wood_-_American_Gothic_-_Google_Art_Project.jpg/200px-Grant_Wood_-_American_Gothic_-_Google_Art_Project.jpg"/>
    <dbpedia-owl:wikiPageExternalLink rdf:resource="http://www.npr.org/programs/morning/features/patc/americangothic/"/>
    <dbpedia-owl:wikiPageExternalLink rdf:resource="http://www.wapellocounty.org/americangothic/index.htm"/>
    <dbpedia-owl:wikiPageExternalLink rdf:resource="http://www.archive.org/details/Televisi1960"/>
    <dbpedia-owl:wikiPageExternalLink rdf:resource="http://www.chicagobreakingnews.com/2010/02/american-gothic-statue-removed-from-plaza.html"/>
    <dbpedia-owl:wikiPageExternalLink rdf:resource="http://books.wwnorton.com/books/detail.aspx?ID=8027"/>
    <dbpedia-owl:wikiPageExternalLink rdf:resource="http://smarthistory.khanacademy.org/american-regionalism-grant-woods-american-gothic.html"/>
    <dbpedia-owl:wikiPageExternalLink rdf:resource="http://slate.msn.com/id/2120494/"/>
    <dbpedia-owl:wikiPageExternalLink rdf:resource="http://americangothicparodies.blogspot.com/"/>
    <dbpedia-owl:wikiPageExternalLink rdf:resource="http://www.artic.edu/aic/collections/exhibitions/Modern/American-Gothic"/>
    <dbpedia-owl:wikiPageExternalLink rdf:resource="http://www.bobolinkbooks.com/DesignHist/WoodWright.html"/>
    <dbpprop:align xml:lang="en">right</dbpprop:align>
    <dbpprop:alt xml:lang="en">Man and woman with stern expession stand side-by-side. The man hold a pitch fork.</dbpprop:alt>
    <dbpprop:artist rdf:resource="http://dbpedia.org/resource/Grant_Wood"/>
    <dbpprop:height rdf:datatype="http://www.w3.org/2001/XMLSchema#double">74.3</dbpprop:height>
    <dbpprop:heightInch rdf:datatype="http://www.w3.org/2001/XMLSchema#integer">29</dbpprop:heightInch>
    <dbpprop:imageFile xml:lang="en">Grant Wood - American Gothic - Google Art Project.jpg</dbpprop:imageFile>
    <dbpprop:imageSize rdf:datatype="http://www.w3.org/2001/XMLSchema#integer">250</dbpprop:imageSize>
    <dbpprop:museum rdf:resource="http://dbpedia.org/resource/Art_Institute_of_Chicago"/>
    <dbpprop:title xml:lang="en">American Gothic</dbpprop:title>
    <dbpprop:type xml:lang="en">Oil on beaverboard</dbpprop:type>
    <dbpprop:video rdf:resource="http://smarthistory.khanacademy.org/american-regionalism-grant-woods-american-gothic.html"/>
    <dbpprop:video rdf:resource="http://www.wapellocounty.org/americangothic/index.htm"/>
    <dbpprop:width rdf:datatype="http://www.w3.org/2001/XMLSchema#double">62.4</dbpprop:width>
    <dbpprop:width rdf:datatype="http://www.w3.org/2001/XMLSchema#integer">210</dbpprop:width>
    <dbpprop:widthInch rdf:datatype="http://www.w3.org/2001/XMLSchema#integer">24</dbpprop:widthInch>
    <dbpprop:year rdf:datatype="http://www.w3.org/2001/XMLSchema#integer">1930</dbpprop:year>
    <foaf:isPrimaryTopicOf rdf:resource="http://en.wikipedia.org/wiki/American_Gothic"/>
    <ns7:wasDerivedFrom rdf:resource="http://en.wikipedia.org/wiki/American_Gothic?oldid=546764842"/>
    <dbpprop:hasPhotoCollection rdf:resource="http://wifo5-03.informatik.uni-mannheim.de/flickrwrappr/photos/American_Gothic"/>
    <dbpprop:headerimage rdf:datatype="http://www.w3.org/2001/XMLSchema#integer">210</dbpprop:headerimage>
  </rdf:Description>
  <rdf:Description rdf:about="http://dbpedia.org/resource/Asbury_First_United_Methodist_Church">
    <dbpedia-owl:architecturalStyle rdf:resource="http://dbpedia.org/resource/American_Gothic"/>
  </rdf:Description>
  <rdf:Description rdf:about="http://ru.dbpedia.org/resource/Американская_готика">
    <owl:sameAs rdf:resource="http://dbpedia.org/resource/American_Gothic"/>
  </rdf:Description>
  <rdf:Description rdf:about="http://dbpedia.org/resource/Marissa_Nadler">
    <dbpedia-owl:genre rdf:resource="http://dbpedia.org/resource/American_Gothic"/>
    <dbpprop:genre rdf:resource="http://dbpedia.org/resource/American_Gothic"/>
  </rdf:Description>
  <rdf:Description rdf:about="http://de.dbpedia.org/resource/American_Gothic">
    <owl:sameAs rdf:resource="http://dbpedia.org/resource/American_Gothic"/>
  </rdf:Description>
  <rdf:Description rdf:about="http://ja.dbpedia.org/resource/アメリカン・ゴシック">
    <owl:sameAs rdf:resource="http://dbpedia.org/resource/American_Gothic"/>
  </rdf:Description>
  <rdf:Description rdf:about="http://dbpedia.org/resource/American_Gothic_(disambiguation)">
    <dbpedia-owl:wikiPageDisambiguates rdf:resource="http://dbpedia.org/resource/American_Gothic"/>
  </rdf:Description>
  <rdf:Description rdf:about="http://en.wikipedia.org/wiki/American_Gothic">
    <foaf:primaryTopic rdf:resource="http://dbpedia.org/resource/American_Gothic"/>
  </rdf:Description>
  <rdf:Description rdf:about="http://dbpedia.org/resource/American_Gothic_in_popular_culture">
    <dbpedia-owl:wikiPageRedirects rdf:resource="http://dbpedia.org/resource/American_Gothic"/>
  </rdf:Description>
  <rdf:Description rdf:about="http://dbpedia.org/resource/American_gothic">
    <dbpedia-owl:wikiPageRedirects rdf:resource="http://dbpedia.org/resource/American_Gothic"/>
  </rdf:Description>
  <rdf:Description rdf:about="http://dbpedia.org/resource/American_gothic_in_popular_culture">
    <dbpedia-owl:wikiPageRedirects rdf:resource="http://dbpedia.org/resource/American_Gothic"/>
  </rdf:Description>
  <rdf:Description rdf:about="http://pt.dbpedia.org/resource/American_Gothic_(pintura)">
    <owl:sameAs rdf:resource="http://dbpedia.org/resource/American_Gothic"/>
  </rdf:Description>
  <rdf:Description rdf:about="http://nl.dbpedia.org/resource/American_Gothic">
    <owl:sameAs rdf:resource="http://dbpedia.org/resource/American_Gothic"/>
  </rdf:Description>
  <rdf:Description rdf:about="http://wikidata.dbpedia.org/resource/Q464782">
    <owl:sameAs rdf:resource="http://dbpedia.org/resource/American_Gothic"/>
  </rdf:Description>
  <rdf:Description rdf:about="http://da.dbpedia.org/resource/American_Gothic">
    <owl:sameAs rdf:resource="http://dbpedia.org/resource/American_Gothic"/>
  </rdf:Description>
  <rdf:Description rdf:about="http://fa.dbpedia.org/resource/گوتیک_آمریکایی">
    <owl:sameAs rdf:resource="http://dbpedia.org/resource/American_Gothic"/>
  </rdf:Description>
  <rdf:Description rdf:about="http://he.dbpedia.org/resource/אמריקן_גות'יק">
    <owl:sameAs rdf:resource="http://dbpedia.org/resource/American_Gothic"/>
  </rdf:Description>
  <rdf:Description rdf:about="http://is.dbpedia.org/resource/American_Gothic">
    <owl:sameAs rdf:resource="http://dbpedia.org/resource/American_Gothic"/>
  </rdf:Description>
  <rdf:Description rdf:about="http://ka.dbpedia.org/resource/ამერიკული_გოტიკა">
    <owl:sameAs rdf:resource="http://dbpedia.org/resource/American_Gothic"/>
  </rdf:Description>
  <rdf:Description rdf:about="http://mr.dbpedia.org/resource/अमेरिकन_गॉथिक">
    <owl:sameAs rdf:resource="http://dbpedia.org/resource/American_Gothic"/>
  </rdf:Description>
  <rdf:Description rdf:about="http://no.dbpedia.org/resource/American_Gothic">
    <owl:sameAs rdf:resource="http://dbpedia.org/resource/American_Gothic"/>
  </rdf:Description>
  <rdf:Description rdf:about="http://simple.dbpedia.org/resource/American_Gothic">
    <owl:sameAs rdf:resource="http://dbpedia.org/resource/American_Gothic"/>
  </rdf:Description>
</rdf:RDF>
