<rdf:RDF xmlns:ns7="http://www.w3.org/ns/prov#" xmlns:dbpprop="http://dbpedia.org/property/" xmlns:foaf="http://xmlns.com/foaf/0.1/" xmlns:dbpedia-owl="http://dbpedia.org/ontology/" xmlns:dcterms="http://purl.org/dc/terms/" xmlns:owl="http://www.w3.org/2002/07/owl#" xmlns:rdfs="http://www.w3.org/2000/01/rdf-schema#" xmlns:rdf="http://www.w3.org/1999/02/22-rdf-syntax-ns#">
  <rdf:Description rdf:about="http://dbpedia.org/resource/Andromeda_Chained_to_the_Rocks_(Rembrandt)">
    <rdf:type rdf:resource="http://dbpedia.org/class/yago/Art102743547"/>
    <rdf:type rdf:resource="http://dbpedia.org/class/yago/PaintingsDepictingGreekMyths"/>
    <rdf:type rdf:resource="http://www.w3.org/2002/07/owl#Thing"/>
    <rdf:type rdf:resource="http://dbpedia.org/class/yago/1631Paintings"/>
    <rdf:type rdf:resource="http://schema.org/CreativeWork"/>
    <rdf:type rdf:resource="http://dbpedia.org/class/yago/Painting103876519"/>
    <rdf:type rdf:resource="http://dbpedia.org/class/yago/Artifact100021939"/>
    <rdf:type rdf:resource="http://dbpedia.org/ontology/Work"/>
    <rdf:type rdf:resource="http://dbpedia.org/class/yago/Creation103129123"/>
    <rdf:type rdf:resource="http://dbpedia.org/class/yago/Object100002684"/>
    <rdf:type rdf:resource="http://dbpedia.org/class/yago/PaintingsByRembrandt"/>
    <rdf:type rdf:resource="http://dbpedia.org/class/yago/PhysicalEntity100001930"/>
    <rdf:type rdf:resource="http://dbpedia.org/class/yago/Whole100003553"/>
    <rdf:type rdf:resource="http://dbpedia.org/class/yago/GraphicArt103453809"/>
    <rdf:type rdf:resource="http://dbpedia.org/ontology/Artwork"/>
    <owl:sameAs rdf:resource="http://he.dbpedia.org/resource/אנדרומדה_כבולה_אל_הסלעים"/>
    <owl:sameAs rdf:resource="http://nl.dbpedia.org/resource/Andromeda_aan_de_rots_geketend"/>
    <owl:sameAs rdf:resource="http://it.dbpedia.org/resource/Andromeda_(Rembrandt)"/>
    <owl:sameAs rdf:resource="http://dbpedia.org/resource/Andromeda_Chained_to_the_Rocks_(Rembrandt)"/>
    <owl:sameAs rdf:resource="http://rdf.freebase.com/ns/m.05b_v7n"/>
    <owl:sameAs rdf:resource="http://yago-knowledge.org/resource/Andromeda_Chained_to_the_Rocks_(Rembrandt)"/>
    <owl:sameAs rdf:resource="http://www.wikidata.org/entity/Q1130734"/>
    <dcterms:subject rdf:resource="http://dbpedia.org/resource/Category:Paintings_depicting_Greek_myths"/>
    <dcterms:subject rdf:resource="http://dbpedia.org/resource/Category:Mauritshuis"/>
    <dcterms:subject rdf:resource="http://dbpedia.org/resource/Category:1631_paintings"/>
    <dcterms:subject rdf:resource="http://dbpedia.org/resource/Category:Paintings_by_Rembrandt"/>
    <dbpedia-owl:abstract xml:lang="nl">Andromeda is een olieverfschilderij van de Nederlandse schilder Rembrandt van Rijn, geschilderd in circa 1631. Het schilderij hangt in het Mauritshuis te Den Haag. Het doek toont Rembrandts eerste mythologische vrouwelijk naakt en is gebaseerd op het verhaal Metamorfosen van Ovidius. Het verhaal gaat over de Ethiopische prinses Andromeda die als straf voor haar moeders bluf aan een rots wordt geketend en aan een zeemonster dat het Ethiopische volk kwelde wordt opgeofferd. Vele eerdere kunstenaars zoals Titiaan hebben ook haar redder Perseus en het zeemonster in dezelfde samenstelling afgebeeld. In dit werk schuwt Rembrandt de klassieke conventies door alleen Andromeda af te beelden, niet door haar als een gespierde schoonheid te laten zien maar als een naturalistische bang kijkend meisje. Het schilderij is een voorbeeld van Rembrandts afwijzing van de samengestelde schoonheid. Omdat hij niet geloofde dat de ware schoonheid echt bestond, schilderde hij vrouwen zoals hij ze zag, met natuurlijke onvolkomenheden en imperfecties. De schilderijen die hierna zijn gekomen van mythologische naakten genaamd De badende Diana en Danae tonen zijn veranderende opvatting van het naakt.</dbpedia-owl:abstract>
    <dbpedia-owl:abstract xml:lang="it">Andromeda è un dipinto ad olio su tavola di cm 34,1 x 25 realizzato nel 1629 dal pittore Rembrandt Harmenszoon Van Rijn. È conservato al Mauritshuis dell'Aia. Cassiopea, moglie del re di Etiopia e madre di Andromeda, si vantava della propria bellezza, provocando l'ira di Poseidone: questi pretese, come punizione per la sua superbia, che la figlia venisse consegnata a un mostro marino. Legata ad uno scoglio, la fanciulla venne abbandonata al suo destino: così la troviamo in questo dipinto, prima che giunga Perseo a salvarla. L'iconografia del quadro si diversifica dalla tradizione, che vuole presenti il mostro e l'eroe salvatore: l'artista preferì invece isolare l'apice della vicenda nella figura decontestualizzata di Andromeda, concentrando tutto il pathos nel suo volto disperato.</dbpedia-owl:abstract>
    <dbpedia-owl:abstract xml:lang="en">Andromeda Chained to the Rock was painted by Rembrandt in 1631, and is now in the Mauritshuis, in The Hague. Andromeda represents Rembrandt's first full length mythological female nude history painting and is taken from a story in Ovid's Metamorphoses. This story is about the daughter of an Ethiopian king who, as punishment for her mother's boasting, was chained to a rock to be sacrificed to a sea monster that was tormenting the Ethiopian people. Many artists such as Titian have depicted this story by showing Andromeda, her rescuer Perseus, and the sea monster all in the same composition. In this work, Rembrandt shies away from classical conventions by showing her not as a glamorous beauty but as a frightened naturalistic looking girl. No other figure is included, but her alarmed look out of the picture space to the right creates narrative tension. The painting is an example of Rembrandt's rejection of idealized beauty. Since he did not believe true beauty existed naturally, he painted women as he saw them; naturally imperfect and flawed. Rembrandt's subsequent nude mythological paintings from this period Diana Bathing and Danaë show his evolving portrayal of the nude.</dbpedia-owl:abstract>
    <dbpedia-owl:author rdf:resource="http://dbpedia.org/resource/Rembrandt"/>
    <dbpedia-owl:museum rdf:resource="http://dbpedia.org/resource/Mauritshuis"/>
    <dbpedia-owl:wikiPageID rdf:datatype="http://www.w3.org/2001/XMLSchema#integer">21121552</dbpedia-owl:wikiPageID>
    <dbpedia-owl:wikiPageRevisionID rdf:datatype="http://www.w3.org/2001/XMLSchema#integer">542863035</dbpedia-owl:wikiPageRevisionID>
    <rdfs:label xml:lang="nl">Andromeda aan de rots geketend</rdfs:label>
    <rdfs:label xml:lang="en">Andromeda Chained to the Rocks (Rembrandt)</rdfs:label>
    <rdfs:label xml:lang="it">Andromeda (Rembrandt)</rdfs:label>
    <foaf:depiction rdf:resource="http://upload.wikimedia.org/wikipedia/commons/8/89/Rembrandt_Harmensz._van_Rijn_011.jpg"/>
    <rdfs:comment xml:lang="it">Andromeda è un dipinto ad olio su tavola di cm 34,1 x 25 realizzato nel 1629 dal pittore Rembrandt Harmenszoon Van Rijn. È conservato al Mauritshuis dell'Aia. Cassiopea, moglie del re di Etiopia e madre di Andromeda, si vantava della propria bellezza, provocando l'ira di Poseidone: questi pretese, come punizione per la sua superbia, che la figlia venisse consegnata a un mostro marino.</rdfs:comment>
    <rdfs:comment xml:lang="en">Andromeda Chained to the Rock was painted by Rembrandt in 1631, and is now in the Mauritshuis, in The Hague. Andromeda represents Rembrandt's first full length mythological female nude history painting and is taken from a story in Ovid's Metamorphoses. This story is about the daughter of an Ethiopian king who, as punishment for her mother's boasting, was chained to a rock to be sacrificed to a sea monster that was tormenting the Ethiopian people.</rdfs:comment>
    <rdfs:comment xml:lang="nl">Andromeda is een olieverfschilderij van de Nederlandse schilder Rembrandt van Rijn, geschilderd in circa 1631. Het schilderij hangt in het Mauritshuis te Den Haag. Het doek toont Rembrandts eerste mythologische vrouwelijk naakt en is gebaseerd op het verhaal Metamorfosen van Ovidius. Het verhaal gaat over de Ethiopische prinses Andromeda die als straf voor haar moeders bluf aan een rots wordt geketend en aan een zeemonster dat het Ethiopische volk kwelde wordt opgeofferd.</rdfs:comment>
    <foaf:name xml:lang="en">Andromeda Chained to the Rock</foaf:name>
    <dbpedia-owl:thumbnail rdf:resource="http://upload.wikimedia.org/wikipedia/commons/thumb/8/89/Rembrandt_Harmensz._van_Rijn_011.jpg/200px-Rembrandt_Harmensz._van_Rijn_011.jpg"/>
    <dbpprop:artist rdf:resource="http://dbpedia.org/resource/Rembrandt"/>
    <dbpprop:city rdf:resource="http://dbpedia.org/resource/The_Hague"/>
    <dbpprop:heightMetric rdf:datatype="http://www.w3.org/2001/XMLSchema#integer">34</dbpprop:heightMetric>
    <dbpprop:imageFile xml:lang="en">Rembrandt Harmensz. van Rijn 011.jpg</dbpprop:imageFile>
    <dbpprop:museum rdf:resource="http://dbpedia.org/resource/Mauritshuis"/>
    <dbpprop:title xml:lang="en">Andromeda Chained to the Rock</dbpprop:title>
    <dbpprop:type rdf:resource="http://dbpedia.org/resource/Oil_painting"/>
    <dbpprop:widthMetric rdf:datatype="http://www.w3.org/2001/XMLSchema#double">24.5</dbpprop:widthMetric>
    <dbpprop:year xml:lang="en">c. 1631</dbpprop:year>
    <foaf:isPrimaryTopicOf rdf:resource="http://en.wikipedia.org/wiki/Andromeda_Chained_to_the_Rocks_(Rembrandt)"/>
    <ns7:wasDerivedFrom rdf:resource="http://en.wikipedia.org/wiki/Andromeda_Chained_to_the_Rocks_(Rembrandt)?oldid=542863035"/>
    <dbpprop:hasPhotoCollection rdf:resource="http://wifo5-03.informatik.uni-mannheim.de/flickrwrappr/photos/Andromeda_Chained_to_the_Rocks_(Rembrandt)"/>
  </rdf:Description>
  <rdf:Description rdf:about="http://dbpedia.org/resource/Andromeda_Chained_to_the_Rocks">
    <dbpedia-owl:wikiPageRedirects rdf:resource="http://dbpedia.org/resource/Andromeda_Chained_to_the_Rocks_(Rembrandt)"/>
  </rdf:Description>
  <rdf:Description rdf:about="http://dbpedia.org/resource/Andromeda_chained_to_the_rocks">
    <dbpedia-owl:wikiPageRedirects rdf:resource="http://dbpedia.org/resource/Andromeda_Chained_to_the_Rocks_(Rembrandt)"/>
  </rdf:Description>
  <rdf:Description rdf:about="http://it.dbpedia.org/resource/Andromeda_(Rembrandt)">
    <owl:sameAs rdf:resource="http://dbpedia.org/resource/Andromeda_Chained_to_the_Rocks_(Rembrandt)"/>
  </rdf:Description>
  <rdf:Description rdf:about="http://en.wikipedia.org/wiki/Andromeda_Chained_to_the_Rocks_(Rembrandt)">
    <foaf:primaryTopic rdf:resource="http://dbpedia.org/resource/Andromeda_Chained_to_the_Rocks_(Rembrandt)"/>
  </rdf:Description>
  <rdf:Description rdf:about="http://nl.dbpedia.org/resource/Andromeda_aan_de_rots_geketend">
    <owl:sameAs rdf:resource="http://dbpedia.org/resource/Andromeda_Chained_to_the_Rocks_(Rembrandt)"/>
  </rdf:Description>
  <rdf:Description rdf:about="http://wikidata.dbpedia.org/resource/Q1130734">
    <owl:sameAs rdf:resource="http://dbpedia.org/resource/Andromeda_Chained_to_the_Rocks_(Rembrandt)"/>
  </rdf:Description>
  <rdf:Description rdf:about="http://he.dbpedia.org/resource/אנדרומדה_כבולה_אל_הסלעים">
    <owl:sameAs rdf:resource="http://dbpedia.org/resource/Andromeda_Chained_to_the_Rocks_(Rembrandt)"/>
  </rdf:Description>
</rdf:RDF>
