<rdf:RDF xmlns:dbpprop="http://dbpedia.org/property/" xmlns:ns6="http://www.w3.org/ns/prov#" xmlns:foaf="http://xmlns.com/foaf/0.1/" xmlns:dbpedia-owl="http://dbpedia.org/ontology/" xmlns:dcterms="http://purl.org/dc/terms/" xmlns:owl="http://www.w3.org/2002/07/owl#" xmlns:rdfs="http://www.w3.org/2000/01/rdf-schema#" xmlns:rdf="http://www.w3.org/1999/02/22-rdf-syntax-ns#">
  <rdf:Description rdf:about="http://de.dbpedia.org/resource/Angelus_Novus">
    <owl:sameAs rdf:resource="http://dbpedia.org/resource/Angelus_Novus"/>
  </rdf:Description>
  <rdf:Description rdf:about="http://fr.dbpedia.org/resource/Angelus_Novus_(Klee)">
    <owl:sameAs rdf:resource="http://dbpedia.org/resource/Angelus_Novus"/>
  </rdf:Description>
  <rdf:Description rdf:about="http://el.dbpedia.org/resource/Angelus_Novus">
    <owl:sameAs rdf:resource="http://dbpedia.org/resource/Angelus_Novus"/>
  </rdf:Description>
  <rdf:Description rdf:about="http://pl.dbpedia.org/resource/Angelus_Novus">
    <owl:sameAs rdf:resource="http://dbpedia.org/resource/Angelus_Novus"/>
  </rdf:Description>
  <rdf:Description rdf:about="http://dbpedia.org/resource/Angelus_Novus">
    <rdf:type rdf:resource="http://dbpedia.org/class/yago/GraphicArt103453809"/>
    <rdf:type rdf:resource="http://dbpedia.org/class/yago/Object100002684"/>
    <rdf:type rdf:resource="http://dbpedia.org/class/yago/1920Paintings"/>
    <rdf:type rdf:resource="http://dbpedia.org/class/yago/Whole100003553"/>
    <rdf:type rdf:resource="http://dbpedia.org/class/yago/Painting103876519"/>
    <rdf:type rdf:resource="http://dbpedia.org/class/yago/PhysicalEntity100001930"/>
    <rdf:type rdf:resource="http://dbpedia.org/class/yago/Creation103129123"/>
    <rdf:type rdf:resource="http://dbpedia.org/class/yago/Art102743547"/>
    <rdf:type rdf:resource="http://dbpedia.org/class/yago/Artifact100021939"/>
    <owl:sameAs rdf:resource="http://pl.dbpedia.org/resource/Angelus_Novus"/>
    <owl:sameAs rdf:resource="http://de.dbpedia.org/resource/Angelus_Novus"/>
    <owl:sameAs rdf:resource="http://www.wikidata.org/entity/Q537640"/>
    <owl:sameAs rdf:resource="http://nl.dbpedia.org/resource/Angelus_Novus"/>
    <owl:sameAs rdf:resource="http://yago-knowledge.org/resource/Angelus_Novus"/>
    <owl:sameAs rdf:resource="http://dbpedia.org/resource/Angelus_Novus"/>
    <owl:sameAs rdf:resource="http://el.dbpedia.org/resource/Angelus_Novus"/>
    <owl:sameAs rdf:resource="http://rdf.freebase.com/ns/m.03cnmx3"/>
    <owl:sameAs rdf:resource="http://fr.dbpedia.org/resource/Angelus_Novus_(Klee)"/>
    <owl:sameAs rdf:resource="http://es.dbpedia.org/resource/Angelus_Novus"/>
    <owl:sameAs rdf:resource="http://he.dbpedia.org/resource/אנגלוס_נובוס"/>
    <dcterms:subject rdf:resource="http://dbpedia.org/resource/Category:1920_paintings"/>
    <dcterms:subject rdf:resource="http://dbpedia.org/resource/Category:Israel_Museum"/>
    <dcterms:subject rdf:resource="http://dbpedia.org/resource/Category:Walter_Benjamin"/>
    <dbpedia-owl:abstract xml:lang="es">Angelus Novus es un dibujo a tinta china, tiza y acuarela sobre papel, pintado en 1920 por el pintor suizo Paul Klee y adquirido posteriormente por el filósofo y crítico judeo-alemán Walter Benjamin. El título de la obra, Angelus Novus ('ángel nuevo' en latín), remite a una leyenda judía originaria del Talmud. Este motivo sirvió de inspiración a Benjamin para su famosa teoría del «Ángel de la historia», una visión pesimista del devenir histórico como un ciclo incesante de desesperación. En la actualidad, forma parte de la colección del Museo de Israel, en Jerusalén.</dbpedia-owl:abstract>
    <dbpedia-owl:abstract xml:lang="fr">Angelus Novus est une aquarelle de Paul Klee, peinte en 1920, et faisant actuellement partie de la collection du Musée d'Israël, à Jerusalem. Le philosophe et critique d'art allemand Walter Benjamin qui posséda cette peinture et contribua grandement à sa notoriété en parle comme suit dans ses Thèses sur le concept d’histoire : « Il existe un tableau de Klee qui s'intitule Angelus Novus. Il représente un ange qui semble avoir dessein de s'éloigner de ce à quoi son regard semble rivé. Ses yeux sont écarquillés, sa bouche ouverte, ses ailes déployées. Tel est l'aspect que doit avoir nécessairement l'ange de l'histoire. Il a le visage tourné vers le passé. Où paraît devant nous une suite d'événements, il ne voit qu'une seule et unique catastrophe, qui ne cesse d'amonceler ruines sur ruines et les jette à ses pieds. Il voudrait bien s'attarder, réveiller les morts et rassembler les vaincus. Mais du paradis souffle une tempête qui s'est prise dans ses ailes, si forte que l'ange ne peut plus les refermer. Cette tempête le pousse incessamment vers l'avenir auquel il tourne le dos, cependant que jusqu'au ciel devant lui s'accumulent les ruines. Cette tempête est ce que nous appelons le progrès.  » — Walter Benjamin, Thèses sur la philosophie de l'histoire L'historien de l'art Otto Karl Werckmeister dit plus tard que le travail d'interprétation de Walter Benjamin avait fait de ce tableau une véritable « icône de la gauche ». D'autres artistes et musiciens se sont ouvertement inspirés de cette œuvre et de sa signification.</dbpedia-owl:abstract>
    <dbpedia-owl:abstract xml:lang="en">Angelus Novus is a copper etching plate, Intaglio printing with acidic watercolor on drypoint by Paul Klee, painted in 1920, and now in the collection of the Israel Museum in Jerusalem. In his ninth thesis in the essay “Theses on the Philosophy of History,” Walter Benjamin, who owned the print for many years, describes: "A Klee painting named Angelus Novus shows an angel looking as though he is about to move away from something he is fixedly contemplating. His eyes are staring, his mouth is open, his wings are spread. This is how one pictures the angel of history. His face is turned toward the past. Where we perceive a chain of events, he sees one single catastrophe which keeps piling wreckage upon wreckage and hurls it in front of his feet. The angel would like to stay, awaken the dead, and make whole what has been smashed. But a storm is blowing from Paradise; it has got caught in his wings with such violence that the angel can no longer close them. The storm irresistibly propels him into the future to which his back is turned, while the pile of debris before him grows skyward. This storm is what we call progress. " Otto Karl Werckmeister has commented that Benjamin's interpretation of the angel has led to it becoming "an icon of the left". The name and concept of the angel has inspired works by other artists and musicians.</dbpedia-owl:abstract>
    <dbpedia-owl:abstract xml:lang="pl">Angelus Novus – akwarela namalowana przez Paula Klee w 1920 roku. Namalowana jest na papierze o wymiarach 31,8 × 24,2 cm; obecnie znajduje się w zbiorach Muzeum Izraela w Jerozolimie. Obraz należał do Waltera Benjamina, po którego śmierci trafił do jego wieloletniego przyjaciela Gershoma Scholema, później do wdowy po nim, a w końcu został przekazany do Muzeum Izraela. Benjamin uważał, iż dzieło przedstawia anioła, który wygląda tak, jak gdyby zamierzał się oddalić od czegoś, w czym zatopił spojrzenie. Ma szeroko rozwarte oczy, otwarte usta, rozpostarte skrzydła. Tak zapewne wygląda anioł historii. Oblicze zwrócił ku przeszłości. Tam, gdzie przed nami pojawia się łańcuch zdarzeń, on widzi jedną wieczną katastrofę, która nieprzerwanie mnoży piętrzące się ruiny i ciska mu je pod stopy. Chciałby się pewnie zatrzymać, zbudzić pomarłych i poskładać szczątki zaścielające pobojowisko. Lecz od raju wieje wicher, zaplątał mu się w skrzydłach, a tak jest potężny, że anioł nie potrafi ich złożyć. Wicher ten niepowstrzymanie gna go w przyszłość, do której zwrócony jest plecami, podczas gdy przed nim aż pod niebo wyrasta zwalisko ruin. To, co nazywamy postępem to właśnie ten wicher. Hannah Arendt w swojej książce o Benjaminie czyni postać Anioła Historii kluczową figurą Benjaminowskiej myśli, dopatrując się w nim zarówno pierwowzoru postawy flâneura, jak i odzwierciedlenia drogi życiowej samego autora. Koncept Anioła Historii zainspirował niektórych artystów i muzyków. Przypisy</dbpedia-owl:abstract>
    <dbpedia-owl:abstract xml:lang="de">Angelus Novus ist eine von Paul Klee 1920 geschaffene aquarellierte Zeichnung aus Tusche und Ölkreide auf bräunlichem Papier. Das Blatt hat die Maße 31,8 × 24,2 Zentimeter und befindet sich seit 1989 im Israel-Museum in Jerusalem. Es ist insbesondere durch Walter Benjamin bekannt geworden, der mehrere seiner Schriften auf das Bild bezog.</dbpedia-owl:abstract>
    <dbpedia-owl:abstract xml:lang="nl">Angelus Novus is een door Walter Benjamin beroemd geworden aquarel van Paul Klee. "Er bestaat een schilderij van Paul Klee, dat Angelus Novus heet. Er staat een engel op afgebeeld die zo te zien op het punt staat zich te verwijderen van iets waar het zijn blik strak op gericht houdt. Zijn ogen en zijn mond zijn opengesperd, hij heeft zijn vleugels gespreid. Zo moet de engel van de geschiedenis eruitzien. Zijn gelaat is naar het verleden gewend. Waar wij een reeks gebeurtenissen waarnemen, ziet hij één enkele catastrofe en daarin wordt zonder enig respijt puinhoop op puinhoop gestapeld, die hem voor de voeten geworpen wordt. De engel zou wel willen blijven, de doden tot leven wekken en de brokstukken weer tot een geheel maken. Maar zijn vleugels vangen de wind die uit het paradijs waait, een storm die zo hard is dat hij ze niet kan stuiten. Deze storm stuwt hem onweerstaanbaar voort, de toekomst in die hij de rug heeft toegekeerd, terwijl de stapel puin vóór hem tot aan de hemel groeit. Deze storm is wat wij vooruitgang noemen."</dbpedia-owl:abstract>
    <dbpedia-owl:wikiPageID rdf:datatype="http://www.w3.org/2001/XMLSchema#integer">13933705</dbpedia-owl:wikiPageID>
    <dbpedia-owl:wikiPageRevisionID rdf:datatype="http://www.w3.org/2001/XMLSchema#integer">545458219</dbpedia-owl:wikiPageRevisionID>
    <rdfs:label xml:lang="fr">Angelus Novus (Klee)</rdfs:label>
    <rdfs:label xml:lang="pl">Angelus Novus</rdfs:label>
    <rdfs:label xml:lang="es">Angelus Novus</rdfs:label>
    <rdfs:label xml:lang="de">Angelus Novus</rdfs:label>
    <rdfs:label xml:lang="en">Angelus Novus</rdfs:label>
    <rdfs:label xml:lang="nl">Angelus Novus</rdfs:label>
    <foaf:depiction rdf:resource="http://upload.wikimedia.org/wikipedia/commons/4/4b/Klee,_paul,_angelus_novus,_1920.jpg"/>
    <rdfs:comment xml:lang="de">Angelus Novus ist eine von Paul Klee 1920 geschaffene aquarellierte Zeichnung aus Tusche und Ölkreide auf bräunlichem Papier. Das Blatt hat die Maße 31,8 × 24,2 Zentimeter und befindet sich seit 1989 im Israel-Museum in Jerusalem. Es ist insbesondere durch Walter Benjamin bekannt geworden, der mehrere seiner Schriften auf das Bild bezog.</rdfs:comment>
    <rdfs:comment xml:lang="pl">Angelus Novus – akwarela namalowana przez Paula Klee w 1920 roku. Namalowana jest na papierze o wymiarach 31,8 × 24,2 cm; obecnie znajduje się w zbiorach Muzeum Izraela w Jerozolimie. Obraz należał do Waltera Benjamina, po którego śmierci trafił do jego wieloletniego przyjaciela Gershoma Scholema, później do wdowy po nim, a w końcu został przekazany do Muzeum Izraela.</rdfs:comment>
    <rdfs:comment xml:lang="es">Angelus Novus es un dibujo a tinta china, tiza y acuarela sobre papel, pintado en 1920 por el pintor suizo Paul Klee y adquirido posteriormente por el filósofo y crítico judeo-alemán Walter Benjamin. El título de la obra, Angelus Novus ('ángel nuevo' en latín), remite a una leyenda judía originaria del Talmud. Este motivo sirvió de inspiración a Benjamin para su famosa teoría del «Ángel de la historia», una visión pesimista del devenir histórico como un ciclo incesante de desesperación.</rdfs:comment>
    <rdfs:comment xml:lang="en">Angelus Novus is a copper etching plate, Intaglio printing with acidic watercolor on drypoint by Paul Klee, painted in 1920, and now in the collection of the Israel Museum in Jerusalem. In his ninth thesis in the essay “Theses on the Philosophy of History,” Walter Benjamin, who owned the print for many years, describes: "A Klee painting named Angelus Novus shows an angel looking as though he is about to move away from something he is fixedly contemplating.</rdfs:comment>
    <rdfs:comment xml:lang="nl">Angelus Novus is een door Walter Benjamin beroemd geworden aquarel van Paul Klee. "Er bestaat een schilderij van Paul Klee, dat Angelus Novus heet. Er staat een engel op afgebeeld die zo te zien op het punt staat zich te verwijderen van iets waar het zijn blik strak op gericht houdt. Zijn ogen en zijn mond zijn opengesperd, hij heeft zijn vleugels gespreid. Zo moet de engel van de geschiedenis eruitzien. Zijn gelaat is naar het verleden gewend.</rdfs:comment>
    <rdfs:comment xml:lang="fr">Angelus Novus est une aquarelle de Paul Klee, peinte en 1920, et faisant actuellement partie de la collection du Musée d'Israël, à Jerusalem. Le philosophe et critique d'art allemand Walter Benjamin qui posséda cette peinture et contribua grandement à sa notoriété en parle comme suit dans ses Thèses sur le concept d’histoire : « Il existe un tableau de Klee qui s'intitule Angelus Novus. Il représente un ange qui semble avoir dessein de s'éloigner de ce à quoi son regard semble rivé.</rdfs:comment>
    <dbpedia-owl:thumbnail rdf:resource="http://upload.wikimedia.org/wikipedia/commons/thumb/4/4b/Klee,_paul,_angelus_novus,_1920.jpg/200px-Klee,_paul,_angelus_novus,_1920.jpg"/>
    <foaf:isPrimaryTopicOf rdf:resource="http://en.wikipedia.org/wiki/Angelus_Novus"/>
    <ns6:wasDerivedFrom rdf:resource="http://en.wikipedia.org/wiki/Angelus_Novus?oldid=545458219"/>
    <dbpprop:hasPhotoCollection rdf:resource="http://wifo5-03.informatik.uni-mannheim.de/flickrwrappr/photos/Angelus_Novus"/>
  </rdf:Description>
  <rdf:Description rdf:about="http://en.wikipedia.org/wiki/Angelus_Novus">
    <foaf:primaryTopic rdf:resource="http://dbpedia.org/resource/Angelus_Novus"/>
  </rdf:Description>
  <rdf:Description rdf:about="http://es.dbpedia.org/resource/Angelus_Novus">
    <owl:sameAs rdf:resource="http://dbpedia.org/resource/Angelus_Novus"/>
  </rdf:Description>
  <rdf:Description rdf:about="http://nl.dbpedia.org/resource/Angelus_Novus">
    <owl:sameAs rdf:resource="http://dbpedia.org/resource/Angelus_Novus"/>
  </rdf:Description>
  <rdf:Description rdf:about="http://wikidata.dbpedia.org/resource/Q537640">
    <owl:sameAs rdf:resource="http://dbpedia.org/resource/Angelus_Novus"/>
  </rdf:Description>
  <rdf:Description rdf:about="http://he.dbpedia.org/resource/אנגלוס_נובוס">
    <owl:sameAs rdf:resource="http://dbpedia.org/resource/Angelus_Novus"/>
  </rdf:Description>
</rdf:RDF>
