<rdf:RDF xmlns:ns7="http://www.w3.org/ns/prov#" xmlns:dbpprop="http://dbpedia.org/property/" xmlns:foaf="http://xmlns.com/foaf/0.1/" xmlns:dbpedia-owl="http://dbpedia.org/ontology/" xmlns:dcterms="http://purl.org/dc/terms/" xmlns:owl="http://www.w3.org/2002/07/owl#" xmlns:rdfs="http://www.w3.org/2000/01/rdf-schema#" xmlns:rdf="http://www.w3.org/1999/02/22-rdf-syntax-ns#">
  <rdf:Description rdf:about="http://dbpedia.org/resource/Fra_Angelico">
    <dbpprop:works rdf:resource="http://dbpedia.org/resource/Annunciation_of_Cortona"/>
  </rdf:Description>
  <rdf:Description rdf:about="http://dbpedia.org/resource/Annunciation_of_Cortona">
    <rdf:type rdf:resource="http://dbpedia.org/class/yago/PaintingsByFraAngelico"/>
    <rdf:type rdf:resource="http://dbpedia.org/class/yago/Creation103129123"/>
    <rdf:type rdf:resource="http://dbpedia.org/class/yago/Painting103876519"/>
    <rdf:type rdf:resource="http://dbpedia.org/class/yago/GraphicArt103453809"/>
    <rdf:type rdf:resource="http://dbpedia.org/class/yago/Art102743547"/>
    <rdf:type rdf:resource="http://dbpedia.org/class/yago/PhysicalEntity100001930"/>
    <rdf:type rdf:resource="http://dbpedia.org/class/yago/Artifact100021939"/>
    <rdf:type rdf:resource="http://dbpedia.org/class/yago/Whole100003553"/>
    <rdf:type rdf:resource="http://dbpedia.org/class/yago/Object100002684"/>
    <rdf:type rdf:resource="http://dbpedia.org/class/yago/1430sPaintings"/>
    <owl:sameAs rdf:resource="http://yago-knowledge.org/resource/Annunciation_of_Cortona"/>
    <owl:sameAs rdf:resource="http://fr.dbpedia.org/resource/L'Annonciation_de_Cortone"/>
    <owl:sameAs rdf:resource="http://pt.dbpedia.org/resource/Anunciação_de_Cortona"/>
    <owl:sameAs rdf:resource="http://www.wikidata.org/entity/Q2376881"/>
    <owl:sameAs rdf:resource="http://rdf.freebase.com/ns/m.0c424hs"/>
    <owl:sameAs rdf:resource="http://dbpedia.org/resource/Annunciation_of_Cortona"/>
    <owl:sameAs rdf:resource="http://it.dbpedia.org/resource/Annunciazione_di_Cortona"/>
    <dcterms:subject rdf:resource="http://dbpedia.org/resource/Category:1430s_paintings"/>
    <dcterms:subject rdf:resource="http://dbpedia.org/resource/Category:Annunciation_in_Christian_art"/>
    <dcterms:subject rdf:resource="http://dbpedia.org/resource/Category:Paintings_by_Fra_Angelico"/>
    <dbpedia-owl:abstract xml:lang="it">L'Annunciazione di Cortona è un dipinto di Beato Angelico, conservato nel Museo diocesano di Cortona e databile al 1430 circa. L'opera è probabilmente la prima di una serie di tre grandi tavole dell'Annunciazione dipinte dall'Angelico negli anni trenta del Quattrocento; le altre due sono l'Annunciazione del Prado e l'Annunciazione di San Giovanni Valdarno.</dbpedia-owl:abstract>
    <dbpedia-owl:abstract xml:lang="pt">A Anunciação de Cortona é um retábulo pintado por Fra Angelico, que já esteve na Igreja de Jesus em Cortona, e que hoje está no Museu Diocesano na mesma cidade.</dbpedia-owl:abstract>
    <dbpedia-owl:abstract xml:lang="fr">L'Annonciation de Cortone est une œuvre de Fra Angelico, conservée au Museo Diocesano de Cortone.</dbpedia-owl:abstract>
    <dbpedia-owl:abstract xml:lang="en">The Annunciation of Cortona is a panel-painting altarpiece or retable by Fra Angelico: once housed in the Church of Gesù of Cortona, it is now held at the Museo del Prado in the city of Madrid</dbpedia-owl:abstract>
    <dbpedia-owl:wikiPageID rdf:datatype="http://www.w3.org/2001/XMLSchema#integer">27599282</dbpedia-owl:wikiPageID>
    <dbpedia-owl:wikiPageRevisionID rdf:datatype="http://www.w3.org/2001/XMLSchema#integer">546920315</dbpedia-owl:wikiPageRevisionID>
    <rdfs:label xml:lang="fr">L'Annonciation de Cortone</rdfs:label>
    <rdfs:label xml:lang="pt">Anunciação de Cortona</rdfs:label>
    <rdfs:label xml:lang="en">Annunciation of Cortona</rdfs:label>
    <rdfs:label xml:lang="it">Annunciazione di Cortona</rdfs:label>
    <foaf:depiction rdf:resource="http://upload.wikimedia.org/wikipedia/commons/7/7b/Fra_Angelico_069_framed.jpg"/>
    <rdfs:comment xml:lang="fr">L'Annonciation de Cortone est une œuvre de Fra Angelico, conservée au Museo Diocesano de Cortone.</rdfs:comment>
    <rdfs:comment xml:lang="pt">A Anunciação de Cortona é um retábulo pintado por Fra Angelico, que já esteve na Igreja de Jesus em Cortona, e que hoje está no Museu Diocesano na mesma cidade.</rdfs:comment>
    <rdfs:comment xml:lang="it">L'Annunciazione di Cortona è un dipinto di Beato Angelico, conservato nel Museo diocesano di Cortona e databile al 1430 circa. L'opera è probabilmente la prima di una serie di tre grandi tavole dell'Annunciazione dipinte dall'Angelico negli anni trenta del Quattrocento; le altre due sono l'Annunciazione del Prado e l'Annunciazione di San Giovanni Valdarno.</rdfs:comment>
    <rdfs:comment xml:lang="en">The Annunciation of Cortona is a panel-painting altarpiece or retable by Fra Angelico: once housed in the Church of Gesù of Cortona, it is now held at the Museo del Prado in the city of Madrid</rdfs:comment>
    <dbpedia-owl:thumbnail rdf:resource="http://upload.wikimedia.org/wikipedia/commons/thumb/7/7b/Fra_Angelico_069_framed.jpg/200px-Fra_Angelico_069_framed.jpg"/>
    <foaf:isPrimaryTopicOf rdf:resource="http://en.wikipedia.org/wiki/Annunciation_of_Cortona"/>
    <ns7:wasDerivedFrom rdf:resource="http://en.wikipedia.org/wiki/Annunciation_of_Cortona?oldid=546920315"/>
    <dbpprop:hasPhotoCollection rdf:resource="http://wifo5-03.informatik.uni-mannheim.de/flickrwrappr/photos/Annunciation_of_Cortona"/>
  </rdf:Description>
  <rdf:Description rdf:about="http://it.dbpedia.org/resource/Annunciazione_di_Cortona">
    <owl:sameAs rdf:resource="http://dbpedia.org/resource/Annunciation_of_Cortona"/>
  </rdf:Description>
  <rdf:Description rdf:about="http://en.wikipedia.org/wiki/Annunciation_of_Cortona">
    <foaf:primaryTopic rdf:resource="http://dbpedia.org/resource/Annunciation_of_Cortona"/>
  </rdf:Description>
  <rdf:Description rdf:about="http://dbpedia.org/resource/Annunciation_(disambiguation)">
    <dbpedia-owl:wikiPageDisambiguates rdf:resource="http://dbpedia.org/resource/Annunciation_of_Cortona"/>
  </rdf:Description>
  <rdf:Description rdf:about="http://dbpedia.org/resource/Annunciation_(Cortona)">
    <dbpedia-owl:wikiPageRedirects rdf:resource="http://dbpedia.org/resource/Annunciation_of_Cortona"/>
  </rdf:Description>
  <rdf:Description rdf:about="http://dbpedia.org/resource/Cortona_Annunciation">
    <dbpedia-owl:wikiPageRedirects rdf:resource="http://dbpedia.org/resource/Annunciation_of_Cortona"/>
  </rdf:Description>
  <rdf:Description rdf:about="http://fr.dbpedia.org/resource/L'Annonciation_de_Cortone">
    <owl:sameAs rdf:resource="http://dbpedia.org/resource/Annunciation_of_Cortona"/>
  </rdf:Description>
  <rdf:Description rdf:about="http://pt.dbpedia.org/resource/Anunciação_de_Cortona">
    <owl:sameAs rdf:resource="http://dbpedia.org/resource/Annunciation_of_Cortona"/>
  </rdf:Description>
  <rdf:Description rdf:about="http://wikidata.dbpedia.org/resource/Q2376881">
    <owl:sameAs rdf:resource="http://dbpedia.org/resource/Annunciation_of_Cortona"/>
  </rdf:Description>
</rdf:RDF>
