<rdf:RDF xmlns:ns7="http://www.w3.org/ns/prov#" xmlns:dbpprop="http://dbpedia.org/property/" xmlns:foaf="http://xmlns.com/foaf/0.1/" xmlns:dbpedia-owl="http://dbpedia.org/ontology/" xmlns:dcterms="http://purl.org/dc/terms/" xmlns:owl="http://www.w3.org/2002/07/owl#" xmlns:rdfs="http://www.w3.org/2000/01/rdf-schema#" xmlns:rdf="http://www.w3.org/1999/02/22-rdf-syntax-ns#">
  <rdf:Description rdf:about="http://dbpedia.org/resource/Annunciation_(Fra_Angelico,_Madrid)">
    <rdf:type rdf:resource="http://dbpedia.org/class/yago/PaintingsByFraAngelico"/>
    <rdf:type rdf:resource="http://dbpedia.org/class/yago/1430sPaintings"/>
    <rdf:type rdf:resource="http://dbpedia.org/class/yago/Whole100003553"/>
    <rdf:type rdf:resource="http://dbpedia.org/class/yago/Art102743547"/>
    <rdf:type rdf:resource="http://dbpedia.org/class/yago/Object100002684"/>
    <rdf:type rdf:resource="http://dbpedia.org/class/yago/GraphicArt103453809"/>
    <rdf:type rdf:resource="http://dbpedia.org/class/yago/Painting103876519"/>
    <rdf:type rdf:resource="http://dbpedia.org/class/yago/PhysicalEntity100001930"/>
    <rdf:type rdf:resource="http://dbpedia.org/class/yago/Creation103129123"/>
    <rdf:type rdf:resource="http://dbpedia.org/class/yago/Artifact100021939"/>
    <owl:sameAs rdf:resource="http://rdf.freebase.com/ns/m.0c3wz3_"/>
    <owl:sameAs rdf:resource="http://www.wikidata.org/entity/Q2378567"/>
    <owl:sameAs rdf:resource="http://yago-knowledge.org/resource/Annunciation_(Fra_Angelico,_Madrid)"/>
    <owl:sameAs rdf:resource="http://ru.dbpedia.org/resource/Благовещение_(Фра_Анжелико,_Прадо)"/>
    <owl:sameAs rdf:resource="http://es.dbpedia.org/resource/La_Anunciación_(Fra_Angelico,_Madrid)"/>
    <owl:sameAs rdf:resource="http://it.dbpedia.org/resource/Annunciazione_(Angelico_Prado)"/>
    <owl:sameAs rdf:resource="http://fr.dbpedia.org/resource/L'Annonciation_(Fra_Angelico,_Madrid)"/>
    <owl:sameAs rdf:resource="http://dbpedia.org/resource/Annunciation_(Fra_Angelico,_Madrid)"/>
    <owl:sameAs rdf:resource="http://pl.dbpedia.org/resource/Zwiastowanie_(obraz_Fra_Angelica)"/>
    <dcterms:subject rdf:resource="http://dbpedia.org/resource/Category:Collections_of_the_Museo_del_Prado"/>
    <dcterms:subject rdf:resource="http://dbpedia.org/resource/Category:Annunciation_in_Christian_art"/>
    <dcterms:subject rdf:resource="http://dbpedia.org/resource/Category:1430s_paintings"/>
    <dcterms:subject rdf:resource="http://dbpedia.org/resource/Category:Paintings_by_Fra_Angelico"/>
    <dbpedia-owl:abstract xml:lang="es">La Anunciación es un retablo pintado por el artista toscano del Renacimiento Fra Angelico, sobrenombre de Guido di Pietro da Mugello (1400-1455).</dbpedia-owl:abstract>
    <dbpedia-owl:abstract xml:lang="fr">Cette Annonciation de Fra Angelico exécutée dans les années 1430, pour le couvent San Domenico de Fiesole, est un retable conservé aujourd'hui au musée du Prado, en Espagne.</dbpedia-owl:abstract>
    <dbpedia-owl:abstract xml:lang="ru">«Благовещение» — один из алтарных образов на тему визита архангела Гавриила к деве Марии, написанных фра Беато Анжелико, в настоящий момент находится в экспозиции Прадо.</dbpedia-owl:abstract>
    <dbpedia-owl:abstract xml:lang="en">The Annunciation is a panel-painting altarpiece or retable by Fra Angelico, produced for the Convent of San Domenico in Fiesole and now in the Prado in Madrid. 30px External video 16px Smarthistory - Fra Angelico's The Annunciation (Prado)</dbpedia-owl:abstract>
    <dbpedia-owl:abstract xml:lang="pl">Zwiastowanie – obraz ołtarzowy namalowany ok. 1426 przez Fra Angelico dla klasztoru Santo Domenico w Fiesole, niedaleko Florencji. Dzieło zostało wykonane w technice tempery z użyciem złota. Ołtarz przechowywany jest w Muzeum Prado. Scena zwiastowania rozgrywa się pod portykiem o lekkiej konstrukcji z cienkich kolumienek. Z lewej strony w głębi ogrodu widać scenę wygnania Adama i Ewy z Raju. Predella ukazuje sceny z życia Maryi: narodziny Marii, ślub ze św. Józefem, nawiedzenie św. Elżbiety, narodziny Chrystusa, ofiarowanie Jezusa w świątyni oraz Wniebowzięcie Maryi. Fra Angelico malował obrazy wyłącznie religijne, pojmując sztukę jako formę wysławiania Stwórcy. Bardzo precyzyjnie oddawał naturę i cechy przedstawianych postaci. W swoim stylu łączył późny włoski gotyk z nową – renesansową – formułą sztuki. Przykładem tego jest chociażby przestrzenność architektury w jego dziełach.</dbpedia-owl:abstract>
    <dbpedia-owl:abstract xml:lang="it">L'Annunciazione è un'opera di Beato Angelico conservata nel Museo del Prado a Madrid e databile alla metà degli anni trenta del Quattrocento. L'opera è probabilmente la terza di una serie di tre grandi tavole dell'Annunciazione dipinte dall'Angelico negli anni trenta del Quattrocento; le altre due sono l'Annunciazione di Cortona e l'Annunciazione di San Giovanni Valdarno. La datazione non è però concorde ed alcuni storici dell'arte invertono la serie, proponendo la tavola del Prado come la prima.</dbpedia-owl:abstract>
    <dbpedia-owl:wikiPageID rdf:datatype="http://www.w3.org/2001/XMLSchema#integer">27599195</dbpedia-owl:wikiPageID>
    <dbpedia-owl:wikiPageRevisionID rdf:datatype="http://www.w3.org/2001/XMLSchema#integer">541027024</dbpedia-owl:wikiPageRevisionID>
    <rdfs:label xml:lang="pl">Zwiastowanie (obraz Fra Angelica)</rdfs:label>
    <rdfs:label xml:lang="fr">L'Annonciation (Fra Angelico, Madrid)</rdfs:label>
    <rdfs:label xml:lang="es">La Anunciación (Fra Angelico, Madrid)</rdfs:label>
    <rdfs:label xml:lang="ru">Благовещение (Фра Анжелико, Прадо)</rdfs:label>
    <rdfs:label xml:lang="it">Annunciazione (Angelico Prado)</rdfs:label>
    <rdfs:label xml:lang="en">Annunciation (Fra Angelico, Madrid)</rdfs:label>
    <foaf:depiction rdf:resource="http://upload.wikimedia.org/wikipedia/commons/f/fe/Angelico,_prado.jpg"/>
    <rdfs:comment xml:lang="fr">Cette Annonciation de Fra Angelico exécutée dans les années 1430, pour le couvent San Domenico de Fiesole, est un retable conservé aujourd'hui au musée du Prado, en Espagne.</rdfs:comment>
    <rdfs:comment xml:lang="ru">«Благовещение» — один из алтарных образов на тему визита архангела Гавриила к деве Марии, написанных фра Беато Анжелико, в настоящий момент находится в экспозиции Прадо.</rdfs:comment>
    <rdfs:comment xml:lang="it">L'Annunciazione è un'opera di Beato Angelico conservata nel Museo del Prado a Madrid e databile alla metà degli anni trenta del Quattrocento. L'opera è probabilmente la terza di una serie di tre grandi tavole dell'Annunciazione dipinte dall'Angelico negli anni trenta del Quattrocento; le altre due sono l'Annunciazione di Cortona e l'Annunciazione di San Giovanni Valdarno.</rdfs:comment>
    <rdfs:comment xml:lang="es">La Anunciación es un retablo pintado por el artista toscano del Renacimiento Fra Angelico, sobrenombre de Guido di Pietro da Mugello (1400-1455).</rdfs:comment>
    <rdfs:comment xml:lang="pl">Zwiastowanie – obraz ołtarzowy namalowany ok. 1426 przez Fra Angelico dla klasztoru Santo Domenico w Fiesole, niedaleko Florencji. Dzieło zostało wykonane w technice tempery z użyciem złota. Ołtarz przechowywany jest w Muzeum Prado. Scena zwiastowania rozgrywa się pod portykiem o lekkiej konstrukcji z cienkich kolumienek. Z lewej strony w głębi ogrodu widać scenę wygnania Adama i Ewy z Raju. Predella ukazuje sceny z życia Maryi: narodziny Marii, ślub ze św. Józefem, nawiedzenie św.</rdfs:comment>
    <rdfs:comment xml:lang="en">The Annunciation is a panel-painting altarpiece or retable by Fra Angelico, produced for the Convent of San Domenico in Fiesole and now in the Prado in Madrid. 30px External video 16px Smarthistory - Fra Angelico's The Annunciation (Prado)</rdfs:comment>
    <dbpedia-owl:thumbnail rdf:resource="http://upload.wikimedia.org/wikipedia/commons/thumb/f/fe/Angelico,_prado.jpg/200px-Angelico,_prado.jpg"/>
    <dbpedia-owl:wikiPageExternalLink rdf:resource="http://smarthistory.khanacademy.org/fra-angelico-annunciation.html"/>
    <dbpprop:align xml:lang="en">right</dbpprop:align>
    <dbpprop:video rdf:resource="http://smarthistory.khanacademy.org/fra-angelico-annunciation.html"/>
    <dbpprop:width rdf:datatype="http://www.w3.org/2001/XMLSchema#integer">210</dbpprop:width>
    <foaf:isPrimaryTopicOf rdf:resource="http://en.wikipedia.org/wiki/Annunciation_(Fra_Angelico,_Madrid)"/>
    <ns7:wasDerivedFrom rdf:resource="http://en.wikipedia.org/wiki/Annunciation_(Fra_Angelico,_Madrid)?oldid=541027024"/>
    <dbpprop:hasPhotoCollection rdf:resource="http://wifo5-03.informatik.uni-mannheim.de/flickrwrappr/photos/Annunciation_(Fra_Angelico,_Madrid)"/>
  </rdf:Description>
  <rdf:Description rdf:about="http://it.dbpedia.org/resource/Annunciazione_(Angelico_Prado)">
    <owl:sameAs rdf:resource="http://dbpedia.org/resource/Annunciation_(Fra_Angelico,_Madrid)"/>
  </rdf:Description>
  <rdf:Description rdf:about="http://pl.dbpedia.org/resource/Zwiastowanie_(obraz_Fra_Angelica)">
    <owl:sameAs rdf:resource="http://dbpedia.org/resource/Annunciation_(Fra_Angelico,_Madrid)"/>
  </rdf:Description>
  <rdf:Description rdf:about="http://ru.dbpedia.org/resource/Благовещение_(Фра_Анжелико,_Прадо)">
    <owl:sameAs rdf:resource="http://dbpedia.org/resource/Annunciation_(Fra_Angelico,_Madrid)"/>
  </rdf:Description>
  <rdf:Description rdf:about="http://es.dbpedia.org/resource/La_Anunciación_(Fra_Angelico,_Madrid)">
    <owl:sameAs rdf:resource="http://dbpedia.org/resource/Annunciation_(Fra_Angelico,_Madrid)"/>
  </rdf:Description>
  <rdf:Description rdf:about="http://en.wikipedia.org/wiki/Annunciation_(Fra_Angelico,_Madrid)">
    <foaf:primaryTopic rdf:resource="http://dbpedia.org/resource/Annunciation_(Fra_Angelico,_Madrid)"/>
  </rdf:Description>
  <rdf:Description rdf:about="http://fr.dbpedia.org/resource/L'Annonciation_(Fra_Angelico,_Madrid)">
    <owl:sameAs rdf:resource="http://dbpedia.org/resource/Annunciation_(Fra_Angelico,_Madrid)"/>
  </rdf:Description>
  <rdf:Description rdf:about="http://wikidata.dbpedia.org/resource/Q2378567">
    <owl:sameAs rdf:resource="http://dbpedia.org/resource/Annunciation_(Fra_Angelico,_Madrid)"/>
  </rdf:Description>
</rdf:RDF>
