<rdf:RDF xmlns:ns7="http://www.w3.org/ns/prov#" xmlns:dbpprop="http://dbpedia.org/property/" xmlns:foaf="http://xmlns.com/foaf/0.1/" xmlns:dbpedia-owl="http://dbpedia.org/ontology/" xmlns:dcterms="http://purl.org/dc/terms/" xmlns:owl="http://www.w3.org/2002/07/owl#" xmlns:rdfs="http://www.w3.org/2000/01/rdf-schema#" xmlns:rdf="http://www.w3.org/1999/02/22-rdf-syntax-ns#">
  <rdf:Description rdf:about="http://es.dbpedia.org/resource/Anunciación_(Botticelli,_Glasgow)">
    <owl:sameAs rdf:resource="http://dbpedia.org/resource/Annunciation_(Botticelli,_Glasgow)"/>
  </rdf:Description>
  <rdf:Description rdf:about="http://it.dbpedia.org/resource/Annunciazione_(Botticelli_Glasgow)">
    <owl:sameAs rdf:resource="http://dbpedia.org/resource/Annunciation_(Botticelli,_Glasgow)"/>
  </rdf:Description>
  <rdf:Description rdf:about="http://dbpedia.org/resource/Annunciation_(Botticelli,_Glasgow)">
    <rdf:type rdf:resource="http://dbpedia.org/class/yago/Artifact100021939"/>
    <rdf:type rdf:resource="http://dbpedia.org/class/yago/Creation103129123"/>
    <rdf:type rdf:resource="http://dbpedia.org/class/yago/Whole100003553"/>
    <rdf:type rdf:resource="http://dbpedia.org/class/yago/Painting103876519"/>
    <rdf:type rdf:resource="http://schema.org/CreativeWork"/>
    <rdf:type rdf:resource="http://dbpedia.org/class/yago/Object100002684"/>
    <rdf:type rdf:resource="http://www.w3.org/2002/07/owl#Thing"/>
    <rdf:type rdf:resource="http://dbpedia.org/class/yago/PhysicalEntity100001930"/>
    <rdf:type rdf:resource="http://dbpedia.org/ontology/Work"/>
    <rdf:type rdf:resource="http://dbpedia.org/ontology/Artwork"/>
    <rdf:type rdf:resource="http://dbpedia.org/class/yago/1490sPaintings"/>
    <rdf:type rdf:resource="http://dbpedia.org/class/yago/PaintingsBySandroBotticelli"/>
    <rdf:type rdf:resource="http://dbpedia.org/class/yago/GraphicArt103453809"/>
    <rdf:type rdf:resource="http://dbpedia.org/class/yago/Art102743547"/>
    <owl:sameAs rdf:resource="http://rdf.freebase.com/ns/m.03cfnh0"/>
    <owl:sameAs rdf:resource="http://it.dbpedia.org/resource/Annunciazione_(Botticelli_Glasgow)"/>
    <owl:sameAs rdf:resource="http://es.dbpedia.org/resource/Anunciación_(Botticelli,_Glasgow)"/>
    <owl:sameAs rdf:resource="http://yago-knowledge.org/resource/Annunciation_(Botticelli,_Glasgow)"/>
    <owl:sameAs rdf:resource="http://www.wikidata.org/entity/Q1114806"/>
    <owl:sameAs rdf:resource="http://dbpedia.org/resource/Annunciation_(Botticelli,_Glasgow)"/>
    <owl:sameAs rdf:resource="http://fr.dbpedia.org/resource/L'Annonciation_de_la_chiesa_fiorentina_di_San_Barnaba"/>
    <dcterms:subject rdf:resource="http://dbpedia.org/resource/Category:1490s_paintings"/>
    <dcterms:subject rdf:resource="http://dbpedia.org/resource/Category:Annunciation_in_Christian_art"/>
    <dcterms:subject rdf:resource="http://dbpedia.org/resource/Category:Paintings_by_Sandro_Botticelli"/>
    <dbpedia-owl:abstract xml:lang="es">La Anunciación, es un cuadro realizado por el pintor renacentista italiano Sandro Botticelli. Está ejecutado al temple sobre madera. Es una tablita de pequeño tamaño, pues mide 49,5 cm. de alto y 58,5 cm. de ancho. Actualmente se conserva en el Museo Kelvingrove de Glasgow. Su datación no es segura; la mayor parte de la crítica la considera juvenil, al apreciar ciertos elementos que recuerdan a Verrocchio; Van Marle, sin embargo, la data hacia 1490. Sobre la parte posterior de la tabla hay una nota que señala que provenía de la iglesia florentina de San Bernabé. Se logra el ambiente por la sucesión de las columnas y de los cuadros del suelo, que sirven también para evidenciar el esquema perspectivo. Esta solemne arquitectura domina a las figuras.</dbpedia-owl:abstract>
    <dbpedia-owl:abstract xml:lang="en">The Annunciation is a painting created by Italian Renaissance painter Sandro Botticelli. It is a tempera on panel and measures 49.5 cm tall and 58.5 cm wide. It is in the Kelvingrove Art Gallery and Museum in Glasgow, Scotland. Its date is not certain though a majority of the critics consider it early, noticing certain elements reminiscent of Verrocchio. Van Marle, however, dates it circa 1490. On the lower part there is a note that indicates that it came from the Florentine Church of Saint Barnabas. The atmosphere is achieved through the succession of columns and sections of flooring that serve to demonstrate the perspective. The solemn architecture overlooks the figures.</dbpedia-owl:abstract>
    <dbpedia-owl:abstract xml:lang="fr">L'Annonciation de la chiesa fiorentina di San Barnaba est une peinture de Sandro Botticelli en tempera sur panneau de 49,5 × 58,5 cm réalisée en 1490 et conservée à la Kelvingrove Art Gallery and Museum de Glasgow.</dbpedia-owl:abstract>
    <dbpedia-owl:abstract xml:lang="it">L'Annunciazione è un dipinto a tempera su tavola (49,5x58,5 cm) di Sandro Botticelli, databile al 1490 circa e conservato nella Kelvingrove Art Gallery and Museum di Glasgow. Sul retro della tavola è presente una nota che segnala la sua provenienza dalla chiesa fiorentina di San Barnaba. L'ambiente è scandito dalla successione delle colonne e dei quadri sul pavimento, che servono anche a evidenziare lo schema prospettico. È comunque importante sottolineare che analizzando la griglia prospettica utilizzata dal Botticelli questa non è corretta rispetto alle diagonali, rivelando quindi l'artificio prospettico utilizzato dall'autore.</dbpedia-owl:abstract>
    <dbpedia-owl:author rdf:resource="http://dbpedia.org/resource/Sandro_Botticelli"/>
    <dbpedia-owl:museum rdf:resource="http://dbpedia.org/resource/Kelvingrove_Art_Gallery_and_Museum"/>
    <dbpedia-owl:wikiPageID rdf:datatype="http://www.w3.org/2001/XMLSchema#integer">13705785</dbpedia-owl:wikiPageID>
    <dbpedia-owl:wikiPageRevisionID rdf:datatype="http://www.w3.org/2001/XMLSchema#integer">544994786</dbpedia-owl:wikiPageRevisionID>
    <rdfs:label xml:lang="es">Anunciación (Botticelli, Glasgow)</rdfs:label>
    <rdfs:label xml:lang="it">Annunciazione (Botticelli Glasgow)</rdfs:label>
    <rdfs:label xml:lang="fr">L'Annonciation de la chiesa fiorentina di San Barnaba</rdfs:label>
    <rdfs:label xml:lang="en">Annunciation (Botticelli, Glasgow)</rdfs:label>
    <foaf:depiction rdf:resource="http://upload.wikimedia.org/wikipedia/commons/2/2b/AnnunciazioneBotticelli-1490.jpg"/>
    <rdfs:comment xml:lang="es">La Anunciación, es un cuadro realizado por el pintor renacentista italiano Sandro Botticelli. Está ejecutado al temple sobre madera. Es una tablita de pequeño tamaño, pues mide 49,5 cm. de alto y 58,5 cm. de ancho. Actualmente se conserva en el Museo Kelvingrove de Glasgow. Su datación no es segura; la mayor parte de la crítica la considera juvenil, al apreciar ciertos elementos que recuerdan a Verrocchio; Van Marle, sin embargo, la data hacia 1490.</rdfs:comment>
    <rdfs:comment xml:lang="en">The Annunciation is a painting created by Italian Renaissance painter Sandro Botticelli. It is a tempera on panel and measures 49.5 cm tall and 58.5 cm wide. It is in the Kelvingrove Art Gallery and Museum in Glasgow, Scotland. Its date is not certain though a majority of the critics consider it early, noticing certain elements reminiscent of Verrocchio. Van Marle, however, dates it circa 1490.</rdfs:comment>
    <rdfs:comment xml:lang="fr">L'Annonciation de la chiesa fiorentina di San Barnaba est une peinture de Sandro Botticelli en tempera sur panneau de 49,5 × 58,5 cm réalisée en 1490 et conservée à la Kelvingrove Art Gallery and Museum de Glasgow.</rdfs:comment>
    <rdfs:comment xml:lang="it">L'Annunciazione è un dipinto a tempera su tavola (49,5x58,5 cm) di Sandro Botticelli, databile al 1490 circa e conservato nella Kelvingrove Art Gallery and Museum di Glasgow. Sul retro della tavola è presente una nota che segnala la sua provenienza dalla chiesa fiorentina di San Barnaba. L'ambiente è scandito dalla successione delle colonne e dei quadri sul pavimento, che servono anche a evidenziare lo schema prospettico.</rdfs:comment>
    <foaf:name xml:lang="en">Annunciation</foaf:name>
    <dbpedia-owl:thumbnail rdf:resource="http://upload.wikimedia.org/wikipedia/commons/thumb/2/2b/AnnunciazioneBotticelli-1490.jpg/200px-AnnunciazioneBotticelli-1490.jpg"/>
    <dbpprop:artist rdf:resource="http://dbpedia.org/resource/Sandro_Botticelli"/>
    <dbpprop:city rdf:resource="http://dbpedia.org/resource/Glasgow"/>
    <dbpprop:height rdf:datatype="http://www.w3.org/2001/XMLSchema#double">49.5</dbpprop:height>
    <dbpprop:imageFile xml:lang="en">AnnunciazioneBotticelli-1490.jpg</dbpprop:imageFile>
    <dbpprop:museum rdf:resource="http://dbpedia.org/resource/Kelvingrove_Art_Gallery_and_Museum"/>
    <dbpprop:title xml:lang="en">Annunciation</dbpprop:title>
    <dbpprop:type rdf:resource="http://dbpedia.org/resource/Tempera"/>
    <dbpprop:width rdf:datatype="http://www.w3.org/2001/XMLSchema#double">58.5</dbpprop:width>
    <dbpprop:year rdf:datatype="http://www.w3.org/2001/XMLSchema#integer">1490</dbpprop:year>
    <foaf:isPrimaryTopicOf rdf:resource="http://en.wikipedia.org/wiki/Annunciation_(Botticelli,_Glasgow)"/>
    <ns7:wasDerivedFrom rdf:resource="http://en.wikipedia.org/wiki/Annunciation_(Botticelli,_Glasgow)?oldid=544994786"/>
    <dbpprop:hasPhotoCollection rdf:resource="http://wifo5-03.informatik.uni-mannheim.de/flickrwrappr/photos/Annunciation_(Botticelli,_Glasgow)"/>
  </rdf:Description>
  <rdf:Description rdf:about="http://dbpedia.org/resource/Annunciation_(disambiguation)">
    <dbpedia-owl:wikiPageDisambiguates rdf:resource="http://dbpedia.org/resource/Annunciation_(Botticelli,_Glasgow)"/>
  </rdf:Description>
  <rdf:Description rdf:about="http://en.wikipedia.org/wiki/Annunciation_(Botticelli,_Glasgow)">
    <foaf:primaryTopic rdf:resource="http://dbpedia.org/resource/Annunciation_(Botticelli,_Glasgow)"/>
  </rdf:Description>
  <rdf:Description rdf:about="http://dbpedia.org/resource/Annunciation_(Boticelli,_Glasgow)">
    <dbpedia-owl:wikiPageRedirects rdf:resource="http://dbpedia.org/resource/Annunciation_(Botticelli,_Glasgow)"/>
  </rdf:Description>
  <rdf:Description rdf:about="http://fr.dbpedia.org/resource/L'Annonciation_de_la_chiesa_fiorentina_di_San_Barnaba">
    <owl:sameAs rdf:resource="http://dbpedia.org/resource/Annunciation_(Botticelli,_Glasgow)"/>
  </rdf:Description>
  <rdf:Description rdf:about="http://wikidata.dbpedia.org/resource/Q1114806">
    <owl:sameAs rdf:resource="http://dbpedia.org/resource/Annunciation_(Botticelli,_Glasgow)"/>
  </rdf:Description>
</rdf:RDF>
