<rdf:RDF xmlns:ns7="http://www.w3.org/ns/prov#" xmlns:dbpprop="http://dbpedia.org/property/" xmlns:foaf="http://xmlns.com/foaf/0.1/" xmlns:dbpedia-owl="http://dbpedia.org/ontology/" xmlns:dcterms="http://purl.org/dc/terms/" xmlns:owl="http://www.w3.org/2002/07/owl#" xmlns:rdfs="http://www.w3.org/2000/01/rdf-schema#" xmlns:rdf="http://www.w3.org/1999/02/22-rdf-syntax-ns#">
  <rdf:Description rdf:about="http://dbpedia.org/resource/Annunciation_(Pontormo)">
    <rdf:type rdf:resource="http://dbpedia.org/class/yago/PaintingsByPontormo"/>
    <rdf:type rdf:resource="http://dbpedia.org/class/yago/Art102743547"/>
    <rdf:type rdf:resource="http://dbpedia.org/class/yago/GraphicArt103453809"/>
    <rdf:type rdf:resource="http://dbpedia.org/class/yago/PhysicalEntity100001930"/>
    <rdf:type rdf:resource="http://schema.org/CreativeWork"/>
    <rdf:type rdf:resource="http://dbpedia.org/ontology/Artwork"/>
    <rdf:type rdf:resource="http://dbpedia.org/class/yago/1528Paintings"/>
    <rdf:type rdf:resource="http://dbpedia.org/class/yago/Creation103129123"/>
    <rdf:type rdf:resource="http://dbpedia.org/class/yago/Artifact100021939"/>
    <rdf:type rdf:resource="http://dbpedia.org/class/yago/Painting103876519"/>
    <rdf:type rdf:resource="http://dbpedia.org/ontology/Work"/>
    <rdf:type rdf:resource="http://www.w3.org/2002/07/owl#Thing"/>
    <rdf:type rdf:resource="http://dbpedia.org/class/yago/FrescoPaintings"/>
    <rdf:type rdf:resource="http://dbpedia.org/class/yago/Whole100003553"/>
    <rdf:type rdf:resource="http://dbpedia.org/class/yago/Object100002684"/>
    <owl:sameAs rdf:resource="http://yago-knowledge.org/resource/Annunciation_(Pontormo)"/>
    <owl:sameAs rdf:resource="http://www.wikidata.org/entity/Q3618187"/>
    <owl:sameAs rdf:resource="http://it.dbpedia.org/resource/Annunciazione_(Pontormo)"/>
    <owl:sameAs rdf:resource="http://dbpedia.org/resource/Annunciation_(Pontormo)"/>
    <owl:sameAs rdf:resource="http://rdf.freebase.com/ns/m.0264gbx"/>
    <dcterms:subject rdf:resource="http://dbpedia.org/resource/Category:Annunciation_in_Christian_art"/>
    <dcterms:subject rdf:resource="http://dbpedia.org/resource/Category:1528_paintings"/>
    <dcterms:subject rdf:resource="http://dbpedia.org/resource/Category:Paintings_by_Pontormo"/>
    <dcterms:subject rdf:resource="http://dbpedia.org/resource/Category:Fresco_paintings"/>
    <dbpedia-owl:abstract xml:lang="it">L'Annunciazione è un dipinto a olio su tavola (368×168 cm) di Pontormo, databile al 1527-1528 circa e conservato nella Cappella Capponi nella chiesa di Santa Felicita a Firenze.</dbpedia-owl:abstract>
    <dbpedia-owl:abstract xml:lang="en">The Annunciation is a wall painting by the Italian mannerist artist Jacopo Pontormo, executed in 1527-1528 as part of his commission to decorate the Capponi Chapel in the church of Santa Felicita, Florence. It is frescoed around the window on the wall adjacent to Pontormo's masterpiece, the famous Deposition from the Cross. Pontormo depicts the Annunciation, the revelation to Mary by the Archangel Gabriel that she would conceive a child to be born the Son of God, in a lively composition, with both figures in an elastic contrapposto.</dbpedia-owl:abstract>
    <dbpedia-owl:author rdf:resource="http://dbpedia.org/resource/Pontormo"/>
    <dbpedia-owl:museum rdf:resource="http://dbpedia.org/resource/Santa_Felicita,_Florence"/>
    <dbpedia-owl:wikiPageID rdf:datatype="http://www.w3.org/2001/XMLSchema#integer">7529075</dbpedia-owl:wikiPageID>
    <dbpedia-owl:wikiPageRevisionID rdf:datatype="http://www.w3.org/2001/XMLSchema#integer">544570523</dbpedia-owl:wikiPageRevisionID>
    <rdfs:label xml:lang="en">Annunciation (Pontormo)</rdfs:label>
    <rdfs:label xml:lang="it">Annunciazione (Pontormo)</rdfs:label>
    <foaf:depiction rdf:resource="http://upload.wikimedia.org/wikipedia/commons/0/0b/Jacopo_Pontormo_024.jpg"/>
    <rdfs:comment xml:lang="it">L'Annunciazione è un dipinto a olio su tavola (368×168 cm) di Pontormo, databile al 1527-1528 circa e conservato nella Cappella Capponi nella chiesa di Santa Felicita a Firenze.</rdfs:comment>
    <rdfs:comment xml:lang="en">The Annunciation is a wall painting by the Italian mannerist artist Jacopo Pontormo, executed in 1527-1528 as part of his commission to decorate the Capponi Chapel in the church of Santa Felicita, Florence. It is frescoed around the window on the wall adjacent to Pontormo's masterpiece, the famous Deposition from the Cross.</rdfs:comment>
    <foaf:name xml:lang="en">Annunciation (The Archangel Gabriel)</foaf:name>
    <foaf:name xml:lang="en">Annunciation (The Virgin Mary)</foaf:name>
    <dbpedia-owl:thumbnail rdf:resource="http://upload.wikimedia.org/wikipedia/commons/thumb/0/0b/Jacopo_Pontormo_024.jpg/200px-Jacopo_Pontormo_024.jpg"/>
    <dbpprop:artist xml:lang="en">Jacopo Pontormo</dbpprop:artist>
    <dbpprop:city xml:lang="en">Florence</dbpprop:city>
    <dbpprop:height rdf:datatype="http://www.w3.org/2001/XMLSchema#integer">368</dbpprop:height>
    <dbpprop:imageFile xml:lang="en">Jacopo Pontormo 024.jpg</dbpprop:imageFile>
    <dbpprop:imageFile xml:lang="en">Jacopo Pontormo 025.jpg</dbpprop:imageFile>
    <dbpprop:imageSize rdf:datatype="http://www.w3.org/2001/XMLSchema#integer">180</dbpprop:imageSize>
    <dbpprop:museum xml:lang="en">Santa Felicita</dbpprop:museum>
    <dbpprop:title xml:lang="en">Annunciation</dbpprop:title>
    <dbpprop:type xml:lang="en">fresco</dbpprop:type>
    <dbpprop:width rdf:datatype="http://www.w3.org/2001/XMLSchema#integer">168</dbpprop:width>
    <dbpprop:year xml:lang="en">circa 1527&amp;ndash;1528</dbpprop:year>
    <foaf:isPrimaryTopicOf rdf:resource="http://en.wikipedia.org/wiki/Annunciation_(Pontormo)"/>
    <ns7:wasDerivedFrom rdf:resource="http://en.wikipedia.org/wiki/Annunciation_(Pontormo)?oldid=544570523"/>
    <dbpprop:hasPhotoCollection rdf:resource="http://wifo5-03.informatik.uni-mannheim.de/flickrwrappr/photos/Annunciation_(Pontormo)"/>
  </rdf:Description>
  <rdf:Description rdf:about="http://it.dbpedia.org/resource/Annunciazione_(Pontormo)">
    <owl:sameAs rdf:resource="http://dbpedia.org/resource/Annunciation_(Pontormo)"/>
  </rdf:Description>
  <rdf:Description rdf:about="http://dbpedia.org/resource/Annunciation_(disambiguation)">
    <dbpedia-owl:wikiPageDisambiguates rdf:resource="http://dbpedia.org/resource/Annunciation_(Pontormo)"/>
  </rdf:Description>
  <rdf:Description rdf:about="http://en.wikipedia.org/wiki/Annunciation_(Pontormo)">
    <foaf:primaryTopic rdf:resource="http://dbpedia.org/resource/Annunciation_(Pontormo)"/>
  </rdf:Description>
  <rdf:Description rdf:about="http://dbpedia.org/resource/Virgin_and_the_Angel_Gabriel_(Pontormo)">
    <dbpedia-owl:wikiPageRedirects rdf:resource="http://dbpedia.org/resource/Annunciation_(Pontormo)"/>
  </rdf:Description>
  <rdf:Description rdf:about="http://dbpedia.org/resource/Virgin_and_the_Angel_Gabriel_(Pontorm)">
    <dbpedia-owl:wikiPageRedirects rdf:resource="http://dbpedia.org/resource/Annunciation_(Pontormo)"/>
  </rdf:Description>
  <rdf:Description rdf:about="http://wikidata.dbpedia.org/resource/Q3618187">
    <owl:sameAs rdf:resource="http://dbpedia.org/resource/Annunciation_(Pontormo)"/>
  </rdf:Description>
</rdf:RDF>
