<rdf:RDF xmlns:ns7="http://www.w3.org/ns/prov#" xmlns:dbpprop="http://dbpedia.org/property/" xmlns:foaf="http://xmlns.com/foaf/0.1/" xmlns:dbpedia-owl="http://dbpedia.org/ontology/" xmlns:dcterms="http://purl.org/dc/terms/" xmlns:owl="http://www.w3.org/2002/07/owl#" xmlns:rdfs="http://www.w3.org/2000/01/rdf-schema#" xmlns:rdf="http://www.w3.org/1999/02/22-rdf-syntax-ns#">
  <rdf:Description rdf:about="http://dbpedia.org/resource/Annunciation_(Ambrogio_Lorenzetti)">
    <rdf:type rdf:resource="http://dbpedia.org/ontology/Artwork"/>
    <rdf:type rdf:resource="http://dbpedia.org/class/yago/Object100002684"/>
    <rdf:type rdf:resource="http://www.w3.org/2002/07/owl#Thing"/>
    <rdf:type rdf:resource="http://dbpedia.org/class/yago/Art102743547"/>
    <rdf:type rdf:resource="http://dbpedia.org/ontology/Work"/>
    <rdf:type rdf:resource="http://dbpedia.org/class/yago/GothicPaintings"/>
    <rdf:type rdf:resource="http://dbpedia.org/class/yago/ItalianPaintings"/>
    <rdf:type rdf:resource="http://dbpedia.org/class/yago/1344Paintings"/>
    <rdf:type rdf:resource="http://schema.org/CreativeWork"/>
    <rdf:type rdf:resource="http://dbpedia.org/class/yago/Whole100003553"/>
    <rdf:type rdf:resource="http://dbpedia.org/class/yago/GraphicArt103453809"/>
    <rdf:type rdf:resource="http://dbpedia.org/class/yago/PhysicalEntity100001930"/>
    <rdf:type rdf:resource="http://dbpedia.org/class/yago/Painting103876519"/>
    <rdf:type rdf:resource="http://dbpedia.org/class/yago/Artifact100021939"/>
    <rdf:type rdf:resource="http://dbpedia.org/class/yago/Creation103129123"/>
    <owl:sameAs rdf:resource="http://it.dbpedia.org/resource/Annunciazione_(Ambrogio_Lorenzetti)"/>
    <owl:sameAs rdf:resource="http://www.wikidata.org/entity/Q3618171"/>
    <owl:sameAs rdf:resource="http://dbpedia.org/resource/Annunciation_(Ambrogio_Lorenzetti)"/>
    <owl:sameAs rdf:resource="http://rdf.freebase.com/ns/m.0h634nv"/>
    <owl:sameAs rdf:resource="http://yago-knowledge.org/resource/Annunciation_(Ambrogio_Lorenzetti)"/>
    <dcterms:subject rdf:resource="http://dbpedia.org/resource/Category:Italian_paintings"/>
    <dcterms:subject rdf:resource="http://dbpedia.org/resource/Category:1344_paintings"/>
    <dcterms:subject rdf:resource="http://dbpedia.org/resource/Category:Annunciation_in_Christian_art"/>
    <dcterms:subject rdf:resource="http://dbpedia.org/resource/Category:Gothic_paintings"/>
    <dbpedia-owl:abstract xml:lang="it">L'Annunciazione è un dipinto a tempera e oro su tavola (127x120 cm) di Ambrogio Lorenzetti, firmato e datato al 1344, e conservato nella Pinacoteca Nazionale di Siena. È una delle cinque opere firmate e datate dell’artista, l’ultima in ordine cronologico, e quindi valido punto di riferimento per la datazione delle restanti opere attribuite a questo artista.</dbpedia-owl:abstract>
    <dbpedia-owl:abstract xml:lang="en">The Annunciation is a painting by the Italian late medieval painter Ambrogio Lorenzetti, signed and dated 1344, now housed in the Pinacoteca Nazionale of Siena, Italy. It was painted for the Ufficio della Gabella ("Office of the Tax") of the commune of Siena, as specified by two-line signature at the bottom (the painter named himself Ambruogio Lorenzi). It was originally located in the Consistory Hall of the Palazzo Pubblico.</dbpedia-owl:abstract>
    <dbpedia-owl:author rdf:resource="http://dbpedia.org/resource/Ambrogio_Lorenzetti"/>
    <dbpedia-owl:museum rdf:resource="http://dbpedia.org/resource/Pinacoteca_Nazionale_(Siena)"/>
    <dbpedia-owl:wikiPageID rdf:datatype="http://www.w3.org/2001/XMLSchema#integer">33085179</dbpedia-owl:wikiPageID>
    <dbpedia-owl:wikiPageRevisionID rdf:datatype="http://www.w3.org/2001/XMLSchema#integer">546222565</dbpedia-owl:wikiPageRevisionID>
    <rdfs:label xml:lang="it">Annunciazione (Ambrogio Lorenzetti)</rdfs:label>
    <rdfs:label xml:lang="en">Annunciation (Ambrogio Lorenzetti)</rdfs:label>
    <foaf:depiction rdf:resource="http://upload.wikimedia.org/wikipedia/commons/d/d8/Lorenzetti_Ambrogio_annunciation-_1344..jpg"/>
    <rdfs:comment xml:lang="it">L'Annunciazione è un dipinto a tempera e oro su tavola (127x120 cm) di Ambrogio Lorenzetti, firmato e datato al 1344, e conservato nella Pinacoteca Nazionale di Siena. È una delle cinque opere firmate e datate dell’artista, l’ultima in ordine cronologico, e quindi valido punto di riferimento per la datazione delle restanti opere attribuite a questo artista.</rdfs:comment>
    <rdfs:comment xml:lang="en">The Annunciation is a painting by the Italian late medieval painter Ambrogio Lorenzetti, signed and dated 1344, now housed in the Pinacoteca Nazionale of Siena, Italy. It was painted for the Ufficio della Gabella ("Office of the Tax") of the commune of Siena, as specified by two-line signature at the bottom (the painter named himself Ambruogio Lorenzi). It was originally located in the Consistory Hall of the Palazzo Pubblico.</rdfs:comment>
    <foaf:name xml:lang="en">Annunciation</foaf:name>
    <dbpedia-owl:thumbnail rdf:resource="http://upload.wikimedia.org/wikipedia/commons/thumb/d/d8/Lorenzetti_Ambrogio_annunciation-_1344..jpg/200px-Lorenzetti_Ambrogio_annunciation-_1344..jpg"/>
    <dbpprop:artist rdf:resource="http://dbpedia.org/resource/Ambrogio_Lorenzetti"/>
    <dbpprop:city rdf:resource="http://dbpedia.org/resource/Siena"/>
    <dbpprop:height rdf:datatype="http://www.w3.org/2001/XMLSchema#integer">127</dbpprop:height>
    <dbpprop:imageFile xml:lang="en">Lorenzetti Ambrogio annunciation- 1344..jpg</dbpprop:imageFile>
    <dbpprop:imageSize rdf:datatype="http://www.w3.org/2001/XMLSchema#integer">310</dbpprop:imageSize>
    <dbpprop:museum rdf:resource="http://dbpedia.org/resource/Pinacoteca_Nazionale_(Siena)"/>
    <dbpprop:title xml:lang="en">Annunciation</dbpprop:title>
    <dbpprop:type xml:lang="en">Tempera and gold on panel</dbpprop:type>
    <dbpprop:width rdf:datatype="http://www.w3.org/2001/XMLSchema#integer">120</dbpprop:width>
    <dbpprop:year rdf:datatype="http://www.w3.org/2001/XMLSchema#integer">1344</dbpprop:year>
    <foaf:isPrimaryTopicOf rdf:resource="http://en.wikipedia.org/wiki/Annunciation_(Ambrogio_Lorenzetti)"/>
    <ns7:wasDerivedFrom rdf:resource="http://en.wikipedia.org/wiki/Annunciation_(Ambrogio_Lorenzetti)?oldid=546222565"/>
    <dbpprop:hasPhotoCollection rdf:resource="http://wifo5-03.informatik.uni-mannheim.de/flickrwrappr/photos/Annunciation_(Ambrogio_Lorenzetti)"/>
  </rdf:Description>
  <rdf:Description rdf:about="http://en.wikipedia.org/wiki/Annunciation_(Ambrogio_Lorenzetti)">
    <foaf:primaryTopic rdf:resource="http://dbpedia.org/resource/Annunciation_(Ambrogio_Lorenzetti)"/>
  </rdf:Description>
  <rdf:Description rdf:about="http://it.dbpedia.org/resource/Annunciazione_(Ambrogio_Lorenzetti)">
    <owl:sameAs rdf:resource="http://dbpedia.org/resource/Annunciation_(Ambrogio_Lorenzetti)"/>
  </rdf:Description>
  <rdf:Description rdf:about="http://wikidata.dbpedia.org/resource/Q3618171">
    <owl:sameAs rdf:resource="http://dbpedia.org/resource/Annunciation_(Ambrogio_Lorenzetti)"/>
  </rdf:Description>
</rdf:RDF>
