<rdf:RDF xmlns:ns7="http://www.w3.org/ns/prov#" xmlns:dbpprop="http://dbpedia.org/property/" xmlns:foaf="http://xmlns.com/foaf/0.1/" xmlns:dbpedia-owl="http://dbpedia.org/ontology/" xmlns:dcterms="http://purl.org/dc/terms/" xmlns:owl="http://www.w3.org/2002/07/owl#" xmlns:rdfs="http://www.w3.org/2000/01/rdf-schema#" xmlns:rdf="http://www.w3.org/1999/02/22-rdf-syntax-ns#">
  <rdf:Description rdf:about="http://dbpedia.org/resource/Annunciation_(da_Messina)">
    <rdf:type rdf:resource="http://dbpedia.org/class/yago/Painting103876519"/>
    <rdf:type rdf:resource="http://dbpedia.org/class/yago/Whole100003553"/>
    <rdf:type rdf:resource="http://dbpedia.org/class/yago/Art102743547"/>
    <rdf:type rdf:resource="http://www.w3.org/2002/07/owl#Thing"/>
    <rdf:type rdf:resource="http://schema.org/CreativeWork"/>
    <rdf:type rdf:resource="http://dbpedia.org/class/yago/Artifact100021939"/>
    <rdf:type rdf:resource="http://dbpedia.org/ontology/Work"/>
    <rdf:type rdf:resource="http://dbpedia.org/class/yago/Creation103129123"/>
    <rdf:type rdf:resource="http://dbpedia.org/ontology/Artwork"/>
    <rdf:type rdf:resource="http://dbpedia.org/class/yago/1474Paintings"/>
    <rdf:type rdf:resource="http://dbpedia.org/class/yago/GraphicArt103453809"/>
    <rdf:type rdf:resource="http://dbpedia.org/class/yago/Object100002684"/>
    <rdf:type rdf:resource="http://dbpedia.org/class/yago/PhysicalEntity100001930"/>
    <rdf:type rdf:resource="http://dbpedia.org/class/yago/PaintingsByAntonelloDaMessina"/>
    <owl:sameAs rdf:resource="http://www.wikidata.org/entity/Q3618172"/>
    <owl:sameAs rdf:resource="http://rdf.freebase.com/ns/m.0h3rm44"/>
    <owl:sameAs rdf:resource="http://yago-knowledge.org/resource/Annunciation_(da_Messina)"/>
    <owl:sameAs rdf:resource="http://it.dbpedia.org/resource/Annunciazione_(Antonello_da_Messina)"/>
    <owl:sameAs rdf:resource="http://dbpedia.org/resource/Annunciation_(da_Messina)"/>
    <dcterms:subject rdf:resource="http://dbpedia.org/resource/Category:Annunciation_in_Christian_art"/>
    <dcterms:subject rdf:resource="http://dbpedia.org/resource/Category:Paintings_by_Antonello_da_Messina"/>
    <dcterms:subject rdf:resource="http://dbpedia.org/resource/Category:1474_paintings"/>
    <dbpedia-owl:abstract xml:lang="en">The Annunciation is a painting by the Italian Renaissance master Antonello da Messina, executed in 1474. It is housed in the Palazzo Bellomo Museum, in the historical center of Syracuse, Sicily, southern Italy.</dbpedia-owl:abstract>
    <dbpedia-owl:abstract xml:lang="it">L'Annunciazione è un dipinto olio su tavola di tiglio (180×180 cm) di Antonello da Messina, datato al 1474 e conservato nel Museo di Palazzo Bellomo di Siracusa.</dbpedia-owl:abstract>
    <dbpedia-owl:author rdf:resource="http://dbpedia.org/resource/Antonello_da_Messina"/>
    <dbpedia-owl:wikiPageID rdf:datatype="http://www.w3.org/2001/XMLSchema#integer">25544848</dbpedia-owl:wikiPageID>
    <dbpedia-owl:wikiPageRevisionID rdf:datatype="http://www.w3.org/2001/XMLSchema#integer">545807839</dbpedia-owl:wikiPageRevisionID>
    <rdfs:label xml:lang="it">Annunciazione (Antonello da Messina)</rdfs:label>
    <rdfs:label xml:lang="en">Annunciation (da Messina)</rdfs:label>
    <foaf:depiction rdf:resource="http://upload.wikimedia.org/wikipedia/commons/f/f2/Antonello_da_Messina_066.jpg"/>
    <rdfs:comment xml:lang="it">L'Annunciazione è un dipinto olio su tavola di tiglio (180×180 cm) di Antonello da Messina, datato al 1474 e conservato nel Museo di Palazzo Bellomo di Siracusa.</rdfs:comment>
    <rdfs:comment xml:lang="en">The Annunciation is a painting by the Italian Renaissance master Antonello da Messina, executed in 1474. It is housed in the Palazzo Bellomo Museum, in the historical center of Syracuse, Sicily, southern Italy.</rdfs:comment>
    <foaf:name xml:lang="en">Annunciation</foaf:name>
    <dbpedia-owl:thumbnail rdf:resource="http://upload.wikimedia.org/wikipedia/commons/thumb/f/f2/Antonello_da_Messina_066.jpg/200px-Antonello_da_Messina_066.jpg"/>
    <dbpedia-owl:wikiPageExternalLink rdf:resource="http://www.regione.sicilia.it/beniculturali/palazzobellomo/antonello/annunciazione.html"/>
    <dbpprop:artist xml:lang="en">Antonello da Messina</dbpprop:artist>
    <dbpprop:city rdf:resource="http://dbpedia.org/resource/Syracuse,_Sicily"/>
    <dbpprop:height rdf:datatype="http://www.w3.org/2001/XMLSchema#integer">180</dbpprop:height>
    <dbpprop:imageFile xml:lang="en">Antonello da Messina 066.jpg</dbpprop:imageFile>
    <dbpprop:imageSize rdf:datatype="http://www.w3.org/2001/XMLSchema#integer">280</dbpprop:imageSize>
    <dbpprop:museum xml:lang="en">Palazzo Bellomo</dbpprop:museum>
    <dbpprop:title xml:lang="en">Annunciation</dbpprop:title>
    <dbpprop:type xml:lang="en">Oil on panel</dbpprop:type>
    <dbpprop:width rdf:datatype="http://www.w3.org/2001/XMLSchema#integer">180</dbpprop:width>
    <dbpprop:year rdf:datatype="http://www.w3.org/2001/XMLSchema#integer">1474</dbpprop:year>
    <foaf:isPrimaryTopicOf rdf:resource="http://en.wikipedia.org/wiki/Annunciation_(da_Messina)"/>
    <ns7:wasDerivedFrom rdf:resource="http://en.wikipedia.org/wiki/Annunciation_(da_Messina)?oldid=545807839"/>
    <dbpprop:hasPhotoCollection rdf:resource="http://wifo5-03.informatik.uni-mannheim.de/flickrwrappr/photos/Annunciation_(da_Messina)"/>
  </rdf:Description>
  <rdf:Description rdf:about="http://en.wikipedia.org/wiki/Annunciation_(da_Messina)">
    <foaf:primaryTopic rdf:resource="http://dbpedia.org/resource/Annunciation_(da_Messina)"/>
  </rdf:Description>
  <rdf:Description rdf:about="http://it.dbpedia.org/resource/Annunciazione_(Antonello_da_Messina)">
    <owl:sameAs rdf:resource="http://dbpedia.org/resource/Annunciation_(da_Messina)"/>
  </rdf:Description>
  <rdf:Description rdf:about="http://dbpedia.org/resource/Annunciation_(Antonello_da_Messina)">
    <dbpedia-owl:wikiPageRedirects rdf:resource="http://dbpedia.org/resource/Annunciation_(da_Messina)"/>
  </rdf:Description>
  <rdf:Description rdf:about="http://wikidata.dbpedia.org/resource/Q3618172">
    <owl:sameAs rdf:resource="http://dbpedia.org/resource/Annunciation_(da_Messina)"/>
  </rdf:Description>
</rdf:RDF>
