<rdf:RDF xmlns:dbpprop="http://dbpedia.org/property/" xmlns:ns6="http://www.w3.org/ns/prov#" xmlns:foaf="http://xmlns.com/foaf/0.1/" xmlns:dbpedia-owl="http://dbpedia.org/ontology/" xmlns:dcterms="http://purl.org/dc/terms/" xmlns:owl="http://www.w3.org/2002/07/owl#" xmlns:rdfs="http://www.w3.org/2000/01/rdf-schema#" xmlns:rdf="http://www.w3.org/1999/02/22-rdf-syntax-ns#">
  <rdf:Description rdf:about="http://dbpedia.org/resource/Annunciation_of_San_Giovanni_Valdarno">
    <rdf:type rdf:resource="http://dbpedia.org/class/yago/Painting103876519"/>
    <rdf:type rdf:resource="http://dbpedia.org/class/yago/Whole100003553"/>
    <rdf:type rdf:resource="http://dbpedia.org/class/yago/Object100002684"/>
    <rdf:type rdf:resource="http://dbpedia.org/class/yago/PhysicalEntity100001930"/>
    <rdf:type rdf:resource="http://dbpedia.org/class/yago/Art102743547"/>
    <rdf:type rdf:resource="http://dbpedia.org/class/yago/Creation103129123"/>
    <rdf:type rdf:resource="http://dbpedia.org/class/yago/GraphicArt103453809"/>
    <rdf:type rdf:resource="http://dbpedia.org/class/yago/Artifact100021939"/>
    <rdf:type rdf:resource="http://dbpedia.org/class/yago/PaintingsByFraAngelico"/>
    <rdf:type rdf:resource="http://dbpedia.org/class/yago/1430sPaintings"/>
    <owl:sameAs rdf:resource="http://it.dbpedia.org/resource/Annunciazione_di_San_Giovanni_Valdarno"/>
    <owl:sameAs rdf:resource="http://fr.dbpedia.org/resource/L'Annonciation_de_San_Giovanni_Valdarno"/>
    <owl:sameAs rdf:resource="http://yago-knowledge.org/resource/Annunciation_of_San_Giovanni_Valdarno"/>
    <owl:sameAs rdf:resource="http://dbpedia.org/resource/Annunciation_of_San_Giovanni_Valdarno"/>
    <owl:sameAs rdf:resource="http://rdf.freebase.com/ns/m.0c3yxdm"/>
    <owl:sameAs rdf:resource="http://www.wikidata.org/entity/Q3202078"/>
    <dcterms:subject rdf:resource="http://dbpedia.org/resource/Category:1430s_paintings"/>
    <dcterms:subject rdf:resource="http://dbpedia.org/resource/Category:Annunciation_in_Christian_art"/>
    <dcterms:subject rdf:resource="http://dbpedia.org/resource/Category:Paintings_by_Fra_Angelico"/>
    <dbpedia-owl:abstract xml:lang="it">L'Annunciazione di San Giovanni Valdarno è un'opera di Beato Angelico conservata nel Museo della basilica di Santa Maria delle Grazie a San Giovanni Valdarno a databile ai primi anni trenta del Quattrocento, forse il 1432. L'opera è probabilmente la seconda di una serie di tre grandi tavole dell'Annunciazione dipinte dall'Angelico negli anni trenta del Quattrocento; le altre due sono l'Annunciazione di Cortona e l'Annunciazione del Prado.</dbpedia-owl:abstract>
    <dbpedia-owl:abstract xml:lang="fr">L'Annonciation de San Giovanni Valdarno est une œuvre de Fra Angelico, conservée à San Giovanni Valdarno, dans le Museo della Basilica di Santa Maria delle Grazie.</dbpedia-owl:abstract>
    <dbpedia-owl:abstract xml:lang="en">The Annunciation of San Giovanni Valdarno is a painting by Fra Angelico, painted in 1430 to 1432 in tempera on panel. It measures 195 cm by 158 cm. It was looted from Italy during the Second World War by the Germans and returned to the country via the work of Rodolfo Siviero. It is now held at the Museo della Basilica di Santa Maria delle Grazie in San Giovanni Valdarno.</dbpedia-owl:abstract>
    <dbpedia-owl:wikiPageID rdf:datatype="http://www.w3.org/2001/XMLSchema#integer">27599151</dbpedia-owl:wikiPageID>
    <dbpedia-owl:wikiPageRevisionID rdf:datatype="http://www.w3.org/2001/XMLSchema#integer">545928053</dbpedia-owl:wikiPageRevisionID>
    <rdfs:label xml:lang="it">Annunciazione di San Giovanni Valdarno</rdfs:label>
    <rdfs:label xml:lang="fr">L'Annonciation de San Giovanni Valdarno</rdfs:label>
    <rdfs:label xml:lang="en">Annunciation of San Giovanni Valdarno</rdfs:label>
    <foaf:depiction rdf:resource="http://upload.wikimedia.org/wikipedia/commons/4/47/Annunciation_angelico_valdarno.jpg"/>
    <rdfs:comment xml:lang="en">The Annunciation of San Giovanni Valdarno is a painting by Fra Angelico, painted in 1430 to 1432 in tempera on panel. It measures 195 cm by 158 cm. It was looted from Italy during the Second World War by the Germans and returned to the country via the work of Rodolfo Siviero. It is now held at the Museo della Basilica di Santa Maria delle Grazie in San Giovanni Valdarno.</rdfs:comment>
    <rdfs:comment xml:lang="it">L'Annunciazione di San Giovanni Valdarno è un'opera di Beato Angelico conservata nel Museo della basilica di Santa Maria delle Grazie a San Giovanni Valdarno a databile ai primi anni trenta del Quattrocento, forse il 1432. L'opera è probabilmente la seconda di una serie di tre grandi tavole dell'Annunciazione dipinte dall'Angelico negli anni trenta del Quattrocento; le altre due sono l'Annunciazione di Cortona e l'Annunciazione del Prado.</rdfs:comment>
    <rdfs:comment xml:lang="fr">L'Annonciation de San Giovanni Valdarno est une œuvre de Fra Angelico, conservée à San Giovanni Valdarno, dans le Museo della Basilica di Santa Maria delle Grazie.</rdfs:comment>
    <dbpedia-owl:thumbnail rdf:resource="http://upload.wikimedia.org/wikipedia/commons/thumb/4/47/Annunciation_angelico_valdarno.jpg/200px-Annunciation_angelico_valdarno.jpg"/>
    <foaf:isPrimaryTopicOf rdf:resource="http://en.wikipedia.org/wiki/Annunciation_of_San_Giovanni_Valdarno"/>
    <ns6:wasDerivedFrom rdf:resource="http://en.wikipedia.org/wiki/Annunciation_of_San_Giovanni_Valdarno?oldid=545928053"/>
    <dbpprop:hasPhotoCollection rdf:resource="http://wifo5-03.informatik.uni-mannheim.de/flickrwrappr/photos/Annunciation_of_San_Giovanni_Valdarno"/>
  </rdf:Description>
  <rdf:Description rdf:about="http://it.dbpedia.org/resource/Annunciazione_di_San_Giovanni_Valdarno">
    <owl:sameAs rdf:resource="http://dbpedia.org/resource/Annunciation_of_San_Giovanni_Valdarno"/>
  </rdf:Description>
  <rdf:Description rdf:about="http://fr.dbpedia.org/resource/L'Annonciation_de_San_Giovanni_Valdarno">
    <owl:sameAs rdf:resource="http://dbpedia.org/resource/Annunciation_of_San_Giovanni_Valdarno"/>
  </rdf:Description>
  <rdf:Description rdf:about="http://en.wikipedia.org/wiki/Annunciation_of_San_Giovanni_Valdarno">
    <foaf:primaryTopic rdf:resource="http://dbpedia.org/resource/Annunciation_of_San_Giovanni_Valdarno"/>
  </rdf:Description>
  <rdf:Description rdf:about="http://wikidata.dbpedia.org/resource/Q3202078">
    <owl:sameAs rdf:resource="http://dbpedia.org/resource/Annunciation_of_San_Giovanni_Valdarno"/>
  </rdf:Description>
</rdf:RDF>
