<rdf:RDF xmlns:ns7="http://www.w3.org/ns/prov#" xmlns:dbpprop="http://dbpedia.org/property/" xmlns:foaf="http://xmlns.com/foaf/0.1/" xmlns:dbpedia-owl="http://dbpedia.org/ontology/" xmlns:dcterms="http://purl.org/dc/terms/" xmlns:owl="http://www.w3.org/2002/07/owl#" xmlns:rdfs="http://www.w3.org/2000/01/rdf-schema#" xmlns:rdf="http://www.w3.org/1999/02/22-rdf-syntax-ns#">
  <rdf:Description rdf:about="http://dbpedia.org/resource/Annunciation_(van_Eyck,_Washington)">
    <rdf:type rdf:resource="http://dbpedia.org/class/yago/PaintingsOfTheHermitage"/>
    <rdf:type rdf:resource="http://dbpedia.org/ontology/Artwork"/>
    <rdf:type rdf:resource="http://dbpedia.org/class/yago/PhysicalEntity100001930"/>
    <rdf:type rdf:resource="http://dbpedia.org/class/yago/PaintingsByJanVanEyck"/>
    <rdf:type rdf:resource="http://dbpedia.org/class/yago/Art102743547"/>
    <rdf:type rdf:resource="http://dbpedia.org/class/yago/Painting103876519"/>
    <rdf:type rdf:resource="http://dbpedia.org/class/yago/Object100002684"/>
    <rdf:type rdf:resource="http://dbpedia.org/class/yago/GraphicArt103453809"/>
    <rdf:type rdf:resource="http://dbpedia.org/class/yago/Artifact100021939"/>
    <rdf:type rdf:resource="http://dbpedia.org/ontology/Work"/>
    <rdf:type rdf:resource="http://dbpedia.org/class/yago/ArtsInTheCourtOfPhilipTheGood"/>
    <rdf:type rdf:resource="http://dbpedia.org/class/yago/1430sPaintings"/>
    <rdf:type rdf:resource="http://dbpedia.org/class/yago/Creation103129123"/>
    <rdf:type rdf:resource="http://www.w3.org/2002/07/owl#Thing"/>
    <rdf:type rdf:resource="http://dbpedia.org/class/yago/Whole100003553"/>
    <rdf:type rdf:resource="http://schema.org/CreativeWork"/>
    <owl:sameAs rdf:resource="http://ca.dbpedia.org/resource/L'Anunciació_(Van_Eyck)"/>
    <owl:sameAs rdf:resource="http://es.dbpedia.org/resource/Anunciación_(Van_Eyck,_Washington)"/>
    <owl:sameAs rdf:resource="http://rdf.freebase.com/ns/m.02r9wpw"/>
    <owl:sameAs rdf:resource="http://fr.dbpedia.org/resource/L'Annonciation_(van_Eyck)"/>
    <owl:sameAs rdf:resource="http://www.wikidata.org/entity/Q2734881"/>
    <owl:sameAs rdf:resource="http://dbpedia.org/resource/Annunciation_(van_Eyck,_Washington)"/>
    <owl:sameAs rdf:resource="http://it.dbpedia.org/resource/Annunciazione_(Jan_van_Eyck_Washington)"/>
    <owl:sameAs rdf:resource="http://ja.dbpedia.org/resource/受胎告知_(ヤン・ファン・エイク)"/>
    <owl:sameAs rdf:resource="http://pl.dbpedia.org/resource/Zwiastowanie_(obraz_Jana_van_Eycka,_Waszyngton)"/>
    <owl:sameAs rdf:resource="http://yago-knowledge.org/resource/Annunciation_(van_Eyck,_Washington)"/>
    <dcterms:subject rdf:resource="http://dbpedia.org/resource/Category:Collections_of_the_National_Gallery_of_Art"/>
    <dcterms:subject rdf:resource="http://dbpedia.org/resource/Category:1430s_paintings"/>
    <dcterms:subject rdf:resource="http://dbpedia.org/resource/Category:Annunciation_in_Christian_art"/>
    <dcterms:subject rdf:resource="http://dbpedia.org/resource/Category:Paintings_by_Jan_van_Eyck"/>
    <dcterms:subject rdf:resource="http://dbpedia.org/resource/Category:Paintings_of_the_Hermitage_Museum"/>
    <dcterms:subject rdf:resource="http://dbpedia.org/resource/Category:Arts_in_the_court_of_Philip_the_Good"/>
    <dbpedia-owl:abstract xml:lang="es">La Anunciación es una obra del pintor flamenco Jan van Eyck. Es una pintura al óleo realizada hacia 1434. Originalmente se hizo sobre tabla pero ha sido transferida a lienzo. Mide 93 cm de alto y 37 cm de ancho. Se exhibe actualmente en la Galería Nacional de Arte de Washington DC.</dbpedia-owl:abstract>
    <dbpedia-owl:abstract xml:lang="ja">『受胎告知』（じゅたいこくち（蘭: Annunciatie、英: Annunciation））は、初期フランドル派の画家ヤン・ファン・エイクが1434年から1436年ごろにかけて描いた絵画。ワシントン・ナショナル・ギャラリーに所蔵されている。もとは板（パネル）に油彩で描かれた作品だったが、19世紀にカンバスに移植された。三連祭壇画を構成する左翼内側のパネルではないかと考えられており、残りのパネルは1817年以前から不明となっている。『受胎告知』は非常に複雑で難解な作品で、描かれているものが何を意味しているのか（図像学）は現在でも美術史家の間で議論となっている。 大天使ガブリエルが聖母マリアに神の子を身ごもることを伝える、新約聖書ルカ伝の1章26節から38節の「受胎告知」の場面を描いた作品で、ガブリエルの口もとにはマリアに伝えた「おめでとう、恵まれた方よ (AVE GRÃ. PLENA)」が書かれている。マリアはガブリエルから一歩退いて「主の侍女を見守りたまえ (ECCE ANCILLA DÑI)」と控えめに応えた言葉が、天上の神に見えるよう上下逆さまにされてマリアの口もとに書かれている。左上の窓からは聖霊が人間にもたらすという7つの賜物 が7本の光明となって、聖霊を象徴するハトとともに降り注いでいる。「神が人間を救済しようとする、まさにその瞬間を捉えた絵画である。キリストの顕現のもと、法が支配していた古い時代は神の恵みに満ちた新しい時代へと変革した」</dbpedia-owl:abstract>
    <dbpedia-owl:abstract xml:lang="pl">Zwiastowanie – olejny obraz niderlandzkiego malarza Jana van Eycka datowany na lata 1434-1436. Znajduje się obecnie w National Gallery of Art. Pierwotnie obraz został namalowany na desce, ale został przeniesiony na płótno. Uważa się, że stanowił jedno ze skrzydeł tryptyku. Zwiastowanie jest dziełem bardzo złożonym, pełnym metafor i przesłań, które są często dyskutowane przez historyków sztuki. Scena przedstawia archanioła Gabriela, który zwiastuje Maryi, że urodzi Syna Bożego. Na obrazie wypisane są słowa pozdrowienia anielskiego: "AVE GRÃ. PLENA" (Bądź pozdrowiona, łaski pełna) oraz odpowiedź Maryi: "ECCE ANCILLA DÑI. " (Oto ja służebnica Pańska), która została odwrócona do góry nogami, ponieważ skierowana jest do góry, do Boga. Duch Święty w postaci gołębicy spływa na siedmiu promieniach światła, które prawdopodobnie symbolizują siedem darów Ducha. Poprzez wcielenie Chrystusa czasy prawa, Starego Testamentu, przeminęły i nadszedł czas łaski Boga. Myśl tą wyraża architektura kościoła, która z romańskich łuków okien na górze przechodzi w ostre łuki gotyku w dolnych arkadach. Na podłodze umieszczone zostały sceny ze Starego Testamentu, które stanowią prefigurację wydarzeń z Nowego Testamentu, np. pokonanie Goliata przez Dawida zapowiada zwycięstwo Chrystusa nad szatanem. Pojedyncze okno z witrażowym wizerunkiem Jahwe przeciwstawione jest trzem oknom na dole, które nawiązują do Trójcy Świętej. Malarz celowo nie zachował proporcji – zbyt duża sylwetka Maryi miała podkreślać fakt identyfikowania jej z Kościołem. Białe lilie z przodu mówią nam o czystości Maryi.</dbpedia-owl:abstract>
    <dbpedia-owl:abstract xml:lang="fr">L'Annonciation de Jan van Eyck est une peinture à l'huile réalisée vers 1434-1436. Le tableau se trouve à la National Gallery of Art, à Washington, D.C. , aux États-Unis.</dbpedia-owl:abstract>
    <dbpedia-owl:abstract xml:lang="it">L'Annunciazione è un dipinto olio su tavola poi trasferito su tela (93x37 cm) del pittore fiammingo Jan van Eyck, databile al 1434-1436 e conservato nella National Gallery of Art di Washington D.C. Si pensa che l'opera fosse uno scomparto di un trittico perduto.</dbpedia-owl:abstract>
    <dbpedia-owl:abstract xml:lang="en">The Annunciation is an oil painting by the Early Netherlandish master Jan van Eyck, from around 1434-1436. It is in the National Gallery of Art, in Washington D.C. It was originally on panel but has been transferred to canvas. It is thought that it was the left (inner) wing of a triptych; there has been no sighting of the other wings since before 1817. It is a highly complex work, whose iconography is still debated by art historians. The picture depicts the Annunciation by the Archangel Gabriel to the Virgin Mary that she will bear the son of God. The inscription shows his words: "AVE GRÃ. PLENA" or "Hail, full of grace...". She modestly draws back and responds, "ECCE ANCILLA DÑI. " or "Behold the handmaiden of the Lord". Her words are painted upside down for God above to see. The Seven gifts of the Holy Spirit descend to her on seven rays of light from the upper window to the left, with the dove symbolising the Holy Spirit following the same path. "This is the moment God's plan for salvation is set in motion. Through Christ's human incarnation the old era of the Law is transformed into a new era of Grace".</dbpedia-owl:abstract>
    <dbpedia-owl:author rdf:resource="http://dbpedia.org/resource/Jan_van_Eyck"/>
    <dbpedia-owl:museum rdf:resource="http://dbpedia.org/resource/National_Gallery_of_Art"/>
    <dbpedia-owl:wikiPageID rdf:datatype="http://www.w3.org/2001/XMLSchema#integer">11390534</dbpedia-owl:wikiPageID>
    <dbpedia-owl:wikiPageRevisionID rdf:datatype="http://www.w3.org/2001/XMLSchema#integer">547607986</dbpedia-owl:wikiPageRevisionID>
    <rdfs:label xml:lang="fr">L'Annonciation (van Eyck)</rdfs:label>
    <rdfs:label xml:lang="ja">受胎告知 (ヤン・ファン・エイク)</rdfs:label>
    <rdfs:label xml:lang="en">Annunciation (van Eyck, Washington)</rdfs:label>
    <rdfs:label xml:lang="es">Anunciación (Van Eyck, Washington)</rdfs:label>
    <rdfs:label xml:lang="it">Annunciazione (Jan van Eyck Washington)</rdfs:label>
    <rdfs:label xml:lang="pl">Zwiastowanie (obraz Jana van Eycka, Waszyngton)</rdfs:label>
    <foaf:depiction rdf:resource="http://upload.wikimedia.org/wikipedia/commons/f/fb/Annunciation_-_Jan_van_Eyck_-_1434_-_NG_Wash_DC.jpg"/>
    <rdfs:comment xml:lang="ja">『受胎告知』（じゅたいこくち（蘭: Annunciatie、英: Annunciation））は、初期フランドル派の画家ヤン・ファン・エイクが1434年から1436年ごろにかけて描いた絵画。ワシントン・ナショナル・ギャラリーに所蔵されている。もとは板（パネル）に油彩で描かれた作品だったが、19世紀にカンバスに移植された。三連祭壇画を構成する左翼内側のパネルではないかと考えられており、残りのパネルは1817年以前から不明となっている。『受胎告知』は非常に複雑で難解な作品で、描かれているものが何を意味しているのか（図像学）は現在でも美術史家の間で議論となっている。 大天使ガブリエルが聖母マリアに神の子を身ごもることを伝える、新約聖書ルカ伝の1章26節から38節の「受胎告知」の場面を描いた作品で、ガブリエルの口もとにはマリアに伝えた「おめでとう、恵まれた方よ (AVE GRÃ.</rdfs:comment>
    <rdfs:comment xml:lang="en">The Annunciation is an oil painting by the Early Netherlandish master Jan van Eyck, from around 1434-1436. It is in the National Gallery of Art, in Washington D.C. It was originally on panel but has been transferred to canvas. It is thought that it was the left (inner) wing of a triptych; there has been no sighting of the other wings since before 1817. It is a highly complex work, whose iconography is still debated by art historians.</rdfs:comment>
    <rdfs:comment xml:lang="it">L'Annunciazione è un dipinto olio su tavola poi trasferito su tela (93x37 cm) del pittore fiammingo Jan van Eyck, databile al 1434-1436 e conservato nella National Gallery of Art di Washington D.C. Si pensa che l'opera fosse uno scomparto di un trittico perduto.</rdfs:comment>
    <rdfs:comment xml:lang="fr">L'Annonciation de Jan van Eyck est une peinture à l'huile réalisée vers 1434-1436. Le tableau se trouve à la National Gallery of Art, à Washington, D.C. , aux États-Unis.</rdfs:comment>
    <rdfs:comment xml:lang="es">La Anunciación es una obra del pintor flamenco Jan van Eyck. Es una pintura al óleo realizada hacia 1434. Originalmente se hizo sobre tabla pero ha sido transferida a lienzo. Mide 93 cm de alto y 37 cm de ancho. Se exhibe actualmente en la Galería Nacional de Arte de Washington DC.</rdfs:comment>
    <rdfs:comment xml:lang="pl">Zwiastowanie – olejny obraz niderlandzkiego malarza Jana van Eycka datowany na lata 1434-1436. Znajduje się obecnie w National Gallery of Art. Pierwotnie obraz został namalowany na desce, ale został przeniesiony na płótno. Uważa się, że stanowił jedno ze skrzydeł tryptyku. Zwiastowanie jest dziełem bardzo złożonym, pełnym metafor i przesłań, które są często dyskutowane przez historyków sztuki. Scena przedstawia archanioła Gabriela, który zwiastuje Maryi, że urodzi Syna Bożego.</rdfs:comment>
    <foaf:name xml:lang="en">The Annunciation</foaf:name>
    <dbpedia-owl:thumbnail rdf:resource="http://upload.wikimedia.org/wikipedia/commons/thumb/f/fb/Annunciation_-_Jan_van_Eyck_-_1434_-_NG_Wash_DC.jpg/200px-Annunciation_-_Jan_van_Eyck_-_1434_-_NG_Wash_DC.jpg"/>
    <dbpedia-owl:wikiPageExternalLink rdf:resource="http://findarticles.com/p/articles/mi_m0422/is_1_81/ai_54517312"/>
    <dbpedia-owl:wikiPageExternalLink rdf:resource="http://findarticles.com/p/articles/mi_m0422/is_1_81/ai_54517310/pg_1"/>
    <dbpedia-owl:wikiPageExternalLink rdf:resource="http://findarticles.com/p/articles/mi_m0422/is_1_81/ai_54517311/pg_1"/>
    <dbpedia-owl:wikiPageExternalLink rdf:resource="http://www.jstor.org/stable/3051289"/>
    <dbpedia-owl:wikiPageExternalLink rdf:resource="http://www.jstor.org/stable/3051290"/>
    <dbpedia-owl:wikiPageExternalLink rdf:resource="http://www.artchive.com/artchive/V/van_eyck.html"/>
    <dbpedia-owl:wikiPageExternalLink rdf:resource="http://www.jstor.org/stable/3051288"/>
    <dbpedia-owl:wikiPageExternalLink rdf:resource="http://eee.uci.edu/faculty/losh/pubs/Angel.htm"/>
    <dbpedia-owl:wikiPageExternalLink rdf:resource="http://www.womenpriests.org/mrpriest/gallery2.asp"/>
    <dbpprop:artist rdf:resource="http://dbpedia.org/resource/Jan_van_Eyck"/>
    <dbpprop:city rdf:resource="http://dbpedia.org/resource/Washington,_D.C."/>
    <dbpprop:height rdf:datatype="http://www.w3.org/2001/XMLSchema#integer">93</dbpprop:height>
    <dbpprop:imageFile xml:lang="en">Annunciation - Jan van Eyck - 1434 - NG Wash DC.jpg</dbpprop:imageFile>
    <dbpprop:museum rdf:resource="http://dbpedia.org/resource/National_Gallery_of_Art"/>
    <dbpprop:title xml:lang="en">The Annunciation</dbpprop:title>
    <dbpprop:type rdf:resource="http://dbpedia.org/resource/Oil_painting"/>
    <dbpprop:type rdf:resource="http://dbpedia.org/resource/Transfer_of_panel_paintings"/>
    <dbpprop:width rdf:datatype="http://www.w3.org/2001/XMLSchema#integer">37</dbpprop:width>
    <dbpprop:year xml:lang="en">c 1434</dbpprop:year>
    <foaf:isPrimaryTopicOf rdf:resource="http://en.wikipedia.org/wiki/Annunciation_(van_Eyck,_Washington)"/>
    <ns7:wasDerivedFrom rdf:resource="http://en.wikipedia.org/wiki/Annunciation_(van_Eyck,_Washington)?oldid=547607986"/>
    <dbpprop:hasPhotoCollection rdf:resource="http://wifo5-03.informatik.uni-mannheim.de/flickrwrappr/photos/Annunciation_(van_Eyck,_Washington)"/>
  </rdf:Description>
  <rdf:Description rdf:about="http://en.wikipedia.org/wiki/Annunciation_(van_Eyck,_Washington)">
    <foaf:primaryTopic rdf:resource="http://dbpedia.org/resource/Annunciation_(van_Eyck,_Washington)"/>
  </rdf:Description>
  <rdf:Description rdf:about="http://fr.dbpedia.org/resource/L'Annonciation_(van_Eyck)">
    <owl:sameAs rdf:resource="http://dbpedia.org/resource/Annunciation_(van_Eyck,_Washington)"/>
  </rdf:Description>
  <rdf:Description rdf:about="http://it.dbpedia.org/resource/Annunciazione_(Jan_van_Eyck_Washington)">
    <owl:sameAs rdf:resource="http://dbpedia.org/resource/Annunciation_(van_Eyck,_Washington)"/>
  </rdf:Description>
  <rdf:Description rdf:about="http://ja.dbpedia.org/resource/受胎告知_(ヤン・ファン・エイク)">
    <owl:sameAs rdf:resource="http://dbpedia.org/resource/Annunciation_(van_Eyck,_Washington)"/>
  </rdf:Description>
  <rdf:Description rdf:about="http://dbpedia.org/resource/Annunciation_(disambiguation)">
    <dbpedia-owl:wikiPageDisambiguates rdf:resource="http://dbpedia.org/resource/Annunciation_(van_Eyck,_Washington)"/>
  </rdf:Description>
  <rdf:Description rdf:about="http://es.dbpedia.org/resource/Anunciación_(Van_Eyck,_Washington)">
    <owl:sameAs rdf:resource="http://dbpedia.org/resource/Annunciation_(van_Eyck,_Washington)"/>
  </rdf:Description>
  <rdf:Description rdf:about="http://pl.dbpedia.org/resource/Zwiastowanie_(obraz_Jana_van_Eycka,_Waszyngton)">
    <owl:sameAs rdf:resource="http://dbpedia.org/resource/Annunciation_(van_Eyck,_Washington)"/>
  </rdf:Description>
  <rdf:Description rdf:about="http://dbpedia.org/resource/Annunciation_(van_Eyck)">
    <dbpedia-owl:wikiPageRedirects rdf:resource="http://dbpedia.org/resource/Annunciation_(van_Eyck,_Washington)"/>
  </rdf:Description>
  <rdf:Description rdf:about="http://dbpedia.org/resource/Washington_Annunciation">
    <dbpedia-owl:wikiPageRedirects rdf:resource="http://dbpedia.org/resource/Annunciation_(van_Eyck,_Washington)"/>
  </rdf:Description>
  <rdf:Description rdf:about="http://wikidata.dbpedia.org/resource/Q2734881">
    <owl:sameAs rdf:resource="http://dbpedia.org/resource/Annunciation_(van_Eyck,_Washington)"/>
  </rdf:Description>
  <rdf:Description rdf:about="http://ca.dbpedia.org/resource/L'Anunciació_(Van_Eyck)">
    <owl:sameAs rdf:resource="http://dbpedia.org/resource/Annunciation_(van_Eyck,_Washington)"/>
  </rdf:Description>
</rdf:RDF>
