<rdf:RDF xmlns:ns7="http://www.w3.org/ns/prov#" xmlns:dbpprop="http://dbpedia.org/property/" xmlns:foaf="http://xmlns.com/foaf/0.1/" xmlns:dbpedia-owl="http://dbpedia.org/ontology/" xmlns:dcterms="http://purl.org/dc/terms/" xmlns:owl="http://www.w3.org/2002/07/owl#" xmlns:rdfs="http://www.w3.org/2000/01/rdf-schema#" xmlns:rdf="http://www.w3.org/1999/02/22-rdf-syntax-ns#">
  <rdf:Description rdf:about="http://dbpedia.org/resource/Another_World">
    <dbpedia-owl:wikiPageDisambiguates rdf:resource="http://dbpedia.org/resource/Another_World_(M._C._Escher)"/>
  </rdf:Description>
  <rdf:Description rdf:about="http://dbpedia.org/resource/Another_World_(Other_World)">
    <dbpedia-owl:wikiPageRedirects rdf:resource="http://dbpedia.org/resource/Another_World_(M._C._Escher)"/>
  </rdf:Description>
  <rdf:Description rdf:about="http://dbpedia.org/resource/Another_World_(M._C._Escher)">
    <rdf:type rdf:resource="http://dbpedia.org/class/yago/Creation103129123"/>
    <rdf:type rdf:resource="http://dbpedia.org/class/yago/WorksByM.C.Escher"/>
    <rdf:type rdf:resource="http://dbpedia.org/class/yago/Print104003597"/>
    <rdf:type rdf:resource="http://dbpedia.org/class/yago/EndProduct103287178"/>
    <rdf:type rdf:resource="http://dbpedia.org/class/yago/Whole100003553"/>
    <rdf:type rdf:resource="http://dbpedia.org/class/yago/Artifact100021939"/>
    <rdf:type rdf:resource="http://dbpedia.org/class/yago/Painting103876519"/>
    <rdf:type rdf:resource="http://dbpedia.org/class/yago/GraphicArt103453809"/>
    <rdf:type rdf:resource="http://dbpedia.org/ontology/Artwork"/>
    <rdf:type rdf:resource="http://dbpedia.org/class/yago/1947Paintings"/>
    <rdf:type rdf:resource="http://dbpedia.org/class/yago/Art102743547"/>
    <rdf:type rdf:resource="http://dbpedia.org/class/yago/Product104007894"/>
    <rdf:type rdf:resource="http://dbpedia.org/class/yago/Oeuvre103841417"/>
    <rdf:type rdf:resource="http://www.w3.org/2002/07/owl#Thing"/>
    <rdf:type rdf:resource="http://dbpedia.org/ontology/Work"/>
    <rdf:type rdf:resource="http://dbpedia.org/class/yago/Object100002684"/>
    <rdf:type rdf:resource="http://dbpedia.org/class/yago/Engraving103289268"/>
    <rdf:type rdf:resource="http://dbpedia.org/class/yago/Woodcut104597706"/>
    <rdf:type rdf:resource="http://dbpedia.org/class/yago/PhysicalEntity100001930"/>
    <rdf:type rdf:resource="http://dbpedia.org/class/yago/Woodcuts"/>
    <rdf:type rdf:resource="http://schema.org/CreativeWork"/>
    <owl:sameAs rdf:resource="http://www.wikidata.org/entity/Q4770402"/>
    <owl:sameAs rdf:resource="http://dbpedia.org/resource/Another_World_(M._C._Escher)"/>
    <owl:sameAs rdf:resource="http://rdf.freebase.com/ns/m.03t6kt"/>
    <owl:sameAs rdf:resource="http://yago-knowledge.org/resource/Another_World_(M._C._Escher)"/>
    <owl:sameAs rdf:resource="http://he.dbpedia.org/resource/עולם_אחר_2"/>
    <dcterms:subject rdf:resource="http://dbpedia.org/resource/Category:1947_paintings"/>
    <dcterms:subject rdf:resource="http://dbpedia.org/resource/Category:Fictional_dimensions"/>
    <dcterms:subject rdf:resource="http://dbpedia.org/resource/Category:Works_by_M._C._Escher"/>
    <dcterms:subject rdf:resource="http://dbpedia.org/resource/Category:Woodcuts"/>
    <dbpedia-owl:abstract xml:lang="en">Another World, also known as Other World, is a woodcut print by the Dutch artist M. C. Escher which was first printed in January, 1947. It depicts a cubic architectural structure which is made from brick. The structure is a paradox with an open archway on each of the five visible sides of the cube. The structure wraps around the vertical axis to enclose the viewer’s perspective. At the bottom of the image is an archway which we seem to be looking up from the base, and through it we can see space. At the top of that arch is another arch which is level with our perspective, and through it we are looking out over a lunar horizon. At the top of that arch is another arch which covers the top of the image. We are looking down at this arch from above and through it onto the lunar surface. Standing in each archway along the vertical axis is a metal sculpture of a bird with a humanoid face. In each side archway is a horn or cornucopia hanging on chains. It is interesting to note that the views from above and below are consistent, placing the statue so that it faces the horn, however the horizontal view reverses the relative positions of the statue and the horn, and rotates the horn 180 degrees. The previous month (December, 1946), Escher created a mezzotint called Another World (Other World Gallery). The image in that print is the same as this one except that the arches continue on as an infinite corridor. The bird/human sculpture is a real sculpture which was given to Escher by his father-in-law. This sculpture first appears in Escher’s 1934 lithograph Still Life with Spherical Mirror.</dbpedia-owl:abstract>
    <dbpedia-owl:author rdf:resource="http://dbpedia.org/resource/M._C._Escher"/>
    <dbpedia-owl:wikiPageID rdf:datatype="http://www.w3.org/2001/XMLSchema#integer">956371</dbpedia-owl:wikiPageID>
    <dbpedia-owl:wikiPageRevisionID rdf:datatype="http://www.w3.org/2001/XMLSchema#integer">543839446</dbpedia-owl:wikiPageRevisionID>
    <rdfs:label xml:lang="en">Another World (M. C. Escher)</rdfs:label>
    <foaf:depiction rdf:resource="http://upload.wikimedia.org/wikipedia/commons/e/e7/Another_World.jpg"/>
    <rdfs:comment xml:lang="en">Another World, also known as Other World, is a woodcut print by the Dutch artist M. C. Escher which was first printed in January, 1947. It depicts a cubic architectural structure which is made from brick. The structure is a paradox with an open archway on each of the five visible sides of the cube. The structure wraps around the vertical axis to enclose the viewer’s perspective.</rdfs:comment>
    <foaf:name xml:lang="en">Another World</foaf:name>
    <dbpedia-owl:thumbnail rdf:resource="http://upload.wikimedia.org/wikipedia/commons/thumb/e/e7/Another_World.jpg/200px-Another_World.jpg"/>
    <dbpedia-owl:wikiPageExternalLink rdf:resource="http://www.josleys.com/show_gallery.php?galid=291"/>
    <dbpprop:artist xml:lang="en">M. C. Escher</dbpprop:artist>
    <dbpprop:height rdf:datatype="http://www.w3.org/2001/XMLSchema#double">31.8</dbpprop:height>
    <dbpprop:imageFile xml:lang="en">Another_World.jpg</dbpprop:imageFile>
    <dbpprop:title xml:lang="en">Another World</dbpprop:title>
    <dbpprop:type rdf:resource="http://dbpedia.org/resource/Woodcut"/>
    <dbpprop:width rdf:datatype="http://www.w3.org/2001/XMLSchema#double">26.1</dbpprop:width>
    <dbpprop:year rdf:datatype="http://www.w3.org/2001/XMLSchema#integer">1947</dbpprop:year>
    <foaf:isPrimaryTopicOf rdf:resource="http://en.wikipedia.org/wiki/Another_World_(M._C._Escher)"/>
    <ns7:wasDerivedFrom rdf:resource="http://en.wikipedia.org/wiki/Another_World_(M._C._Escher)?oldid=543839446"/>
    <dbpprop:hasPhotoCollection rdf:resource="http://wifo5-03.informatik.uni-mannheim.de/flickrwrappr/photos/Another_World_(M._C._Escher)"/>
  </rdf:Description>
  <rdf:Description rdf:about="http://en.wikipedia.org/wiki/Another_World_(M._C._Escher)">
    <foaf:primaryTopic rdf:resource="http://dbpedia.org/resource/Another_World_(M._C._Escher)"/>
  </rdf:Description>
  <rdf:Description rdf:about="http://wikidata.dbpedia.org/resource/Q4770402">
    <owl:sameAs rdf:resource="http://dbpedia.org/resource/Another_World_(M._C._Escher)"/>
  </rdf:Description>
  <rdf:Description rdf:about="http://he.dbpedia.org/resource/עולם_אחר_2">
    <owl:sameAs rdf:resource="http://dbpedia.org/resource/Another_World_(M._C._Escher)"/>
  </rdf:Description>
</rdf:RDF>
