<rdf:RDF xmlns:ns7="http://www.w3.org/ns/prov#" xmlns:dbpprop="http://dbpedia.org/property/" xmlns:foaf="http://xmlns.com/foaf/0.1/" xmlns:dbpedia-owl="http://dbpedia.org/ontology/" xmlns:dcterms="http://purl.org/dc/terms/" xmlns:owl="http://www.w3.org/2002/07/owl#" xmlns:rdfs="http://www.w3.org/2000/01/rdf-schema#" xmlns:rdf="http://www.w3.org/1999/02/22-rdf-syntax-ns#">
  <rdf:Description rdf:about="http://dbpedia.org/resource/Apocalyptic_Rider">
    <rdf:type rdf:resource="http://dbpedia.org/class/yago/Oeuvre103841417"/>
    <rdf:type rdf:resource="http://dbpedia.org/class/yago/Whole100003553"/>
    <rdf:type rdf:resource="http://dbpedia.org/class/yago/GraphicArt103453809"/>
    <rdf:type rdf:resource="http://dbpedia.org/class/yago/Product104007894"/>
    <rdf:type rdf:resource="http://dbpedia.org/class/yago/1980Works"/>
    <rdf:type rdf:resource="http://schema.org/CreativeWork"/>
    <rdf:type rdf:resource="http://dbpedia.org/class/yago/PhysicalEntity100001930"/>
    <rdf:type rdf:resource="http://dbpedia.org/class/yago/Creation103129123"/>
    <rdf:type rdf:resource="http://dbpedia.org/class/yago/Painting103876519"/>
    <rdf:type rdf:resource="http://dbpedia.org/class/yago/ModernPaintings"/>
    <rdf:type rdf:resource="http://dbpedia.org/class/yago/Artifact100021939"/>
    <rdf:type rdf:resource="http://www.w3.org/2002/07/owl#Thing"/>
    <rdf:type rdf:resource="http://dbpedia.org/class/yago/Object100002684"/>
    <rdf:type rdf:resource="http://dbpedia.org/ontology/Artwork"/>
    <rdf:type rdf:resource="http://dbpedia.org/ontology/Work"/>
    <rdf:type rdf:resource="http://dbpedia.org/class/yago/EndProduct103287178"/>
    <rdf:type rdf:resource="http://dbpedia.org/class/yago/Art102743547"/>
    <rdf:type rdf:resource="http://dbpedia.org/class/yago/1980Paintings"/>
    <owl:sameAs rdf:resource="http://www.wikidata.org/entity/Q4780109"/>
    <owl:sameAs rdf:resource="http://dbpedia.org/resource/Apocalyptic_Rider"/>
    <owl:sameAs rdf:resource="http://rdf.freebase.com/ns/m.0h542yv"/>
    <owl:sameAs rdf:resource="http://yago-knowledge.org/resource/Apocalyptic_Rider"/>
    <dcterms:subject rdf:resource="http://dbpedia.org/resource/Category:1980_paintings"/>
    <dcterms:subject rdf:resource="http://dbpedia.org/resource/Category:Modern_paintings"/>
    <dcterms:subject rdf:resource="http://dbpedia.org/resource/Category:War_art"/>
    <dcterms:subject rdf:resource="http://dbpedia.org/resource/Category:Painting_series"/>
    <dbpedia-owl:abstract xml:lang="en">Apocalyptic Rider is a painting created by Nabil Kanso in 1980. It is oil on canvas measuring 7 X 9 feet (2 X 2.65 meters), and is part of a series depicting horsemen in compositions dealing with apocalyptic themes. The painting depicts a scene in which a horseman appears riding forward between two horizontally juxtaposed horses. The "Rider," symbolically representing horseman of the Apocalypse, is shown moving toward a figure falling near a mother holding a child. The composition of the picture is focused on the image formed by the rider and horses in the central plane. Its area, which occupies much of the pictorial space, appears to links the background and foreground, and to reinforce the tense atmosphere generated by the subject matter and the rendering of dense layers of paint applied with broad brushstrokes across the entire surface. The tone reflects a contrast of blue black against red. Some art critics interpreted the work as a metaphor for the wars in Central America and the Middle East. Others suggest that the compositional conception of the figures, colors, symbols and textures give a sense of imminent threat underlining the depicted theme.</dbpedia-owl:abstract>
    <dbpedia-owl:author rdf:resource="http://dbpedia.org/resource/Nabil_Kanso"/>
    <dbpedia-owl:wikiPageID rdf:datatype="http://www.w3.org/2001/XMLSchema#integer">33045202</dbpedia-owl:wikiPageID>
    <dbpedia-owl:wikiPageRevisionID rdf:datatype="http://www.w3.org/2001/XMLSchema#integer">482369669</dbpedia-owl:wikiPageRevisionID>
    <rdfs:label xml:lang="en">Apocalyptic Rider</rdfs:label>
    <foaf:depiction rdf:resource="http://upload.wikimedia.org/wikipedia/commons/1/13/Apocalyptic_Rider.jpg"/>
    <rdfs:comment xml:lang="en">Apocalyptic Rider is a painting created by Nabil Kanso in 1980. It is oil on canvas measuring 7 X 9 feet (2 X 2.65 meters), and is part of a series depicting horsemen in compositions dealing with apocalyptic themes. The painting depicts a scene in which a horseman appears riding forward between two horizontally juxtaposed horses. The "Rider," symbolically representing horseman of the Apocalypse, is shown moving toward a figure falling near a mother holding a child.</rdfs:comment>
    <foaf:name xml:lang="en">Apocalyptic Rider</foaf:name>
    <dbpedia-owl:thumbnail rdf:resource="http://upload.wikimedia.org/wikipedia/commons/thumb/1/13/Apocalyptic_Rider.jpg/200px-Apocalyptic_Rider.jpg"/>
    <dbpedia-owl:wikiPageExternalLink rdf:resource="http://apocalipsis.us/jinetes.html"/>
    <dbpprop:artist rdf:resource="http://dbpedia.org/resource/Nabil_Kanso"/>
    <dbpprop:heightMetric rdf:datatype="http://www.w3.org/2001/XMLSchema#integer">200</dbpprop:heightMetric>
    <dbpprop:imageFile xml:lang="en">Apocalyptic_Rider.jpg</dbpprop:imageFile>
    <dbpprop:imageSize rdf:datatype="http://www.w3.org/2001/XMLSchema#integer">300</dbpprop:imageSize>
    <dbpprop:imperialUnit xml:lang="en">in</dbpprop:imperialUnit>
    <dbpprop:metricUnit xml:lang="en">cm</dbpprop:metricUnit>
    <dbpprop:title xml:lang="en">Apocalyptic Rider</dbpprop:title>
    <dbpprop:type xml:lang="en">oil on canvas</dbpprop:type>
    <dbpprop:widthMetric rdf:datatype="http://www.w3.org/2001/XMLSchema#integer">265</dbpprop:widthMetric>
    <foaf:isPrimaryTopicOf rdf:resource="http://en.wikipedia.org/wiki/Apocalyptic_Rider"/>
    <ns7:wasDerivedFrom rdf:resource="http://en.wikipedia.org/wiki/Apocalyptic_Rider?oldid=482369669"/>
    <dbpprop:hasPhotoCollection rdf:resource="http://wifo5-03.informatik.uni-mannheim.de/flickrwrappr/photos/Apocalyptic_Rider"/>
  </rdf:Description>
  <rdf:Description rdf:about="http://en.wikipedia.org/wiki/Apocalyptic_Rider">
    <foaf:primaryTopic rdf:resource="http://dbpedia.org/resource/Apocalyptic_Rider"/>
  </rdf:Description>
  <rdf:Description rdf:about="http://wikidata.dbpedia.org/resource/Q4780109">
    <owl:sameAs rdf:resource="http://dbpedia.org/resource/Apocalyptic_Rider"/>
  </rdf:Description>
</rdf:RDF>
