<rdf:RDF xmlns:dbpprop="http://dbpedia.org/property/" xmlns:ns6="http://www.w3.org/ns/prov#" xmlns:foaf="http://xmlns.com/foaf/0.1/" xmlns:dbpedia-owl="http://dbpedia.org/ontology/" xmlns:dcterms="http://purl.org/dc/terms/" xmlns:owl="http://www.w3.org/2002/07/owl#" xmlns:rdfs="http://www.w3.org/2000/01/rdf-schema#" xmlns:rdf="http://www.w3.org/1999/02/22-rdf-syntax-ns#">
  <rdf:Description rdf:about="http://en.wikipedia.org/wiki/Apolinère_Enameled">
    <foaf:primaryTopic rdf:resource="http://dbpedia.org/resource/Apolin%C3%A8re_Enameled"/>
  </rdf:Description>
  <rdf:Description rdf:about="http://dbpedia.org/resource/Apolin%C3%A8re_Enameled">
    <rdf:type rdf:resource="http://dbpedia.org/class/yago/Oeuvre103841417"/>
    <rdf:type rdf:resource="http://dbpedia.org/class/yago/Object100002684"/>
    <rdf:type rdf:resource="http://dbpedia.org/class/yago/GraphicArt103453809"/>
    <rdf:type rdf:resource="http://dbpedia.org/class/yago/1916Paintings"/>
    <rdf:type rdf:resource="http://dbpedia.org/class/yago/Painting103876519"/>
    <rdf:type rdf:resource="http://dbpedia.org/class/yago/Whole100003553"/>
    <rdf:type rdf:resource="http://dbpedia.org/class/yago/Art102743547"/>
    <rdf:type rdf:resource="http://dbpedia.org/class/yago/Creation103129123"/>
    <rdf:type rdf:resource="http://dbpedia.org/class/yago/MarcelDuchampWorks"/>
    <rdf:type rdf:resource="http://dbpedia.org/class/yago/Artifact100021939"/>
    <rdf:type rdf:resource="http://dbpedia.org/class/yago/EndProduct103287178"/>
    <rdf:type rdf:resource="http://dbpedia.org/class/yago/PhysicalEntity100001930"/>
    <rdf:type rdf:resource="http://dbpedia.org/class/yago/Product104007894"/>
    <owl:sameAs rdf:resource="http://www.wikidata.org/entity/Q4780230"/>
    <owl:sameAs rdf:resource="http://rdf.freebase.com/ns/m.02rwdz7"/>
    <owl:sameAs rdf:resource="http://yago-knowledge.org/resource/Apolinère_Enameled"/>
    <owl:sameAs rdf:resource="http://dbpedia.org/resource/Apolin%C3%A8re_Enameled"/>
    <dcterms:subject rdf:resource="http://dbpedia.org/resource/Category:Marcel_Duchamp_works"/>
    <dcterms:subject rdf:resource="http://dbpedia.org/resource/Category:Impossible_objects"/>
    <dcterms:subject rdf:resource="http://dbpedia.org/resource/Category:1916_paintings"/>
    <dbpedia-owl:abstract xml:lang="en">"Apolinère Enameled" was painted circa 1916 by Marcel Duchamp, as an advertisement for paint. The picture depicts a girl painting a bed-frame with white enamelled paint. The depiction of the frame deliberately includes conflicting perspective lines, to produce an impossible object. To emphasise the deliberate impossibility of the shape, a piece of the frame is missing. The pieces is sometimes referred to as Duchamp's "impossible bed" painting.</dbpedia-owl:abstract>
    <dbpedia-owl:wikiPageID rdf:datatype="http://www.w3.org/2001/XMLSchema#integer">11874612</dbpedia-owl:wikiPageID>
    <dbpedia-owl:wikiPageRevisionID rdf:datatype="http://www.w3.org/2001/XMLSchema#integer">495229849</dbpedia-owl:wikiPageRevisionID>
    <rdfs:label xml:lang="en">Apolinère Enameled</rdfs:label>
    <rdfs:comment xml:lang="en">"Apolinère Enameled" was painted circa 1916 by Marcel Duchamp, as an advertisement for paint. The picture depicts a girl painting a bed-frame with white enamelled paint. The depiction of the frame deliberately includes conflicting perspective lines, to produce an impossible object. To emphasise the deliberate impossibility of the shape, a piece of the frame is missing. The pieces is sometimes referred to as Duchamp's "impossible bed" painting.</rdfs:comment>
    <dbpedia-owl:wikiPageExternalLink rdf:resource="http://www.philamuseum.org/collections/permanent/51563.html"/>
    <foaf:isPrimaryTopicOf rdf:resource="http://en.wikipedia.org/wiki/Apolinère_Enameled"/>
    <ns6:wasDerivedFrom rdf:resource="http://en.wikipedia.org/wiki/Apolinère_Enameled?oldid=495229849"/>
    <dbpprop:hasPhotoCollection rdf:resource="http://wifo5-03.informatik.uni-mannheim.de/flickrwrappr/photos/Apolinère_Enameled"/>
  </rdf:Description>
  <rdf:Description rdf:about="http://dbpedia.org/resource/Apolinère_Enameled">
    <owl:sameAs rdf:resource="http://dbpedia.org/resource/Apolin%C3%A8re_Enameled"/>
  </rdf:Description>
  <rdf:Description rdf:about="http://dbpedia.org/resource/Apolinere_Enameled">
    <dbpedia-owl:wikiPageRedirects rdf:resource="http://dbpedia.org/resource/Apolin%C3%A8re_Enameled"/>
  </rdf:Description>
</rdf:RDF>
