<rdf:RDF xmlns:ns7="http://www.w3.org/ns/prov#" xmlns:dbpprop="http://dbpedia.org/property/" xmlns:foaf="http://xmlns.com/foaf/0.1/" xmlns:dbpedia-owl="http://dbpedia.org/ontology/" xmlns:dcterms="http://purl.org/dc/terms/" xmlns:owl="http://www.w3.org/2002/07/owl#" xmlns:rdfs="http://www.w3.org/2000/01/rdf-schema#" xmlns:rdf="http://www.w3.org/1999/02/22-rdf-syntax-ns#">
  <rdf:Description rdf:about="http://fr.dbpedia.org/resource/La_Forge_de_Vulcain_(Vélasquez)">
    <owl:sameAs rdf:resource="http://dbpedia.org/resource/Apollo_in_the_Forge_of_Vulcan"/>
  </rdf:Description>
  <rdf:Description rdf:about="http://dbpedia.org/resource/Apollo_in_the_Forge_of_Vulcan">
    <rdf:type rdf:resource="http://dbpedia.org/class/yago/MythologicalPaintingsByVelazquez"/>
    <rdf:type rdf:resource="http://dbpedia.org/ontology/Artwork"/>
    <rdf:type rdf:resource="http://dbpedia.org/class/yago/Artifact100021939"/>
    <rdf:type rdf:resource="http://dbpedia.org/class/yago/Painting103876519"/>
    <rdf:type rdf:resource="http://dbpedia.org/class/yago/PhysicalEntity100001930"/>
    <rdf:type rdf:resource="http://dbpedia.org/class/yago/VelazquezPaintingsInTheMuseoDelPrado"/>
    <rdf:type rdf:resource="http://dbpedia.org/class/yago/1630Paintings"/>
    <rdf:type rdf:resource="http://dbpedia.org/ontology/Work"/>
    <rdf:type rdf:resource="http://dbpedia.org/class/yago/Creation103129123"/>
    <rdf:type rdf:resource="http://schema.org/CreativeWork"/>
    <rdf:type rdf:resource="http://dbpedia.org/class/yago/Object100002684"/>
    <rdf:type rdf:resource="http://dbpedia.org/class/yago/Whole100003553"/>
    <rdf:type rdf:resource="http://dbpedia.org/class/yago/GraphicArt103453809"/>
    <rdf:type rdf:resource="http://www.w3.org/2002/07/owl#Thing"/>
    <rdf:type rdf:resource="http://dbpedia.org/class/yago/Art102743547"/>
    <owl:sameAs rdf:resource="http://eo.dbpedia.org/resource/La_forĝejo_de_Vulkano"/>
    <owl:sameAs rdf:resource="http://dbpedia.org/resource/Apollo_in_the_Forge_of_Vulcan"/>
    <owl:sameAs rdf:resource="http://eu.dbpedia.org/resource/Vulkanoren_sutegia"/>
    <owl:sameAs rdf:resource="http://gl.dbpedia.org/resource/A_fragua_de_Vulcano"/>
    <owl:sameAs rdf:resource="http://it.dbpedia.org/resource/Fucina_di_Vulcano"/>
    <owl:sameAs rdf:resource="http://www.wikidata.org/entity/Q247282"/>
    <owl:sameAs rdf:resource="http://fr.dbpedia.org/resource/La_Forge_de_Vulcain_(Vélasquez)"/>
    <owl:sameAs rdf:resource="http://ca.dbpedia.org/resource/La_forja_de_Vulcà"/>
    <owl:sameAs rdf:resource="http://yago-knowledge.org/resource/Apollo_in_the_Forge_of_Vulcan"/>
    <owl:sameAs rdf:resource="http://rdf.freebase.com/ns/m.04g2x3n"/>
    <owl:sameAs rdf:resource="http://pl.dbpedia.org/resource/Kuźnia_Wulkana"/>
    <owl:sameAs rdf:resource="http://br.dbpedia.org/resource/La_fragua_de_Vulcano"/>
    <owl:sameAs rdf:resource="http://es.dbpedia.org/resource/La_fragua_de_Vulcano"/>
    <dcterms:subject rdf:resource="http://dbpedia.org/resource/Category:Velazquez_paintings_in_the_Museo_del_Prado"/>
    <dcterms:subject rdf:resource="http://dbpedia.org/resource/Category:1630_paintings"/>
    <dcterms:subject rdf:resource="http://dbpedia.org/resource/Category:Mythological_paintings_by_Velazquez"/>
    <dbpedia-owl:abstract xml:lang="es">La fragua de Vulcano es una obra de Diego Velázquez pintada en Roma en 1630, según informa Antonio Palomino, durante su primer viaje a Italia y junto a La túnica de José, opinión compartida por la crítica. Ambos cuadros fueron pintados sin mediación de encargo, por iniciativa del propio pintor quien los conservó en su poder hasta 1634, vendiéndolos a la corona en esta fecha, junto con otras obras de mano ajena, para la decoración del nuevo Palacio del Buen Retiro. Actualmente se encuentra en el Museo del Prado donde ingresó el 5 de agosto de 1819.</dbpedia-owl:abstract>
    <dbpedia-owl:abstract xml:lang="fr">La Forge de Vulcain est une huile sur toile de Diego Velázquez peinte à Rome en 1630, d’après Antonio Palomino, durant son premier voyage en Italie et en parallèle de La tunique de Joseph, d’après la critique. Les deux toiles furent peintes sans commande préalable, de l’initiative propre du peintre qui les conserva jusqu’à 1634, date à laquelle il les vendit au roi, avec des œuvres d’autres peintres pour le nouveau Palais du Buen Retiro Elle se trouve au Musée du Prado où elle entra le 5 août 1819.</dbpedia-owl:abstract>
    <dbpedia-owl:abstract xml:lang="it">La fucina di Vulcano è un dipinto ad olio su tela di cm 223 x 290 realizzato nel 1630 dal pittore Diego Velázquez. È conservato al Museo del Prado di Madrid. Rappresenta un incontro fra il dio Apollo e Vulcano</dbpedia-owl:abstract>
    <dbpedia-owl:abstract xml:lang="pl">Kuźnia Wulkana (hiszp. La fragua de Vulcano) – obraz olejny hiszpańskiego artysty barokowego Diego Velazqueza. Według jednych źródeł obraz został wykonany w Rzymie, podczas pierwszej podróży malarza do Włoch, według innych – powstał w rezydencji ambasadora Filipa IV, don Manuela de Foncesca. Stanowił uzupełnienie do innego dzieła, wykonanego w tym czasie, pt. Szata Józefa. W zbiorach królewskich znalazł się dzięki księciu Olivaresowi, który go zakupił i podarował królowi z przeznaczeniem do Pałacu Buen Retiro. W obu obrazach są dostrzegalne wpływy malarstwa emiliańskiego i koloryzmu weneckiego.</dbpedia-owl:abstract>
    <dbpedia-owl:abstract xml:lang="en">Apollo in the Forge of Vulcan is an oil painting by Diego de Velázquez completed after his first visit to Italy in 1629. Critics agree that the work should be dated to 1630, the same year as his companion painting "Joseph's Tunic". It appears that neither of the two paintings were commissioned by the king, although both became part of the royal collections within a short time. The painting became part of the collection of the Museo del Prado, in Madrid in 1819.</dbpedia-owl:abstract>
    <dbpedia-owl:author rdf:resource="http://dbpedia.org/resource/Diego_Vel%C3%A1zquez"/>
    <dbpedia-owl:museum rdf:resource="http://dbpedia.org/resource/Museo_del_Prado"/>
    <dbpedia-owl:wikiPageID rdf:datatype="http://www.w3.org/2001/XMLSchema#integer">17460391</dbpedia-owl:wikiPageID>
    <dbpedia-owl:wikiPageRevisionID rdf:datatype="http://www.w3.org/2001/XMLSchema#integer">541005795</dbpedia-owl:wikiPageRevisionID>
    <rdfs:label xml:lang="es">La fragua de Vulcano</rdfs:label>
    <rdfs:label xml:lang="it">Fucina di Vulcano</rdfs:label>
    <rdfs:label xml:lang="fr">La Forge de Vulcain (Vélasquez)</rdfs:label>
    <rdfs:label xml:lang="en">Apollo in the Forge of Vulcan</rdfs:label>
    <rdfs:label xml:lang="pl">Kuźnia Wulkana</rdfs:label>
    <foaf:depiction rdf:resource="http://upload.wikimedia.org/wikipedia/commons/a/ae/Velázquez_-_La_Fragua_de_Vulcano_(Museo_del_Prado,_1630).jpg"/>
    <rdfs:comment xml:lang="fr">La Forge de Vulcain est une huile sur toile de Diego Velázquez peinte à Rome en 1630, d’après Antonio Palomino, durant son premier voyage en Italie et en parallèle de La tunique de Joseph, d’après la critique.</rdfs:comment>
    <rdfs:comment xml:lang="en">Apollo in the Forge of Vulcan is an oil painting by Diego de Velázquez completed after his first visit to Italy in 1629. Critics agree that the work should be dated to 1630, the same year as his companion painting "Joseph's Tunic". It appears that neither of the two paintings were commissioned by the king, although both became part of the royal collections within a short time. The painting became part of the collection of the Museo del Prado, in Madrid in 1819.</rdfs:comment>
    <rdfs:comment xml:lang="it">La fucina di Vulcano è un dipinto ad olio su tela di cm 223 x 290 realizzato nel 1630 dal pittore Diego Velázquez. È conservato al Museo del Prado di Madrid. Rappresenta un incontro fra il dio Apollo e Vulcano</rdfs:comment>
    <rdfs:comment xml:lang="pl">Kuźnia Wulkana (hiszp. La fragua de Vulcano) – obraz olejny hiszpańskiego artysty barokowego Diego Velazqueza. Według jednych źródeł obraz został wykonany w Rzymie, podczas pierwszej podróży malarza do Włoch, według innych – powstał w rezydencji ambasadora Filipa IV, don Manuela de Foncesca. Stanowił uzupełnienie do innego dzieła, wykonanego w tym czasie, pt. Szata Józefa.</rdfs:comment>
    <rdfs:comment xml:lang="es">La fragua de Vulcano es una obra de Diego Velázquez pintada en Roma en 1630, según informa Antonio Palomino, durante su primer viaje a Italia y junto a La túnica de José, opinión compartida por la crítica. Ambos cuadros fueron pintados sin mediación de encargo, por iniciativa del propio pintor quien los conservó en su poder hasta 1634, vendiéndolos a la corona en esta fecha, junto con otras obras de mano ajena, para la decoración del nuevo Palacio del Buen Retiro.</rdfs:comment>
    <foaf:name xml:lang="en">Apollo in the Forge of Vulcan</foaf:name>
    <dbpedia-owl:thumbnail rdf:resource="http://upload.wikimedia.org/wikipedia/commons/thumb/a/ae/Velázquez_-_La_Fragua_de_Vulcano_(Museo_del_Prado,_1630).jpg/200px-Velázquez_-_La_Fragua_de_Vulcano_(Museo_del_Prado,_1630).jpg"/>
    <dbpedia-owl:wikiPageExternalLink rdf:resource="http://libmma.contentdm.oclc.org/cdm/compoundobject/collection/p15324coll10/id/63259/rec/2"/>
    <dbpedia-owl:wikiPageExternalLink rdf:resource="http://smarthistory.khanacademy.org/velazquez-vulcans-forge.html"/>
    <dbpprop:align xml:lang="en">right</dbpprop:align>
    <dbpprop:artist rdf:resource="http://dbpedia.org/resource/Diego_Vel%C3%A1zquez"/>
    <dbpprop:city rdf:resource="http://dbpedia.org/resource/Madrid"/>
    <dbpprop:country xml:lang="en">Spain</dbpprop:country>
    <dbpprop:height rdf:datatype="http://www.w3.org/2001/XMLSchema#integer">223</dbpprop:height>
    <dbpprop:heightInch rdf:datatype="http://www.w3.org/2001/XMLSchema#integer">87</dbpprop:heightInch>
    <dbpprop:imageFile xml:lang="en">Velázquez - La Fragua de Vulcano .jpg</dbpprop:imageFile>
    <dbpprop:museum xml:lang="en">Museo del Prado</dbpprop:museum>
    <dbpprop:style xml:lang="en">Baroque</dbpprop:style>
    <dbpprop:title xml:lang="en">Apollo in the Forge of Vulcan</dbpprop:title>
    <dbpprop:type xml:lang="en">Oil on canvas</dbpprop:type>
    <dbpprop:video xml:lang="en">Velázquez's Vulcan's Forge, Smarthistory</dbpprop:video>
    <dbpprop:width rdf:datatype="http://www.w3.org/2001/XMLSchema#integer">290</dbpprop:width>
    <dbpprop:width rdf:datatype="http://www.w3.org/2001/XMLSchema#integer">210</dbpprop:width>
    <dbpprop:widthInch rdf:datatype="http://www.w3.org/2001/XMLSchema#integer">114</dbpprop:widthInch>
    <dbpprop:year rdf:datatype="http://www.w3.org/2001/XMLSchema#integer">1630</dbpprop:year>
    <foaf:isPrimaryTopicOf rdf:resource="http://en.wikipedia.org/wiki/Apollo_in_the_Forge_of_Vulcan"/>
    <ns7:wasDerivedFrom rdf:resource="http://en.wikipedia.org/wiki/Apollo_in_the_Forge_of_Vulcan?oldid=541005795"/>
    <dbpprop:hasPhotoCollection rdf:resource="http://wifo5-03.informatik.uni-mannheim.de/flickrwrappr/photos/Apollo_in_the_Forge_of_Vulcan"/>
  </rdf:Description>
  <rdf:Description rdf:about="http://es.dbpedia.org/resource/La_fragua_de_Vulcano">
    <owl:sameAs rdf:resource="http://dbpedia.org/resource/Apollo_in_the_Forge_of_Vulcan"/>
  </rdf:Description>
  <rdf:Description rdf:about="http://it.dbpedia.org/resource/Fucina_di_Vulcano">
    <owl:sameAs rdf:resource="http://dbpedia.org/resource/Apollo_in_the_Forge_of_Vulcan"/>
  </rdf:Description>
  <rdf:Description rdf:about="http://dbpedia.org/resource/Apollo_at_the_Forge_of_Vulcan">
    <dbpedia-owl:wikiPageRedirects rdf:resource="http://dbpedia.org/resource/Apollo_in_the_Forge_of_Vulcan"/>
  </rdf:Description>
  <rdf:Description rdf:about="http://dbpedia.org/resource/Apollo_in_the_forge_of_vulcan">
    <dbpedia-owl:wikiPageRedirects rdf:resource="http://dbpedia.org/resource/Apollo_in_the_Forge_of_Vulcan"/>
  </rdf:Description>
  <rdf:Description rdf:about="http://dbpedia.org/resource/Apolo_en_la_Fragua_de_Vulcano">
    <dbpedia-owl:wikiPageRedirects rdf:resource="http://dbpedia.org/resource/Apollo_in_the_Forge_of_Vulcan"/>
  </rdf:Description>
  <rdf:Description rdf:about="http://dbpedia.org/resource/Apolo_in_the_Forge_of_Vulcan">
    <dbpedia-owl:wikiPageRedirects rdf:resource="http://dbpedia.org/resource/Apollo_in_the_Forge_of_Vulcan"/>
  </rdf:Description>
  <rdf:Description rdf:about="http://en.wikipedia.org/wiki/Apollo_in_the_Forge_of_Vulcan">
    <foaf:primaryTopic rdf:resource="http://dbpedia.org/resource/Apollo_in_the_Forge_of_Vulcan"/>
  </rdf:Description>
  <rdf:Description rdf:about="http://pl.dbpedia.org/resource/Kuźnia_Wulkana">
    <owl:sameAs rdf:resource="http://dbpedia.org/resource/Apollo_in_the_Forge_of_Vulcan"/>
  </rdf:Description>
  <rdf:Description rdf:about="http://eu.dbpedia.org/resource/Vulkanoren_sutegia">
    <owl:sameAs rdf:resource="http://dbpedia.org/resource/Apollo_in_the_Forge_of_Vulcan"/>
  </rdf:Description>
  <rdf:Description rdf:about="http://wikidata.dbpedia.org/resource/Q247282">
    <owl:sameAs rdf:resource="http://dbpedia.org/resource/Apollo_in_the_Forge_of_Vulcan"/>
  </rdf:Description>
  <rdf:Description rdf:about="http://br.dbpedia.org/resource/La_fragua_de_Vulcano">
    <owl:sameAs rdf:resource="http://dbpedia.org/resource/Apollo_in_the_Forge_of_Vulcan"/>
  </rdf:Description>
  <rdf:Description rdf:about="http://ca.dbpedia.org/resource/La_forja_de_Vulcà">
    <owl:sameAs rdf:resource="http://dbpedia.org/resource/Apollo_in_the_Forge_of_Vulcan"/>
  </rdf:Description>
  <rdf:Description rdf:about="http://eo.dbpedia.org/resource/La_forĝejo_de_Vulkano">
    <owl:sameAs rdf:resource="http://dbpedia.org/resource/Apollo_in_the_Forge_of_Vulcan"/>
  </rdf:Description>
  <rdf:Description rdf:about="http://gl.dbpedia.org/resource/A_fragua_de_Vulcano">
    <owl:sameAs rdf:resource="http://dbpedia.org/resource/Apollo_in_the_Forge_of_Vulcan"/>
  </rdf:Description>
</rdf:RDF>
