<rdf:RDF xmlns:ns7="http://www.w3.org/ns/prov#" xmlns:dbpprop="http://dbpedia.org/property/" xmlns:foaf="http://xmlns.com/foaf/0.1/" xmlns:dbpedia-owl="http://dbpedia.org/ontology/" xmlns:dcterms="http://purl.org/dc/terms/" xmlns:owl="http://www.w3.org/2002/07/owl#" xmlns:rdfs="http://www.w3.org/2000/01/rdf-schema#" xmlns:rdf="http://www.w3.org/1999/02/22-rdf-syntax-ns#">
  <rdf:Description rdf:about="http://dbpedia.org/resource/Apotheosis_of_Palermo">
    <rdf:type rdf:resource="http://dbpedia.org/class/yago/Object100002684"/>
    <rdf:type rdf:resource="http://dbpedia.org/class/yago/GraphicArt103453809"/>
    <rdf:type rdf:resource="http://dbpedia.org/class/yago/BaroquePaintings"/>
    <rdf:type rdf:resource="http://dbpedia.org/ontology/Artwork"/>
    <rdf:type rdf:resource="http://schema.org/CreativeWork"/>
    <rdf:type rdf:resource="http://dbpedia.org/ontology/Work"/>
    <rdf:type rdf:resource="http://dbpedia.org/class/yago/Art102743547"/>
    <rdf:type rdf:resource="http://www.w3.org/2002/07/owl#Thing"/>
    <rdf:type rdf:resource="http://dbpedia.org/class/yago/Artifact100021939"/>
    <rdf:type rdf:resource="http://dbpedia.org/class/yago/1760sPaintings"/>
    <rdf:type rdf:resource="http://dbpedia.org/class/yago/PhysicalEntity100001930"/>
    <rdf:type rdf:resource="http://dbpedia.org/class/yago/Painting103876519"/>
    <rdf:type rdf:resource="http://dbpedia.org/class/yago/Creation103129123"/>
    <rdf:type rdf:resource="http://dbpedia.org/class/yago/FrescoPaintings"/>
    <rdf:type rdf:resource="http://dbpedia.org/class/yago/Whole100003553"/>
    <owl:sameAs rdf:resource="http://dbpedia.org/resource/Apotheosis_of_Palermo"/>
    <owl:sameAs rdf:resource="http://www.wikidata.org/entity/Q2858575"/>
    <owl:sameAs rdf:resource="http://yago-knowledge.org/resource/Apotheosis_of_Palermo"/>
    <owl:sameAs rdf:resource="http://fr.dbpedia.org/resource/Apothéose_de_Palerme"/>
    <owl:sameAs rdf:resource="http://it.dbpedia.org/resource/Apoteosi_di_Palermo"/>
    <owl:sameAs rdf:resource="http://rdf.freebase.com/ns/m.0czcdwl"/>
    <dcterms:subject rdf:resource="http://dbpedia.org/resource/Category:Baroque_paintings"/>
    <dcterms:subject rdf:resource="http://dbpedia.org/resource/Category:1760s_paintings"/>
    <dcterms:subject rdf:resource="http://dbpedia.org/resource/Category:Fresco_paintings"/>
    <dbpedia-owl:abstract xml:lang="fr">L'Apothéose de Palerme (en italien Apoteosi di Palermo) de Vito d'Anna est une fresque, réalisée en 1760 pour la salle de bal de Palazzo Isnello à Palerme. L'œuvre contient une des sept images monumentales existantes du Génie de Palerme, numen protecteur de la ville sicilienne.</dbpedia-owl:abstract>
    <dbpedia-owl:abstract xml:lang="en">The Apotheosis of Palermo is a fresco by Vito D'Anna in the Palazzo Isnello, Palermo, Italy, considered one of the most representative works of the Sicilian Baroque painting. Is one of the seven monumental representations of the Genius of Palermo.</dbpedia-owl:abstract>
    <dbpedia-owl:abstract xml:lang="it">La Apoteosi di Palermo è un dipinto a fresco di Vito D'Anna, datato 1760. Si trova nel salone da ballo di Palazzo Isnello a Palermo. L'opera è una delle otto rappresentazioni monumentali del Genio di Palermo ed è considerato uno dei capolavori di Vito D'Anna e della pittura barocca siciliana.</dbpedia-owl:abstract>
    <dbpedia-owl:author rdf:resource="http://dbpedia.org/resource/Vito_D'Anna"/>
    <dbpedia-owl:museum rdf:resource="http://dbpedia.org/resource/Palazzo_Isnello"/>
    <dbpedia-owl:wikiPageID rdf:datatype="http://www.w3.org/2001/XMLSchema#integer">28660974</dbpedia-owl:wikiPageID>
    <dbpedia-owl:wikiPageRevisionID rdf:datatype="http://www.w3.org/2001/XMLSchema#integer">545990574</dbpedia-owl:wikiPageRevisionID>
    <rdfs:label xml:lang="it">Apoteosi di Palermo</rdfs:label>
    <rdfs:label xml:lang="fr">Apothéose de Palerme</rdfs:label>
    <rdfs:label xml:lang="en">Apotheosis of Palermo</rdfs:label>
    <foaf:depiction rdf:resource="http://upload.wikimedia.org/wikipedia/commons/c/cd/Vito_D_Anna_Apoteosi_Palermo.jpg"/>
    <rdfs:comment xml:lang="fr">L'Apothéose de Palerme (en italien Apoteosi di Palermo) de Vito d'Anna est une fresque, réalisée en 1760 pour la salle de bal de Palazzo Isnello à Palerme. L'œuvre contient une des sept images monumentales existantes du Génie de Palerme, numen protecteur de la ville sicilienne.</rdfs:comment>
    <rdfs:comment xml:lang="it">La Apoteosi di Palermo è un dipinto a fresco di Vito D'Anna, datato 1760. Si trova nel salone da ballo di Palazzo Isnello a Palermo. L'opera è una delle otto rappresentazioni monumentali del Genio di Palermo ed è considerato uno dei capolavori di Vito D'Anna e della pittura barocca siciliana.</rdfs:comment>
    <rdfs:comment xml:lang="en">The Apotheosis of Palermo is a fresco by Vito D'Anna in the Palazzo Isnello, Palermo, Italy, considered one of the most representative works of the Sicilian Baroque painting. Is one of the seven monumental representations of the Genius of Palermo.</rdfs:comment>
    <foaf:name xml:lang="en">Apotheosis of Palermo</foaf:name>
    <dbpedia-owl:thumbnail rdf:resource="http://upload.wikimedia.org/wikipedia/commons/thumb/c/cd/Vito_D_Anna_Apoteosi_Palermo.jpg/200px-Vito_D_Anna_Apoteosi_Palermo.jpg"/>
    <dbpprop:artist rdf:resource="http://dbpedia.org/resource/Vito_D'Anna"/>
    <dbpprop:city rdf:resource="http://dbpedia.org/resource/Palermo"/>
    <dbpprop:height rdf:datatype="http://www.w3.org/2001/XMLSchema#integer">860</dbpprop:height>
    <dbpprop:imageFile xml:lang="en">Vito D Anna Apoteosi Palermo.jpg</dbpprop:imageFile>
    <dbpprop:imageSize rdf:datatype="http://www.w3.org/2001/XMLSchema#integer">230</dbpprop:imageSize>
    <dbpprop:museum rdf:resource="http://dbpedia.org/resource/Palazzo_Isnello"/>
    <dbpprop:title xml:lang="en">Apotheosis of Palermo</dbpprop:title>
    <dbpprop:type rdf:resource="http://dbpedia.org/resource/Fresco"/>
    <dbpprop:width rdf:datatype="http://www.w3.org/2001/XMLSchema#integer">340</dbpprop:width>
    <dbpprop:year rdf:datatype="http://www.w3.org/2001/XMLSchema#integer">1760</dbpprop:year>
    <foaf:isPrimaryTopicOf rdf:resource="http://en.wikipedia.org/wiki/Apotheosis_of_Palermo"/>
    <ns7:wasDerivedFrom rdf:resource="http://en.wikipedia.org/wiki/Apotheosis_of_Palermo?oldid=545990574"/>
    <dbpprop:hasPhotoCollection rdf:resource="http://wifo5-03.informatik.uni-mannheim.de/flickrwrappr/photos/Apotheosis_of_Palermo"/>
  </rdf:Description>
  <rdf:Description rdf:about="http://it.dbpedia.org/resource/Apoteosi_di_Palermo">
    <owl:sameAs rdf:resource="http://dbpedia.org/resource/Apotheosis_of_Palermo"/>
  </rdf:Description>
  <rdf:Description rdf:about="http://fr.dbpedia.org/resource/Apothéose_de_Palerme">
    <owl:sameAs rdf:resource="http://dbpedia.org/resource/Apotheosis_of_Palermo"/>
  </rdf:Description>
  <rdf:Description rdf:about="http://en.wikipedia.org/wiki/Apotheosis_of_Palermo">
    <foaf:primaryTopic rdf:resource="http://dbpedia.org/resource/Apotheosis_of_Palermo"/>
  </rdf:Description>
  <rdf:Description rdf:about="http://wikidata.dbpedia.org/resource/Q2858575">
    <owl:sameAs rdf:resource="http://dbpedia.org/resource/Apotheosis_of_Palermo"/>
  </rdf:Description>
</rdf:RDF>
