<rdf:RDF xmlns:ns7="http://www.w3.org/ns/prov#" xmlns:dbpprop="http://dbpedia.org/property/" xmlns:foaf="http://xmlns.com/foaf/0.1/" xmlns:dbpedia-owl="http://dbpedia.org/ontology/" xmlns:dcterms="http://purl.org/dc/terms/" xmlns:owl="http://www.w3.org/2002/07/owl#" xmlns:rdfs="http://www.w3.org/2000/01/rdf-schema#" xmlns:rdf="http://www.w3.org/1999/02/22-rdf-syntax-ns#">
  <rdf:Description rdf:about="http://en.wikipedia.org/wiki/Apparition_of_Christ_to_the_Virgin">
    <foaf:primaryTopic rdf:resource="http://dbpedia.org/resource/Apparition_of_Christ_to_the_Virgin"/>
  </rdf:Description>
  <rdf:Description rdf:about="http://dbpedia.org/resource/Apparition_of_Christ_to_Madonna">
    <dbpedia-owl:wikiPageRedirects rdf:resource="http://dbpedia.org/resource/Apparition_of_Christ_to_the_Virgin"/>
  </rdf:Description>
  <rdf:Description rdf:about="http://dbpedia.org/resource/Apparition_of_Christ_to_the_Virgin">
    <rdf:type rdf:resource="http://dbpedia.org/class/yago/1490sPaintings"/>
    <rdf:type rdf:resource="http://schema.org/CreativeWork"/>
    <rdf:type rdf:resource="http://dbpedia.org/class/yago/Painting103876519"/>
    <rdf:type rdf:resource="http://dbpedia.org/class/yago/PhysicalEntity100001930"/>
    <rdf:type rdf:resource="http://dbpedia.org/class/yago/GraphicArt103453809"/>
    <rdf:type rdf:resource="http://dbpedia.org/class/yago/Object100002684"/>
    <rdf:type rdf:resource="http://dbpedia.org/class/yago/Artifact100021939"/>
    <rdf:type rdf:resource="http://dbpedia.org/class/yago/Art102743547"/>
    <rdf:type rdf:resource="http://dbpedia.org/class/yago/PaintingsByFilippinoLippi"/>
    <rdf:type rdf:resource="http://www.w3.org/2002/07/owl#Thing"/>
    <rdf:type rdf:resource="http://dbpedia.org/ontology/Artwork"/>
    <rdf:type rdf:resource="http://dbpedia.org/class/yago/Whole100003553"/>
    <rdf:type rdf:resource="http://dbpedia.org/class/yago/Creation103129123"/>
    <rdf:type rdf:resource="http://dbpedia.org/ontology/Work"/>
    <owl:sameAs rdf:resource="http://yago-knowledge.org/resource/Apparition_of_Christ_to_the_Virgin"/>
    <owl:sameAs rdf:resource="http://it.dbpedia.org/resource/Apparizione_di_Cristo_alla_Madonna"/>
    <owl:sameAs rdf:resource="http://dbpedia.org/resource/Apparition_of_Christ_to_the_Virgin"/>
    <owl:sameAs rdf:resource="http://rdf.freebase.com/ns/m.0gvsfgm"/>
    <owl:sameAs rdf:resource="http://www.wikidata.org/entity/Q3620835"/>
    <dcterms:subject rdf:resource="http://dbpedia.org/resource/Category:Paintings_by_Filippino_Lippi"/>
    <dcterms:subject rdf:resource="http://dbpedia.org/resource/Category:Collection_of_the_Alte_Pinakothek"/>
    <dcterms:subject rdf:resource="http://dbpedia.org/resource/Category:1490s_paintings"/>
    <dbpedia-owl:abstract xml:lang="en">The Apparition of Christ to the Virgin is a painting by the Italian Renaissance master Filippino Lippi, executed around 1493 and now housed in the Alte Pinakothek of Munich, Germany. The work dates to around to the period after Lippi's return to Florence after his works in the Carafa Chapel at Rome. It is perhaps to be identified with the panel mentioned by the Renaissance art historian Giorgio Vasari in the church of San Francesco al Palco of Prato. In the 19th century, Ludwig I of Bavaria acquired the paintings, which later, together with the other royal collections, was included in the Alte Pinakothek.</dbpedia-owl:abstract>
    <dbpedia-owl:abstract xml:lang="it">L'Apparizione di Cristo alla Madonna è un dipinto a olio su tavola (156,1x146,7 cm) di Filippino Lippi, databile al 1493 circa e conservato nell'Alte Pinakothek di Monaco.</dbpedia-owl:abstract>
    <dbpedia-owl:author rdf:resource="http://dbpedia.org/resource/Filippino_Lippi"/>
    <dbpedia-owl:museum rdf:resource="http://dbpedia.org/resource/Alte_Pinakothek"/>
    <dbpedia-owl:wikiPageID rdf:datatype="http://www.w3.org/2001/XMLSchema#integer">31954764</dbpedia-owl:wikiPageID>
    <dbpedia-owl:wikiPageRevisionID rdf:datatype="http://www.w3.org/2001/XMLSchema#integer">546166018</dbpedia-owl:wikiPageRevisionID>
    <rdfs:label xml:lang="en">Apparition of Christ to the Virgin</rdfs:label>
    <rdfs:label xml:lang="it">Apparizione di Cristo alla Madonna</rdfs:label>
    <foaf:depiction rdf:resource="http://upload.wikimedia.org/wikipedia/commons/9/9b/Filippino_lippi,_apparizione_di_cristo_alla_madonna,_monaco_1493_circa.jpg"/>
    <rdfs:comment xml:lang="it">L'Apparizione di Cristo alla Madonna è un dipinto a olio su tavola (156,1x146,7 cm) di Filippino Lippi, databile al 1493 circa e conservato nell'Alte Pinakothek di Monaco.</rdfs:comment>
    <rdfs:comment xml:lang="en">The Apparition of Christ to the Virgin is a painting by the Italian Renaissance master Filippino Lippi, executed around 1493 and now housed in the Alte Pinakothek of Munich, Germany. The work dates to around to the period after Lippi's return to Florence after his works in the Carafa Chapel at Rome. It is perhaps to be identified with the panel mentioned by the Renaissance art historian Giorgio Vasari in the church of San Francesco al Palco of Prato.</rdfs:comment>
    <foaf:name xml:lang="en">Apparition of Christ to the Virgin</foaf:name>
    <dbpedia-owl:thumbnail rdf:resource="http://upload.wikimedia.org/wikipedia/commons/thumb/9/9b/Filippino_lippi,_apparizione_di_cristo_alla_madonna,_monaco_1493_circa.jpg/200px-Filippino_lippi,_apparizione_di_cristo_alla_madonna,_monaco_1493_circa.jpg"/>
    <dbpprop:artist rdf:resource="http://dbpedia.org/resource/Filippino_Lippi"/>
    <dbpprop:city rdf:resource="http://dbpedia.org/resource/Munich"/>
    <dbpprop:height rdf:datatype="http://www.w3.org/2001/XMLSchema#double">156.1</dbpprop:height>
    <dbpprop:imageFile xml:lang="en">Filippino lippi, apparizione di cristo alla madonna, monaco 1493 circa.jpg</dbpprop:imageFile>
    <dbpprop:museum rdf:resource="http://dbpedia.org/resource/Alte_Pinakothek"/>
    <dbpprop:title xml:lang="en">Apparition of Christ to the Virgin</dbpprop:title>
    <dbpprop:type rdf:resource="http://dbpedia.org/resource/Oil_painting"/>
    <dbpprop:width rdf:datatype="http://www.w3.org/2001/XMLSchema#double">146.7</dbpprop:width>
    <dbpprop:year xml:lang="en">c. 1493</dbpprop:year>
    <foaf:isPrimaryTopicOf rdf:resource="http://en.wikipedia.org/wiki/Apparition_of_Christ_to_the_Virgin"/>
    <ns7:wasDerivedFrom rdf:resource="http://en.wikipedia.org/wiki/Apparition_of_Christ_to_the_Virgin?oldid=546166018"/>
    <dbpprop:hasPhotoCollection rdf:resource="http://wifo5-03.informatik.uni-mannheim.de/flickrwrappr/photos/Apparition_of_Christ_to_the_Virgin"/>
  </rdf:Description>
  <rdf:Description rdf:about="http://it.dbpedia.org/resource/Apparizione_di_Cristo_alla_Madonna">
    <owl:sameAs rdf:resource="http://dbpedia.org/resource/Apparition_of_Christ_to_the_Virgin"/>
  </rdf:Description>
  <rdf:Description rdf:about="http://wikidata.dbpedia.org/resource/Q3620835">
    <owl:sameAs rdf:resource="http://dbpedia.org/resource/Apparition_of_Christ_to_the_Virgin"/>
  </rdf:Description>
</rdf:RDF>
