<rdf:RDF xmlns:ns7="http://www.w3.org/ns/prov#" xmlns:dbpprop="http://dbpedia.org/property/" xmlns:foaf="http://xmlns.com/foaf/0.1/" xmlns:dbpedia-owl="http://dbpedia.org/ontology/" xmlns:dcterms="http://purl.org/dc/terms/" xmlns:owl="http://www.w3.org/2002/07/owl#" xmlns:rdfs="http://www.w3.org/2000/01/rdf-schema#" xmlns:rdf="http://www.w3.org/1999/02/22-rdf-syntax-ns#">
  <rdf:Description rdf:about="http://fr.dbpedia.org/resource/L'Apparition_de_la_Vierge_à_saint_Bernard_(Filippino_Lippi)">
    <owl:sameAs rdf:resource="http://dbpedia.org/resource/Apparition_of_the_Virgin_to_St_Bernard_(Filippino_Lippi)"/>
  </rdf:Description>
  <rdf:Description rdf:about="http://dbpedia.org/resource/Filippino_Lippi">
    <dbpprop:works rdf:resource="http://dbpedia.org/resource/Apparition_of_the_Virgin_to_St_Bernard_(Filippino_Lippi)"/>
  </rdf:Description>
  <rdf:Description rdf:about="http://dbpedia.org/resource/Apparition_of_the_Virgin_to_St_Bernard_(Filippino_Lippi)">
    <rdf:type rdf:resource="http://dbpedia.org/class/yago/Artifact100021939"/>
    <rdf:type rdf:resource="http://dbpedia.org/class/yago/PaintingsByFilippinoLippi"/>
    <rdf:type rdf:resource="http://dbpedia.org/class/yago/Object100002684"/>
    <rdf:type rdf:resource="http://schema.org/CreativeWork"/>
    <rdf:type rdf:resource="http://dbpedia.org/class/yago/1480Paintings"/>
    <rdf:type rdf:resource="http://dbpedia.org/class/yago/Creation103129123"/>
    <rdf:type rdf:resource="http://www.w3.org/2002/07/owl#Thing"/>
    <rdf:type rdf:resource="http://dbpedia.org/ontology/Work"/>
    <rdf:type rdf:resource="http://dbpedia.org/class/yago/Art102743547"/>
    <rdf:type rdf:resource="http://dbpedia.org/class/yago/Whole100003553"/>
    <rdf:type rdf:resource="http://dbpedia.org/ontology/Artwork"/>
    <rdf:type rdf:resource="http://dbpedia.org/class/yago/GraphicArt103453809"/>
    <rdf:type rdf:resource="http://dbpedia.org/class/yago/Painting103876519"/>
    <rdf:type rdf:resource="http://dbpedia.org/class/yago/PhysicalEntity100001930"/>
    <owl:sameAs rdf:resource="http://www.wikidata.org/entity/Q2735676"/>
    <owl:sameAs rdf:resource="http://rdf.freebase.com/ns/m.02vl1nj"/>
    <owl:sameAs rdf:resource="http://it.dbpedia.org/resource/Apparizione_della_Vergine_a_san_Bernardo_(Filippino_Lippi)"/>
    <owl:sameAs rdf:resource="http://yago-knowledge.org/resource/Apparition_of_the_Virgin_to_St_Bernard_(Filippino_Lippi)"/>
    <owl:sameAs rdf:resource="http://dbpedia.org/resource/Apparition_of_the_Virgin_to_St_Bernard_(Filippino_Lippi)"/>
    <owl:sameAs rdf:resource="http://es.dbpedia.org/resource/La_visión_de_san_Bernardo_(Filippino_Lippi)"/>
    <owl:sameAs rdf:resource="http://pl.dbpedia.org/resource/Madonna_zjawiająca_się_św._Bernardowi"/>
    <owl:sameAs rdf:resource="http://fr.dbpedia.org/resource/L'Apparition_de_la_Vierge_à_saint_Bernard_(Filippino_Lippi)"/>
    <owl:sameAs rdf:resource="http://zh.dbpedia.org/resource/圣母向圣伯纳德的显现"/>
    <dcterms:subject rdf:resource="http://dbpedia.org/resource/Category:Paintings_by_Filippino_Lippi"/>
    <dcterms:subject rdf:resource="http://dbpedia.org/resource/Category:1480_paintings"/>
    <dbpedia-owl:abstract xml:lang="zh">圣母向圣伯纳德显现(圣伯纳德的幻境)(意大利语：Apparizione della Vergine a san Bernardo；西班牙语：La visión de san Bernardo)，为意大利文艺复兴时期画家菲利皮诺·利皮于1480年所作，现藏于意大利佛罗伦萨的佛罗伦萨巴蒂亚修道院。 此画是皮耶罗·弗朗切斯科·迪·普格利亚斯为修道院中的家族礼拜堂订购的。皮耶罗的肖像出现在画面的右下角，呈传统的祷告姿势。 这幅画是利皮最优秀的作品之一 。画作表现出的弗拉芒式的强烈色差和对细节的重视，使得“圣母向圣伯纳德显现”这一宗教场面充满了生活气息。事件发生在一块岩石之下，当时圣伯纳德正在他的小讲台上写作，圣母众天使们突然之间就来到了他的面前。圣伯纳德的背后，魔鬼咬住他的锁链：这是中世纪主题的对圣母的赞颂，意为其将人类从魔鬼的枷锁下解放出来。 岩石上挂着公元前三世纪斯多葛派作家埃皮克提图的一句诗：Sustine et abstine，意为“力行和节制”，这也是圣伯纳德的格言。不少学者认为，圣母和天使的容貌是来自于雇主的妻子和儿女。</dbpedia-owl:abstract>
    <dbpedia-owl:abstract xml:lang="es">La visión de san Bernardo, en italiano La Vergine appare a san Bernardo, «La Virgen se aparece a san Bernardo», es un óleo sobre tabla obra del pintor renacentista italiano Filippino Lippi. Data del año 1480 y se guarda en la Badia Fiorentina, una iglesia de Florencia. El cuadro fue un encargo para la capilla de Francesco del Pugliese por su hijo Piero, que está retratado en la esquina inferior derecha en la tradicional postura de oración del donante. Es una de las obras más admiradas de Lippi, debido a su poderoso cromatismo, inspirado en la pintura flamenca; se cree que utilizó óleo como aglutinante. También sobresale por su atención a los detalles, que contribuyen a su vez a hacer de una aparición mística de la Virgen a san Bernardo en una escena de la vida cotidiana. La composición está ambientada en un paisaje rocoso en el que el santo, mientras está escribiendo, de repente es visitado por la Virgen. Detrás de los hombros de san Bernardo está representado un demonio mordiendo sus cadenas: es una referencia un himno medieval que celebra a la Virgen como la liberadora de la Humanidad de la cadena de sus pecados. En la parte de la derecha hay imágenes de de la vida franciscana. El hombre que aparece abajo, a la derecha, es el donante, en una figura cortada, lo que contribuye a crear una ilusión de espontaneidad. La influencia de Botticelli se evidencia en características como el dibujo, los gestos de las figuras o la caída y dobleces de los paños.</dbpedia-owl:abstract>
    <dbpedia-owl:abstract xml:lang="it">L'Apparizione della Vergine a san Bernardo è un dipinto olio su tavola (210x195 cm) di Filippino Lippi, databile al 1482-1486 circa e conservato nella Badia Fiorentina a Firenze.</dbpedia-owl:abstract>
    <dbpedia-owl:abstract xml:lang="en">Apparition of the Virgin to St. Bernard is a painting by the Italian Renaissance painter Filippino Lippi, dated 1480. It is housed in the Badia Fiorentina, a church in Florence. The picture was commissioned for the chapel of Francesco del Pugliese by the latter's son Piero, who is portrayed in the lower right corner in the traditional praying posture of the donor. It is one of the most admired Lippi's works, due to its powerful, Flemish-inspired chromatism and attention to details, which contribute in turning the mystical apparition of the Virgin to St. Bernard into an everyday life scene. The composition is set in a rocky landscape in which the saint, while writing on his lectern, is suddenly visited by the Virgin. Behind Bernard's shoulders is depicted the demon biting his chains: this is a reference to a medieval hymn celebrating the Virgin as the liberator of humanity from the chains of their sins. A scroll on a rock contains a verse by the 3rd century AD stoic writer Epictetus: Sustine et abstine ("Carry on and abstain"), a hint to Bernard's teachings. Some scholars have identified in the faces of the Virgin and the angels on the left the portraits of the committent's wife and sons</dbpedia-owl:abstract>
    <dbpedia-owl:abstract xml:lang="pl">Madonna zjawiająca się św. Bernardowi (lub Wizja św. Bernarda) – obraz namalowany ok. 1485 przez włoskiego artystę renesansowego Filippina Lippiego. Dzieło obecnie znajduje się w kościele Badìa Fiorentina we Florencji. Dominują w nim wpływy malarstwa flamandzkiego, szczególnie Hugona van der Goesa. Obraz namalowany na zamówienie rodziny Pugliese; fundator dzieła, Piero di Francesco del Pugliese, został przedstawiony w prawym dolnym narożniku jako świadek cudownych wydarzeń, z dłońmi złożonymi do modlitwy. Dzieło Lippiego przedstawia mistyczne spotkanie Dziewicy Marii i Bernarda z Clairvaux (założyciela zakonu cystersów i autora wielu traktatów teologicznych, poświęconych przede wszystkim Marii) w górzystym krajobrazie, niedaleko zabudowań klasztornych. Opactwa cystersów zazwyczaj lokowano w miejscach odludnych, z dala od cywilizacji – i tak właśnie jest na obrazie. Św. Bernard został ukazany przy pracy, otoczony księgami, które piętrzą się na półce skalnej. Jego pulpit również jest „naturalny”. Uczony wygląda na zmęczonego: zgodnie z legendą, Maria dała Bernardowi siłę, by pomimo choroby ukończył jeden z traktatów. Motto Bernarda: sustine et abstine (z łac. znoś i powstrzymuj się) wisi na skale za jego plecami. Bernard cenił żywot prosty i zakazywał – między innymi – dekorowania miejsc świętych (w tym kościołów klasztornych). Maria, ukazana w scenie niczym matka z czworgiem dzieci, okazuje zainteresowanie pracą Bernarda. Towarzyszący jej aniołowie spoglądają na świętego z dziecięcym zaciekawieniem; ich twarze nasuwają skojarzenia z dziełami nauczyciela Lippiego – Botticellego. Rozpościerający się w tle krajobraz wygląda na bardziej przyjazny niż kamieniste otoczenie klasztoru. Po prawej dwa demony spoglądają na scenę z mrocznej jaskini, gdzie zostały spętane. Symbolizują one herezję, którą potępiał Bernard. W głębi z prawej mnisi w białych habitach cysterskich z nabożnym zdumieniem wpatrują się w złoty blask na niebie; w tle ich pobratymcy niosą w kierunku opactwa starego człowieka. Przypisy</dbpedia-owl:abstract>
    <dbpedia-owl:abstract xml:lang="fr">L'Apparition de la Vierge à saint Bernard est une peinture religieuse de Filippino Lippi, datant de 1486, de l'église de la Badia Fiorentina de Florence.</dbpedia-owl:abstract>
    <dbpedia-owl:author rdf:resource="http://dbpedia.org/resource/Filippino_Lippi"/>
    <dbpedia-owl:wikiPageID rdf:datatype="http://www.w3.org/2001/XMLSchema#integer">11988925</dbpedia-owl:wikiPageID>
    <dbpedia-owl:wikiPageRevisionID rdf:datatype="http://www.w3.org/2001/XMLSchema#integer">541050070</dbpedia-owl:wikiPageRevisionID>
    <rdfs:label xml:lang="pl">Madonna zjawiająca się św. Bernardowi</rdfs:label>
    <rdfs:label xml:lang="es">La visión de san Bernardo (Filippino Lippi)</rdfs:label>
    <rdfs:label xml:lang="en">Apparition of the Virgin to St Bernard (Filippino Lippi)</rdfs:label>
    <rdfs:label xml:lang="fr">L'Apparition de la Vierge à saint Bernard (Filippino Lippi)</rdfs:label>
    <rdfs:label xml:lang="it">Apparizione della Vergine a san Bernardo (Filippino Lippi)</rdfs:label>
    <rdfs:label xml:lang="zh">圣母向圣伯纳德的显现</rdfs:label>
    <foaf:depiction rdf:resource="http://upload.wikimedia.org/wikipedia/commons/7/7e/Bernardo_claraval_filippino_lippi.jpg"/>
    <rdfs:comment xml:lang="fr">L'Apparition de la Vierge à saint Bernard est une peinture religieuse de Filippino Lippi, datant de 1486, de l'église de la Badia Fiorentina de Florence.</rdfs:comment>
    <rdfs:comment xml:lang="es">La visión de san Bernardo, en italiano La Vergine appare a san Bernardo, «La Virgen se aparece a san Bernardo», es un óleo sobre tabla obra del pintor renacentista italiano Filippino Lippi. Data del año 1480 y se guarda en la Badia Fiorentina, una iglesia de Florencia. El cuadro fue un encargo para la capilla de Francesco del Pugliese por su hijo Piero, que está retratado en la esquina inferior derecha en la tradicional postura de oración del donante.</rdfs:comment>
    <rdfs:comment xml:lang="zh">圣母向圣伯纳德显现(圣伯纳德的幻境)(意大利语：Apparizione della Vergine a san Bernardo；西班牙语：La visión de san Bernardo)，为意大利文艺复兴时期画家菲利皮诺·利皮于1480年所作，现藏于意大利佛罗伦萨的佛罗伦萨巴蒂亚修道院。 此画是皮耶罗·弗朗切斯科·迪·普格利亚斯为修道院中的家族礼拜堂订购的。皮耶罗的肖像出现在画面的右下角，呈传统的祷告姿势。 这幅画是利皮最优秀的作品之一 。画作表现出的弗拉芒式的强烈色差和对细节的重视，使得“圣母向圣伯纳德显现”这一宗教场面充满了生活气息。事件发生在一块岩石之下，当时圣伯纳德正在他的小讲台上写作，圣母众天使们突然之间就来到了他的面前。圣伯纳德的背后，魔鬼咬住他的锁链：这是中世纪主题的对圣母的赞颂，意为其将人类从魔鬼的枷锁下解放出来。 岩石上挂着公元前三世纪斯多葛派作家埃皮克提图的一句诗：Sustine et abstine，意为“力行和节制”，这也是圣伯纳德的格言。不少学者认为，圣母和天使的容貌是来自于雇主的妻子和儿女。</rdfs:comment>
    <rdfs:comment xml:lang="en">Apparition of the Virgin to St. Bernard is a painting by the Italian Renaissance painter Filippino Lippi, dated 1480. It is housed in the Badia Fiorentina, a church in Florence. The picture was commissioned for the chapel of Francesco del Pugliese by the latter's son Piero, who is portrayed in the lower right corner in the traditional praying posture of the donor.</rdfs:comment>
    <rdfs:comment xml:lang="it">L'Apparizione della Vergine a san Bernardo è un dipinto olio su tavola (210x195 cm) di Filippino Lippi, databile al 1482-1486 circa e conservato nella Badia Fiorentina a Firenze.</rdfs:comment>
    <rdfs:comment xml:lang="pl">Madonna zjawiająca się św. Bernardowi (lub Wizja św. Bernarda) – obraz namalowany ok. 1485 przez włoskiego artystę renesansowego Filippina Lippiego. Dzieło obecnie znajduje się w kościele Badìa Fiorentina we Florencji. Dominują w nim wpływy malarstwa flamandzkiego, szczególnie Hugona van der Goesa.</rdfs:comment>
    <foaf:name xml:lang="en">Apparition of the Virgin to St Bernard</foaf:name>
    <dbpedia-owl:thumbnail rdf:resource="http://upload.wikimedia.org/wikipedia/commons/thumb/7/7e/Bernardo_claraval_filippino_lippi.jpg/200px-Bernardo_claraval_filippino_lippi.jpg"/>
    <dbpedia-owl:wikiPageExternalLink rdf:resource="http://www.artonline.it/opera.asp?IDOpera=1424"/>
    <dbpprop:artist xml:lang="en">Filippino Lippi</dbpprop:artist>
    <dbpprop:city xml:lang="en">Florence</dbpprop:city>
    <dbpprop:height rdf:datatype="http://www.w3.org/2001/XMLSchema#integer">210</dbpprop:height>
    <dbpprop:imageFile xml:lang="en">Bernardo claraval filippino lippi.jpg</dbpprop:imageFile>
    <dbpprop:museum xml:lang="en">Badia</dbpprop:museum>
    <dbpprop:title xml:lang="en">Apparition of the Virgin to St Bernard</dbpprop:title>
    <dbpprop:type xml:lang="en">Oil on panel</dbpprop:type>
    <dbpprop:width rdf:datatype="http://www.w3.org/2001/XMLSchema#integer">195</dbpprop:width>
    <dbpprop:year rdf:datatype="http://www.w3.org/2001/XMLSchema#integer">1480</dbpprop:year>
    <foaf:isPrimaryTopicOf rdf:resource="http://en.wikipedia.org/wiki/Apparition_of_the_Virgin_to_St_Bernard_(Filippino_Lippi)"/>
    <ns7:wasDerivedFrom rdf:resource="http://en.wikipedia.org/wiki/Apparition_of_the_Virgin_to_St_Bernard_(Filippino_Lippi)?oldid=541050070"/>
    <dbpprop:hasPhotoCollection rdf:resource="http://wifo5-03.informatik.uni-mannheim.de/flickrwrappr/photos/Apparition_of_the_Virgin_to_St_Bernard_(Filippino_Lippi)"/>
  </rdf:Description>
  <rdf:Description rdf:about="http://dbpedia.org/resource/Apparition_of_The_Virgin_to_St_Bernard_(Filippino_Lippi)">
    <dbpedia-owl:wikiPageRedirects rdf:resource="http://dbpedia.org/resource/Apparition_of_the_Virgin_to_St_Bernard_(Filippino_Lippi)"/>
  </rdf:Description>
  <rdf:Description rdf:about="http://it.dbpedia.org/resource/Apparizione_della_Vergine_a_san_Bernardo_(Filippino_Lippi)">
    <owl:sameAs rdf:resource="http://dbpedia.org/resource/Apparition_of_the_Virgin_to_St_Bernard_(Filippino_Lippi)"/>
  </rdf:Description>
  <rdf:Description rdf:about="http://pl.dbpedia.org/resource/Madonna_zjawiająca_się_św._Bernardowi">
    <owl:sameAs rdf:resource="http://dbpedia.org/resource/Apparition_of_the_Virgin_to_St_Bernard_(Filippino_Lippi)"/>
  </rdf:Description>
  <rdf:Description rdf:about="http://en.wikipedia.org/wiki/Apparition_of_the_Virgin_to_St_Bernard_(Filippino_Lippi)">
    <foaf:primaryTopic rdf:resource="http://dbpedia.org/resource/Apparition_of_the_Virgin_to_St_Bernard_(Filippino_Lippi)"/>
  </rdf:Description>
  <rdf:Description rdf:about="http://es.dbpedia.org/resource/La_visión_de_san_Bernardo_(Filippino_Lippi)">
    <owl:sameAs rdf:resource="http://dbpedia.org/resource/Apparition_of_the_Virgin_to_St_Bernard_(Filippino_Lippi)"/>
  </rdf:Description>
  <rdf:Description rdf:about="http://wikidata.dbpedia.org/resource/Q2735676">
    <owl:sameAs rdf:resource="http://dbpedia.org/resource/Apparition_of_the_Virgin_to_St_Bernard_(Filippino_Lippi)"/>
  </rdf:Description>
  <rdf:Description rdf:about="http://zh.dbpedia.org/resource/圣母向圣伯纳德的显现">
    <owl:sameAs rdf:resource="http://dbpedia.org/resource/Apparition_of_the_Virgin_to_St_Bernard_(Filippino_Lippi)"/>
  </rdf:Description>
</rdf:RDF>
