<rdf:RDF xmlns:ns7="http://www.w3.org/ns/prov#" xmlns:dbpprop="http://dbpedia.org/property/" xmlns:foaf="http://xmlns.com/foaf/0.1/" xmlns:dbpedia-owl="http://dbpedia.org/ontology/" xmlns:dcterms="http://purl.org/dc/terms/" xmlns:owl="http://www.w3.org/2002/07/owl#" xmlns:rdfs="http://www.w3.org/2000/01/rdf-schema#" xmlns:rdf="http://www.w3.org/1999/02/22-rdf-syntax-ns#">
  <rdf:Description rdf:about="http://ru.dbpedia.org/resource/Апрельская_любовь">
    <owl:sameAs rdf:resource="http://dbpedia.org/resource/April_Love_(Hughes_painting)"/>
  </rdf:Description>
  <rdf:Description rdf:about="http://dbpedia.org/resource/April_Love_(Hughes_painting)">
    <rdf:type rdf:resource="http://schema.org/CreativeWork"/>
    <rdf:type rdf:resource="http://dbpedia.org/class/yago/Object100002684"/>
    <rdf:type rdf:resource="http://dbpedia.org/ontology/Work"/>
    <rdf:type rdf:resource="http://dbpedia.org/class/yago/Pre-RaphaelitePaintings"/>
    <rdf:type rdf:resource="http://dbpedia.org/class/yago/PaintingsByArthurHughes"/>
    <rdf:type rdf:resource="http://dbpedia.org/class/yago/Creation103129123"/>
    <rdf:type rdf:resource="http://dbpedia.org/class/yago/Art102743547"/>
    <rdf:type rdf:resource="http://dbpedia.org/class/yago/Artifact100021939"/>
    <rdf:type rdf:resource="http://dbpedia.org/ontology/Artwork"/>
    <rdf:type rdf:resource="http://dbpedia.org/class/yago/GraphicArt103453809"/>
    <rdf:type rdf:resource="http://dbpedia.org/class/yago/1856Paintings"/>
    <rdf:type rdf:resource="http://dbpedia.org/class/yago/Painting103876519"/>
    <rdf:type rdf:resource="http://www.w3.org/2002/07/owl#Thing"/>
    <rdf:type rdf:resource="http://dbpedia.org/class/yago/Whole100003553"/>
    <rdf:type rdf:resource="http://dbpedia.org/class/yago/PhysicalEntity100001930"/>
    <owl:sameAs rdf:resource="http://rdf.freebase.com/ns/m.02q698k"/>
    <owl:sameAs rdf:resource="http://dbpedia.org/resource/April_Love_(Hughes_painting)"/>
    <owl:sameAs rdf:resource="http://yago-knowledge.org/resource/April_Love_(Hughes_painting)"/>
    <owl:sameAs rdf:resource="http://be.dbpedia.org/resource/Красавіцкае_каханне"/>
    <owl:sameAs rdf:resource="http://www.wikidata.org/entity/Q1523473"/>
    <owl:sameAs rdf:resource="http://ru.dbpedia.org/resource/Апрельская_любовь"/>
    <owl:sameAs rdf:resource="http://be_x_old.dbpedia.org/resource/Красавіцкае_каханьне"/>
    <dcterms:subject rdf:resource="http://dbpedia.org/resource/Category:1856_paintings"/>
    <dcterms:subject rdf:resource="http://dbpedia.org/resource/Category:Paintings_by_Arthur_Hughes"/>
    <dcterms:subject rdf:resource="http://dbpedia.org/resource/Category:Collection_of_the_Tate"/>
    <dbpedia-owl:abstract xml:lang="ru">«Апрельская любовь» — картина художника-прерафаэлита Артура Хьюза, написанная между 1855 и 1856 годом. Впервые она была выставлена Королевской Академии художеств в 1856 году. Картина изображает молодую пару в момент эмоционального кризиса. Фигура мужчины едва видна, его голова выглядывает из-за левой руки девушки. Она смотрит на упавшие на пол лепестки цветов, символизирующие окончание весны и ранней любви. На первом показе Хьюз сопроводил полотно отрывком из стихотворения Альфреда Теннисона «Дочь мельника»: « Love is hurt with jar and fret, Love is made a vague regret, Eyes with idle tears are set, Idle habit links us yet; What is Love? For we forget. Ah no, no. »</dbpedia-owl:abstract>
    <dbpedia-owl:abstract xml:lang="en">April Love is a painting by the Pre-Raphaelite painter Arthur Hughes which was created between 1855 and 1856. It was first exhibited at the Royal Academy of Arts in 1856. At its first showing Hughes accompanied the painting with an extract from Tennyson's poem "The Miller's Daughter": Love is hurt with jar and fret,</br> Love is made a vague regret,</br> Eyes with idle tears are set,</br> Idle habit links us yet;</br> What is Love? For we forget. </br> Ah no, no. Originally acquired by William Morris, the painting was purchased by the Tate Gallery, London in 1909 and has remained in the Tate collection to the present day. It shows a distinctly Pre-Raphelite style in which a soft approach to nature and feminity is found. Bright colors and red-haired women as well as an emphasis on nature and symbolism characterize this style which can be found in the late 180s as a response to industrialization. The painting depicts a young couple at a moment of emotional crisis. The male figure is barely visible, his head bent over the young woman's left hand. The woman is looking down at fallen blossoms, suggesting the end of spring, and of early and young love. The model for the principal figure was Tryphena Ford, who Hughes married in 1855.</dbpedia-owl:abstract>
    <dbpedia-owl:author rdf:resource="http://dbpedia.org/resource/Arthur_Hughes_(artist)"/>
    <dbpedia-owl:museum rdf:resource="http://dbpedia.org/resource/Tate_Britain"/>
    <dbpedia-owl:wikiPageID rdf:datatype="http://www.w3.org/2001/XMLSchema#integer">10242287</dbpedia-owl:wikiPageID>
    <dbpedia-owl:wikiPageRevisionID rdf:datatype="http://www.w3.org/2001/XMLSchema#integer">544742380</dbpedia-owl:wikiPageRevisionID>
    <rdfs:label xml:lang="en">April Love (Hughes painting)</rdfs:label>
    <rdfs:label xml:lang="ru">Апрельская любовь</rdfs:label>
    <foaf:depiction rdf:resource="http://upload.wikimedia.org/wikipedia/commons/7/7e/Arthur_Hughes_-_April_Love_-_Google_Art_Project.jpg"/>
    <rdfs:comment xml:lang="ru">«Апрельская любовь» — картина художника-прерафаэлита Артура Хьюза, написанная между 1855 и 1856 годом. Впервые она была выставлена Королевской Академии художеств в 1856 году. Картина изображает молодую пару в момент эмоционального кризиса. Фигура мужчины едва видна, его голова выглядывает из-за левой руки девушки. Она смотрит на упавшие на пол лепестки цветов, символизирующие окончание весны и ранней любви.</rdfs:comment>
    <rdfs:comment xml:lang="en">April Love is a painting by the Pre-Raphaelite painter Arthur Hughes which was created between 1855 and 1856. It was first exhibited at the Royal Academy of Arts in 1856. At its first showing Hughes accompanied the painting with an extract from Tennyson's poem "The Miller's Daughter": Love is hurt with jar and fret,</br> Love is made a vague regret,</br> Eyes with idle tears are set,</br> Idle habit links us yet;</br> What is Love? For we forget. </br> Ah no, no.</rdfs:comment>
    <foaf:name xml:lang="en">April Love</foaf:name>
    <dbpedia-owl:thumbnail rdf:resource="http://upload.wikimedia.org/wikipedia/commons/thumb/7/7e/Arthur_Hughes_-_April_Love_-_Google_Art_Project.jpg/200px-Arthur_Hughes_-_April_Love_-_Google_Art_Project.jpg"/>
    <dbpprop:artist rdf:resource="http://dbpedia.org/resource/Arthur_Hughes_(artist)"/>
    <dbpprop:backcolor xml:lang="en">#FBF5DF</dbpprop:backcolor>
    <dbpprop:city rdf:resource="http://dbpedia.org/resource/London"/>
    <dbpprop:heightInch rdf:datatype="http://www.w3.org/2001/XMLSchema#integer">35</dbpprop:heightInch>
    <dbpprop:imageFile xml:lang="en">Arthur_Hughes_-_April_Love_-_Google_Art_Project.jpg</dbpprop:imageFile>
    <dbpprop:imageSize rdf:datatype="http://www.w3.org/2001/XMLSchema#integer">250</dbpprop:imageSize>
    <dbpprop:museum rdf:resource="http://dbpedia.org/resource/Tate_Britain"/>
    <dbpprop:paintingAlignment xml:lang="en">right</dbpprop:paintingAlignment>
    <dbpprop:title xml:lang="en">April Love</dbpprop:title>
    <dbpprop:type rdf:resource="http://dbpedia.org/resource/Oil_painting"/>
    <dbpprop:widthInch rdf:datatype="http://www.w3.org/2001/XMLSchema#double">19.5</dbpprop:widthInch>
    <dbpprop:year rdf:datatype="http://www.w3.org/2001/XMLSchema#integer">1855</dbpprop:year>
    <foaf:isPrimaryTopicOf rdf:resource="http://en.wikipedia.org/wiki/April_Love_(Hughes_painting)"/>
    <ns7:wasDerivedFrom rdf:resource="http://en.wikipedia.org/wiki/April_Love_(Hughes_painting)?oldid=544742380"/>
    <dbpprop:hasPhotoCollection rdf:resource="http://wifo5-03.informatik.uni-mannheim.de/flickrwrappr/photos/April_Love_(Hughes_painting)"/>
  </rdf:Description>
  <rdf:Description rdf:about="http://en.wikipedia.org/wiki/April_Love_(Hughes_painting)">
    <foaf:primaryTopic rdf:resource="http://dbpedia.org/resource/April_Love_(Hughes_painting)"/>
  </rdf:Description>
  <rdf:Description rdf:about="http://dbpedia.org/resource/April_Love">
    <dbpedia-owl:wikiPageDisambiguates rdf:resource="http://dbpedia.org/resource/April_Love_(Hughes_painting)"/>
  </rdf:Description>
  <rdf:Description rdf:about="http://wikidata.dbpedia.org/resource/Q1523473">
    <owl:sameAs rdf:resource="http://dbpedia.org/resource/April_Love_(Hughes_painting)"/>
  </rdf:Description>
  <rdf:Description rdf:about="http://be.dbpedia.org/resource/Красавіцкае_каханне">
    <owl:sameAs rdf:resource="http://dbpedia.org/resource/April_Love_(Hughes_painting)"/>
  </rdf:Description>
  <rdf:Description rdf:about="http://be_x_old.dbpedia.org/resource/Красавіцкае_каханьне">
    <owl:sameAs rdf:resource="http://dbpedia.org/resource/April_Love_(Hughes_painting)"/>
  </rdf:Description>
</rdf:RDF>
