<rdf:RDF xmlns:ns7="http://www.w3.org/ns/prov#" xmlns:dbpprop="http://dbpedia.org/property/" xmlns:foaf="http://xmlns.com/foaf/0.1/" xmlns:dbpedia-owl="http://dbpedia.org/ontology/" xmlns:dcterms="http://purl.org/dc/terms/" xmlns:owl="http://www.w3.org/2002/07/owl#" xmlns:rdfs="http://www.w3.org/2000/01/rdf-schema#" xmlns:rdf="http://www.w3.org/1999/02/22-rdf-syntax-ns#">
  <rdf:Description rdf:about="http://el.dbpedia.org/resource/Ο_Αριστοτέλης_μπροστά_στην_προτομή_του_Ομήρου">
    <owl:sameAs rdf:resource="http://dbpedia.org/resource/Aristotle_Contemplating_a_Bust_of_Homer"/>
  </rdf:Description>
  <rdf:Description rdf:about="http://dbpedia.org/resource/Aristotle_Contemplating_a_Bust_of_Homer">
    <rdf:type rdf:resource="http://dbpedia.org/class/yago/PhysicalEntity100001930"/>
    <rdf:type rdf:resource="http://dbpedia.org/class/yago/PaintingsByRembrandt"/>
    <rdf:type rdf:resource="http://schema.org/CreativeWork"/>
    <rdf:type rdf:resource="http://dbpedia.org/class/yago/Artifact100021939"/>
    <rdf:type rdf:resource="http://dbpedia.org/ontology/Work"/>
    <rdf:type rdf:resource="http://dbpedia.org/class/yago/1653Paintings"/>
    <rdf:type rdf:resource="http://dbpedia.org/class/yago/GraphicArt103453809"/>
    <rdf:type rdf:resource="http://dbpedia.org/class/yago/Object100002684"/>
    <rdf:type rdf:resource="http://dbpedia.org/ontology/Artwork"/>
    <rdf:type rdf:resource="http://dbpedia.org/class/yago/PaintingsOfTheMetropolitanMuseumOfArt"/>
    <rdf:type rdf:resource="http://dbpedia.org/class/yago/Art102743547"/>
    <rdf:type rdf:resource="http://dbpedia.org/class/yago/Whole100003553"/>
    <rdf:type rdf:resource="http://dbpedia.org/class/yago/Creation103129123"/>
    <rdf:type rdf:resource="http://dbpedia.org/class/yago/Painting103876519"/>
    <rdf:type rdf:resource="http://www.w3.org/2002/07/owl#Thing"/>
    <owl:sameAs rdf:resource="http://ru.dbpedia.org/resource/Аристотель_с_бюстом_Гомера"/>
    <owl:sameAs rdf:resource="http://www.wikidata.org/entity/Q2404992"/>
    <owl:sameAs rdf:resource="http://rdf.freebase.com/ns/m.04ljryf"/>
    <owl:sameAs rdf:resource="http://he.dbpedia.org/resource/אריסטו_מתבונן_בפרוטומה_של_הומרוס"/>
    <owl:sameAs rdf:resource="http://uk.dbpedia.org/resource/Аристотель_біля_погруддя_Гомера"/>
    <owl:sameAs rdf:resource="http://nl.dbpedia.org/resource/Aristoteles_peinzend_bij_een_borstbeeld_van_Homerus"/>
    <owl:sameAs rdf:resource="http://dbpedia.org/resource/Aristotle_Contemplating_a_Bust_of_Homer"/>
    <owl:sameAs rdf:resource="http://it.dbpedia.org/resource/Aristotele_contempla_il_busto_di_Omero"/>
    <owl:sameAs rdf:resource="http://el.dbpedia.org/resource/Ο_Αριστοτέλης_μπροστά_στην_προτομή_του_Ομήρου"/>
    <owl:sameAs rdf:resource="http://es.dbpedia.org/resource/Aristóteles_contemplando_el_busto_de_Homero"/>
    <owl:sameAs rdf:resource="http://ca.dbpedia.org/resource/Aristòtil_contemplant_el_bust_d'Homer"/>
    <owl:sameAs rdf:resource="http://yago-knowledge.org/resource/Aristotle_Contemplating_a_Bust_of_Homer"/>
    <dcterms:subject rdf:resource="http://dbpedia.org/resource/Category:1653_paintings"/>
    <dcterms:subject rdf:resource="http://dbpedia.org/resource/Category:Paintings_of_the_Metropolitan_Museum_of_Art"/>
    <dcterms:subject rdf:resource="http://dbpedia.org/resource/Category:Paintings_by_Rembrandt"/>
    <dbpedia-owl:abstract xml:lang="es">Aristóteles contemplando el busto de Homero es un cuadro del pintor neerlandés Rembrandt. Fue ejecutado en 1653. Se trata de una pintura al óleo sobre lienzo, que mide 143,5 centímetros de alto y 136,5 cm de ancho. Se conserva en el Museo Metropolitano de Arte de Nueva York.</dbpedia-owl:abstract>
    <dbpedia-owl:abstract xml:lang="it">Aristotele contempla il busto di Omero è un dipinto a olio su tela di cm 143,5 x 136,5 realizzato nel 1653 dal pittore Rembrandt Harmenszoon Van Rijn.</dbpedia-owl:abstract>
    <dbpedia-owl:abstract xml:lang="nl">Aristoteles peinzend bij een borstbeeld van Homerus is een olieverfschilderij van de Nederlandse schilder Rembrandt van Rijn, geschilderd in 1653 in opdracht van Don Antonio Ruffo. Het schilderij hangt in het Metropolitan Museum of Art te New York City, dat het had gekocht voor $ 2,3 miljoen. Het doek toont de levensmoede Aristoteles die kijkt naar een buste van Homerus, waarop hij een van zijn handen ligt. Dit is meermalen geïnterpreteerd als de man van goede, degelijke wetenschap die zich onderwerpt aan de kunst, of als de rijke en beroemde filosoof die de bard benijdt. Het is ook gesuggereerd dat dit Rembrandts commentaar op de macht van portretschilderkunst is.</dbpedia-owl:abstract>
    <dbpedia-owl:abstract xml:lang="en">Aristotle Contemplating a Bust of Homer is an oil-on-canvas painting by Rembrandt van Rijn. It was painted in 1653, as a commission from Don Antonio Ruffo, from Messina in Sicily, who did not request a particular subject. Aristotle, world-weary, looks at the bust of blind, humble Homer, on which he rests one of his hands. This has variously been interpreted as the man of sound, methodical science deferring to Art, or as the wealthy and famous philosopher, wearing the jeweled belt given to him by Alexander the Great, envying the life of the poor blind bard. It has also been suggested that this is Rembrandt's commentary on the power of portraiture. The interpretation of methodical science deferring to art is discussed at length in in which Held notes that Aristotle's right hand, traditionally the favored hand, is on the bust of Homer, is higher, and painted lighter than the left hand on the gold chain given to him by Alexander. It was purchased in 1961 for $2.3 million by the Metropolitan Museum of Art in New York City, USA. At the time this was the highest amount ever paid for any picture at public or private sale. The painting forms the central theme of Joseph Heller's 1988 novel Picture This.</dbpedia-owl:abstract>
    <dbpedia-owl:abstract xml:lang="ru">«Аристотель, созерцающий бюст Гомера» (нидерл.  Aristoteles peinzend bij een borstbeeld van Homerus) — крупное по размерам (143,5×136,5 см) полотно Рембрандта, написанное по заказу итальянского коллекционера в 1653 году. Это типичный для творчества художника портрет, в данном случае замаскированный под исторический сюжет.</dbpedia-owl:abstract>
    <dbpedia-owl:author rdf:resource="http://dbpedia.org/resource/Rembrandt"/>
    <dbpedia-owl:wikiPageID rdf:datatype="http://www.w3.org/2001/XMLSchema#integer">19146501</dbpedia-owl:wikiPageID>
    <dbpedia-owl:wikiPageRevisionID rdf:datatype="http://www.w3.org/2001/XMLSchema#integer">540500493</dbpedia-owl:wikiPageRevisionID>
    <rdfs:label xml:lang="it">Aristotele contempla il busto di Omero</rdfs:label>
    <rdfs:label xml:lang="en">Aristotle Contemplating a Bust of Homer</rdfs:label>
    <rdfs:label xml:lang="nl">Aristoteles peinzend bij een borstbeeld van Homerus</rdfs:label>
    <rdfs:label xml:lang="es">Aristóteles contemplando el busto de Homero</rdfs:label>
    <rdfs:label xml:lang="ru">Аристотель с бюстом Гомера</rdfs:label>
    <foaf:depiction rdf:resource="http://upload.wikimedia.org/wikipedia/commons/8/86/Rembrandt_Harmensz._van_Rijn_013.jpg"/>
    <rdfs:comment xml:lang="ru">«Аристотель, созерцающий бюст Гомера» (нидерл.  Aristoteles peinzend bij een borstbeeld van Homerus) — крупное по размерам (143,5×136,5 см) полотно Рембрандта, написанное по заказу итальянского коллекционера в 1653 году. Это типичный для творчества художника портрет, в данном случае замаскированный под исторический сюжет.</rdfs:comment>
    <rdfs:comment xml:lang="nl">Aristoteles peinzend bij een borstbeeld van Homerus is een olieverfschilderij van de Nederlandse schilder Rembrandt van Rijn, geschilderd in 1653 in opdracht van Don Antonio Ruffo. Het schilderij hangt in het Metropolitan Museum of Art te New York City, dat het had gekocht voor $ 2,3 miljoen. Het doek toont de levensmoede Aristoteles die kijkt naar een buste van Homerus, waarop hij een van zijn handen ligt.</rdfs:comment>
    <rdfs:comment xml:lang="en">Aristotle Contemplating a Bust of Homer is an oil-on-canvas painting by Rembrandt van Rijn. It was painted in 1653, as a commission from Don Antonio Ruffo, from Messina in Sicily, who did not request a particular subject. Aristotle, world-weary, looks at the bust of blind, humble Homer, on which he rests one of his hands.</rdfs:comment>
    <rdfs:comment xml:lang="it">Aristotele contempla il busto di Omero è un dipinto a olio su tela di cm 143,5 x 136,5 realizzato nel 1653 dal pittore Rembrandt Harmenszoon Van Rijn.</rdfs:comment>
    <rdfs:comment xml:lang="es">Aristóteles contemplando el busto de Homero es un cuadro del pintor neerlandés Rembrandt. Fue ejecutado en 1653. Se trata de una pintura al óleo sobre lienzo, que mide 143,5 centímetros de alto y 136,5 cm de ancho. Se conserva en el Museo Metropolitano de Arte de Nueva York.</rdfs:comment>
    <foaf:name xml:lang="en">Aristotle Contemplating a Bust of Homer</foaf:name>
    <dbpedia-owl:thumbnail rdf:resource="http://upload.wikimedia.org/wikipedia/commons/thumb/8/86/Rembrandt_Harmensz._van_Rijn_013.jpg/200px-Rembrandt_Harmensz._van_Rijn_013.jpg"/>
    <dbpprop:artist rdf:resource="http://dbpedia.org/resource/Rembrandt"/>
    <dbpprop:heightMetric rdf:datatype="http://www.w3.org/2001/XMLSchema#double">143.5</dbpprop:heightMetric>
    <dbpprop:imageFile xml:lang="en">Rembrandt Harmensz. van Rijn 013.jpg</dbpprop:imageFile>
    <dbpprop:imageSize rdf:datatype="http://www.w3.org/2001/XMLSchema#integer">320</dbpprop:imageSize>
    <dbpprop:imperialUnit xml:lang="en">in</dbpprop:imperialUnit>
    <dbpprop:metricUnit xml:lang="en">cm</dbpprop:metricUnit>
    <dbpprop:title xml:lang="en">Aristotle Contemplating a Bust of Homer</dbpprop:title>
    <dbpprop:widthMetric rdf:datatype="http://www.w3.org/2001/XMLSchema#double">136.5</dbpprop:widthMetric>
    <foaf:isPrimaryTopicOf rdf:resource="http://en.wikipedia.org/wiki/Aristotle_Contemplating_a_Bust_of_Homer"/>
    <ns7:wasDerivedFrom rdf:resource="http://en.wikipedia.org/wiki/Aristotle_Contemplating_a_Bust_of_Homer?oldid=540500493"/>
    <dbpprop:hasPhotoCollection rdf:resource="http://wifo5-03.informatik.uni-mannheim.de/flickrwrappr/photos/Aristotle_Contemplating_a_Bust_of_Homer"/>
  </rdf:Description>
  <rdf:Description rdf:about="http://es.dbpedia.org/resource/Aristóteles_contemplando_el_busto_de_Homero">
    <owl:sameAs rdf:resource="http://dbpedia.org/resource/Aristotle_Contemplating_a_Bust_of_Homer"/>
  </rdf:Description>
  <rdf:Description rdf:about="http://it.dbpedia.org/resource/Aristotele_contempla_il_busto_di_Omero">
    <owl:sameAs rdf:resource="http://dbpedia.org/resource/Aristotle_Contemplating_a_Bust_of_Homer"/>
  </rdf:Description>
  <rdf:Description rdf:about="http://ru.dbpedia.org/resource/Аристотель_с_бюстом_Гомера">
    <owl:sameAs rdf:resource="http://dbpedia.org/resource/Aristotle_Contemplating_a_Bust_of_Homer"/>
  </rdf:Description>
  <rdf:Description rdf:about="http://en.wikipedia.org/wiki/Aristotle_Contemplating_a_Bust_of_Homer">
    <foaf:primaryTopic rdf:resource="http://dbpedia.org/resource/Aristotle_Contemplating_a_Bust_of_Homer"/>
  </rdf:Description>
  <rdf:Description rdf:about="http://dbpedia.org/resource/Aristotle_Contemplating_the_Bust_of_Homer">
    <dbpedia-owl:wikiPageRedirects rdf:resource="http://dbpedia.org/resource/Aristotle_Contemplating_a_Bust_of_Homer"/>
  </rdf:Description>
  <rdf:Description rdf:about="http://dbpedia.org/resource/Aristotle_With_a_Bust_of_Homer">
    <dbpedia-owl:wikiPageRedirects rdf:resource="http://dbpedia.org/resource/Aristotle_Contemplating_a_Bust_of_Homer"/>
  </rdf:Description>
  <rdf:Description rdf:about="http://dbpedia.org/resource/Aristotle_contemplating_a_bust_of_Homer">
    <dbpedia-owl:wikiPageRedirects rdf:resource="http://dbpedia.org/resource/Aristotle_Contemplating_a_Bust_of_Homer"/>
  </rdf:Description>
  <rdf:Description rdf:about="http://dbpedia.org/resource/Aristotle_contemplating_a_bust_of_homer">
    <dbpedia-owl:wikiPageRedirects rdf:resource="http://dbpedia.org/resource/Aristotle_Contemplating_a_Bust_of_Homer"/>
  </rdf:Description>
  <rdf:Description rdf:about="http://wikidata.dbpedia.org/resource/Q2404992">
    <owl:sameAs rdf:resource="http://dbpedia.org/resource/Aristotle_Contemplating_a_Bust_of_Homer"/>
  </rdf:Description>
  <rdf:Description rdf:about="http://nl.dbpedia.org/resource/Aristoteles_peinzend_bij_een_borstbeeld_van_Homerus">
    <owl:sameAs rdf:resource="http://dbpedia.org/resource/Aristotle_Contemplating_a_Bust_of_Homer"/>
  </rdf:Description>
  <rdf:Description rdf:about="http://ca.dbpedia.org/resource/Aristòtil_contemplant_el_bust_d'Homer">
    <owl:sameAs rdf:resource="http://dbpedia.org/resource/Aristotle_Contemplating_a_Bust_of_Homer"/>
  </rdf:Description>
  <rdf:Description rdf:about="http://he.dbpedia.org/resource/אריסטו_מתבונן_בפרוטומה_של_הומרוס">
    <owl:sameAs rdf:resource="http://dbpedia.org/resource/Aristotle_Contemplating_a_Bust_of_Homer"/>
  </rdf:Description>
  <rdf:Description rdf:about="http://uk.dbpedia.org/resource/Аристотель_біля_погруддя_Гомера">
    <owl:sameAs rdf:resource="http://dbpedia.org/resource/Aristotle_Contemplating_a_Bust_of_Homer"/>
  </rdf:Description>
</rdf:RDF>
