<rdf:RDF xmlns:ns7="http://www.w3.org/ns/prov#" xmlns:dbpprop="http://dbpedia.org/property/" xmlns:foaf="http://xmlns.com/foaf/0.1/" xmlns:dbpedia-owl="http://dbpedia.org/ontology/" xmlns:dcterms="http://purl.org/dc/terms/" xmlns:owl="http://www.w3.org/2002/07/owl#" xmlns:rdfs="http://www.w3.org/2000/01/rdf-schema#" xmlns:rdf="http://www.w3.org/1999/02/22-rdf-syntax-ns#">
  <rdf:Description rdf:about="http://dbpedia.org/resource/Armada_Portrait">
    <rdf:type rdf:resource="http://dbpedia.org/class/yago/GraphicArt103453809"/>
    <rdf:type rdf:resource="http://dbpedia.org/class/yago/Object100002684"/>
    <rdf:type rdf:resource="http://dbpedia.org/class/yago/RenaissancePaintings"/>
    <rdf:type rdf:resource="http://dbpedia.org/ontology/Artwork"/>
    <rdf:type rdf:resource="http://dbpedia.org/class/yago/PhysicalEntity100001930"/>
    <rdf:type rdf:resource="http://dbpedia.org/ontology/Work"/>
    <rdf:type rdf:resource="http://dbpedia.org/class/yago/Painting103876519"/>
    <rdf:type rdf:resource="http://dbpedia.org/class/yago/1588Paintings"/>
    <rdf:type rdf:resource="http://dbpedia.org/class/yago/Artifact100021939"/>
    <rdf:type rdf:resource="http://www.w3.org/2002/07/owl#Thing"/>
    <rdf:type rdf:resource="http://dbpedia.org/class/yago/Whole100003553"/>
    <rdf:type rdf:resource="http://schema.org/CreativeWork"/>
    <rdf:type rdf:resource="http://dbpedia.org/class/yago/Creation103129123"/>
    <rdf:type rdf:resource="http://dbpedia.org/class/yago/Art102743547"/>
    <owl:sameAs rdf:resource="http://dbpedia.org/resource/Armada_Portrait"/>
    <owl:sameAs rdf:resource="http://yago-knowledge.org/resource/Armada_Portrait"/>
    <owl:sameAs rdf:resource="http://www.wikidata.org/entity/Q4792503"/>
    <owl:sameAs rdf:resource="http://rdf.freebase.com/ns/m.03d23c4"/>
    <dcterms:subject rdf:resource="http://dbpedia.org/resource/Category:Portraits_of_the_British_Royal_Family"/>
    <dcterms:subject rdf:resource="http://dbpedia.org/resource/Category:1588_paintings"/>
    <dcterms:subject rdf:resource="http://dbpedia.org/resource/Category:Renaissance_paintings"/>
    <dcterms:subject rdf:resource="http://dbpedia.org/resource/Category:Portraits_of_monarchs"/>
    <dcterms:subject rdf:resource="http://dbpedia.org/resource/Category:16th-century_portraits"/>
    <dcterms:subject rdf:resource="http://dbpedia.org/resource/Category:Elizabeth_I_of_England"/>
    <dbpedia-owl:abstract xml:lang="en">The Armada Portrait of Elizabeth I of England is the name of any of three surviving versions of an allegorical panel painting depicting the Tudor queen surrounded by symbols of imperial majesty against a backdrop representing the defeat of the Spanish Armada in 1588.</dbpedia-owl:abstract>
    <dbpedia-owl:author rdf:resource="http://dbpedia.org/resource/George_Gower"/>
    <dbpedia-owl:museum rdf:resource="http://dbpedia.org/resource/Woburn_Abbey"/>
    <dbpedia-owl:wikiPageID rdf:datatype="http://www.w3.org/2001/XMLSchema#integer">14383442</dbpedia-owl:wikiPageID>
    <dbpedia-owl:wikiPageRevisionID rdf:datatype="http://www.w3.org/2001/XMLSchema#integer">539518038</dbpedia-owl:wikiPageRevisionID>
    <rdfs:label xml:lang="en">Armada Portrait</rdfs:label>
    <foaf:depiction rdf:resource="http://upload.wikimedia.org/wikipedia/commons/7/7b/Elizabeth_I_(Armada_Portrait).jpg"/>
    <rdfs:comment xml:lang="en">The Armada Portrait of Elizabeth I of England is the name of any of three surviving versions of an allegorical panel painting depicting the Tudor queen surrounded by symbols of imperial majesty against a backdrop representing the defeat of the Spanish Armada in 1588.</rdfs:comment>
    <foaf:name xml:lang="en">The Armada Portrait</foaf:name>
    <dbpedia-owl:thumbnail rdf:resource="http://upload.wikimedia.org/wikipedia/commons/thumb/7/7b/Elizabeth_I_(Armada_Portrait).jpg/200px-Elizabeth_I_(Armada_Portrait).jpg"/>
    <dbpprop:artist rdf:resource="http://dbpedia.org/resource/George_Gower"/>
    <dbpprop:imageFile xml:lang="en">Elizabeth I .jpg</dbpprop:imageFile>
    <dbpprop:museum rdf:resource="http://dbpedia.org/resource/Woburn_Abbey"/>
    <dbpprop:title xml:lang="en">The Armada Portrait</dbpprop:title>
    <dbpprop:type xml:lang="en">Oil on oak panel</dbpprop:type>
    <dbpprop:year rdf:datatype="http://www.w3.org/2001/XMLSchema#integer">1588</dbpprop:year>
    <foaf:isPrimaryTopicOf rdf:resource="http://en.wikipedia.org/wiki/Armada_Portrait"/>
    <ns7:wasDerivedFrom rdf:resource="http://en.wikipedia.org/wiki/Armada_Portrait?oldid=539518038"/>
    <dbpprop:hasPhotoCollection rdf:resource="http://wifo5-03.informatik.uni-mannheim.de/flickrwrappr/photos/Armada_Portrait"/>
  </rdf:Description>
  <rdf:Description rdf:about="http://dbpedia.org/resource/Elizabeth_I:_The_Armada_Portrait">
    <dbpedia-owl:wikiPageRedirects rdf:resource="http://dbpedia.org/resource/Armada_Portrait"/>
  </rdf:Description>
  <rdf:Description rdf:about="http://en.wikipedia.org/wiki/Armada_Portrait">
    <foaf:primaryTopic rdf:resource="http://dbpedia.org/resource/Armada_Portrait"/>
  </rdf:Description>
  <rdf:Description rdf:about="http://wikidata.dbpedia.org/resource/Q4792503">
    <owl:sameAs rdf:resource="http://dbpedia.org/resource/Armada_Portrait"/>
  </rdf:Description>
</rdf:RDF>
