<rdf:RDF xmlns:ns7="http://www.w3.org/ns/prov#" xmlns:dbpprop="http://dbpedia.org/property/" xmlns:foaf="http://xmlns.com/foaf/0.1/" xmlns:dbpedia-owl="http://dbpedia.org/ontology/" xmlns:dcterms="http://purl.org/dc/terms/" xmlns:owl="http://www.w3.org/2002/07/owl#" xmlns:rdfs="http://www.w3.org/2000/01/rdf-schema#" xmlns:rdf="http://www.w3.org/1999/02/22-rdf-syntax-ns#">
  <rdf:Description rdf:about="http://dbpedia.org/resource/Asni%C3%A8res_(Van_Gogh_series)">
    <rdf:type rdf:resource="http://dbpedia.org/class/yago/1880sPaintings"/>
    <rdf:type rdf:resource="http://dbpedia.org/class/yago/Creation103129123"/>
    <rdf:type rdf:resource="http://dbpedia.org/class/yago/1887Paintings"/>
    <rdf:type rdf:resource="http://dbpedia.org/class/yago/Object100002684"/>
    <rdf:type rdf:resource="http://dbpedia.org/class/yago/Artifact100021939"/>
    <rdf:type rdf:resource="http://schema.org/CreativeWork"/>
    <rdf:type rdf:resource="http://www.w3.org/2002/07/owl#Thing"/>
    <rdf:type rdf:resource="http://dbpedia.org/class/yago/PhysicalEntity100001930"/>
    <rdf:type rdf:resource="http://dbpedia.org/ontology/Work"/>
    <rdf:type rdf:resource="http://dbpedia.org/class/yago/Painting103876519"/>
    <rdf:type rdf:resource="http://dbpedia.org/class/yago/GraphicArt103453809"/>
    <rdf:type rdf:resource="http://dbpedia.org/class/yago/VincentVanGoghPaintingsOfParis"/>
    <rdf:type rdf:resource="http://dbpedia.org/class/yago/PaintingsByVincentVanGogh"/>
    <rdf:type rdf:resource="http://dbpedia.org/class/yago/Art102743547"/>
    <rdf:type rdf:resource="http://dbpedia.org/ontology/Artwork"/>
    <rdf:type rdf:resource="http://dbpedia.org/class/yago/Whole100003553"/>
    <owl:sameAs rdf:resource="http://rdf.freebase.com/ns/m.0gmg208"/>
    <owl:sameAs rdf:resource="http://www.wikidata.org/entity/Q4807462"/>
    <owl:sameAs rdf:resource="http://dbpedia.org/resource/Asni%C3%A8res_(Van_Gogh_series)"/>
    <owl:sameAs rdf:resource="http://yago-knowledge.org/resource/Asnières_(Van_Gogh_series)"/>
    <dcterms:subject rdf:resource="http://dbpedia.org/resource/Category:Series_of_Vincent_van_Gogh_paintings"/>
    <dcterms:subject rdf:resource="http://dbpedia.org/resource/Category:1887_paintings"/>
    <dcterms:subject rdf:resource="http://dbpedia.org/resource/Category:Vincent_van_Gogh_paintings_of_Paris"/>
    <dcterms:subject rdf:resource="http://dbpedia.org/resource/Category:1880s_paintings"/>
    <dbpedia-owl:abstract xml:lang="en">Asnières (paintings), now named Asnières-sur-Seine, is the subject and location of paintings that Vincent van Gogh made in 1887. The works, which include parks, restaurants, riverside settings and factories, mark a break-through in Van Gogh's artistic development. In Holland Van Gogh was influenced by great Dutch masters as well as Anton Mauve a Dutch realist painter who was a leading member of the Hague School. Mauve was a significant early influence on his cousin-in-law Vincent van Gogh. In Paris Van Gogh was exposed to and influenced by Impressionism, Symbolism, Pointillism, and Japanese woodblock print genres. For Van Gogh's first twelve months in Paris he absorbed a lot of information about modern art from the best of the avant-garde artists of the time, but in practice his work in 1886 and early 1887 varied little from his paintings in Holland. The spring of 1887 Van Gogh stayed with Émile Bernard and his parents in Asnières and the budding spring seemed to trigger an awakening within Van Gogh where he experimented with the genres to develop his personal style. In a country setting, undergoing industrialization, Van Gogh was able to depict his reverence for rural life and express concern about encroachment of industrialization. With new techniques, Van Gogh produced paintings evoked tenderness of couples taking a walk in the park or social commentary about the ways in which factories affected country life.</dbpedia-owl:abstract>
    <dbpedia-owl:author rdf:resource="http://dbpedia.org/resource/Vincent_van_Gogh"/>
    <dbpedia-owl:museum rdf:resource="http://dbpedia.org/resource/Art_Institute_of_Chicago"/>
    <dbpedia-owl:wikiPageID rdf:datatype="http://www.w3.org/2001/XMLSchema#integer">31640661</dbpedia-owl:wikiPageID>
    <dbpedia-owl:wikiPageRevisionID rdf:datatype="http://www.w3.org/2001/XMLSchema#integer">532969911</dbpedia-owl:wikiPageRevisionID>
    <rdfs:label xml:lang="en">Asnières (Van Gogh series)</rdfs:label>
    <foaf:depiction rdf:resource="http://upload.wikimedia.org/wikipedia/commons/b/b1/Van_Gogh_-_Angler_und_Boote_an_der_Pont_de_Clichy.jpeg"/>
    <rdfs:comment xml:lang="en">Asnières (paintings), now named Asnières-sur-Seine, is the subject and location of paintings that Vincent van Gogh made in 1887. The works, which include parks, restaurants, riverside settings and factories, mark a break-through in Van Gogh's artistic development. In Holland Van Gogh was influenced by great Dutch masters as well as Anton Mauve a Dutch realist painter who was a leading member of the Hague School. Mauve was a significant early influence on his cousin-in-law Vincent van Gogh.</rdfs:comment>
    <foaf:name xml:lang="en">Fishing in Spring, the Pont de Clichy (Asnières) (F354)</foaf:name>
    <dbpedia-owl:thumbnail rdf:resource="http://upload.wikimedia.org/wikipedia/commons/thumb/b/b1/Van_Gogh_-_Angler_und_Boote_an_der_Pont_de_Clichy.jpeg/200px-Van_Gogh_-_Angler_und_Boote_an_der_Pont_de_Clichy.jpeg"/>
    <dbpprop:align xml:lang="en">right</dbpprop:align>
    <dbpprop:artist rdf:resource="http://dbpedia.org/resource/Vincent_van_Gogh"/>
    <dbpprop:caption xml:lang="en">A Sunday Afternoon on the Island of La Grande Jatte - 1884</dbpprop:caption>
    <dbpprop:caption rdf:resource="http://dbpedia.org/resource/Art_Institute_of_Chicago"/>
    <dbpprop:caption xml:lang="en">Van Gogh Museum, Amsterdam</dbpprop:caption>
    <dbpprop:caption xml:lang="en">Summer, 1887</dbpprop:caption>
    <dbpprop:caption xml:lang="en">View of Paris from Vincent's Room in the Rue Lepic, 1887</dbpprop:caption>
    <dbpprop:caption xml:lang="en">by Georges-Pierre Seurat</dbpprop:caption>
    <dbpprop:caption xml:lang="en">Bridges across the Seine at Asnières</dbpprop:caption>
    <dbpprop:caption xml:lang="en">The Seine with the Pont de la Grande Jatte</dbpprop:caption>
    <dbpprop:caption xml:lang="en">Ashmolean Museum, Oxford</dbpprop:caption>
    <dbpprop:caption xml:lang="en">June–July, 1887</dbpprop:caption>
    <dbpprop:caption xml:lang="en">Couples in the Voyer d'Argenson Park at Asnières</dbpprop:caption>
    <dbpprop:caption xml:lang="en">The Banks of the Seine</dbpprop:caption>
    <dbpprop:caption xml:lang="en">The Factory at Asnières</dbpprop:caption>
    <dbpprop:caption xml:lang="en">The Restaurant de la Sirène at Asnières</dbpprop:caption>
    <dbpprop:caption xml:lang="en">Musée d'Orsay, Paris</dbpprop:caption>
    <dbpprop:caption xml:lang="en">Yale University Art Gallery, New Haven, Conn.</dbpprop:caption>
    <dbpprop:caption xml:lang="en">Lane in Voyer d'Argenson Park at Asnières</dbpprop:caption>
    <dbpprop:caption xml:lang="en">Émile Bernard and Vincent van Gogh  along the Seine in Asnières</dbpprop:caption>
    <dbpprop:caption xml:lang="en">The Barnes Foundation, Merion Station, PA</dbpprop:caption>
    <dbpprop:caption xml:lang="en">May–June, 1887</dbpprop:caption>
    <dbpprop:caption xml:lang="en">Spring, 1887</dbpprop:caption>
    <dbpprop:caption xml:lang="en">Factories at Asnières Seen from the Quai de Clichy</dbpprop:caption>
    <dbpprop:caption xml:lang="en">The Saint Louis Art Museum, St. Louis</dbpprop:caption>
    <dbpprop:caption xml:lang="en">Foundation E.G. Bührle, Zurich</dbpprop:caption>
    <dbpprop:city xml:lang="en">Chicago</dbpprop:city>
    <dbpprop:direction xml:lang="en">vertical</dbpprop:direction>
    <dbpprop:footerAlign xml:lang="en">right</dbpprop:footerAlign>
    <dbpprop:header xml:lang="en">Factories at Asnières</dbpprop:header>
    <dbpprop:header xml:lang="en">Restaurants at Asnières</dbpprop:header>
    <dbpprop:header xml:lang="en">Parks at Asnières</dbpprop:header>
    <dbpprop:header xml:lang="en">Asnières</dbpprop:header>
    <dbpprop:headerAlign xml:lang="en">center</dbpprop:headerAlign>
    <dbpprop:image xml:lang="en">Van Gogh - Weg im Park Voyer d'Argenson in Asnières.jpeg</dbpprop:image>
    <dbpprop:image xml:lang="en">Vincent van Gogh - Bridges across the Seine at Asnieres.jpg</dbpprop:image>
    <dbpprop:image xml:lang="en">Van Gogh - Weg im Park Voyer d'Argenson in Asniéres.jpeg</dbpprop:image>
    <dbpprop:image xml:lang="en">Zicht op Parijs vanuit Vincents kamer in de rue Lepic.jpg</dbpprop:image>
    <dbpprop:image xml:lang="en">AsnieresG.jpg</dbpprop:image>
    <dbpprop:image xml:lang="en">Van Gogh - Das Restaurant de la Siréne in Asniéres.jpeg</dbpprop:image>
    <dbpprop:image xml:lang="en">A Sunday on La Grande Jatte, Georges Seurat, 1884.jpg</dbpprop:image>
    <dbpprop:image xml:lang="en">WLANL - artanonymous - Verliefde paartjes in het park Voyer d'Argenson te Asnières.jpg</dbpprop:image>
    <dbpprop:image xml:lang="en">WLANL - artanonymous - De Seine met de Pont de la Grande Jatte.jpg</dbpprop:image>
    <dbpprop:image xml:lang="en">Van Gogh The Factory at Asnieres.jpg</dbpprop:image>
    <dbpprop:image xml:lang="en">Van Gogh - Das Restaurant de la Sirène in Asnières.jpeg</dbpprop:image>
    <dbpprop:image xml:lang="en">Vincent van Gogh - Factories at Asnières, Seen from the Quai de Clichy.jpg</dbpprop:image>
    <dbpprop:image xml:lang="en">Van Gogh - Seineufer.jpeg</dbpprop:image>
    <dbpprop:imageFile xml:lang="en">Van Gogh - Angler und Boote an der Pont de Clichy.jpeg</dbpprop:imageFile>
    <dbpprop:imageSize rdf:datatype="http://www.w3.org/2001/XMLSchema#integer">300</dbpprop:imageSize>
    <dbpprop:museum rdf:resource="http://dbpedia.org/resource/Art_Institute_of_Chicago"/>
    <dbpprop:title xml:lang="en">Fishing in Spring, the Pont de Clichy</dbpprop:title>
    <dbpprop:type rdf:resource="http://dbpedia.org/resource/Oil_painting"/>
    <dbpprop:width rdf:datatype="http://www.w3.org/2001/XMLSchema#integer">200</dbpprop:width>
    <dbpprop:year rdf:datatype="http://www.w3.org/2001/XMLSchema#integer">1887</dbpprop:year>
    <foaf:isPrimaryTopicOf rdf:resource="http://en.wikipedia.org/wiki/Asnières_(Van_Gogh_series)"/>
    <ns7:wasDerivedFrom rdf:resource="http://en.wikipedia.org/wiki/Asnières_(Van_Gogh_series)?oldid=532969911"/>
    <dbpprop:hasPhotoCollection rdf:resource="http://wifo5-03.informatik.uni-mannheim.de/flickrwrappr/photos/Asnières_(Van_Gogh_series)"/>
  </rdf:Description>
  <rdf:Description rdf:about="http://dbpedia.org/resource/Asnières_(Van_Gogh_series)">
    <owl:sameAs rdf:resource="http://dbpedia.org/resource/Asni%C3%A8res_(Van_Gogh_series)"/>
  </rdf:Description>
  <rdf:Description rdf:about="http://dbpedia.org/resource/Asnieres_(Van_Gogh_series)">
    <dbpedia-owl:wikiPageRedirects rdf:resource="http://dbpedia.org/resource/Asni%C3%A8res_(Van_Gogh_series)"/>
  </rdf:Description>
  <rdf:Description rdf:about="http://dbpedia.org/resource/Asni%C3%A8res_(paintings)">
    <dbpedia-owl:wikiPageRedirects rdf:resource="http://dbpedia.org/resource/Asni%C3%A8res_(Van_Gogh_series)"/>
  </rdf:Description>
  <rdf:Description rdf:about="http://en.wikipedia.org/wiki/Asnières_(Van_Gogh_series)">
    <foaf:primaryTopic rdf:resource="http://dbpedia.org/resource/Asni%C3%A8res_(Van_Gogh_series)"/>
  </rdf:Description>
</rdf:RDF>
