<rdf:RDF xmlns:dbpprop="http://dbpedia.org/property/" xmlns:ns6="http://www.w3.org/ns/prov#" xmlns:foaf="http://xmlns.com/foaf/0.1/" xmlns:dbpedia-owl="http://dbpedia.org/ontology/" xmlns:dcterms="http://purl.org/dc/terms/" xmlns:owl="http://www.w3.org/2002/07/owl#" xmlns:rdfs="http://www.w3.org/2000/01/rdf-schema#" xmlns:rdf="http://www.w3.org/1999/02/22-rdf-syntax-ns#">
  <rdf:Description rdf:about="http://dbpedia.org/resource/Assumption_of_the_Virgin_(Botticini)">
    <rdf:type rdf:resource="http://dbpedia.org/class/yago/Creation103129123"/>
    <rdf:type rdf:resource="http://dbpedia.org/class/yago/GraphicArt103453809"/>
    <rdf:type rdf:resource="http://dbpedia.org/class/yago/ItalianPaintings"/>
    <rdf:type rdf:resource="http://dbpedia.org/class/yago/Whole100003553"/>
    <rdf:type rdf:resource="http://dbpedia.org/class/yago/Art102743547"/>
    <rdf:type rdf:resource="http://dbpedia.org/class/yago/Object100002684"/>
    <rdf:type rdf:resource="http://dbpedia.org/class/yago/PhysicalEntity100001930"/>
    <rdf:type rdf:resource="http://dbpedia.org/class/yago/Painting103876519"/>
    <rdf:type rdf:resource="http://dbpedia.org/class/yago/Artifact100021939"/>
    <owl:sameAs rdf:resource="http://yago-knowledge.org/resource/Assumption_of_the_Virgin_(Botticini)"/>
    <owl:sameAs rdf:resource="http://rdf.freebase.com/ns/m.04dyw01"/>
    <owl:sameAs rdf:resource="http://www.wikidata.org/entity/Q323753"/>
    <owl:sameAs rdf:resource="http://zh.dbpedia.org/resource/聖母升天_(波提契尼)"/>
    <owl:sameAs rdf:resource="http://it.dbpedia.org/resource/Assunzione_della_Vergine_(Botticini)"/>
    <owl:sameAs rdf:resource="http://dbpedia.org/resource/Assumption_of_the_Virgin_(Botticini)"/>
    <dcterms:subject rdf:resource="http://dbpedia.org/resource/Category:Christian_art_about_death"/>
    <dcterms:subject rdf:resource="http://dbpedia.org/resource/Category:Italian_paintings"/>
    <dbpedia-owl:abstract xml:lang="it">L'Assunzione della Vergine è un dipinto a tempera su tavola (228,6x377,56 cm) di Francesco Botticini, databile al 1475-1476 e conservato nella National Gallery di Londra.</dbpedia-owl:abstract>
    <dbpedia-owl:abstract xml:lang="en">The Assumption of the Virgin, 1475 - 1476, is a large (228.6 x 377.2 cm) painting in tempera on wood panel by Francesco Botticini. It was commissioned as the altarpiece for a church in Florence and is now in the National Gallery, London. The disciples gather around Mary's lily-filled tomb with looks of amazement. There are donor portraits of Matteo Palmieri, who commissioned the work, kneeling on the left, and his wife on the right. In Heaven above, surrounded by the nine choirs of angels, Jesus raises his hand in blessing to his kneeling mother. Among the lesser angels around Jesus and Mary are saints. Together with Palmieri's poem La città di vita, this mixing of saints with angels raised questions about the orthodoxy of the donor Palmieri, and possibly that of the painter Botticini himself.</dbpedia-owl:abstract>
    <dbpedia-owl:wikiPageID rdf:datatype="http://www.w3.org/2001/XMLSchema#integer">18532974</dbpedia-owl:wikiPageID>
    <dbpedia-owl:wikiPageRevisionID rdf:datatype="http://www.w3.org/2001/XMLSchema#integer">545376421</dbpedia-owl:wikiPageRevisionID>
    <rdfs:label xml:lang="en">Assumption of the Virgin (Botticini)</rdfs:label>
    <rdfs:label xml:lang="it">Assunzione della Vergine (Botticini)</rdfs:label>
    <foaf:depiction rdf:resource="http://upload.wikimedia.org/wikipedia/commons/f/ff/Francesco_Botticini_-_The_Assumption_of_the_Virgin.jpg"/>
    <rdfs:comment xml:lang="it">L'Assunzione della Vergine è un dipinto a tempera su tavola (228,6x377,56 cm) di Francesco Botticini, databile al 1475-1476 e conservato nella National Gallery di Londra.</rdfs:comment>
    <rdfs:comment xml:lang="en">The Assumption of the Virgin, 1475 - 1476, is a large (228.6 x 377.2 cm) painting in tempera on wood panel by Francesco Botticini. It was commissioned as the altarpiece for a church in Florence and is now in the National Gallery, London. The disciples gather around Mary's lily-filled tomb with looks of amazement. There are donor portraits of Matteo Palmieri, who commissioned the work, kneeling on the left, and his wife on the right.</rdfs:comment>
    <dbpedia-owl:thumbnail rdf:resource="http://upload.wikimedia.org/wikipedia/commons/thumb/f/ff/Francesco_Botticini_-_The_Assumption_of_the_Virgin.jpg/200px-Francesco_Botticini_-_The_Assumption_of_the_Virgin.jpg"/>
    <foaf:isPrimaryTopicOf rdf:resource="http://en.wikipedia.org/wiki/Assumption_of_the_Virgin_(Botticini)"/>
    <ns6:wasDerivedFrom rdf:resource="http://en.wikipedia.org/wiki/Assumption_of_the_Virgin_(Botticini)?oldid=545376421"/>
    <dbpprop:hasPhotoCollection rdf:resource="http://wifo5-03.informatik.uni-mannheim.de/flickrwrappr/photos/Assumption_of_the_Virgin_(Botticini)"/>
  </rdf:Description>
  <rdf:Description rdf:about="http://en.wikipedia.org/wiki/Assumption_of_the_Virgin_(Botticini)">
    <foaf:primaryTopic rdf:resource="http://dbpedia.org/resource/Assumption_of_the_Virgin_(Botticini)"/>
  </rdf:Description>
  <rdf:Description rdf:about="http://it.dbpedia.org/resource/Assunzione_della_Vergine_(Botticini)">
    <owl:sameAs rdf:resource="http://dbpedia.org/resource/Assumption_of_the_Virgin_(Botticini)"/>
  </rdf:Description>
  <rdf:Description rdf:about="http://wikidata.dbpedia.org/resource/Q323753">
    <owl:sameAs rdf:resource="http://dbpedia.org/resource/Assumption_of_the_Virgin_(Botticini)"/>
  </rdf:Description>
  <rdf:Description rdf:about="http://zh.dbpedia.org/resource/聖母升天_(波提契尼)">
    <owl:sameAs rdf:resource="http://dbpedia.org/resource/Assumption_of_the_Virgin_(Botticini)"/>
  </rdf:Description>
</rdf:RDF>
