<rdf:RDF xmlns:ns7="http://www.w3.org/ns/prov#" xmlns:dbpprop="http://dbpedia.org/property/" xmlns:foaf="http://xmlns.com/foaf/0.1/" xmlns:dbpedia-owl="http://dbpedia.org/ontology/" xmlns:dcterms="http://purl.org/dc/terms/" xmlns:owl="http://www.w3.org/2002/07/owl#" xmlns:rdfs="http://www.w3.org/2000/01/rdf-schema#" xmlns:rdf="http://www.w3.org/1999/02/22-rdf-syntax-ns#">
  <rdf:Description rdf:about="http://it.dbpedia.org/resource/Assunzione_della_Vergine_tra_i_santi_Miniato_e_Giuliano">
    <owl:sameAs rdf:resource="http://dbpedia.org/resource/Assumption_of_the_Virgin_(Andrea_del_Castagno)"/>
  </rdf:Description>
  <rdf:Description rdf:about="http://en.wikipedia.org/wiki/Assumption_of_the_Virgin_(Andrea_del_Castagno)">
    <foaf:primaryTopic rdf:resource="http://dbpedia.org/resource/Assumption_of_the_Virgin_(Andrea_del_Castagno)"/>
  </rdf:Description>
  <rdf:Description rdf:about="http://dbpedia.org/resource/Assumption_of_the_Virgin_(Andrea_del_Castagno)">
    <rdf:type rdf:resource="http://dbpedia.org/ontology/Artwork"/>
    <rdf:type rdf:resource="http://dbpedia.org/class/yago/PaintingsInTheGem%C3%A4ldegalerie,Berlin"/>
    <rdf:type rdf:resource="http://dbpedia.org/class/yago/Art102743547"/>
    <rdf:type rdf:resource="http://schema.org/CreativeWork"/>
    <rdf:type rdf:resource="http://www.w3.org/2002/07/owl#Thing"/>
    <rdf:type rdf:resource="http://dbpedia.org/ontology/Work"/>
    <rdf:type rdf:resource="http://dbpedia.org/class/yago/PhysicalEntity100001930"/>
    <rdf:type rdf:resource="http://dbpedia.org/class/yago/Painting103876519"/>
    <rdf:type rdf:resource="http://dbpedia.org/class/yago/Artifact100021939"/>
    <rdf:type rdf:resource="http://dbpedia.org/class/yago/1440sPaintings"/>
    <rdf:type rdf:resource="http://dbpedia.org/class/yago/AndreaDelCastagnoPaintings"/>
    <rdf:type rdf:resource="http://dbpedia.org/class/yago/GraphicArt103453809"/>
    <rdf:type rdf:resource="http://dbpedia.org/class/yago/Object100002684"/>
    <rdf:type rdf:resource="http://dbpedia.org/class/yago/Whole100003553"/>
    <rdf:type rdf:resource="http://dbpedia.org/class/yago/Creation103129123"/>
    <owl:sameAs rdf:resource="http://rdf.freebase.com/ns/m.0fq27x0"/>
    <owl:sameAs rdf:resource="http://www.wikidata.org/entity/Q430277"/>
    <owl:sameAs rdf:resource="http://it.dbpedia.org/resource/Assunzione_della_Vergine_tra_i_santi_Miniato_e_Giuliano"/>
    <owl:sameAs rdf:resource="http://dbpedia.org/resource/Assumption_of_the_Virgin_(Andrea_del_Castagno)"/>
    <owl:sameAs rdf:resource="http://yago-knowledge.org/resource/Assumption_of_the_Virgin_(Andrea_del_Castagno)"/>
    <dcterms:subject rdf:resource="http://dbpedia.org/resource/Category:1440s_paintings"/>
    <dcterms:subject rdf:resource="http://dbpedia.org/resource/Category:Andrea_del_Castagno_paintings"/>
    <dcterms:subject rdf:resource="http://dbpedia.org/resource/Category:Paintings_in_the_Gem%C3%A4ldegalerie,_Berlin"/>
    <dbpedia-owl:abstract xml:lang="en">The Assumption of the Virgin between St. Miniato and St. Julian is a painting by the Italian early Renaissance master Andrea del Castagno, executed around 1449-1450. It is now housed in the Gemäldegalerie of Berlin.</dbpedia-owl:abstract>
    <dbpedia-owl:abstract xml:lang="it">L'Assunzione della Vergine tra i santi Miniato e Giuliano è un dipinto a tempera e oro su tavola (150x158 cm) di Andrea del Castagno, databile al 1449-1450 e conservato nella Gemäldegalerie di Berlino.</dbpedia-owl:abstract>
    <dbpedia-owl:author rdf:resource="http://dbpedia.org/resource/Andrea_del_Castagno"/>
    <dbpedia-owl:museum rdf:resource="http://dbpedia.org/resource/Gem%C3%A4ldegalerie,_Berlin"/>
    <dbpedia-owl:wikiPageID rdf:datatype="http://www.w3.org/2001/XMLSchema#integer">29820482</dbpedia-owl:wikiPageID>
    <dbpedia-owl:wikiPageRevisionID rdf:datatype="http://www.w3.org/2001/XMLSchema#integer">546050062</dbpedia-owl:wikiPageRevisionID>
    <rdfs:label xml:lang="en">Assumption of the Virgin (Andrea del Castagno)</rdfs:label>
    <rdfs:label xml:lang="it">Assunzione della Vergine tra i santi Miniato e Giuliano</rdfs:label>
    <foaf:depiction rdf:resource="http://upload.wikimedia.org/wikipedia/commons/3/33/Del_Castagno_Andrea_Our_Lady_of_the_Assumption_with_Sts_Miniato_and_Julian.jpg"/>
    <rdfs:comment xml:lang="en">The Assumption of the Virgin between St. Miniato and St. Julian is a painting by the Italian early Renaissance master Andrea del Castagno, executed around 1449-1450. It is now housed in the Gemäldegalerie of Berlin.</rdfs:comment>
    <rdfs:comment xml:lang="it">L'Assunzione della Vergine tra i santi Miniato e Giuliano è un dipinto a tempera e oro su tavola (150x158 cm) di Andrea del Castagno, databile al 1449-1450 e conservato nella Gemäldegalerie di Berlino.</rdfs:comment>
    <foaf:name xml:lang="en">Assumption of the Virgin</foaf:name>
    <dbpedia-owl:thumbnail rdf:resource="http://upload.wikimedia.org/wikipedia/commons/thumb/3/33/Del_Castagno_Andrea_Our_Lady_of_the_Assumption_with_Sts_Miniato_and_Julian.jpg/200px-Del_Castagno_Andrea_Our_Lady_of_the_Assumption_with_Sts_Miniato_and_Julian.jpg"/>
    <dbpprop:artist rdf:resource="http://dbpedia.org/resource/Andrea_del_Castagno"/>
    <dbpprop:city rdf:resource="http://dbpedia.org/resource/Berlin"/>
    <dbpprop:height rdf:datatype="http://www.w3.org/2001/XMLSchema#integer">150</dbpprop:height>
    <dbpprop:imageFile xml:lang="en">Del Castagno Andrea Our Lady of the Assumption with Sts Miniato and Julian.jpg</dbpprop:imageFile>
    <dbpprop:imageSize rdf:datatype="http://www.w3.org/2001/XMLSchema#integer">360</dbpprop:imageSize>
    <dbpprop:museum rdf:resource="http://dbpedia.org/resource/Gem%C3%A4ldegalerie,_Berlin"/>
    <dbpprop:title xml:lang="en">Assumption of the Virgin</dbpprop:title>
    <dbpprop:type rdf:resource="http://dbpedia.org/resource/Tempera"/>
    <dbpprop:width rdf:datatype="http://www.w3.org/2001/XMLSchema#integer">158</dbpprop:width>
    <dbpprop:year rdf:datatype="http://www.w3.org/2001/XMLSchema#integer">1449</dbpprop:year>
    <foaf:isPrimaryTopicOf rdf:resource="http://en.wikipedia.org/wiki/Assumption_of_the_Virgin_(Andrea_del_Castagno)"/>
    <ns7:wasDerivedFrom rdf:resource="http://en.wikipedia.org/wiki/Assumption_of_the_Virgin_(Andrea_del_Castagno)?oldid=546050062"/>
    <dbpprop:hasPhotoCollection rdf:resource="http://wifo5-03.informatik.uni-mannheim.de/flickrwrappr/photos/Assumption_of_the_Virgin_(Andrea_del_Castagno)"/>
  </rdf:Description>
  <rdf:Description rdf:about="http://dbpedia.org/resource/Assumption_of_the_Virgin_between_San_Miniato_and_St._Julian">
    <dbpedia-owl:wikiPageRedirects rdf:resource="http://dbpedia.org/resource/Assumption_of_the_Virgin_(Andrea_del_Castagno)"/>
  </rdf:Description>
  <rdf:Description rdf:about="http://wikidata.dbpedia.org/resource/Q430277">
    <owl:sameAs rdf:resource="http://dbpedia.org/resource/Assumption_of_the_Virgin_(Andrea_del_Castagno)"/>
  </rdf:Description>
</rdf:RDF>
