<rdf:RDF xmlns:ns7="http://www.w3.org/ns/prov#" xmlns:dbpprop="http://dbpedia.org/property/" xmlns:foaf="http://xmlns.com/foaf/0.1/" xmlns:dbpedia-owl="http://dbpedia.org/ontology/" xmlns:dcterms="http://purl.org/dc/terms/" xmlns:owl="http://www.w3.org/2002/07/owl#" xmlns:rdfs="http://www.w3.org/2000/01/rdf-schema#" xmlns:rdf="http://www.w3.org/1999/02/22-rdf-syntax-ns#">
  <rdf:Description rdf:about="http://dbpedia.org/resource/Assumption_of_the_Virgin_(Titian)">
    <rdf:type rdf:resource="http://dbpedia.org/class/yago/GraphicArt103453809"/>
    <rdf:type rdf:resource="http://dbpedia.org/ontology/Work"/>
    <rdf:type rdf:resource="http://dbpedia.org/class/yago/Object100002684"/>
    <rdf:type rdf:resource="http://dbpedia.org/class/yago/PhysicalEntity100001930"/>
    <rdf:type rdf:resource="http://www.w3.org/2002/07/owl#Thing"/>
    <rdf:type rdf:resource="http://dbpedia.org/class/yago/PaintingsOfTheVirginMary"/>
    <rdf:type rdf:resource="http://dbpedia.org/class/yago/1510sPaintings"/>
    <rdf:type rdf:resource="http://dbpedia.org/class/yago/Painting103876519"/>
    <rdf:type rdf:resource="http://dbpedia.org/class/yago/PaintingsByTitian"/>
    <rdf:type rdf:resource="http://dbpedia.org/class/yago/Whole100003553"/>
    <rdf:type rdf:resource="http://dbpedia.org/class/yago/Artifact100021939"/>
    <rdf:type rdf:resource="http://dbpedia.org/ontology/Artwork"/>
    <rdf:type rdf:resource="http://dbpedia.org/class/yago/Creation103129123"/>
    <rdf:type rdf:resource="http://dbpedia.org/class/yago/Art102743547"/>
    <rdf:type rdf:resource="http://schema.org/CreativeWork"/>
    <owl:sameAs rdf:resource="http://yago-knowledge.org/resource/Assumption_of_the_Virgin_(Titian)"/>
    <owl:sameAs rdf:resource="http://nl.dbpedia.org/resource/Maria_Hemelvaart_(Titiaan)"/>
    <owl:sameAs rdf:resource="http://es.dbpedia.org/resource/La_Asunción_de_la_Virgen_(Tiziano)"/>
    <owl:sameAs rdf:resource="http://www.wikidata.org/entity/Q1899740"/>
    <owl:sameAs rdf:resource="http://he.dbpedia.org/resource/עלייתה_של_הבתולה_השמיימה_(טיציאן)"/>
    <owl:sameAs rdf:resource="http://zh.dbpedia.org/resource/聖母升天_(提香)"/>
    <owl:sameAs rdf:resource="http://th.dbpedia.org/resource/พระนางพรหมจารีรับเกียรติยกขึ้นสวรรค์_(ทิเชียน)"/>
    <owl:sameAs rdf:resource="http://rdf.freebase.com/ns/m.02q6mrx"/>
    <owl:sameAs rdf:resource="http://pl.dbpedia.org/resource/Assunta_(obraz_Tycjana)"/>
    <owl:sameAs rdf:resource="http://de.dbpedia.org/resource/Mariä_Himmelfahrt_(Tizian)"/>
    <owl:sameAs rdf:resource="http://it.dbpedia.org/resource/Assunta_(Tiziano)"/>
    <owl:sameAs rdf:resource="http://dbpedia.org/resource/Assumption_of_the_Virgin_(Titian)"/>
    <dcterms:subject rdf:resource="http://dbpedia.org/resource/Category:Paintings_by_Titian"/>
    <dcterms:subject rdf:resource="http://dbpedia.org/resource/Category:Christian_art_about_death"/>
    <dcterms:subject rdf:resource="http://dbpedia.org/resource/Category:1518_paintings"/>
    <dcterms:subject rdf:resource="http://dbpedia.org/resource/Category:Paintings_of_the_Virgin_Mary"/>
    <dbpedia-owl:abstract xml:lang="it">L'Assunta è un dipinto ad olio su tavola (690x360 cm) di Tiziano, databile al 1516-1518 e conservato nella basilica di Santa Maria Gloriosa dei Frari a Venezia, dove decora, oggi come allora, l'altare centrale. Indiscutibile e straordinario capolavoro dell'artista, fu un'opera così innovativa da lasciare attoniti i contemporanei, consacrando definitivamente Tiziano, allora poco più che trentenne, nell'Olimpo dei grandi maestri del Rinascimento. L'artista si cimentò nello stesso soggetto nel 1535 dipingendo l'Assunzione della Vergine per il Duomo di Verona, dove si nota un mutato linguaggio pittorico.</dbpedia-owl:abstract>
    <dbpedia-owl:abstract xml:lang="en">Assumption of the Virgin is a large oil painting by Italian Renaissance artist Titian, executed in 1516–1518. It is located on the high altar in the Basilica di Santa Maria Gloriosa dei Frari in Venice, being the largest altarpiece in the city.</dbpedia-owl:abstract>
    <dbpedia-owl:abstract xml:lang="pl">Assunta (Wniebowzięcie Najświętszej Marii Panny) – obraz renesansowego włoskiego malarza Tycjana, powstały w 1518 roku. Obraz został namalowany na zlecenie mnichów z kościoła Santa Maria Gloriosa dei Frari.</dbpedia-owl:abstract>
    <dbpedia-owl:abstract xml:lang="es">La Asunción de la Virgen es un cuadro del pintor renacentista italiano Tiziano. Fue acabada en 1518. Se trata de un óleo sobre madera de gran tamaño, pues alcanza los 6,90 metros de alto y 3,60 m de ancho. Se encuentra en la Basílica de Santa María Gloriosa dei Frari, de Venecia, Italia.</dbpedia-owl:abstract>
    <dbpedia-owl:abstract xml:lang="nl">Maria Hemelvaart is een olieverf schilderij van de Italiaanse kunstschilder Titiaan gemaakt in 1516–1518. Het hangt bij het altaar in de kerk de Basilica di Santa Maria Gloriosa dei Frari in Venetië. Het is 690 cm x 360 cm groot.</dbpedia-owl:abstract>
    <dbpedia-owl:abstract xml:lang="de">Mariä Himmelfahrt ist ein Ölgemälde des berühmten italienischen Malers Tizian. Ebenfalls sehr bekannt ist es unter dem Namen Assunta. Tizian malte es von 1516 bis 1518. Heute befindet es sich in der Kirche Santa Maria Gloriosa dei Frari in Venedig. Mit einer Höhe von 6,90 m und einer Breite von 3,60 m ist es das größte Altargemälde der Stadt und zugleich das größte jemals von Tizian gemalte Werk. Es wurde, wie für Hochaltäre dieser Größe allgemein üblich, mit Öl auf Holz ausgeführt.</dbpedia-owl:abstract>
    <dbpedia-owl:author rdf:resource="http://dbpedia.org/resource/Titian"/>
    <dbpedia-owl:museum rdf:resource="http://dbpedia.org/resource/Santa_Maria_Gloriosa_dei_Frari"/>
    <dbpedia-owl:wikiPageID rdf:datatype="http://www.w3.org/2001/XMLSchema#integer">10255477</dbpedia-owl:wikiPageID>
    <dbpedia-owl:wikiPageRevisionID rdf:datatype="http://www.w3.org/2001/XMLSchema#integer">543762602</dbpedia-owl:wikiPageRevisionID>
    <rdfs:label xml:lang="es">La Asunción de la Virgen (Tiziano)</rdfs:label>
    <rdfs:label xml:lang="nl">Maria Hemelvaart (Titiaan)</rdfs:label>
    <rdfs:label xml:lang="pl">Assunta (obraz Tycjana)</rdfs:label>
    <rdfs:label xml:lang="it">Assunta (Tiziano)</rdfs:label>
    <rdfs:label xml:lang="de">Mariä Himmelfahrt (Tizian)</rdfs:label>
    <rdfs:label xml:lang="en">Assumption of the Virgin (Titian)</rdfs:label>
    <foaf:depiction rdf:resource="http://upload.wikimedia.org/wikipedia/commons/9/9e/Tizian_041.jpg"/>
    <rdfs:comment xml:lang="pl">Assunta (Wniebowzięcie Najświętszej Marii Panny) – obraz renesansowego włoskiego malarza Tycjana, powstały w 1518 roku. Obraz został namalowany na zlecenie mnichów z kościoła Santa Maria Gloriosa dei Frari.</rdfs:comment>
    <rdfs:comment xml:lang="nl">Maria Hemelvaart is een olieverf schilderij van de Italiaanse kunstschilder Titiaan gemaakt in 1516–1518. Het hangt bij het altaar in de kerk de Basilica di Santa Maria Gloriosa dei Frari in Venetië. Het is 690 cm x 360 cm groot.</rdfs:comment>
    <rdfs:comment xml:lang="es">La Asunción de la Virgen es un cuadro del pintor renacentista italiano Tiziano. Fue acabada en 1518. Se trata de un óleo sobre madera de gran tamaño, pues alcanza los 6,90 metros de alto y 3,60 m de ancho. Se encuentra en la Basílica de Santa María Gloriosa dei Frari, de Venecia, Italia.</rdfs:comment>
    <rdfs:comment xml:lang="it">L'Assunta è un dipinto ad olio su tavola (690x360 cm) di Tiziano, databile al 1516-1518 e conservato nella basilica di Santa Maria Gloriosa dei Frari a Venezia, dove decora, oggi come allora, l'altare centrale. Indiscutibile e straordinario capolavoro dell'artista, fu un'opera così innovativa da lasciare attoniti i contemporanei, consacrando definitivamente Tiziano, allora poco più che trentenne, nell'Olimpo dei grandi maestri del Rinascimento.</rdfs:comment>
    <rdfs:comment xml:lang="de">Mariä Himmelfahrt ist ein Ölgemälde des berühmten italienischen Malers Tizian. Ebenfalls sehr bekannt ist es unter dem Namen Assunta. Tizian malte es von 1516 bis 1518. Heute befindet es sich in der Kirche Santa Maria Gloriosa dei Frari in Venedig. Mit einer Höhe von 6,90 m und einer Breite von 3,60 m ist es das größte Altargemälde der Stadt und zugleich das größte jemals von Tizian gemalte Werk. Es wurde, wie für Hochaltäre dieser Größe allgemein üblich, mit Öl auf Holz ausgeführt.</rdfs:comment>
    <rdfs:comment xml:lang="en">Assumption of the Virgin is a large oil painting by Italian Renaissance artist Titian, executed in 1516–1518. It is located on the high altar in the Basilica di Santa Maria Gloriosa dei Frari in Venice, being the largest altarpiece in the city.</rdfs:comment>
    <foaf:name xml:lang="en">Assumption of the Virgin</foaf:name>
    <dbpedia-owl:thumbnail rdf:resource="http://upload.wikimedia.org/wikipedia/commons/thumb/9/9e/Tizian_041.jpg/200px-Tizian_041.jpg"/>
    <dbpedia-owl:wikiPageExternalLink rdf:resource="http://smarthistory.khanacademy.org/titians-assumption-of-the-virgin.html"/>
    <dbpprop:align xml:lang="en">right</dbpprop:align>
    <dbpprop:artist xml:lang="en">Titian</dbpprop:artist>
    <dbpprop:city rdf:resource="http://dbpedia.org/resource/Venice"/>
    <dbpprop:heightMetric rdf:datatype="http://www.w3.org/2001/XMLSchema#integer">690</dbpprop:heightMetric>
    <dbpprop:imageFile xml:lang="en">Tizian 041.jpg</dbpprop:imageFile>
    <dbpprop:museum rdf:resource="http://dbpedia.org/resource/Santa_Maria_Gloriosa_dei_Frari"/>
    <dbpprop:title xml:lang="en">Assumption of the Virgin</dbpprop:title>
    <dbpprop:type xml:lang="en">Oil on panel</dbpprop:type>
    <dbpprop:video xml:lang="en">Titian's Assumption of the Virgin, c. 1516-18, Smarthistory</dbpprop:video>
    <dbpprop:width rdf:datatype="http://www.w3.org/2001/XMLSchema#integer">210</dbpprop:width>
    <dbpprop:widthMetric rdf:datatype="http://www.w3.org/2001/XMLSchema#integer">360</dbpprop:widthMetric>
    <dbpprop:year rdf:datatype="http://www.w3.org/2001/XMLSchema#integer">1516</dbpprop:year>
    <foaf:isPrimaryTopicOf rdf:resource="http://en.wikipedia.org/wiki/Assumption_of_the_Virgin_(Titian)"/>
    <ns7:wasDerivedFrom rdf:resource="http://en.wikipedia.org/wiki/Assumption_of_the_Virgin_(Titian)?oldid=543762602"/>
    <dbpprop:hasPhotoCollection rdf:resource="http://wifo5-03.informatik.uni-mannheim.de/flickrwrappr/photos/Assumption_of_the_Virgin_(Titian)"/>
    <dbpprop:headerimage rdf:datatype="http://www.w3.org/2001/XMLSchema#integer">210</dbpprop:headerimage>
  </rdf:Description>
  <rdf:Description rdf:about="http://it.dbpedia.org/resource/Assunta_(Tiziano)">
    <owl:sameAs rdf:resource="http://dbpedia.org/resource/Assumption_of_the_Virgin_(Titian)"/>
  </rdf:Description>
  <rdf:Description rdf:about="http://pl.dbpedia.org/resource/Assunta_(obraz_Tycjana)">
    <owl:sameAs rdf:resource="http://dbpedia.org/resource/Assumption_of_the_Virgin_(Titian)"/>
  </rdf:Description>
  <rdf:Description rdf:about="http://de.dbpedia.org/resource/Mariä_Himmelfahrt_(Tizian)">
    <owl:sameAs rdf:resource="http://dbpedia.org/resource/Assumption_of_the_Virgin_(Titian)"/>
  </rdf:Description>
  <rdf:Description rdf:about="http://es.dbpedia.org/resource/La_Asunción_de_la_Virgen_(Tiziano)">
    <owl:sameAs rdf:resource="http://dbpedia.org/resource/Assumption_of_the_Virgin_(Titian)"/>
  </rdf:Description>
  <rdf:Description rdf:about="http://dbpedia.org/resource/Titian">
    <dbpprop:works rdf:resource="http://dbpedia.org/resource/Assumption_of_the_Virgin_(Titian)"/>
  </rdf:Description>
  <rdf:Description rdf:about="http://en.wikipedia.org/wiki/Assumption_of_the_Virgin_(Titian)">
    <foaf:primaryTopic rdf:resource="http://dbpedia.org/resource/Assumption_of_the_Virgin_(Titian)"/>
  </rdf:Description>
  <rdf:Description rdf:about="http://nl.dbpedia.org/resource/Maria_Hemelvaart_(Titiaan)">
    <owl:sameAs rdf:resource="http://dbpedia.org/resource/Assumption_of_the_Virgin_(Titian)"/>
  </rdf:Description>
  <rdf:Description rdf:about="http://wikidata.dbpedia.org/resource/Q1899740">
    <owl:sameAs rdf:resource="http://dbpedia.org/resource/Assumption_of_the_Virgin_(Titian)"/>
  </rdf:Description>
  <rdf:Description rdf:about="http://zh.dbpedia.org/resource/聖母升天_(提香)">
    <owl:sameAs rdf:resource="http://dbpedia.org/resource/Assumption_of_the_Virgin_(Titian)"/>
  </rdf:Description>
  <rdf:Description rdf:about="http://he.dbpedia.org/resource/עלייתה_של_הבתולה_השמיימה_(טיציאן)">
    <owl:sameAs rdf:resource="http://dbpedia.org/resource/Assumption_of_the_Virgin_(Titian)"/>
  </rdf:Description>
  <rdf:Description rdf:about="http://th.dbpedia.org/resource/พระนางพรหมจารีรับเกียรติยกขึ้นสวรรค์_(ทิเชียน)">
    <owl:sameAs rdf:resource="http://dbpedia.org/resource/Assumption_of_the_Virgin_(Titian)"/>
  </rdf:Description>
</rdf:RDF>
