<rdf:RDF xmlns:dbpprop="http://dbpedia.org/property/" xmlns:ns6="http://www.w3.org/ns/prov#" xmlns:foaf="http://xmlns.com/foaf/0.1/" xmlns:dbpedia-owl="http://dbpedia.org/ontology/" xmlns:dcterms="http://purl.org/dc/terms/" xmlns:owl="http://www.w3.org/2002/07/owl#" xmlns:rdfs="http://www.w3.org/2000/01/rdf-schema#" xmlns:rdf="http://www.w3.org/1999/02/22-rdf-syntax-ns#">
  <rdf:Description rdf:about="http://en.wikipedia.org/wiki/Atropos_(Goya)">
    <foaf:primaryTopic rdf:resource="http://dbpedia.org/resource/Atropos_(Goya)"/>
  </rdf:Description>
  <rdf:Description rdf:about="http://dbpedia.org/resource/Atropos_(Goya)">
    <rdf:type rdf:resource="http://dbpedia.org/class/yago/Art102743547"/>
    <rdf:type rdf:resource="http://dbpedia.org/class/yago/1820sPaintings"/>
    <rdf:type rdf:resource="http://dbpedia.org/class/yago/Object100002684"/>
    <rdf:type rdf:resource="http://dbpedia.org/class/yago/Painting103876519"/>
    <rdf:type rdf:resource="http://dbpedia.org/class/yago/PaintingsDepictingGreekMyths"/>
    <rdf:type rdf:resource="http://dbpedia.org/class/yago/GraphicArt103453809"/>
    <rdf:type rdf:resource="http://dbpedia.org/class/yago/Artifact100021939"/>
    <rdf:type rdf:resource="http://dbpedia.org/class/yago/PaintingsByFranciscoGoya"/>
    <rdf:type rdf:resource="http://dbpedia.org/class/yago/Whole100003553"/>
    <rdf:type rdf:resource="http://dbpedia.org/class/yago/Creation103129123"/>
    <rdf:type rdf:resource="http://dbpedia.org/class/yago/PhysicalEntity100001930"/>
    <owl:sameAs rdf:resource="http://www.wikidata.org/entity/Q3543882"/>
    <owl:sameAs rdf:resource="http://es.dbpedia.org/resource/Átropos_o_Las_Parcas"/>
    <owl:sameAs rdf:resource="http://ru.dbpedia.org/resource/Атропа_(картина_Гойи)"/>
    <owl:sameAs rdf:resource="http://dbpedia.org/resource/Atropos_(Goya)"/>
    <owl:sameAs rdf:resource="http://yago-knowledge.org/resource/Atropos_(Goya)"/>
    <owl:sameAs rdf:resource="http://el.dbpedia.org/resource/Άτροπος_(Γκόγια)"/>
    <owl:sameAs rdf:resource="http://pl.dbpedia.org/resource/Parki_(obraz_Goi)"/>
    <owl:sameAs rdf:resource="http://ca.dbpedia.org/resource/Àtropos_o_Les_Parques"/>
    <owl:sameAs rdf:resource="http://rdf.freebase.com/ns/m.0bmhn_7"/>
    <dcterms:subject rdf:resource="http://dbpedia.org/resource/Category:Paintings_depicting_Greek_myths"/>
    <dcterms:subject rdf:resource="http://dbpedia.org/resource/Category:1820s_paintings"/>
    <dcterms:subject rdf:resource="http://dbpedia.org/resource/Category:Collections_of_the_Museo_del_Prado"/>
    <dcterms:subject rdf:resource="http://dbpedia.org/resource/Category:Paintings_by_Francisco_Goya"/>
    <dbpedia-owl:abstract xml:lang="es">Átropos, Las Parcas o El Destino es una de las Pinturas negras que formaron parte de la decoración de los muros de la casa —llamada la Quinta del Sordo— que Francisco de Goya adquirió en 1819. Esta obra ocupaba probablemente la pared izquierda de la planta alta según se accedía a dicha planta, junto con Duelo a garrotazos. El cuadro, junto con el resto de las Pinturas negras, fue trasladado de revoco a lienzo, a partir de 1874, por Salvador Martínez Cubells, por encargo del barón Émile d’Erlanger, un banquero francés, de origen alemán, que tenía intención de venderlos en la Exposición Universal de París de 1878. Sin embargo, las obras no atrajeron compradores y él mismo las donó, en 1881, al Museo del Prado, donde actualmente se exponen.</dbpedia-owl:abstract>
    <dbpedia-owl:abstract xml:lang="en">Atropos, or The Fates is one of the 14 black paintings painted by Francisco de Goya between 1819-23. Goya, then 75 and in mental and physical despair, created the series directly onto the interior walls of the house known as "The House of the Deaf Man" (Quinta del Sordo), purchased in 1819. It probably occupied a position on the second floor of the house beside the Fight with Cudgels and across from the Fantastic Vision. Like the rest of the black paintings, it was transferred to canvas in 1873-74 under the supervision of Salvador Martínez Cubells, a curator at the Museo del Prado. The owner, Baron Emile d'Erlanger, donated the canvases to the Spanish state in 1881, and they are now on display at the Prado. The painting is a reinterpretation of the mythological subject of the goddesses of destiny- the Moirai or fates as recounted in Homer, Hesiod, Virgil and other classical writers. These "Daughters of Night" were headed by Atropos, the inexorable goddess of death, who carries a few scissors to cut the thread of life; Clotho, with her distaff (which Goya replaces with a doll or newborn child, possibly an allegory of life), and Lachesis, the spinning one, which in this representation looks across a lens or in a mirror and symbolizes time, since she was the one who measured the length of the fiber. To the three female figures suspended in the air a fourth figure is added in the foreground. Possibly male, this figure's hands are bound behind him as if is captive. If this interpretation is true, the fates would be deciding the destiny of the man whose bound hands cannot be opposed to his fate. It has been speculated that he may represent Prometheus, who was bound on a mountain and left to be savaged by an eagle as punishment for stealing fire from Mount Olympus. All four are hideously ugly. The painting's range of color is diminished, as much or even more so than the other black paintings, to ochres and blacks. This reinforces a nocturnal and unreal atmosphere, appropriate to the mythical subject of this work. The arbitrary, irrational aspects of Goyas black paintings have given them a place as precursors to Modern art.</dbpedia-owl:abstract>
    <dbpedia-owl:abstract xml:lang="pl">Parki lub Atropos (hiszp. Las Parcas lub Atrópos) - obraz hiszpańskiego malarza Francisco Goi.</dbpedia-owl:abstract>
    <dbpedia-owl:wikiPageID rdf:datatype="http://www.w3.org/2001/XMLSchema#integer">26821568</dbpedia-owl:wikiPageID>
    <dbpedia-owl:wikiPageRevisionID rdf:datatype="http://www.w3.org/2001/XMLSchema#integer">542736224</dbpedia-owl:wikiPageRevisionID>
    <rdfs:label xml:lang="en">Atropos (Goya)</rdfs:label>
    <rdfs:label xml:lang="es">Átropos o Las Parcas</rdfs:label>
    <rdfs:label xml:lang="pl">Parki (obraz Goi)</rdfs:label>
    <foaf:depiction rdf:resource="http://upload.wikimedia.org/wikipedia/commons/c/c8/Atropos_o_Las_Parcas.jpg"/>
    <rdfs:comment xml:lang="pl">Parki lub Atropos (hiszp. Las Parcas lub Atrópos) - obraz hiszpańskiego malarza Francisco Goi.</rdfs:comment>
    <rdfs:comment xml:lang="es">Átropos, Las Parcas o El Destino es una de las Pinturas negras que formaron parte de la decoración de los muros de la casa —llamada la Quinta del Sordo— que Francisco de Goya adquirió en 1819. Esta obra ocupaba probablemente la pared izquierda de la planta alta según se accedía a dicha planta, junto con Duelo a garrotazos.</rdfs:comment>
    <rdfs:comment xml:lang="en">Atropos, or The Fates is one of the 14 black paintings painted by Francisco de Goya between 1819-23. Goya, then 75 and in mental and physical despair, created the series directly onto the interior walls of the house known as "The House of the Deaf Man" (Quinta del Sordo), purchased in 1819. It probably occupied a position on the second floor of the house beside the Fight with Cudgels and across from the Fantastic Vision.</rdfs:comment>
    <dbpedia-owl:thumbnail rdf:resource="http://upload.wikimedia.org/wikipedia/commons/thumb/c/c8/Atropos_o_Las_Parcas.jpg/200px-Atropos_o_Las_Parcas.jpg"/>
    <dbpedia-owl:wikiPageExternalLink rdf:resource="http://www.ucm.es/BUCM/tesis/bba/ucm-t25732.pdf"/>
    <foaf:isPrimaryTopicOf rdf:resource="http://en.wikipedia.org/wiki/Atropos_(Goya)"/>
    <ns6:wasDerivedFrom rdf:resource="http://en.wikipedia.org/wiki/Atropos_(Goya)?oldid=542736224"/>
    <dbpprop:hasPhotoCollection rdf:resource="http://wifo5-03.informatik.uni-mannheim.de/flickrwrappr/photos/Atropos_(Goya)"/>
  </rdf:Description>
  <rdf:Description rdf:about="http://es.dbpedia.org/resource/Átropos_o_Las_Parcas">
    <owl:sameAs rdf:resource="http://dbpedia.org/resource/Atropos_(Goya)"/>
  </rdf:Description>
  <rdf:Description rdf:about="http://dbpedia.org/resource/Atropos_(disambiguation)">
    <dbpedia-owl:wikiPageDisambiguates rdf:resource="http://dbpedia.org/resource/Atropos_(Goya)"/>
  </rdf:Description>
  <rdf:Description rdf:about="http://ru.dbpedia.org/resource/Атропа_(картина_Гойи)">
    <owl:sameAs rdf:resource="http://dbpedia.org/resource/Atropos_(Goya)"/>
  </rdf:Description>
  <rdf:Description rdf:about="http://el.dbpedia.org/resource/Άτροπος_(Γκόγια)">
    <owl:sameAs rdf:resource="http://dbpedia.org/resource/Atropos_(Goya)"/>
  </rdf:Description>
  <rdf:Description rdf:about="http://pl.dbpedia.org/resource/Parki_(obraz_Goi)">
    <owl:sameAs rdf:resource="http://dbpedia.org/resource/Atropos_(Goya)"/>
  </rdf:Description>
  <rdf:Description rdf:about="http://wikidata.dbpedia.org/resource/Q3543882">
    <owl:sameAs rdf:resource="http://dbpedia.org/resource/Atropos_(Goya)"/>
  </rdf:Description>
  <rdf:Description rdf:about="http://ca.dbpedia.org/resource/Àtropos_o_Les_Parques">
    <owl:sameAs rdf:resource="http://dbpedia.org/resource/Atropos_(Goya)"/>
  </rdf:Description>
</rdf:RDF>
