<rdf:RDF xmlns:ns7="http://www.w3.org/ns/prov#" xmlns:dbpprop="http://dbpedia.org/property/" xmlns:foaf="http://xmlns.com/foaf/0.1/" xmlns:dbpedia-owl="http://dbpedia.org/ontology/" xmlns:dcterms="http://purl.org/dc/terms/" xmlns:owl="http://www.w3.org/2002/07/owl#" xmlns:rdfs="http://www.w3.org/2000/01/rdf-schema#" xmlns:rdf="http://www.w3.org/1999/02/22-rdf-syntax-ns#">
  <rdf:Description rdf:about="http://dbpedia.org/resource/Aurora_Triumphans">
    <rdf:type rdf:resource="http://dbpedia.org/ontology/Work"/>
    <rdf:type rdf:resource="http://dbpedia.org/class/yago/GraphicArt103453809"/>
    <rdf:type rdf:resource="http://dbpedia.org/class/yago/EnglishPaintings"/>
    <rdf:type rdf:resource="http://dbpedia.org/class/yago/Painting103876519"/>
    <rdf:type rdf:resource="http://dbpedia.org/class/yago/Artifact100021939"/>
    <rdf:type rdf:resource="http://dbpedia.org/class/yago/Art102743547"/>
    <rdf:type rdf:resource="http://dbpedia.org/class/yago/19th-centuryPaintings"/>
    <rdf:type rdf:resource="http://schema.org/CreativeWork"/>
    <rdf:type rdf:resource="http://dbpedia.org/class/yago/Whole100003553"/>
    <rdf:type rdf:resource="http://www.w3.org/2002/07/owl#Thing"/>
    <rdf:type rdf:resource="http://dbpedia.org/class/yago/Object100002684"/>
    <rdf:type rdf:resource="http://dbpedia.org/ontology/Artwork"/>
    <rdf:type rdf:resource="http://dbpedia.org/class/yago/PaintingsDepictingMyths"/>
    <rdf:type rdf:resource="http://dbpedia.org/class/yago/PhysicalEntity100001930"/>
    <rdf:type rdf:resource="http://dbpedia.org/class/yago/Creation103129123"/>
    <owl:sameAs rdf:resource="http://www.wikidata.org/entity/Q4822621"/>
    <owl:sameAs rdf:resource="http://rdf.freebase.com/ns/m.0fpgxbb"/>
    <owl:sameAs rdf:resource="http://yago-knowledge.org/resource/Aurora_Triumphans"/>
    <owl:sameAs rdf:resource="http://dbpedia.org/resource/Aurora_Triumphans"/>
    <dcterms:subject rdf:resource="http://dbpedia.org/resource/Category:Paintings_depicting_myths"/>
    <dcterms:subject rdf:resource="http://dbpedia.org/resource/Category:19th-century_paintings"/>
    <dcterms:subject rdf:resource="http://dbpedia.org/resource/Category:English_paintings"/>
    <dbpedia-owl:abstract xml:lang="en">Aurora Triumphans is a painting by Evelyn de Morgan, featuring the Roman goddess of dawn Aurora, that breaks the shackles of night. Aurora lies naked in the lower right corner, covered with carefully draped ropes of pink roses. Taking up two-thirds of the painting, there are three red-winged angels with trumpets and gold tunics. In the lower left corner there is a dark-robed Night, that swirls away a black cloak. In 1886 the painting was exhibited at the Grosvenor Gallery in London. The flowers strewn around Aurora and the pale glow of her naked body are set in opposition to the shadowy drapery of Night. Aurora's frontal, open pose reverses the anonymity of Night, who is turned away from the viewer. The painting currently belongs to the Russell-Cotes Museum in Bournemouth. Merton Russell-Cotes' son Herbert bought it for the museum in around 1922 thinking that it was a Burne-Jones original after an unscrupulous art dealer had painted over the signature with Burne-Jones' initials to get a higher price.</dbpedia-owl:abstract>
    <dbpedia-owl:author rdf:resource="http://dbpedia.org/resource/Evelyn_De_Morgan"/>
    <dbpedia-owl:museum rdf:resource="http://dbpedia.org/resource/Russell-Cotes_Art_Gallery_&amp;_Museum"/>
    <dbpedia-owl:wikiPageID rdf:datatype="http://www.w3.org/2001/XMLSchema#integer">29676532</dbpedia-owl:wikiPageID>
    <dbpedia-owl:wikiPageRevisionID rdf:datatype="http://www.w3.org/2001/XMLSchema#integer">497307886</dbpedia-owl:wikiPageRevisionID>
    <rdfs:label xml:lang="en">Aurora Triumphans</rdfs:label>
    <foaf:depiction rdf:resource="http://upload.wikimedia.org/wikipedia/commons/3/38/Morgan,_Evelyn_de_-_Aurora_Triumphans_-_c._1886.jpg"/>
    <rdfs:comment xml:lang="en">Aurora Triumphans is a painting by Evelyn de Morgan, featuring the Roman goddess of dawn Aurora, that breaks the shackles of night. Aurora lies naked in the lower right corner, covered with carefully draped ropes of pink roses. Taking up two-thirds of the painting, there are three red-winged angels with trumpets and gold tunics. In the lower left corner there is a dark-robed Night, that swirls away a black cloak. In 1886 the painting was exhibited at the Grosvenor Gallery in London.</rdfs:comment>
    <foaf:name xml:lang="en">Aurora Triumphans</foaf:name>
    <dbpedia-owl:thumbnail rdf:resource="http://upload.wikimedia.org/wikipedia/commons/thumb/3/38/Morgan,_Evelyn_de_-_Aurora_Triumphans_-_c._1886.jpg/200px-Morgan,_Evelyn_de_-_Aurora_Triumphans_-_c._1886.jpg"/>
    <dbpprop:artist rdf:resource="http://dbpedia.org/resource/Evelyn_De_Morgan"/>
    <dbpprop:city rdf:resource="http://dbpedia.org/resource/Bournemouth"/>
    <dbpprop:city rdf:resource="http://dbpedia.org/resource/England"/>
    <dbpprop:heightInch rdf:datatype="http://www.w3.org/2001/XMLSchema#integer">46</dbpprop:heightInch>
    <dbpprop:imageFile xml:lang="en">Morgan, Evelyn de - Aurora Triumphans - c. 1886.jpg</dbpprop:imageFile>
    <dbpprop:imageSize rdf:datatype="http://www.w3.org/2001/XMLSchema#integer">300</dbpprop:imageSize>
    <dbpprop:museum rdf:resource="http://dbpedia.org/resource/Russell-Cotes_Art_Gallery_&amp;_Museum"/>
    <dbpprop:title xml:lang="en">Aurora Triumphans</dbpprop:title>
    <dbpprop:type xml:lang="en">Oil on canvas</dbpprop:type>
    <dbpprop:widthInch rdf:datatype="http://www.w3.org/2001/XMLSchema#integer">68</dbpprop:widthInch>
    <dbpprop:year rdf:datatype="http://www.w3.org/2001/XMLSchema#integer">1877</dbpprop:year>
    <foaf:isPrimaryTopicOf rdf:resource="http://en.wikipedia.org/wiki/Aurora_Triumphans"/>
    <ns7:wasDerivedFrom rdf:resource="http://en.wikipedia.org/wiki/Aurora_Triumphans?oldid=497307886"/>
    <dbpprop:hasPhotoCollection rdf:resource="http://wifo5-03.informatik.uni-mannheim.de/flickrwrappr/photos/Aurora_Triumphans"/>
  </rdf:Description>
  <rdf:Description rdf:about="http://en.wikipedia.org/wiki/Aurora_Triumphans">
    <foaf:primaryTopic rdf:resource="http://dbpedia.org/resource/Aurora_Triumphans"/>
  </rdf:Description>
  <rdf:Description rdf:about="http://wikidata.dbpedia.org/resource/Q4822621">
    <owl:sameAs rdf:resource="http://dbpedia.org/resource/Aurora_Triumphans"/>
  </rdf:Description>
</rdf:RDF>
