<rdf:RDF xmlns:ns7="http://www.w3.org/ns/prov#" xmlns:dbpprop="http://dbpedia.org/property/" xmlns:foaf="http://xmlns.com/foaf/0.1/" xmlns:dbpedia-owl="http://dbpedia.org/ontology/" xmlns:dcterms="http://purl.org/dc/terms/" xmlns:owl="http://www.w3.org/2002/07/owl#" xmlns:rdfs="http://www.w3.org/2000/01/rdf-schema#" xmlns:rdf="http://www.w3.org/1999/02/22-rdf-syntax-ns#">
  <rdf:Description rdf:about="http://dbpedia.org/resource/Automat_(painting)">
    <rdf:type rdf:resource="http://dbpedia.org/class/yago/Art102743547"/>
    <rdf:type rdf:resource="http://dbpedia.org/class/yago/Object100002684"/>
    <rdf:type rdf:resource="http://dbpedia.org/class/yago/1927Paintings"/>
    <rdf:type rdf:resource="http://dbpedia.org/class/yago/GraphicArt103453809"/>
    <rdf:type rdf:resource="http://dbpedia.org/class/yago/PaintingsByEdwardHopper"/>
    <rdf:type rdf:resource="http://www.w3.org/2002/07/owl#Thing"/>
    <rdf:type rdf:resource="http://schema.org/CreativeWork"/>
    <rdf:type rdf:resource="http://dbpedia.org/class/yago/Creation103129123"/>
    <rdf:type rdf:resource="http://dbpedia.org/class/yago/PhysicalEntity100001930"/>
    <rdf:type rdf:resource="http://dbpedia.org/ontology/Work"/>
    <rdf:type rdf:resource="http://dbpedia.org/class/yago/Whole100003553"/>
    <rdf:type rdf:resource="http://dbpedia.org/class/yago/ModernPaintings"/>
    <rdf:type rdf:resource="http://dbpedia.org/class/yago/Artifact100021939"/>
    <rdf:type rdf:resource="http://dbpedia.org/class/yago/Painting103876519"/>
    <rdf:type rdf:resource="http://dbpedia.org/ontology/Artwork"/>
    <owl:sameAs rdf:resource="http://www.wikidata.org/entity/Q4808020"/>
    <owl:sameAs rdf:resource="http://yago-knowledge.org/resource/Automat_(painting)"/>
    <owl:sameAs rdf:resource="http://rdf.freebase.com/ns/m.0281tz9"/>
    <owl:sameAs rdf:resource="http://tr.dbpedia.org/resource/Otomat_(tablo)"/>
    <owl:sameAs rdf:resource="http://dbpedia.org/resource/Automat_(painting)"/>
    <owl:sameAs rdf:resource="http://ja.dbpedia.org/resource/オートマット_(美術)"/>
    <owl:sameAs rdf:resource="http://pt.dbpedia.org/resource/Automat_(pintura)"/>
    <dcterms:subject rdf:resource="http://dbpedia.org/resource/Category:1927_paintings"/>
    <dcterms:subject rdf:resource="http://dbpedia.org/resource/Category:Paintings_by_Edward_Hopper"/>
    <dbpedia-owl:abstract xml:lang="en">Automat is a painting by the American realist painter Edward Hopper. The painting was first displayed on Valentine’s Day 1927 at the opening of Hopper’s second solo show, at the Rehn Galleries in New York. By April it had been sold for $1,200. The painting is today owned by the Des Moines Art Center in Iowa.</dbpedia-owl:abstract>
    <dbpedia-owl:abstract xml:lang="pt">Automat é uma pintura de Edward Hopper que retrata uma mulher sozinha olhando para uma xícara de café em uma lanchonete à noite. O reflexo das idênticas linhas de luminárias se alonga através da janela enegrecida pela noite.</dbpedia-owl:abstract>
    <dbpedia-owl:author rdf:resource="http://dbpedia.org/resource/Edward_Hopper"/>
    <dbpedia-owl:museum rdf:resource="http://dbpedia.org/resource/Des_Moines_Art_Center"/>
    <dbpedia-owl:wikiPageID rdf:datatype="http://www.w3.org/2001/XMLSchema#integer">9255018</dbpedia-owl:wikiPageID>
    <dbpedia-owl:wikiPageRevisionID rdf:datatype="http://www.w3.org/2001/XMLSchema#integer">544672509</dbpedia-owl:wikiPageRevisionID>
    <rdfs:label xml:lang="pt">Automat (pintura)</rdfs:label>
    <rdfs:label xml:lang="en">Automat (painting)</rdfs:label>
    <foaf:depiction rdf:resource="http://upload.wikimedia.org/wikipedia/commons/6/6f/HopperAutomat.jpg"/>
    <rdfs:comment xml:lang="en">Automat is a painting by the American realist painter Edward Hopper. The painting was first displayed on Valentine’s Day 1927 at the opening of Hopper’s second solo show, at the Rehn Galleries in New York. By April it had been sold for $1,200. The painting is today owned by the Des Moines Art Center in Iowa.</rdfs:comment>
    <rdfs:comment xml:lang="pt">Automat é uma pintura de Edward Hopper que retrata uma mulher sozinha olhando para uma xícara de café em uma lanchonete à noite. O reflexo das idênticas linhas de luminárias se alonga através da janela enegrecida pela noite.</rdfs:comment>
    <foaf:name xml:lang="en">Automat</foaf:name>
    <dbpedia-owl:thumbnail rdf:resource="http://upload.wikimedia.org/wikipedia/commons/thumb/6/6f/HopperAutomat.jpg/200px-HopperAutomat.jpg"/>
    <dbpedia-owl:wikiPageExternalLink rdf:resource="http://artsandletters.files.wordpress.com/2009/01/hopper-compartment-c-car-293-image-geoffrey-clements-corbis.jpg"/>
    <dbpedia-owl:wikiPageExternalLink rdf:resource="http://www.sai.msu.su/cjackson/hopper/hopper12.jpg"/>
    <dbpedia-owl:wikiPageExternalLink rdf:resource="http://www.artsfairies.com/Edward_Hopper/Hopper_Edward_The_Barber_Shop.jpg"/>
    <dbpedia-owl:wikiPageExternalLink rdf:resource="http://ayiajavon.com/imd100/g2.jpg"/>
    <dbpedia-owl:wikiPageExternalLink rdf:resource="http://www.museumsyndicate.com/images/1/9792.jpg"/>
    <dbpedia-owl:wikiPageExternalLink rdf:resource="http://www.artsfairies.com/Edward_Hopper/Hopper_Edward_Conference_At_Night.jpg"/>
    <dbpprop:artist rdf:resource="http://dbpedia.org/resource/Edward_Hopper"/>
    <dbpprop:city xml:lang="en">Des Moines</dbpprop:city>
    <dbpprop:height rdf:datatype="http://www.w3.org/2001/XMLSchema#double">71.4</dbpprop:height>
    <dbpprop:heightInch rdf:datatype="http://www.w3.org/2001/XMLSchema#integer">28</dbpprop:heightInch>
    <dbpprop:imageFile xml:lang="en">HopperAutomat.jpg</dbpprop:imageFile>
    <dbpprop:museum xml:lang="en">Des Moines Art Center</dbpprop:museum>
    <dbpprop:title xml:lang="en">Automat</dbpprop:title>
    <dbpprop:type rdf:resource="http://dbpedia.org/resource/Oil_painting"/>
    <dbpprop:width rdf:datatype="http://www.w3.org/2001/XMLSchema#double">91.4</dbpprop:width>
    <dbpprop:widthInch rdf:datatype="http://www.w3.org/2001/XMLSchema#integer">36</dbpprop:widthInch>
    <dbpprop:year rdf:datatype="http://www.w3.org/2001/XMLSchema#integer">1927</dbpprop:year>
    <foaf:isPrimaryTopicOf rdf:resource="http://en.wikipedia.org/wiki/Automat_(painting)"/>
    <ns7:wasDerivedFrom rdf:resource="http://en.wikipedia.org/wiki/Automat_(painting)?oldid=544672509"/>
    <dbpprop:hasPhotoCollection rdf:resource="http://wifo5-03.informatik.uni-mannheim.de/flickrwrappr/photos/Automat_(painting)"/>
  </rdf:Description>
  <rdf:Description rdf:about="http://en.wikipedia.org/wiki/Automat_(painting)">
    <foaf:primaryTopic rdf:resource="http://dbpedia.org/resource/Automat_(painting)"/>
  </rdf:Description>
  <rdf:Description rdf:about="http://pt.dbpedia.org/resource/Automat_(pintura)">
    <owl:sameAs rdf:resource="http://dbpedia.org/resource/Automat_(painting)"/>
  </rdf:Description>
  <rdf:Description rdf:about="http://dbpedia.org/resource/Automat_(disambiguation)">
    <dbpedia-owl:wikiPageDisambiguates rdf:resource="http://dbpedia.org/resource/Automat_(painting)"/>
  </rdf:Description>
  <rdf:Description rdf:about="http://ja.dbpedia.org/resource/オートマット_(美術)">
    <owl:sameAs rdf:resource="http://dbpedia.org/resource/Automat_(painting)"/>
  </rdf:Description>
  <rdf:Description rdf:about="http://wikidata.dbpedia.org/resource/Q4808020">
    <owl:sameAs rdf:resource="http://dbpedia.org/resource/Automat_(painting)"/>
  </rdf:Description>
  <rdf:Description rdf:about="http://tr.dbpedia.org/resource/Otomat_(tablo)">
    <owl:sameAs rdf:resource="http://dbpedia.org/resource/Automat_(painting)"/>
  </rdf:Description>
</rdf:RDF>
