<rdf:RDF xmlns:ns7="http://www.w3.org/ns/prov#" xmlns:dbpprop="http://dbpedia.org/property/" xmlns:foaf="http://xmlns.com/foaf/0.1/" xmlns:dbpedia-owl="http://dbpedia.org/ontology/" xmlns:dcterms="http://purl.org/dc/terms/" xmlns:owl="http://www.w3.org/2002/07/owl#" xmlns:rdfs="http://www.w3.org/2000/01/rdf-schema#" xmlns:rdf="http://www.w3.org/1999/02/22-rdf-syntax-ns#">
  <rdf:Description rdf:about="http://dbpedia.org/resource/Autumn_Leaves_(painting)">
    <rdf:type rdf:resource="http://dbpedia.org/class/yago/Object100002684"/>
    <rdf:type rdf:resource="http://dbpedia.org/class/yago/GraphicArt103453809"/>
    <rdf:type rdf:resource="http://dbpedia.org/ontology/Artwork"/>
    <rdf:type rdf:resource="http://dbpedia.org/class/yago/Art102743547"/>
    <rdf:type rdf:resource="http://dbpedia.org/class/yago/1856Paintings"/>
    <rdf:type rdf:resource="http://dbpedia.org/class/yago/PaintingsByJohnEverettMillais"/>
    <rdf:type rdf:resource="http://dbpedia.org/class/yago/PhysicalEntity100001930"/>
    <rdf:type rdf:resource="http://dbpedia.org/class/yago/Pre-RaphaelitePaintings"/>
    <rdf:type rdf:resource="http://dbpedia.org/class/yago/Creation103129123"/>
    <rdf:type rdf:resource="http://www.w3.org/2002/07/owl#Thing"/>
    <rdf:type rdf:resource="http://dbpedia.org/ontology/Work"/>
    <rdf:type rdf:resource="http://dbpedia.org/class/yago/Artifact100021939"/>
    <rdf:type rdf:resource="http://schema.org/CreativeWork"/>
    <rdf:type rdf:resource="http://dbpedia.org/class/yago/Painting103876519"/>
    <rdf:type rdf:resource="http://dbpedia.org/class/yago/Whole100003553"/>
    <owl:sameAs rdf:resource="http://th.dbpedia.org/resource/ใบไม้ร่วง_(มิเล)"/>
    <owl:sameAs rdf:resource="http://dbpedia.org/resource/Autumn_Leaves_(painting)"/>
    <owl:sameAs rdf:resource="http://ru.dbpedia.org/resource/Осенние_листья"/>
    <owl:sameAs rdf:resource="http://www.wikidata.org/entity/Q4148585"/>
    <owl:sameAs rdf:resource="http://yago-knowledge.org/resource/Autumn_Leaves_(painting)"/>
    <owl:sameAs rdf:resource="http://rdf.freebase.com/ns/m.02q8h_x"/>
    <owl:sameAs rdf:resource="http://nl.dbpedia.org/resource/Herfstbladeren_(Millais)"/>
    <dcterms:subject rdf:resource="http://dbpedia.org/resource/Category:Paintings_by_John_Everett_Millais"/>
    <dcterms:subject rdf:resource="http://dbpedia.org/resource/Category:1856_paintings"/>
    <dbpedia-owl:abstract xml:lang="ru">«Осенние листья» — одна из наиболее известных картин английского художника-прерафаэлита Джона Эверетта Милле, созданная в 1856 году и в том же году выставленная в Королевской Академии художеств.</dbpedia-owl:abstract>
    <dbpedia-owl:abstract xml:lang="en">Autumn Leaves (1856) is a painting by John Everett Millais exhibited at the Royal Academy in 1856. It was described by the critic John Ruskin as "the first instance of a perfectly painted twilight. " Millais's wife Effie wrote that he had intended to create a picture that was "full of beauty and without a subject". The picture depicts four girls in the twilight collecting and raking together fallen leaves in a garden. They are making a bonfire, but the fire itself is invisible, only smoke emerging from between the leaves. The two girls on the left, modelled on Millias' sisters-in-law Alice and Sophy Gray, are portrayed in middle class clothing of the era; the two on the right are in rougher, working class clothing. The painting has been seen as one of the earliest influences on the development of the aesthetic movement.</dbpedia-owl:abstract>
    <dbpedia-owl:abstract xml:lang="nl">Herfstbladeren is de titel van een schilderij van de prerafaëlitische Engelse kunstschilder John Everett Millais uit 1856. Het toont vier meisjes tussen de herfstbladeren en symboliseert daarmee de vergankelijkheid. Het schilderij bevindt zich thans in het Manchester Art Gallery te Manchester.</dbpedia-owl:abstract>
    <dbpedia-owl:author rdf:resource="http://dbpedia.org/resource/John_Everett_Millais"/>
    <dbpedia-owl:museum rdf:resource="http://dbpedia.org/resource/Manchester_Art_Gallery"/>
    <dbpedia-owl:wikiPageID rdf:datatype="http://www.w3.org/2001/XMLSchema#integer">10324444</dbpedia-owl:wikiPageID>
    <dbpedia-owl:wikiPageRevisionID rdf:datatype="http://www.w3.org/2001/XMLSchema#integer">544746556</dbpedia-owl:wikiPageRevisionID>
    <rdfs:label xml:lang="nl">Herfstbladeren (Millais)</rdfs:label>
    <rdfs:label xml:lang="ru">Осенние листья</rdfs:label>
    <rdfs:label xml:lang="en">Autumn Leaves (painting)</rdfs:label>
    <foaf:depiction rdf:resource="http://upload.wikimedia.org/wikipedia/commons/5/5c/Millais_leaves.jpg"/>
    <rdfs:comment xml:lang="en">Autumn Leaves (1856) is a painting by John Everett Millais exhibited at the Royal Academy in 1856. It was described by the critic John Ruskin as "the first instance of a perfectly painted twilight. " Millais's wife Effie wrote that he had intended to create a picture that was "full of beauty and without a subject". The picture depicts four girls in the twilight collecting and raking together fallen leaves in a garden.</rdfs:comment>
    <rdfs:comment xml:lang="nl">Herfstbladeren is de titel van een schilderij van de prerafaëlitische Engelse kunstschilder John Everett Millais uit 1856. Het toont vier meisjes tussen de herfstbladeren en symboliseert daarmee de vergankelijkheid. Het schilderij bevindt zich thans in het Manchester Art Gallery te Manchester.</rdfs:comment>
    <rdfs:comment xml:lang="ru">«Осенние листья» — одна из наиболее известных картин английского художника-прерафаэлита Джона Эверетта Милле, созданная в 1856 году и в том же году выставленная в Королевской Академии художеств.</rdfs:comment>
    <foaf:name xml:lang="en">Autumn Leaves</foaf:name>
    <dbpedia-owl:thumbnail rdf:resource="http://upload.wikimedia.org/wikipedia/commons/thumb/5/5c/Millais_leaves.jpg/200px-Millais_leaves.jpg"/>
    <dbpprop:artist rdf:resource="http://dbpedia.org/resource/John_Everett_Millais"/>
    <dbpprop:backcolor xml:lang="en">#FBF5DF</dbpprop:backcolor>
    <dbpprop:city rdf:resource="http://dbpedia.org/resource/Manchester"/>
    <dbpprop:imageFile xml:lang="en">Millais leaves.jpg</dbpprop:imageFile>
    <dbpprop:imageSize rdf:datatype="http://www.w3.org/2001/XMLSchema#integer">250</dbpprop:imageSize>
    <dbpprop:museum rdf:resource="http://dbpedia.org/resource/Manchester_Art_Gallery"/>
    <dbpprop:paintingAlignment xml:lang="en">right</dbpprop:paintingAlignment>
    <dbpprop:title xml:lang="en">Autumn Leaves</dbpprop:title>
    <dbpprop:type rdf:resource="http://dbpedia.org/resource/Oil_painting"/>
    <dbpprop:year rdf:datatype="http://www.w3.org/2001/XMLSchema#integer">1856</dbpprop:year>
    <foaf:isPrimaryTopicOf rdf:resource="http://en.wikipedia.org/wiki/Autumn_Leaves_(painting)"/>
    <ns7:wasDerivedFrom rdf:resource="http://en.wikipedia.org/wiki/Autumn_Leaves_(painting)?oldid=544746556"/>
    <dbpprop:hasPhotoCollection rdf:resource="http://wifo5-03.informatik.uni-mannheim.de/flickrwrappr/photos/Autumn_Leaves_(painting)"/>
  </rdf:Description>
  <rdf:Description rdf:about="http://ru.dbpedia.org/resource/Осенние_листья">
    <owl:sameAs rdf:resource="http://dbpedia.org/resource/Autumn_Leaves_(painting)"/>
  </rdf:Description>
  <rdf:Description rdf:about="http://dbpedia.org/resource/Autumn_Leaves">
    <dbpedia-owl:wikiPageDisambiguates rdf:resource="http://dbpedia.org/resource/Autumn_Leaves_(painting)"/>
  </rdf:Description>
  <rdf:Description rdf:about="http://en.wikipedia.org/wiki/Autumn_Leaves_(painting)">
    <foaf:primaryTopic rdf:resource="http://dbpedia.org/resource/Autumn_Leaves_(painting)"/>
  </rdf:Description>
  <rdf:Description rdf:about="http://nl.dbpedia.org/resource/Herfstbladeren_(Millais)">
    <owl:sameAs rdf:resource="http://dbpedia.org/resource/Autumn_Leaves_(painting)"/>
  </rdf:Description>
  <rdf:Description rdf:about="http://wikidata.dbpedia.org/resource/Q4148585">
    <owl:sameAs rdf:resource="http://dbpedia.org/resource/Autumn_Leaves_(painting)"/>
  </rdf:Description>
  <rdf:Description rdf:about="http://th.dbpedia.org/resource/ใบไม้ร่วง_(มิเล)">
    <owl:sameAs rdf:resource="http://dbpedia.org/resource/Autumn_Leaves_(painting)"/>
  </rdf:Description>
</rdf:RDF>
