<rdf:RDF xmlns:dbpprop="http://dbpedia.org/property/" xmlns:ns6="http://www.w3.org/ns/prov#" xmlns:foaf="http://xmlns.com/foaf/0.1/" xmlns:dbpedia-owl="http://dbpedia.org/ontology/" xmlns:dcterms="http://purl.org/dc/terms/" xmlns:owl="http://www.w3.org/2002/07/owl#" xmlns:rdfs="http://www.w3.org/2000/01/rdf-schema#" xmlns:rdf="http://www.w3.org/1999/02/22-rdf-syntax-ns#">
  <rdf:Description rdf:about="http://dbpedia.org/resource/Avenue_of_Poplars_at_Sunset">
    <rdf:type rdf:resource="http://dbpedia.org/class/yago/PhysicalEntity100001930"/>
    <rdf:type rdf:resource="http://dbpedia.org/class/yago/PaintingsByVincentVanGogh"/>
    <rdf:type rdf:resource="http://dbpedia.org/class/yago/Creation103129123"/>
    <rdf:type rdf:resource="http://dbpedia.org/class/yago/VincentVanGoghPaintingsOfHolland"/>
    <rdf:type rdf:resource="http://dbpedia.org/class/yago/Object100002684"/>
    <rdf:type rdf:resource="http://dbpedia.org/class/yago/Art102743547"/>
    <rdf:type rdf:resource="http://dbpedia.org/class/yago/GraphicArt103453809"/>
    <rdf:type rdf:resource="http://dbpedia.org/class/yago/Painting103876519"/>
    <rdf:type rdf:resource="http://dbpedia.org/class/yago/1884Paintings"/>
    <rdf:type rdf:resource="http://dbpedia.org/class/yago/Artifact100021939"/>
    <rdf:type rdf:resource="http://dbpedia.org/class/yago/Whole100003553"/>
    <owl:sameAs rdf:resource="http://rdf.freebase.com/ns/m.0gtwdzg"/>
    <owl:sameAs rdf:resource="http://dbpedia.org/resource/Avenue_of_Poplars_at_Sunset"/>
    <owl:sameAs rdf:resource="http://www.wikidata.org/entity/Q4828221"/>
    <owl:sameAs rdf:resource="http://yago-knowledge.org/resource/Avenue_of_Poplars_at_Sunset"/>
    <dcterms:subject rdf:resource="http://dbpedia.org/resource/Category:Paintings_by_Vincent_van_Gogh"/>
    <dcterms:subject rdf:resource="http://dbpedia.org/resource/Category:Vincent_van_Gogh_paintings_of_Holland"/>
    <dcterms:subject rdf:resource="http://dbpedia.org/resource/Category:1884_paintings"/>
    <dbpedia-owl:abstract xml:lang="en">Avenue of Poplars at Sunset is an oil painting created in 1884 by Vincent van Gogh.</dbpedia-owl:abstract>
    <dbpedia-owl:wikiPageID rdf:datatype="http://www.w3.org/2001/XMLSchema#integer">31757170</dbpedia-owl:wikiPageID>
    <dbpedia-owl:wikiPageRevisionID rdf:datatype="http://www.w3.org/2001/XMLSchema#integer">515221585</dbpedia-owl:wikiPageRevisionID>
    <rdfs:label xml:lang="en">Avenue of Poplars at Sunset</rdfs:label>
    <foaf:depiction rdf:resource="http://upload.wikimedia.org/wikipedia/commons/4/4b/Van_Gogh_-Pappelallee_bei_Sonnenuntergang.jpeg"/>
    <rdfs:comment xml:lang="en">Avenue of Poplars at Sunset is an oil painting created in 1884 by Vincent van Gogh.</rdfs:comment>
    <dbpedia-owl:thumbnail rdf:resource="http://upload.wikimedia.org/wikipedia/commons/thumb/4/4b/Van_Gogh_-Pappelallee_bei_Sonnenuntergang.jpeg/200px-Van_Gogh_-Pappelallee_bei_Sonnenuntergang.jpeg"/>
    <foaf:isPrimaryTopicOf rdf:resource="http://en.wikipedia.org/wiki/Avenue_of_Poplars_at_Sunset"/>
    <ns6:wasDerivedFrom rdf:resource="http://en.wikipedia.org/wiki/Avenue_of_Poplars_at_Sunset?oldid=515221585"/>
    <dbpprop:hasPhotoCollection rdf:resource="http://wifo5-03.informatik.uni-mannheim.de/flickrwrappr/photos/Avenue_of_Poplars_at_Sunset"/>
  </rdf:Description>
  <rdf:Description rdf:about="http://en.wikipedia.org/wiki/Avenue_of_Poplars_at_Sunset">
    <foaf:primaryTopic rdf:resource="http://dbpedia.org/resource/Avenue_of_Poplars_at_Sunset"/>
  </rdf:Description>
  <rdf:Description rdf:about="http://wikidata.dbpedia.org/resource/Q4828221">
    <owl:sameAs rdf:resource="http://dbpedia.org/resource/Avenue_of_Poplars_at_Sunset"/>
  </rdf:Description>
</rdf:RDF>
