<rdf:RDF xmlns:ns7="http://www.w3.org/ns/prov#" xmlns:dbpprop="http://dbpedia.org/property/" xmlns:foaf="http://xmlns.com/foaf/0.1/" xmlns:dbpedia-owl="http://dbpedia.org/ontology/" xmlns:dcterms="http://purl.org/dc/terms/" xmlns:owl="http://www.w3.org/2002/07/owl#" xmlns:rdfs="http://www.w3.org/2000/01/rdf-schema#" xmlns:rdf="http://www.w3.org/1999/02/22-rdf-syntax-ns#">
  <rdf:Description rdf:about="http://dbpedia.org/resource/Bacchus_(painting)">
    <dbpedia-owl:wikiPageRedirects rdf:resource="http://dbpedia.org/resource/Bacchus_(Leonardo)"/>
  </rdf:Description>
  <rdf:Description rdf:about="http://dbpedia.org/resource/Bacchus_(Leonardo)">
    <rdf:type rdf:resource="http://dbpedia.org/ontology/Artwork"/>
    <rdf:type rdf:resource="http://dbpedia.org/class/yago/Object100002684"/>
    <rdf:type rdf:resource="http://dbpedia.org/class/yago/Creation103129123"/>
    <rdf:type rdf:resource="http://dbpedia.org/class/yago/PhysicalEntity100001930"/>
    <rdf:type rdf:resource="http://dbpedia.org/class/yago/PaintingsOfTheLouvre"/>
    <rdf:type rdf:resource="http://www.w3.org/2002/07/owl#Thing"/>
    <rdf:type rdf:resource="http://dbpedia.org/class/yago/1515Paintings"/>
    <rdf:type rdf:resource="http://schema.org/CreativeWork"/>
    <rdf:type rdf:resource="http://dbpedia.org/ontology/Work"/>
    <rdf:type rdf:resource="http://dbpedia.org/class/yago/Whole100003553"/>
    <rdf:type rdf:resource="http://dbpedia.org/class/yago/GraphicArt103453809"/>
    <rdf:type rdf:resource="http://dbpedia.org/class/yago/PaintingsByLeonardoDaVinci"/>
    <rdf:type rdf:resource="http://dbpedia.org/class/yago/Art102743547"/>
    <rdf:type rdf:resource="http://dbpedia.org/class/yago/Painting103876519"/>
    <rdf:type rdf:resource="http://dbpedia.org/class/yago/Artifact100021939"/>
    <owl:sameAs rdf:resource="http://br.dbpedia.org/resource/Bacco_(Leonardo)"/>
    <owl:sameAs rdf:resource="http://fr.dbpedia.org/resource/Bacchus_(Léonard_de_Vinci)"/>
    <owl:sameAs rdf:resource="http://dbpedia.org/resource/Bacchus_(Leonardo)"/>
    <owl:sameAs rdf:resource="http://ro.dbpedia.org/resource/Bacchus_(pictură_de_Leonardo_da_Vinci)"/>
    <owl:sameAs rdf:resource="http://yago-knowledge.org/resource/Bacchus_(Leonardo)"/>
    <owl:sameAs rdf:resource="http://it.dbpedia.org/resource/Bacco_(Leonardo)"/>
    <owl:sameAs rdf:resource="http://sr.dbpedia.org/resource/Бахус_(слика_Леонарда_да_Винчија)"/>
    <owl:sameAs rdf:resource="http://pl.dbpedia.org/resource/Bachus_(obraz_szkoły_Leonarda_da_Vinci)"/>
    <owl:sameAs rdf:resource="http://ca.dbpedia.org/resource/Bacus_(Leonardo_da_Vinci)"/>
    <owl:sameAs rdf:resource="http://rdf.freebase.com/ns/m.07_jvg"/>
    <owl:sameAs rdf:resource="http://de.dbpedia.org/resource/Bacchus_(Leonardo_da_Vinci)"/>
    <owl:sameAs rdf:resource="http://www.wikidata.org/entity/Q798034"/>
    <owl:sameAs rdf:resource="http://es.dbpedia.org/resource/Baco_(Leonardo)"/>
    <dcterms:subject rdf:resource="http://dbpedia.org/resource/Category:Dionysus_in_art"/>
    <dcterms:subject rdf:resource="http://dbpedia.org/resource/Category:Works_attributed_to_Leonardo_da_Vinci"/>
    <dcterms:subject rdf:resource="http://dbpedia.org/resource/Category:1515_paintings"/>
    <dcterms:subject rdf:resource="http://dbpedia.org/resource/Category:Paintings_of_the_Louvre"/>
    <dbpedia-owl:abstract xml:lang="es">Baco es un cuadro atribuido a menudo al pintor renacentista italiano Leonardo da Vinci. Está pintado al óleo sobre tabla transferido a lienzo y mide 177 cm. de alto y 115 cm. de ancho y data del periodo 1510-1515. Se conserva en el Museo del Louvre de París. Algunos autores han afirmado que la pintura pudo ser obra de Cesare da Sesto, Cesare Bernazzano, Francesco Melzi o un "pintor lombardo". El fondo no parece típico de la obra de Leonardo y por ello da lugar a especulaciones sobre su autoría. Actualmente se considera que es un cuadro heredado por Salai, documentado en 1625 en Fontainebleau y en 1695 en las colecciones reales francesas.</dbpedia-owl:abstract>
    <dbpedia-owl:abstract xml:lang="en">Bacchus, formerly Saint John the Baptist, is a painting in the Musée du Louvre, Paris, France, based on a drawing by the Italian Renaissance artist Leonardo da Vinci. It is presumed to have been executed by an unknown follower, perhaps in Leonardo's workshop. Sydney J. Freedberg assigns the drawing to Leonardo's second Milan period. Among the Lombard painters who have been suggested as possible authors are Cesare da Sesto, Marco d'Oggiono, Francesco Melzi, and Cesare Bernazzano. The painting shows a male figure with garlanded head and leopard skin, seated in an idyllic landscape. He points with his right hand off to his left, and with his left hand grasps his thyrsus and also points down to earth. The painting originally depicted John the Baptist. In the late 17th century, between the years 1683 and 1693, it was overpainted and altered, to serve as Bacchus. Cassiano dal Pozzo remarked of the painting in its former state, which he saw at Fontainebleau in 1625, that it had neither devotion, decorum nor similitude, the suavely beautiful, youthful and slightly androgynous Giovannino was so at variance with artistic conventions in portraying the Baptist— neither the older ascetic prophet nor the Florentine baby Giovannino, but a type of Leonardo's invention, of a disconcerting, somewhat ambiguous sensuality, familiar in Leonardo's half-length and upward-pointing Saint John the Baptist, also in the Louvre. The overpainting transformed the image of St. John into one of a pagan deity, by converting the long-handled cross-like staff of the Baptist to a Bacchic thyrsus and adding a vine wreath. The fur robe is the legacy of John the Baptist, but has been overpainted with leopard-spots relating, like the wreath, to Bacchus, the Roman god of wine and intoxication.</dbpedia-owl:abstract>
    <dbpedia-owl:abstract xml:lang="fr">Bacchus, est un tableau attribué à Léonard de Vinci ou son atelier. Actuellement conservé au Musée du Louvre de Paris, ce tableau aurait été peint entre 1510 et 1515 mais il semblerait qu'il ait en fait été réalisé par un disciple inconnu de Léonard de Vinci probablement issu de son atelier. Parmi les peintres Lombards auxquels a pu être attribuée cette œuvre, on peut citer Cesare da Sesto, Marco d'Oggiono, Francesco Melzi ou Cesare Bernazzano. Le tableau représente un homme avec des cheveux en guirlande et une peau de léopard, assis dans un paysage idyllique. Il pointe de sa main droite une thyrse qu'il tient dans sa main gauche. Il est très probable que le peintre italien Salai ait servi de modèle. La peinture représentait à l'origine Jean le Baptiste. À la fin du XVII siècle, entre 1683 et 1693, elle fut repeinte et modifiée pour représenter Bacchus.</dbpedia-owl:abstract>
    <dbpedia-owl:abstract xml:lang="it">Il Bacco su un precedente san Giovanni Battista è un dipinto a olio su tavola trasportata su tela (177 × 115 cm) attribuito a Leonardo da Vinci e bottega, databile al 1510-1515 e conservato nel Museo del Louvre a Parigi.</dbpedia-owl:abstract>
    <dbpedia-owl:abstract xml:lang="de">Bacchus ist ein Gemälde des italienischen Renaissancekünstlers Leonardo da Vinci (1452−1519). Es wird um 1510 bis 1515 datiert und befindet sich im Bestand des Louvre in Paris.</dbpedia-owl:abstract>
    <dbpedia-owl:abstract xml:lang="pl">Bachus - obraz namalowany w latach 1510-1515 przez włoską, renesansową, szkołę Leonarda da Vinci.</dbpedia-owl:abstract>
    <dbpedia-owl:author rdf:resource="http://dbpedia.org/resource/Leonardo_da_Vinci"/>
    <dbpedia-owl:museum rdf:resource="http://dbpedia.org/resource/The_Louvre"/>
    <dbpedia-owl:wikiPageID rdf:datatype="http://www.w3.org/2001/XMLSchema#integer">2730547</dbpedia-owl:wikiPageID>
    <dbpedia-owl:wikiPageRevisionID rdf:datatype="http://www.w3.org/2001/XMLSchema#integer">547609189</dbpedia-owl:wikiPageRevisionID>
    <rdfs:label xml:lang="fr">Bacchus (Léonard de Vinci)</rdfs:label>
    <rdfs:label xml:lang="de">Bacchus (Leonardo da Vinci)</rdfs:label>
    <rdfs:label xml:lang="en">Bacchus (Leonardo)</rdfs:label>
    <rdfs:label xml:lang="it">Bacco (Leonardo)</rdfs:label>
    <rdfs:label xml:lang="pl">Bachus (obraz szkoły Leonarda da Vinci)</rdfs:label>
    <rdfs:label xml:lang="es">Baco (Leonardo)</rdfs:label>
    <foaf:depiction rdf:resource="http://upload.wikimedia.org/wikipedia/commons/c/c6/Bacchus_(painting).jpg"/>
    <rdfs:comment xml:lang="de">Bacchus ist ein Gemälde des italienischen Renaissancekünstlers Leonardo da Vinci (1452−1519). Es wird um 1510 bis 1515 datiert und befindet sich im Bestand des Louvre in Paris.</rdfs:comment>
    <rdfs:comment xml:lang="en">Bacchus, formerly Saint John the Baptist, is a painting in the Musée du Louvre, Paris, France, based on a drawing by the Italian Renaissance artist Leonardo da Vinci. It is presumed to have been executed by an unknown follower, perhaps in Leonardo's workshop. Sydney J. Freedberg assigns the drawing to Leonardo's second Milan period. Among the Lombard painters who have been suggested as possible authors are Cesare da Sesto, Marco d'Oggiono, Francesco Melzi, and Cesare Bernazzano.</rdfs:comment>
    <rdfs:comment xml:lang="es">Baco es un cuadro atribuido a menudo al pintor renacentista italiano Leonardo da Vinci. Está pintado al óleo sobre tabla transferido a lienzo y mide 177 cm. de alto y 115 cm. de ancho y data del periodo 1510-1515. Se conserva en el Museo del Louvre de París. Algunos autores han afirmado que la pintura pudo ser obra de Cesare da Sesto, Cesare Bernazzano, Francesco Melzi o un "pintor lombardo". El fondo no parece típico de la obra de Leonardo y por ello da lugar a especulaciones sobre su autoría.</rdfs:comment>
    <rdfs:comment xml:lang="it">Il Bacco su un precedente san Giovanni Battista è un dipinto a olio su tavola trasportata su tela (177 × 115 cm) attribuito a Leonardo da Vinci e bottega, databile al 1510-1515 e conservato nel Museo del Louvre a Parigi.</rdfs:comment>
    <rdfs:comment xml:lang="pl">Bachus - obraz namalowany w latach 1510-1515 przez włoską, renesansową, szkołę Leonarda da Vinci.</rdfs:comment>
    <rdfs:comment xml:lang="fr">Bacchus, est un tableau attribué à Léonard de Vinci ou son atelier. Actuellement conservé au Musée du Louvre de Paris, ce tableau aurait été peint entre 1510 et 1515 mais il semblerait qu'il ait en fait été réalisé par un disciple inconnu de Léonard de Vinci probablement issu de son atelier. Parmi les peintres Lombards auxquels a pu être attribuée cette œuvre, on peut citer Cesare da Sesto, Marco d'Oggiono, Francesco Melzi ou Cesare Bernazzano.</rdfs:comment>
    <foaf:name xml:lang="en">Bacchus</foaf:name>
    <dbpedia-owl:thumbnail rdf:resource="http://upload.wikimedia.org/wikipedia/commons/thumb/c/c6/Bacchus_(painting).jpg/200px-Bacchus_(painting).jpg"/>
    <dbpprop:artist xml:lang="en">Workshop of Leonardo da Vinci</dbpprop:artist>
    <dbpprop:bgcolour xml:lang="en">#EEDD82</dbpprop:bgcolour>
    <dbpprop:city rdf:resource="http://dbpedia.org/resource/Paris"/>
    <dbpprop:height rdf:datatype="http://www.w3.org/2001/XMLSchema#integer">177</dbpprop:height>
    <dbpprop:imageFile xml:lang="en">Bacchus_.jpg</dbpprop:imageFile>
    <dbpprop:museum rdf:resource="http://dbpedia.org/resource/The_Louvre"/>
    <dbpprop:title xml:lang="en">Bacchus</dbpprop:title>
    <dbpprop:type rdf:resource="http://dbpedia.org/resource/Transfer_of_panel_paintings"/>
    <dbpprop:type rdf:resource="http://dbpedia.org/resource/Oil_painting"/>
    <dbpprop:width rdf:datatype="http://www.w3.org/2001/XMLSchema#integer">115</dbpprop:width>
    <dbpprop:year rdf:datatype="http://www.w3.org/2001/XMLSchema#integer">1510</dbpprop:year>
    <foaf:isPrimaryTopicOf rdf:resource="http://en.wikipedia.org/wiki/Bacchus_(Leonardo)"/>
    <ns7:wasDerivedFrom rdf:resource="http://en.wikipedia.org/wiki/Bacchus_(Leonardo)?oldid=547609189"/>
    <dbpprop:hasPhotoCollection rdf:resource="http://wifo5-03.informatik.uni-mannheim.de/flickrwrappr/photos/Bacchus_(Leonardo)"/>
  </rdf:Description>
  <rdf:Description rdf:about="http://it.dbpedia.org/resource/Bacco_(Leonardo)">
    <owl:sameAs rdf:resource="http://dbpedia.org/resource/Bacchus_(Leonardo)"/>
  </rdf:Description>
  <rdf:Description rdf:about="http://de.dbpedia.org/resource/Bacchus_(Leonardo_da_Vinci)">
    <owl:sameAs rdf:resource="http://dbpedia.org/resource/Bacchus_(Leonardo)"/>
  </rdf:Description>
  <rdf:Description rdf:about="http://fr.dbpedia.org/resource/Bacchus_(Léonard_de_Vinci)">
    <owl:sameAs rdf:resource="http://dbpedia.org/resource/Bacchus_(Leonardo)"/>
  </rdf:Description>
  <rdf:Description rdf:about="http://pl.dbpedia.org/resource/Bachus_(obraz_szkoły_Leonarda_da_Vinci)">
    <owl:sameAs rdf:resource="http://dbpedia.org/resource/Bacchus_(Leonardo)"/>
  </rdf:Description>
  <rdf:Description rdf:about="http://dbpedia.org/resource/Bacchus_In_The_Landscape">
    <dbpedia-owl:wikiPageRedirects rdf:resource="http://dbpedia.org/resource/Bacchus_(Leonardo)"/>
  </rdf:Description>
  <rdf:Description rdf:about="http://en.wikipedia.org/wiki/Bacchus_(Leonardo)">
    <foaf:primaryTopic rdf:resource="http://dbpedia.org/resource/Bacchus_(Leonardo)"/>
  </rdf:Description>
  <rdf:Description rdf:about="http://dbpedia.org/resource/Bacchus_(disambiguation)">
    <dbpedia-owl:wikiPageDisambiguates rdf:resource="http://dbpedia.org/resource/Bacchus_(Leonardo)"/>
  </rdf:Description>
  <rdf:Description rdf:about="http://es.dbpedia.org/resource/Baco_(Leonardo)">
    <owl:sameAs rdf:resource="http://dbpedia.org/resource/Bacchus_(Leonardo)"/>
  </rdf:Description>
  <rdf:Description rdf:about="http://wikidata.dbpedia.org/resource/Q798034">
    <owl:sameAs rdf:resource="http://dbpedia.org/resource/Bacchus_(Leonardo)"/>
  </rdf:Description>
  <rdf:Description rdf:about="http://br.dbpedia.org/resource/Bacco_(Leonardo)">
    <owl:sameAs rdf:resource="http://dbpedia.org/resource/Bacchus_(Leonardo)"/>
  </rdf:Description>
  <rdf:Description rdf:about="http://ca.dbpedia.org/resource/Bacus_(Leonardo_da_Vinci)">
    <owl:sameAs rdf:resource="http://dbpedia.org/resource/Bacchus_(Leonardo)"/>
  </rdf:Description>
  <rdf:Description rdf:about="http://ro.dbpedia.org/resource/Bacchus_(pictură_de_Leonardo_da_Vinci)">
    <owl:sameAs rdf:resource="http://dbpedia.org/resource/Bacchus_(Leonardo)"/>
  </rdf:Description>
  <rdf:Description rdf:about="http://sr.dbpedia.org/resource/Бахус_(слика_Леонарда_да_Винчија)">
    <owl:sameAs rdf:resource="http://dbpedia.org/resource/Bacchus_(Leonardo)"/>
  </rdf:Description>
</rdf:RDF>
