<rdf:RDF xmlns:ns7="http://www.w3.org/ns/prov#" xmlns:dbpprop="http://dbpedia.org/property/" xmlns:foaf="http://xmlns.com/foaf/0.1/" xmlns:dbpedia-owl="http://dbpedia.org/ontology/" xmlns:dcterms="http://purl.org/dc/terms/" xmlns:owl="http://www.w3.org/2002/07/owl#" xmlns:rdfs="http://www.w3.org/2000/01/rdf-schema#" xmlns:rdf="http://www.w3.org/1999/02/22-rdf-syntax-ns#">
  <rdf:Description rdf:about="http://it.dbpedia.org/resource/Bal_au_moulin_de_la_Galette">
    <owl:sameAs rdf:resource="http://dbpedia.org/resource/Bal_du_moulin_de_la_Galette"/>
  </rdf:Description>
  <rdf:Description rdf:about="http://es.dbpedia.org/resource/Baile_en_el_Moulin_de_la_Galette">
    <owl:sameAs rdf:resource="http://dbpedia.org/resource/Bal_du_moulin_de_la_Galette"/>
  </rdf:Description>
  <rdf:Description rdf:about="http://fr.dbpedia.org/resource/Bal_du_moulin_de_la_Galette">
    <owl:sameAs rdf:resource="http://dbpedia.org/resource/Bal_du_moulin_de_la_Galette"/>
  </rdf:Description>
  <rdf:Description rdf:about="http://pt.dbpedia.org/resource/O_baile_no_moulin_de_la_galette">
    <owl:sameAs rdf:resource="http://dbpedia.org/resource/Bal_du_moulin_de_la_Galette"/>
  </rdf:Description>
  <rdf:Description rdf:about="http://dbpedia.org/resource/Au_Moulin_de_la_Galette">
    <dbpedia-owl:wikiPageRedirects rdf:resource="http://dbpedia.org/resource/Bal_du_moulin_de_la_Galette"/>
  </rdf:Description>
  <rdf:Description rdf:about="http://dbpedia.org/resource/Bal_du_moulin_de_la_Galette">
    <rdf:type rdf:resource="http://dbpedia.org/class/yago/1876Paintings"/>
    <rdf:type rdf:resource="http://dbpedia.org/class/yago/PhysicalEntity100001930"/>
    <rdf:type rdf:resource="http://dbpedia.org/class/yago/Object100002684"/>
    <rdf:type rdf:resource="http://www.w3.org/2002/07/owl#Thing"/>
    <rdf:type rdf:resource="http://schema.org/CreativeWork"/>
    <rdf:type rdf:resource="http://dbpedia.org/class/yago/Artifact100021939"/>
    <rdf:type rdf:resource="http://dbpedia.org/ontology/Artwork"/>
    <rdf:type rdf:resource="http://dbpedia.org/class/yago/Art102743547"/>
    <rdf:type rdf:resource="http://dbpedia.org/class/yago/PaintingsByPierre-AugusteRenoir"/>
    <rdf:type rdf:resource="http://dbpedia.org/class/yago/ImpressionistPaintings"/>
    <rdf:type rdf:resource="http://dbpedia.org/class/yago/GraphicArt103453809"/>
    <rdf:type rdf:resource="http://dbpedia.org/ontology/Work"/>
    <rdf:type rdf:resource="http://dbpedia.org/class/yago/Whole100003553"/>
    <rdf:type rdf:resource="http://dbpedia.org/class/yago/Painting103876519"/>
    <rdf:type rdf:resource="http://dbpedia.org/class/yago/Creation103129123"/>
    <owl:sameAs rdf:resource="http://pl.dbpedia.org/resource/Bal_w_Moulin_de_la_Galette"/>
    <owl:sameAs rdf:resource="http://rdf.freebase.com/ns/m.05hyxb"/>
    <owl:sameAs rdf:resource="http://ja.dbpedia.org/resource/ムーラン・ド・ラ・ギャレット_(ルノワールの絵画)"/>
    <owl:sameAs rdf:resource="http://ar.dbpedia.org/resource/بال_أو_مولا_دو_لاغاليت"/>
    <owl:sameAs rdf:resource="http://fr.dbpedia.org/resource/Bal_du_moulin_de_la_Galette"/>
    <owl:sameAs rdf:resource="http://simple.dbpedia.org/resource/Bal_du_moulin_de_la_Galette"/>
    <owl:sameAs rdf:resource="http://hu.dbpedia.org/resource/Bál_a_Moulin_de_la_Galette-ben_(festmény)"/>
    <owl:sameAs rdf:resource="http://ca.dbpedia.org/resource/Ball_al_Moulin_de_la_Galette_(Renoir)"/>
    <owl:sameAs rdf:resource="http://it.dbpedia.org/resource/Bal_au_moulin_de_la_Galette"/>
    <owl:sameAs rdf:resource="http://th.dbpedia.org/resource/การเต้นรำที่มูแล็งเดอลากาแล็ต"/>
    <owl:sameAs rdf:resource="http://zh.dbpedia.org/resource/煎餅磨坊的舞會"/>
    <owl:sameAs rdf:resource="http://nl.dbpedia.org/resource/Bal_du_moulin_de_la_Galette"/>
    <owl:sameAs rdf:resource="http://eu.dbpedia.org/resource/Dantza_La_Galette_Errotan"/>
    <owl:sameAs rdf:resource="http://ru.dbpedia.org/resource/Бал_в_Мулен_де_ла_Галетт"/>
    <owl:sameAs rdf:resource="http://dbpedia.org/resource/Bal_du_moulin_de_la_Galette"/>
    <owl:sameAs rdf:resource="http://yago-knowledge.org/resource/Bal_du_moulin_de_la_Galette"/>
    <owl:sameAs rdf:resource="http://es.dbpedia.org/resource/Baile_en_el_Moulin_de_la_Galette"/>
    <owl:sameAs rdf:resource="http://de.dbpedia.org/resource/Bal_du_moulin_de_la_Galette"/>
    <owl:sameAs rdf:resource="http://www.wikidata.org/entity/Q683274"/>
    <owl:sameAs rdf:resource="http://fa.dbpedia.org/resource/رقص_در_مولن_دلا_گالت"/>
    <owl:sameAs rdf:resource="http://pt.dbpedia.org/resource/O_baile_no_moulin_de_la_galette"/>
    <owl:sameAs rdf:resource="http://hr.dbpedia.org/resource/Ples_kod_Moulin_de_la_Galette"/>
    <owl:sameAs rdf:resource="http://la.dbpedia.org/resource/Saltatio_ad_Moulin_de_la_Galette"/>
    <owl:sameAs rdf:resource="http://vi.dbpedia.org/resource/Bal_du_moulin_de_la_Galette"/>
    <owl:sameAs rdf:resource="http://he.dbpedia.org/resource/הנשף_במולן_דה_לה_גאלט"/>
    <dcterms:subject rdf:resource="http://dbpedia.org/resource/Category:Paintings_by_Pierre-Auguste_Renoir"/>
    <dcterms:subject rdf:resource="http://dbpedia.org/resource/Category:Collections_of_the_Mus%C3%A9e_d'Orsay"/>
    <dcterms:subject rdf:resource="http://dbpedia.org/resource/Category:1876_paintings"/>
    <dbpedia-owl:abstract xml:lang="es">Baile en el Moulin de la Galette es una de las obras más célebresdel pintor impresionista francés Pierre-Auguste Renoir, que se conserva en el Museo de Orsay en París, siendo uno de los cuadros más emblemáticos del museo.</dbpedia-owl:abstract>
    <dbpedia-owl:abstract xml:lang="fr">Bal du moulin de la Galette est une huile sur toile du peintre impressionniste français Auguste Renoir réalisée en 1876. Le tableau est aujourd'hui conservé au musée d'Orsay, à Paris. "Pendant toute la durée de l'exécution du moulin de la Galette, Renoir s'installa dans une vieille bicoque de la rue Cortot". La scène, éclairée par une lumière qui passe à travers les feuilles, se déroule au Moulin de la galette, sur la butte Montmartre, à Paris. Article détaillé : Moulin de la galette#Le Bal. La peinture est achetée en 1879 par Gustave Caillebotte, lui-même peintre et ami de Renoir, qui la lègue en 1894 à l'État.</dbpedia-owl:abstract>
    <dbpedia-owl:abstract xml:lang="pl">Bal w Moulin de la Galette (fr. Bal du moulin de la Galette) – obraz olejny o wymiarach 131 × 175 cm, autorstwa francuskiego malarza impresjonisty Auguste'a Renoira, namalowany w roku 1876. Jedna z trzech wersji obrazu została namalowana w 1876 r. Modelami byli, podobnie jak w innych dziełach, przyjaciele artysty. Bal du moulin de la Galette, mniejsza wersja dzieła, znajduje się obecnie w Musée d'Orsay. Większa zaś w John Hay Whitney Collection w Nowym Jorku. Obraz był wcześniej własnością Chocqueta. Większa wersja, zaprezentowana na trzeciej wystawie impresjonistów w 1877 roku, została przekazana Muzeum Luwru przez Gustave'a Caillebote'a w testamencie napisanym w listopadzie 1876. Podobnie stało się z innymi obrazami zmarłego w wieku dwudziestu siedmiu lat kolekcjonera. Modelami do postaci tancerzy byli przyjaciele autora, którzy pomagali mu przenosić płótno: Franc-Lamy, Goeneutte, Rivière, Gervex, Cordey, Lestringuez, Lhote. Ich partnerki Renoir wybierał spośród dziewcząt, które przychodziły co niedzielę tańczyć do starego Moulin. Bal w Moulin de la Galette powstał rzeczywiście w paryskim Moulin de la Galette.</dbpedia-owl:abstract>
    <dbpedia-owl:abstract xml:lang="nl">Bal du Moulin de la Galette is een impressionistisch schilderij dat in 1876 geschilderd werd door Pierre-Auguste Renoir. Er zijn twee versies van het schilderij: een groot schilderij van ongeveer twee meter breed dat in het Parijse Musée d'Orsay hangt en een kleiner werk dat op een onbekende locatie is. Het is niet bekend welke van de twee schilderijen het oudste is.</dbpedia-owl:abstract>
    <dbpedia-owl:abstract xml:lang="zh">煎餅磨坊的舞會（法文：Le Bal au Moulin de la Galette）是知名的法國前期印象派畫家皮耶-奧古斯特·雷諾瓦 在1876年的作品之一。目前收藏在法國巴黎的奧塞美術館內。</dbpedia-owl:abstract>
    <dbpedia-owl:abstract xml:lang="ja">『ムーラン・ド・ラ・ギャレット』（仏: Bal du moulin de la Galette）は、ルノワールが35歳のときに描いた絵画作品。1877年の第3回印象派展に出品された作品でもある。題名のムーラン・ド・ラ・ギャレットは、パリのモンマルトルにあるダンスホールの名。画中の人物たちは、彼の友人たちがモデルになっている。</dbpedia-owl:abstract>
    <dbpedia-owl:abstract xml:lang="en">Bal du moulin de la Galette (commonly known as Dance at Le moulin de la Galette) is an 1876 painting by French artist Pierre-Auguste Renoir. It is housed at the Musée d'Orsay in Paris and is one of Impressionism's most celebrated masterpieces. The painting depicts a typical Sunday afternoon at Moulin de la Galette in the district of Montmartre in Paris. In the late 19th century, working class Parisians would dress up and spend time there dancing, drinking, and eating galettes into the evening. Like other works of Renoir's early maturity, Bal du moulin de la Galette is a typically Impressionist snapshot of real life. It shows a richness of form, a fluidity of brush stroke, and a flickering light. From 1879 to 1894 the painting was in the collection of the French painter Gustave Caillebotte; when he died it became the property of the French Republic as payment for death duties. From 1896 to 1929 the painting hung in the Musée du Luxembourg in Paris. From 1929 it hung in the Musée du Louvre until it was transferred to the Musée d'Orsay in 1986.</dbpedia-owl:abstract>
    <dbpedia-owl:abstract xml:lang="de">Bal du moulin de la Galette ist ein Gemälde des französischen Malers Pierre-Auguste Renoir aus dem Jahre 1876. Es ist 131 × 175 cm groß und hängt im Musée d’Orsay. Das Bild zeigt eine Szene im Freien mit tanzenden und sich amüsierenden Menschen in Montmartre. Die Wiedergabe des Lichts macht die Szene (typisch für Renoir und den Impressionismus) lebendig und spontan. Es entstammt der Sammlung Gustave Caillebotte.</dbpedia-owl:abstract>
    <dbpedia-owl:abstract xml:lang="ru">«Бал в Мулен де ла Галетт» (фр.  Bal du moulin de la Galette) — картина, написанная французским художником Пьером Огюстом Ренуаром (Pierre-Auguste Renoir, 1841—1919) в 1876 году. Эта картина была выставлена на 3-й выставке импрессионистов в 1877 году (вместе с картиной «Качели»), и она считается основной работой Ренуара середины 1870-х годов. С 1879 года картина находилась в коллекции французского маршана и художника Гюстава Кайботта (Gustave Caillebotte). После его смерти в 1894 году она перешла в собственность государства в качестве налога на наследство, а в 1896 году была передана в Музей в Люксембургском саду. С 1929 года картина находилась в собрании Лувра, откуда в 1986 году она была передана в Музей Орсе, где она и находится до сих пор. В 1876 году Ренуар снимал на Монмартре студию с садом, которая находилась недалеко от Мулен де ла Галетт — ресторана с танцевальным залом в верхней части Монмартра, который получил своё название по имени мельницы, находящейся недалеко от него. В хорошую погоду основное действие происходило на улице, где были расставлены по кругу столики и скамейки. Ренуару нравилась такая весёлая, непринуждённая обстановка, и здесь он начал создавать первые наброски будущей картины. Для картины он просил позировать своих друзей, так что некоторых из них можно узнать среди танцующих и сидящих за столиками. При написании этой картины художник справился с трудной задачей — изобразить отражение солнечных бликов, пробивающихся сквозь листву акаций, на лицах и одежде танцующих и сидящих людей. Ренуар также написал уменьшенную версию этой картины (78 см × 114 см) с тем же названием. В 1990 году она была продана на аукционе Sotheby's в Нью-Йорке за сумму в 78 миллионов долларов, что на тот момент сделало её второй по цене картиной за всю историю аукционов. Она до сих пор входит в число самых дорогих картин, когда-либо проданных на аукционе.</dbpedia-owl:abstract>
    <dbpedia-owl:abstract xml:lang="it">Il Bal au Moulin de la Galette è un dipinto di Pierre-Auguste Renoir ad olio su tela di (131 x 175 cm) realizzato nel 1876 e conservato al Museo d'Orsay di Parigi. Renoir era maestro nel cogliere i comuni eventi quotidiani. In questo capolavoro dell'impressionismo fissa un momento della vita parigina in un'atmosfera di felice abbandono, ritraendo la spensieratezza e il gusto della Belle Époque: il Moulin de la Galette, locale allestito in un vecchio mulino, si trova in cima alla collina di Montmartre, il quartiere degli artisti. Renoir lo frequenta per sei mesi, per potervi cogliere quella sfrenata gioia che esprime il dipinto. Qui l'artista rende in modo vibrante la dinamicità e il moto che anima le figure danzanti e la folla vivace. Per via dell'assenza quasi totale del disegno, il colore ha il compito di rendere il movimento, le ombre e i riflessi. Si può notare infatti come gli abiti delle signore spicchino su quelli maschili per variazioni di tonalità, o come i raggi del sole filtrino dalla chioma degli alberi formando pozze di luce sui festeggianti. Non esiste un soggetto principale. I gruppi di persone contribuiscono a creare la profondità prospettica della scena. L'ambientazione è quasi surreale: i danzatori sembrano volteggiare nell'aria, i lampadari sembrano pendere dal cielo. La realtà è alterata, la linea di contorno sfuma, i colori si sovrappongono e si mescolano, riflettendosi negli oggetti. La luce non ha un punto di origine, tutto è dinamismo puro.</dbpedia-owl:abstract>
    <dbpedia-owl:abstract xml:lang="pt">O baile no moulin de la galette (em francês, Le bal du moulin de la galette) é uma pintura realizada a óleo sobre tela em 1876, pelo impressionista francês Pierre-Auguste Renoir, consagrada como um marco da pintura impressionista. O quadro foi pintado em Paris, no bairro de Montmartre, e retrata um tema frequente na pintura impressionista e que se encontra na base do movimento: o quotidiano burguês. Esta pintura é, indubitavelmente, a mais célebre e significativa obra de Renoir. Foi exibida pela primeira vez no Salon em 1877, na exposição dos impressionistas. Ainda que o rosto de alguns dos seus amigos apareçam na imagem, a intenção de Renoir era captar a vivacidade e a atmosfera alegre desta popular dança de jardim no Butte Montmartre, nas imediações do Moulin, hoje celebrizado pela tela. O estudo da multidão em movimento, a inclusão lumínica natural e artificial e outros efeitos, foram concretizados através de pinceladas de cores vibrantes. A aparência um tanto desfocada da cena, capta algumas críticas negativas desde o seu tempo até à actualidade. A interpretação da vida popular parisiense, com o seu estilo inovador e formato imponente, assina a ambição artística de Renoir. A descontração das personagens, a sombra imposta pela copa das árvores, os resquícios de luz natural que recaem sobre os vestidos das senhoras e os chapéus dos senhores em primeiro plano, e tantos outros elementos neste quadro, tornam-no numa das principais obras-primas do Impressionismo. A obra foi adquirida por Gustave Caillebotte que a deixou ao estado francês, juntamente com toda a sua colecção. Porém, Renoir fez uma pequena cópia desta tela, que se tornou numa das telas mais caras alguma vez vendidas.</dbpedia-owl:abstract>
    <dbpedia-owl:author rdf:resource="http://dbpedia.org/resource/Pierre-Auguste_Renoir"/>
    <dbpedia-owl:museum rdf:resource="http://dbpedia.org/resource/Mus%C3%A9e_d'Orsay"/>
    <dbpedia-owl:wikiPageID rdf:datatype="http://www.w3.org/2001/XMLSchema#integer">1629184</dbpedia-owl:wikiPageID>
    <dbpedia-owl:wikiPageRevisionID rdf:datatype="http://www.w3.org/2001/XMLSchema#integer">547180608</dbpedia-owl:wikiPageRevisionID>
    <rdfs:label xml:lang="it">Bal au moulin de la Galette</rdfs:label>
    <rdfs:label xml:lang="nl">Bal du moulin de la Galette</rdfs:label>
    <rdfs:label xml:lang="en">Bal du moulin de la Galette</rdfs:label>
    <rdfs:label xml:lang="pt">O baile no moulin de la galette</rdfs:label>
    <rdfs:label xml:lang="de">Bal du moulin de la Galette</rdfs:label>
    <rdfs:label xml:lang="ru">Бал в Мулен де ла Галетт</rdfs:label>
    <rdfs:label xml:lang="es">Baile en el Moulin de la Galette</rdfs:label>
    <rdfs:label xml:lang="zh">煎餅磨坊的舞會</rdfs:label>
    <rdfs:label xml:lang="fr">Bal du moulin de la Galette</rdfs:label>
    <rdfs:label xml:lang="pl">Bal w Moulin de la Galette</rdfs:label>
    <rdfs:label xml:lang="ja">ムーラン・ド・ラ・ギャレット (ルノワールの絵画)</rdfs:label>
    <foaf:depiction rdf:resource="http://upload.wikimedia.org/wikipedia/commons/2/21/Pierre-Auguste_Renoir,_Le_Moulin_de_la_Galette.jpg"/>
    <rdfs:comment xml:lang="ru">«Бал в Мулен де ла Галетт» (фр.  Bal du moulin de la Galette) — картина, написанная французским художником Пьером Огюстом Ренуаром (Pierre-Auguste Renoir, 1841—1919) в 1876 году. Эта картина была выставлена на 3-й выставке импрессионистов в 1877 году (вместе с картиной «Качели»), и она считается основной работой Ренуара середины 1870-х годов. С 1879 года картина находилась в коллекции французского маршана и художника Гюстава Кайботта (Gustave Caillebotte).</rdfs:comment>
    <rdfs:comment xml:lang="ja">『ムーラン・ド・ラ・ギャレット』（仏: Bal du moulin de la Galette）は、ルノワールが35歳のときに描いた絵画作品。1877年の第3回印象派展に出品された作品でもある。題名のムーラン・ド・ラ・ギャレットは、パリのモンマルトルにあるダンスホールの名。画中の人物たちは、彼の友人たちがモデルになっている。</rdfs:comment>
    <rdfs:comment xml:lang="pl">Bal w Moulin de la Galette (fr. Bal du moulin de la Galette) – obraz olejny o wymiarach 131 × 175 cm, autorstwa francuskiego malarza impresjonisty Auguste'a Renoira, namalowany w roku 1876. Jedna z trzech wersji obrazu została namalowana w 1876 r. Modelami byli, podobnie jak w innych dziełach, przyjaciele artysty. Bal du moulin de la Galette, mniejsza wersja dzieła, znajduje się obecnie w Musée d'Orsay. Większa zaś w John Hay Whitney Collection w Nowym Jorku.</rdfs:comment>
    <rdfs:comment xml:lang="fr">Bal du moulin de la Galette est une huile sur toile du peintre impressionniste français Auguste Renoir réalisée en 1876. Le tableau est aujourd'hui conservé au musée d'Orsay, à Paris. "Pendant toute la durée de l'exécution du moulin de la Galette, Renoir s'installa dans une vieille bicoque de la rue Cortot". La scène, éclairée par une lumière qui passe à travers les feuilles, se déroule au Moulin de la galette, sur la butte Montmartre, à Paris. Article détaillé : Moulin de la galette#Le Bal.</rdfs:comment>
    <rdfs:comment xml:lang="de">Bal du moulin de la Galette ist ein Gemälde des französischen Malers Pierre-Auguste Renoir aus dem Jahre 1876. Es ist 131 × 175 cm groß und hängt im Musée d’Orsay. Das Bild zeigt eine Szene im Freien mit tanzenden und sich amüsierenden Menschen in Montmartre. Die Wiedergabe des Lichts macht die Szene (typisch für Renoir und den Impressionismus) lebendig und spontan. Es entstammt der Sammlung Gustave Caillebotte.</rdfs:comment>
    <rdfs:comment xml:lang="pt">O baile no moulin de la galette (em francês, Le bal du moulin de la galette) é uma pintura realizada a óleo sobre tela em 1876, pelo impressionista francês Pierre-Auguste Renoir, consagrada como um marco da pintura impressionista. O quadro foi pintado em Paris, no bairro de Montmartre, e retrata um tema frequente na pintura impressionista e que se encontra na base do movimento: o quotidiano burguês. Esta pintura é, indubitavelmente, a mais célebre e significativa obra de Renoir.</rdfs:comment>
    <rdfs:comment xml:lang="zh">煎餅磨坊的舞會（法文：Le Bal au Moulin de la Galette）是知名的法國前期印象派畫家皮耶-奧古斯特·雷諾瓦 在1876年的作品之一。目前收藏在法國巴黎的奧塞美術館內。</rdfs:comment>
    <rdfs:comment xml:lang="es">Baile en el Moulin de la Galette es una de las obras más célebresdel pintor impresionista francés Pierre-Auguste Renoir, que se conserva en el Museo de Orsay en París, siendo uno de los cuadros más emblemáticos del museo.</rdfs:comment>
    <rdfs:comment xml:lang="it">Il Bal au Moulin de la Galette è un dipinto di Pierre-Auguste Renoir ad olio su tela di (131 x 175 cm) realizzato nel 1876 e conservato al Museo d'Orsay di Parigi. Renoir era maestro nel cogliere i comuni eventi quotidiani.</rdfs:comment>
    <rdfs:comment xml:lang="en">Bal du moulin de la Galette (commonly known as Dance at Le moulin de la Galette) is an 1876 painting by French artist Pierre-Auguste Renoir. It is housed at the Musée d'Orsay in Paris and is one of Impressionism's most celebrated masterpieces. The painting depicts a typical Sunday afternoon at Moulin de la Galette in the district of Montmartre in Paris. In the late 19th century, working class Parisians would dress up and spend time there dancing, drinking, and eating galettes into the evening.</rdfs:comment>
    <rdfs:comment xml:lang="nl">Bal du Moulin de la Galette is een impressionistisch schilderij dat in 1876 geschilderd werd door Pierre-Auguste Renoir. Er zijn twee versies van het schilderij: een groot schilderij van ongeveer twee meter breed dat in het Parijse Musée d'Orsay hangt en een kleiner werk dat op een onbekende locatie is. Het is niet bekend welke van de twee schilderijen het oudste is.</rdfs:comment>
    <foaf:name xml:lang="en">Bal du moulin de la Galette</foaf:name>
    <dbpedia-owl:thumbnail rdf:resource="http://upload.wikimedia.org/wikipedia/commons/thumb/2/21/Pierre-Auguste_Renoir,_Le_Moulin_de_la_Galette.jpg/200px-Pierre-Auguste_Renoir,_Le_Moulin_de_la_Galette.jpg"/>
    <dbpedia-owl:wikiPageExternalLink rdf:resource="http://www.top10land.com/top-ten-most-expensive-paintings-sold-at-auction.html"/>
    <dbpedia-owl:wikiPageExternalLink rdf:resource="http://smarthistory.khanacademy.org/renoir-moulin"/>
    <dbpedia-owl:wikiPageExternalLink rdf:resource="http://www.musee-orsay.fr/en/collections/index-of-works/notice.html?no_cache=1&amp;nnumid=497"/>
    <dbpprop:artist rdf:resource="http://dbpedia.org/resource/Pierre-Auguste_Renoir"/>
    <dbpprop:city xml:lang="en">Paris</dbpprop:city>
    <dbpprop:heightMetric rdf:datatype="http://www.w3.org/2001/XMLSchema#integer">131</dbpprop:heightMetric>
    <dbpprop:imageFile xml:lang="en">Pierre-Auguste Renoir, Le Moulin de la Galette.jpg</dbpprop:imageFile>
    <dbpprop:metricUnit xml:lang="en">cm</dbpprop:metricUnit>
    <dbpprop:museum rdf:resource="http://dbpedia.org/resource/Mus%C3%A9e_d'Orsay"/>
    <dbpprop:title xml:lang="en">Bal du moulin de la Galette</dbpprop:title>
    <dbpprop:type rdf:resource="http://dbpedia.org/resource/Oil_painting"/>
    <dbpprop:widthMetric rdf:datatype="http://www.w3.org/2001/XMLSchema#integer">175</dbpprop:widthMetric>
    <dbpprop:year rdf:datatype="http://www.w3.org/2001/XMLSchema#integer">1876</dbpprop:year>
    <foaf:isPrimaryTopicOf rdf:resource="http://en.wikipedia.org/wiki/Bal_du_moulin_de_la_Galette"/>
    <ns7:wasDerivedFrom rdf:resource="http://en.wikipedia.org/wiki/Bal_du_moulin_de_la_Galette?oldid=547180608"/>
    <dbpprop:hasPhotoCollection rdf:resource="http://wifo5-03.informatik.uni-mannheim.de/flickrwrappr/photos/Bal_du_moulin_de_la_Galette"/>
  </rdf:Description>
  <rdf:Description rdf:about="http://en.wikipedia.org/wiki/Bal_du_moulin_de_la_Galette">
    <foaf:primaryTopic rdf:resource="http://dbpedia.org/resource/Bal_du_moulin_de_la_Galette"/>
  </rdf:Description>
  <rdf:Description rdf:about="http://dbpedia.org/resource/Au_moulin_de_la_galette">
    <dbpedia-owl:wikiPageRedirects rdf:resource="http://dbpedia.org/resource/Bal_du_moulin_de_la_Galette"/>
  </rdf:Description>
  <rdf:Description rdf:about="http://dbpedia.org/resource/Bal_au_moulin_de_la_Galette">
    <dbpedia-owl:wikiPageRedirects rdf:resource="http://dbpedia.org/resource/Bal_du_moulin_de_la_Galette"/>
  </rdf:Description>
  <rdf:Description rdf:about="http://dbpedia.org/resource/Bal_au_moulin_de_la_Galette,_Montmartre">
    <dbpedia-owl:wikiPageRedirects rdf:resource="http://dbpedia.org/resource/Bal_du_moulin_de_la_Galette"/>
  </rdf:Description>
  <rdf:Description rdf:about="http://dbpedia.org/resource/Bal_du_moulin_de_la_Galette,_Montmartre">
    <dbpedia-owl:wikiPageRedirects rdf:resource="http://dbpedia.org/resource/Bal_du_moulin_de_la_Galette"/>
  </rdf:Description>
  <rdf:Description rdf:about="http://dbpedia.org/resource/Bal_du_moulin_de_la_galette">
    <dbpedia-owl:wikiPageRedirects rdf:resource="http://dbpedia.org/resource/Bal_du_moulin_de_la_Galette"/>
  </rdf:Description>
  <rdf:Description rdf:about="http://de.dbpedia.org/resource/Bal_du_moulin_de_la_Galette">
    <owl:sameAs rdf:resource="http://dbpedia.org/resource/Bal_du_moulin_de_la_Galette"/>
  </rdf:Description>
  <rdf:Description rdf:about="http://ja.dbpedia.org/resource/ムーラン・ド・ラ・ギャレット_(ルノワールの絵画)">
    <owl:sameAs rdf:resource="http://dbpedia.org/resource/Bal_du_moulin_de_la_Galette"/>
  </rdf:Description>
  <rdf:Description rdf:about="http://pl.dbpedia.org/resource/Bal_w_Moulin_de_la_Galette">
    <owl:sameAs rdf:resource="http://dbpedia.org/resource/Bal_du_moulin_de_la_Galette"/>
  </rdf:Description>
  <rdf:Description rdf:about="http://ru.dbpedia.org/resource/Бал_в_Мулен_де_ла_Галетт">
    <owl:sameAs rdf:resource="http://dbpedia.org/resource/Bal_du_moulin_de_la_Galette"/>
  </rdf:Description>
  <rdf:Description rdf:about="http://nl.dbpedia.org/resource/Bal_du_moulin_de_la_Galette">
    <owl:sameAs rdf:resource="http://dbpedia.org/resource/Bal_du_moulin_de_la_Galette"/>
  </rdf:Description>
  <rdf:Description rdf:about="http://eu.dbpedia.org/resource/Dantza_La_Galette_Errotan">
    <owl:sameAs rdf:resource="http://dbpedia.org/resource/Bal_du_moulin_de_la_Galette"/>
  </rdf:Description>
  <rdf:Description rdf:about="http://wikidata.dbpedia.org/resource/Q683274">
    <owl:sameAs rdf:resource="http://dbpedia.org/resource/Bal_du_moulin_de_la_Galette"/>
  </rdf:Description>
  <rdf:Description rdf:about="http://zh.dbpedia.org/resource/煎餅磨坊的舞會">
    <owl:sameAs rdf:resource="http://dbpedia.org/resource/Bal_du_moulin_de_la_Galette"/>
  </rdf:Description>
  <rdf:Description rdf:about="http://ar.dbpedia.org/resource/بال_أو_مولا_دو_لاغاليت">
    <owl:sameAs rdf:resource="http://dbpedia.org/resource/Bal_du_moulin_de_la_Galette"/>
  </rdf:Description>
  <rdf:Description rdf:about="http://ca.dbpedia.org/resource/Ball_al_Moulin_de_la_Galette_(Renoir)">
    <owl:sameAs rdf:resource="http://dbpedia.org/resource/Bal_du_moulin_de_la_Galette"/>
  </rdf:Description>
  <rdf:Description rdf:about="http://fa.dbpedia.org/resource/رقص_در_مولن_دلا_گالت">
    <owl:sameAs rdf:resource="http://dbpedia.org/resource/Bal_du_moulin_de_la_Galette"/>
  </rdf:Description>
  <rdf:Description rdf:about="http://he.dbpedia.org/resource/הנשף_במולן_דה_לה_גאלט">
    <owl:sameAs rdf:resource="http://dbpedia.org/resource/Bal_du_moulin_de_la_Galette"/>
  </rdf:Description>
  <rdf:Description rdf:about="http://hr.dbpedia.org/resource/Ples_kod_Moulin_de_la_Galette">
    <owl:sameAs rdf:resource="http://dbpedia.org/resource/Bal_du_moulin_de_la_Galette"/>
  </rdf:Description>
  <rdf:Description rdf:about="http://hu.dbpedia.org/resource/Bál_a_Moulin_de_la_Galette-ben_(festmény)">
    <owl:sameAs rdf:resource="http://dbpedia.org/resource/Bal_du_moulin_de_la_Galette"/>
  </rdf:Description>
  <rdf:Description rdf:about="http://la.dbpedia.org/resource/Saltatio_ad_Moulin_de_la_Galette">
    <owl:sameAs rdf:resource="http://dbpedia.org/resource/Bal_du_moulin_de_la_Galette"/>
  </rdf:Description>
  <rdf:Description rdf:about="http://simple.dbpedia.org/resource/Bal_du_moulin_de_la_Galette">
    <owl:sameAs rdf:resource="http://dbpedia.org/resource/Bal_du_moulin_de_la_Galette"/>
  </rdf:Description>
  <rdf:Description rdf:about="http://th.dbpedia.org/resource/การเต้นรำที่มูแล็งเดอลากาแล็ต">
    <owl:sameAs rdf:resource="http://dbpedia.org/resource/Bal_du_moulin_de_la_Galette"/>
  </rdf:Description>
  <rdf:Description rdf:about="http://vi.dbpedia.org/resource/Bal_du_moulin_de_la_Galette">
    <owl:sameAs rdf:resource="http://dbpedia.org/resource/Bal_du_moulin_de_la_Galette"/>
  </rdf:Description>
</rdf:RDF>
