<rdf:RDF xmlns:dbpprop="http://dbpedia.org/property/" xmlns:ns6="http://www.w3.org/ns/prov#" xmlns:foaf="http://xmlns.com/foaf/0.1/" xmlns:dbpedia-owl="http://dbpedia.org/ontology/" xmlns:dcterms="http://purl.org/dc/terms/" xmlns:owl="http://www.w3.org/2002/07/owl#" xmlns:rdfs="http://www.w3.org/2000/01/rdf-schema#" xmlns:rdf="http://www.w3.org/1999/02/22-rdf-syntax-ns#">
  <rdf:Description rdf:about="http://dbpedia.org/resource/Bani_Thani">
    <rdf:type rdf:resource="http://dbpedia.org/class/yago/Art102743547"/>
    <rdf:type rdf:resource="http://dbpedia.org/class/yago/Whole100003553"/>
    <rdf:type rdf:resource="http://dbpedia.org/class/yago/RajasthaniArts"/>
    <rdf:type rdf:resource="http://dbpedia.org/class/yago/18th-centuryPaintings"/>
    <rdf:type rdf:resource="http://dbpedia.org/class/yago/IndianPaintings"/>
    <rdf:type rdf:resource="http://dbpedia.org/class/yago/Creation103129123"/>
    <rdf:type rdf:resource="http://dbpedia.org/class/yago/Artifact100021939"/>
    <rdf:type rdf:resource="http://dbpedia.org/class/yago/Object100002684"/>
    <rdf:type rdf:resource="http://dbpedia.org/class/yago/PhysicalEntity100001930"/>
    <rdf:type rdf:resource="http://dbpedia.org/class/yago/Painting103876519"/>
    <rdf:type rdf:resource="http://dbpedia.org/class/yago/GraphicArt103453809"/>
    <owl:sameAs rdf:resource="http://yago-knowledge.org/resource/Bani_Thani"/>
    <owl:sameAs rdf:resource="http://www.wikidata.org/entity/Q4855724"/>
    <owl:sameAs rdf:resource="http://dbpedia.org/resource/Bani_Thani"/>
    <owl:sameAs rdf:resource="http://rdf.freebase.com/ns/m.080p39w"/>
    <owl:sameAs rdf:resource="http://no.dbpedia.org/resource/«Bani_Thani»"/>
    <owl:sameAs rdf:resource="http://es.dbpedia.org/resource/Bani_Thani"/>
    <dcterms:subject rdf:resource="http://dbpedia.org/resource/Category:Indian_paintings"/>
    <dcterms:subject rdf:resource="http://dbpedia.org/resource/Category:18th-century_paintings"/>
    <dcterms:subject rdf:resource="http://dbpedia.org/resource/Category:Rajasthani_arts"/>
    <dcterms:subject rdf:resource="http://dbpedia.org/resource/Category:Ajmer_district"/>
    <dbpedia-owl:abstract xml:lang="en">Bani Thani is an Indian painting in the Kishangarh school of paintings. It has been labeled as India's "Mona Lisa". The painting's subject, Bani Thani, was a singer and poet in Kishangarh in the time of king Savant Singh (1748–1764).</dbpedia-owl:abstract>
    <dbpedia-owl:abstract xml:lang="es">Bani Thani es una pintura india de la escuela Kishangarh. Se le ha denominado como la «Mona Lisa» india. El protagonista de la pintura, Bani Thani, era un poeta y cantante en Kishangarh, en los tiempos del rey Savant Singh (1748-1764).</dbpedia-owl:abstract>
    <dbpedia-owl:wikiPageID rdf:datatype="http://www.w3.org/2001/XMLSchema#integer">24629124</dbpedia-owl:wikiPageID>
    <dbpedia-owl:wikiPageRevisionID rdf:datatype="http://www.w3.org/2001/XMLSchema#integer">545742846</dbpedia-owl:wikiPageRevisionID>
    <rdfs:label xml:lang="es">Bani Thani</rdfs:label>
    <rdfs:label xml:lang="en">Bani Thani</rdfs:label>
    <foaf:depiction rdf:resource="http://upload.wikimedia.org/wikipedia/commons/1/12/Mughal_painting2.jpg"/>
    <rdfs:comment xml:lang="es">Bani Thani es una pintura india de la escuela Kishangarh. Se le ha denominado como la «Mona Lisa» india. El protagonista de la pintura, Bani Thani, era un poeta y cantante en Kishangarh, en los tiempos del rey Savant Singh (1748-1764).</rdfs:comment>
    <rdfs:comment xml:lang="en">Bani Thani is an Indian painting in the Kishangarh school of paintings. It has been labeled as India's "Mona Lisa". The painting's subject, Bani Thani, was a singer and poet in Kishangarh in the time of king Savant Singh (1748–1764).</rdfs:comment>
    <dbpedia-owl:thumbnail rdf:resource="http://upload.wikimedia.org/wikipedia/commons/thumb/1/12/Mughal_painting2.jpg/200px-Mughal_painting2.jpg"/>
    <dbpedia-owl:wikiPageExternalLink rdf:resource="http://www.davidrumsey.com/amica/amico214220-58138.html"/>
    <dbpedia-owl:wikiPageExternalLink rdf:resource="http://wiki.indianfolklore.org/images/8/87/Rajasthan_miniature.pdf"/>
    <foaf:isPrimaryTopicOf rdf:resource="http://en.wikipedia.org/wiki/Bani_Thani"/>
    <ns6:wasDerivedFrom rdf:resource="http://en.wikipedia.org/wiki/Bani_Thani?oldid=545742846"/>
    <dbpprop:hasPhotoCollection rdf:resource="http://wifo5-03.informatik.uni-mannheim.de/flickrwrappr/photos/Bani_Thani"/>
  </rdf:Description>
  <rdf:Description rdf:about="http://es.dbpedia.org/resource/Bani_Thani">
    <owl:sameAs rdf:resource="http://dbpedia.org/resource/Bani_Thani"/>
  </rdf:Description>
  <rdf:Description rdf:about="http://en.wikipedia.org/wiki/Bani_Thani">
    <foaf:primaryTopic rdf:resource="http://dbpedia.org/resource/Bani_Thani"/>
  </rdf:Description>
  <rdf:Description rdf:about="http://wikidata.dbpedia.org/resource/Q4855724">
    <owl:sameAs rdf:resource="http://dbpedia.org/resource/Bani_Thani"/>
  </rdf:Description>
  <rdf:Description rdf:about="http://no.dbpedia.org/resource/«Bani_Thani»">
    <owl:sameAs rdf:resource="http://dbpedia.org/resource/Bani_Thani"/>
  </rdf:Description>
</rdf:RDF>
