<rdf:RDF xmlns:ns7="http://www.w3.org/ns/prov#" xmlns:dbpprop="http://dbpedia.org/property/" xmlns:foaf="http://xmlns.com/foaf/0.1/" xmlns:dbpedia-owl="http://dbpedia.org/ontology/" xmlns:dcterms="http://purl.org/dc/terms/" xmlns:owl="http://www.w3.org/2002/07/owl#" xmlns:rdfs="http://www.w3.org/2000/01/rdf-schema#" xmlns:rdf="http://www.w3.org/1999/02/22-rdf-syntax-ns#">
  <rdf:Description rdf:about="http://en.wikipedia.org/wiki/Barbadori_Altarpiece">
    <foaf:primaryTopic rdf:resource="http://dbpedia.org/resource/Barbadori_Altarpiece"/>
  </rdf:Description>
  <rdf:Description rdf:about="http://dbpedia.org/resource/Barbadori_Altarpiece">
    <rdf:type rdf:resource="http://dbpedia.org/class/yago/Painting103876519"/>
    <rdf:type rdf:resource="http://dbpedia.org/class/yago/Artifact100021939"/>
    <rdf:type rdf:resource="http://dbpedia.org/class/yago/Object100002684"/>
    <rdf:type rdf:resource="http://www.w3.org/2002/07/owl#Thing"/>
    <rdf:type rdf:resource="http://dbpedia.org/ontology/Artwork"/>
    <rdf:type rdf:resource="http://dbpedia.org/class/yago/1438Paintings"/>
    <rdf:type rdf:resource="http://dbpedia.org/class/yago/PhysicalEntity100001930"/>
    <rdf:type rdf:resource="http://dbpedia.org/ontology/Work"/>
    <rdf:type rdf:resource="http://dbpedia.org/class/yago/PaintingsOfTheVirginMary"/>
    <rdf:type rdf:resource="http://schema.org/CreativeWork"/>
    <rdf:type rdf:resource="http://dbpedia.org/class/yago/Whole100003553"/>
    <rdf:type rdf:resource="http://dbpedia.org/class/yago/PaintingsOfTheLouvre"/>
    <rdf:type rdf:resource="http://dbpedia.org/class/yago/Art102743547"/>
    <rdf:type rdf:resource="http://dbpedia.org/class/yago/PaintingsByFilippoLippi"/>
    <rdf:type rdf:resource="http://dbpedia.org/class/yago/Creation103129123"/>
    <rdf:type rdf:resource="http://dbpedia.org/class/yago/GraphicArt103453809"/>
    <owl:sameAs rdf:resource="http://it.dbpedia.org/resource/Pala_Barbadori"/>
    <owl:sameAs rdf:resource="http://yago-knowledge.org/resource/Barbadori_Altarpiece"/>
    <owl:sameAs rdf:resource="http://dbpedia.org/resource/Barbadori_Altarpiece"/>
    <owl:sameAs rdf:resource="http://www.wikidata.org/entity/Q3889196"/>
    <owl:sameAs rdf:resource="http://rdf.freebase.com/ns/m.0fqpp7c"/>
    <dcterms:subject rdf:resource="http://dbpedia.org/resource/Category:Paintings_of_the_Madonna_and_Child"/>
    <dcterms:subject rdf:resource="http://dbpedia.org/resource/Category:Paintings_by_Filippo_Lippi"/>
    <dcterms:subject rdf:resource="http://dbpedia.org/resource/Category:1438_paintings"/>
    <dcterms:subject rdf:resource="http://dbpedia.org/resource/Category:Paintings_of_the_Louvre"/>
    <dcterms:subject rdf:resource="http://dbpedia.org/resource/Category:Collections_of_the_Uffizi"/>
    <dbpedia-owl:abstract xml:lang="it">La Pala Barbadori (Madonna col Bambino, angeli, san Frediano e sant'Agostino) è un'opera, tempera su tavola (208x244 cm) di Filippo Lippi, datata al 1438. È conservata al Museo del Louvre di Parigi, mentre i tre scomparti della predella sono agli Uffizi di Firenze.</dbpedia-owl:abstract>
    <dbpedia-owl:abstract xml:lang="en">The Barbadori Altarpiece is a painting by Filippo Lippi, dated to 1438 and housed in the Louvre Museum of Paris.</dbpedia-owl:abstract>
    <dbpedia-owl:author rdf:resource="http://dbpedia.org/resource/Filippo_Lippi"/>
    <dbpedia-owl:museum rdf:resource="http://dbpedia.org/resource/The_Louvre"/>
    <dbpedia-owl:wikiPageID rdf:datatype="http://www.w3.org/2001/XMLSchema#integer">29953919</dbpedia-owl:wikiPageID>
    <dbpedia-owl:wikiPageRevisionID rdf:datatype="http://www.w3.org/2001/XMLSchema#integer">546054016</dbpedia-owl:wikiPageRevisionID>
    <rdfs:label xml:lang="en">Barbadori Altarpiece</rdfs:label>
    <rdfs:label xml:lang="it">Pala Barbadori</rdfs:label>
    <foaf:depiction rdf:resource="http://upload.wikimedia.org/wikipedia/commons/e/e3/Pala_barbadori,_louvre,_lippi.jpg"/>
    <rdfs:comment xml:lang="it">La Pala Barbadori (Madonna col Bambino, angeli, san Frediano e sant'Agostino) è un'opera, tempera su tavola (208x244 cm) di Filippo Lippi, datata al 1438. È conservata al Museo del Louvre di Parigi, mentre i tre scomparti della predella sono agli Uffizi di Firenze.</rdfs:comment>
    <rdfs:comment xml:lang="en">The Barbadori Altarpiece is a painting by Filippo Lippi, dated to 1438 and housed in the Louvre Museum of Paris.</rdfs:comment>
    <foaf:name xml:lang="en">Barbadori Altarpiece</foaf:name>
    <dbpedia-owl:thumbnail rdf:resource="http://upload.wikimedia.org/wikipedia/commons/thumb/e/e3/Pala_barbadori,_louvre,_lippi.jpg/200px-Pala_barbadori,_louvre,_lippi.jpg"/>
    <dbpedia-owl:wikiPageExternalLink rdf:resource="http://www.restaurofilippolippi.it/opere/scheda_11.htm"/>
    <dbpprop:artist rdf:resource="http://dbpedia.org/resource/Filippo_Lippi"/>
    <dbpprop:city rdf:resource="http://dbpedia.org/resource/Paris"/>
    <dbpprop:height rdf:datatype="http://www.w3.org/2001/XMLSchema#integer">208</dbpprop:height>
    <dbpprop:imageFile xml:lang="en">Pala barbadori, louvre, lippi.jpg</dbpprop:imageFile>
    <dbpprop:imageSize rdf:datatype="http://www.w3.org/2001/XMLSchema#integer">400</dbpprop:imageSize>
    <dbpprop:museum rdf:resource="http://dbpedia.org/resource/The_Louvre"/>
    <dbpprop:title xml:lang="en">Barbadori Altarpiece</dbpprop:title>
    <dbpprop:type xml:lang="en">Tempera on panel</dbpprop:type>
    <dbpprop:width rdf:datatype="http://www.w3.org/2001/XMLSchema#integer">244</dbpprop:width>
    <dbpprop:year rdf:datatype="http://www.w3.org/2001/XMLSchema#integer">1438</dbpprop:year>
    <foaf:isPrimaryTopicOf rdf:resource="http://en.wikipedia.org/wiki/Barbadori_Altarpiece"/>
    <ns7:wasDerivedFrom rdf:resource="http://en.wikipedia.org/wiki/Barbadori_Altarpiece?oldid=546054016"/>
    <dbpprop:hasPhotoCollection rdf:resource="http://wifo5-03.informatik.uni-mannheim.de/flickrwrappr/photos/Barbadori_Altarpiece"/>
  </rdf:Description>
  <rdf:Description rdf:about="http://it.dbpedia.org/resource/Pala_Barbadori">
    <owl:sameAs rdf:resource="http://dbpedia.org/resource/Barbadori_Altarpiece"/>
  </rdf:Description>
  <rdf:Description rdf:about="http://dbpedia.org/resource/Madonna_and_Child_with_Saints_and_Angels_(Fra_Lippo_Lippi)">
    <dbpedia-owl:wikiPageRedirects rdf:resource="http://dbpedia.org/resource/Barbadori_Altarpiece"/>
  </rdf:Description>
  <rdf:Description rdf:about="http://dbpedia.org/resource/Pala_Barbadori">
    <dbpedia-owl:wikiPageRedirects rdf:resource="http://dbpedia.org/resource/Barbadori_Altarpiece"/>
  </rdf:Description>
  <rdf:Description rdf:about="http://wikidata.dbpedia.org/resource/Q3889196">
    <owl:sameAs rdf:resource="http://dbpedia.org/resource/Barbadori_Altarpiece"/>
  </rdf:Description>
</rdf:RDF>
