<rdf:RDF xmlns:grs="http://www.georss.org/georss/" xmlns:ns8="http://www.w3.org/ns/prov#" xmlns:geo="http://www.w3.org/2003/01/geo/wgs84_pos#" xmlns:foaf="http://xmlns.com/foaf/0.1/" xmlns:dbpedia-owl="http://dbpedia.org/ontology/" xmlns:dcterms="http://purl.org/dc/terms/" xmlns:dbpprop="http://dbpedia.org/property/" xmlns:owl="http://www.w3.org/2002/07/owl#" xmlns:rdfs="http://www.w3.org/2000/01/rdf-schema#" xmlns:rdf="http://www.w3.org/1999/02/22-rdf-syntax-ns#">
  <rdf:Description rdf:about="http://dbpedia.org/resource/Bardia_Mural">
    <rdf:type rdf:resource="http://dbpedia.org/class/yago/PhysicalEntity100001930"/>
    <rdf:type rdf:resource="http://dbpedia.org/class/yago/Creation103129123"/>
    <rdf:type rdf:resource="http://dbpedia.org/class/yago/Painting103876519"/>
    <rdf:type rdf:resource="http://dbpedia.org/class/yago/Artifact100021939"/>
    <rdf:type rdf:resource="http://www.opengis.net/gml/_Feature"/>
    <rdf:type rdf:resource="http://dbpedia.org/class/yago/Murals"/>
    <rdf:type rdf:resource="http://dbpedia.org/class/yago/Mural103799710"/>
    <rdf:type rdf:resource="http://dbpedia.org/class/yago/Whole100003553"/>
    <rdf:type rdf:resource="http://dbpedia.org/class/yago/Art102743547"/>
    <rdf:type rdf:resource="http://dbpedia.org/class/yago/Object100002684"/>
    <rdf:type rdf:resource="http://dbpedia.org/class/yago/GraphicArt103453809"/>
    <owl:sameAs rdf:resource="http://dbpedia.org/resource/Bardia_Mural"/>
    <owl:sameAs rdf:resource="http://yago-knowledge.org/resource/Bardia_Mural"/>
    <owl:sameAs rdf:resource="http://rdf.freebase.com/ns/m.0dfhyd"/>
    <owl:sameAs rdf:resource="http://www.wikidata.org/entity/Q4860154"/>
    <dbpprop:muralName xml:lang="en">Bardia Mural</dbpprop:muralName>
    <dbpprop:viewable xml:lang="en">By prior agreement, and as part of a tour</dbpprop:viewable>
    <dcterms:subject rdf:resource="http://dbpedia.org/resource/Category:Murals"/>
    <dbpedia-owl:abstract xml:lang="en">The Bardia Mural was created in a building on a clifftop overlooking the bay in Bardia, Libya, during World War II by John Frederick Brill just prior to his death at the age of 22. It depicts a collage of images that range from the horrors of war shown by skulls to the memories of home, shown by wine, women and song. The mural still exists and can still be visited. It has, however, been defaced and its state has declined with a large crack in the wall on which it was created. Much of the lower part of the mural is lost. As of April 2009, renovation work has been started by Italian artists who have filled the cracks and replaced broken plaster. Parts of the mural have been cleaned removing graffiti and restoring some of the 'blackness' of the paint. A photograph of John Brill painting his mother can be seen here.</dbpedia-owl:abstract>
    <dbpedia-owl:wikiPageID rdf:datatype="http://www.w3.org/2001/XMLSchema#integer">5322319</dbpedia-owl:wikiPageID>
    <dbpedia-owl:wikiPageRevisionID rdf:datatype="http://www.w3.org/2001/XMLSchema#integer">494152167</dbpedia-owl:wikiPageRevisionID>
    <rdfs:label xml:lang="en">Bardia Mural</rdfs:label>
    <foaf:depiction rdf:resource="http://upload.wikimedia.org/wikipedia/commons/2/2e/BardiaMural.jpg"/>
    <rdfs:comment xml:lang="en">The Bardia Mural was created in a building on a clifftop overlooking the bay in Bardia, Libya, during World War II by John Frederick Brill just prior to his death at the age of 22. It depicts a collage of images that range from the horrors of war shown by skulls to the memories of home, shown by wine, women and song. The mural still exists and can still be visited. It has, however, been defaced and its state has declined with a large crack in the wall on which it was created.</rdfs:comment>
    <dbpedia-owl:thumbnail rdf:resource="http://upload.wikimedia.org/wikipedia/commons/thumb/2/2e/BardiaMural.jpg/200px-BardiaMural.jpg"/>
    <dbpedia-owl:wikiPageExternalLink rdf:resource="http://www.don-simmonds.co.uk"/>
    <dbpedia-owl:wikiPageExternalLink rdf:resource="http://www.fpri.org/footnotes/103.200512.sanzare.libya.html"/>
    <dbpedia-owl:wikiPageExternalLink rdf:resource="http://maps.google.com/?ll=31.754299,25.093288&amp;spn=0.067144,0.15398&amp;t=h&amp;om=1"/>
    <dbpedia-owl:wikiPageExternalLink rdf:resource="http://www.yourmailinglistprovider.com/pubarchive_show_message_iframe.php?LibyaNews+1355"/>
    <dbpprop:artist rdf:resource="http://dbpedia.org/resource/John_Frederick_Brill"/>
    <dbpprop:caption rdf:datatype="http://dbpedia.org/datatype/second">1950.0</dbpprop:caption>
    <dbpprop:died rdf:datatype="http://www.w3.org/2001/XMLSchema#integer">1</dbpprop:died>
    <dbpprop:location rdf:resource="http://dbpedia.org/resource/Bardia"/>
    <dbpprop:location rdf:resource="http://dbpedia.org/resource/Libya"/>
    <dbpprop:size rdf:datatype="http://www.w3.org/2001/XMLSchema#integer">400</dbpprop:size>
    <dbpprop:state xml:lang="en">damaged by graffiti, and the ravages of time with a large crack in the wall</dbpprop:state>
    <dbpprop:visitors xml:lang="en">Statistics Unknown</dbpprop:visitors>
    <dbpprop:years rdf:datatype="http://www.w3.org/2001/XMLSchema#integer">1942</dbpprop:years>
    <geo:geometry rdf:datatype="http://www.openlinksw.com/schemas/virtrdf#Geometry">POINT(25.0933 31.7543)</geo:geometry>
    <foaf:isPrimaryTopicOf rdf:resource="http://en.wikipedia.org/wiki/Bardia_Mural"/>
    <geo:long rdf:datatype="http://www.w3.org/2001/XMLSchema#float">25.0933</geo:long>
    <geo:lat rdf:datatype="http://www.w3.org/2001/XMLSchema#float">31.7543</geo:lat>
    <ns8:wasDerivedFrom rdf:resource="http://en.wikipedia.org/wiki/Bardia_Mural?oldid=494152167"/>
    <grs:point xml:lang="en">31.7543 25.0933</grs:point>
    <dbpprop:hasPhotoCollection rdf:resource="http://wifo5-03.informatik.uni-mannheim.de/flickrwrappr/photos/Bardia_Mural"/>
  </rdf:Description>
  <rdf:Description rdf:about="http://en.wikipedia.org/wiki/Bardia_Mural">
    <foaf:primaryTopic rdf:resource="http://dbpedia.org/resource/Bardia_Mural"/>
  </rdf:Description>
  <rdf:Description rdf:about="http://wikidata.dbpedia.org/resource/Q4860154">
    <owl:sameAs rdf:resource="http://dbpedia.org/resource/Bardia_Mural"/>
  </rdf:Description>
</rdf:RDF>
