<rdf:RDF xmlns:ns7="http://www.w3.org/ns/prov#" xmlns:dbpprop="http://dbpedia.org/property/" xmlns:foaf="http://xmlns.com/foaf/0.1/" xmlns:dbpedia-owl="http://dbpedia.org/ontology/" xmlns:dcterms="http://purl.org/dc/terms/" xmlns:owl="http://www.w3.org/2002/07/owl#" xmlns:rdfs="http://www.w3.org/2000/01/rdf-schema#" xmlns:rdf="http://www.w3.org/1999/02/22-rdf-syntax-ns#">
  <rdf:Description rdf:about="http://dbpedia.org/resource/Johannes_Vermeer">
    <dbpedia-owl:movement rdf:resource="http://dbpedia.org/resource/Baroque_painting"/>
  </rdf:Description>
  <rdf:Description rdf:about="http://dbpedia.org/resource/Simon_Vouet">
    <dbpedia-owl:movement rdf:resource="http://dbpedia.org/resource/Baroque_painting"/>
    <dbpprop:movement rdf:resource="http://dbpedia.org/resource/Baroque_painting"/>
  </rdf:Description>
  <rdf:Description rdf:about="http://dbpedia.org/resource/Antonio_Verrio">
    <dbpedia-owl:movement rdf:resource="http://dbpedia.org/resource/Baroque_painting"/>
    <dbpprop:movement rdf:resource="http://dbpedia.org/resource/Baroque_painting"/>
  </rdf:Description>
  <rdf:Description rdf:about="http://fr.dbpedia.org/resource/Peinture_baroque">
    <owl:sameAs rdf:resource="http://dbpedia.org/resource/Baroque_painting"/>
  </rdf:Description>
  <rdf:Description rdf:about="http://dbpedia.org/resource/J%C3%BCrgen_Ovens">
    <dbpedia-owl:movement rdf:resource="http://dbpedia.org/resource/Baroque_painting"/>
    <dbpprop:movement rdf:resource="http://dbpedia.org/resource/Baroque_painting"/>
  </rdf:Description>
  <rdf:Description rdf:about="http://it.dbpedia.org/resource/Pittura_barocca">
    <owl:sameAs rdf:resource="http://dbpedia.org/resource/Baroque_painting"/>
  </rdf:Description>
  <rdf:Description rdf:about="http://ja.dbpedia.org/resource/バロック絵画">
    <owl:sameAs rdf:resource="http://dbpedia.org/resource/Baroque_painting"/>
  </rdf:Description>
  <rdf:Description rdf:about="http://ru.dbpedia.org/resource/Барокко_в_живописи">
    <owl:sameAs rdf:resource="http://dbpedia.org/resource/Baroque_painting"/>
  </rdf:Description>
  <rdf:Description rdf:about="http://es.dbpedia.org/resource/Pintura_del_Barroco">
    <owl:sameAs rdf:resource="http://dbpedia.org/resource/Baroque_painting"/>
  </rdf:Description>
  <rdf:Description rdf:about="http://dbpedia.org/resource/Baroque_painting">
    <rdf:type rdf:resource="http://dbpedia.org/class/yago/Whole100003553"/>
    <rdf:type rdf:resource="http://dbpedia.org/class/yago/Painting103876519"/>
    <rdf:type rdf:resource="http://dbpedia.org/class/yago/Object100002684"/>
    <rdf:type rdf:resource="http://dbpedia.org/class/yago/DutchGoldenAgePaintings"/>
    <rdf:type rdf:resource="http://dbpedia.org/class/yago/Artifact100021939"/>
    <rdf:type rdf:resource="http://dbpedia.org/class/yago/Creation103129123"/>
    <rdf:type rdf:resource="http://dbpedia.org/class/yago/GraphicArt103453809"/>
    <rdf:type rdf:resource="http://dbpedia.org/class/yago/PhysicalEntity100001930"/>
    <rdf:type rdf:resource="http://dbpedia.org/class/yago/Art102743547"/>
    <owl:sameAs rdf:resource="http://ja.dbpedia.org/resource/バロック絵画"/>
    <owl:sameAs rdf:resource="http://de.dbpedia.org/resource/Barock_(Malerei)"/>
    <owl:sameAs rdf:resource="http://fr.dbpedia.org/resource/Peinture_baroque"/>
    <owl:sameAs rdf:resource="http://it.dbpedia.org/resource/Pittura_barocca"/>
    <owl:sameAs rdf:resource="http://sr.dbpedia.org/resource/Сликарство_барока"/>
    <owl:sameAs rdf:resource="http://th.dbpedia.org/resource/จิตรกรรมยุคบาโรก"/>
    <owl:sameAs rdf:resource="http://dbpedia.org/resource/Baroque_painting"/>
    <owl:sameAs rdf:resource="http://mk.dbpedia.org/resource/Барокна_уметност"/>
    <owl:sameAs rdf:resource="http://pt.dbpedia.org/resource/Pintura_do_Barroco"/>
    <owl:sameAs rdf:resource="http://www.wikidata.org/entity/Q808561"/>
    <owl:sameAs rdf:resource="http://sk.dbpedia.org/resource/Barokové_maliarstvo"/>
    <owl:sameAs rdf:resource="http://rdf.freebase.com/ns/m.0dvhn"/>
    <owl:sameAs rdf:resource="http://uk.dbpedia.org/resource/Живопис_бароко"/>
    <owl:sameAs rdf:resource="http://es.dbpedia.org/resource/Pintura_del_Barroco"/>
    <owl:sameAs rdf:resource="http://ca.dbpedia.org/resource/Pintura_barroca"/>
    <owl:sameAs rdf:resource="http://sl.dbpedia.org/resource/Baročno_slikarstvo"/>
    <owl:sameAs rdf:resource="http://yago-knowledge.org/resource/Baroque_painting"/>
    <owl:sameAs rdf:resource="http://ru.dbpedia.org/resource/Барокко_в_живописи"/>
    <owl:sameAs rdf:resource="http://eo.dbpedia.org/resource/Baroka_pentrado"/>
    <owl:sameAs rdf:resource="http://hr.dbpedia.org/resource/Barokno_slikarstvo"/>
    <dcterms:subject rdf:resource="http://dbpedia.org/resource/Category:Baroque_painting"/>
    <dcterms:subject rdf:resource="http://dbpedia.org/resource/Category:Art_history"/>
    <dcterms:subject rdf:resource="http://dbpedia.org/resource/Category:Dutch_Golden_Age_paintings"/>
    <dbpedia-owl:abstract xml:lang="es">La pintura barroca es la pintura relacionada con el movimiento cultural barroco. El movimiento a menudo se le identifica con el absolutismo, la Contrarreforma y el renacimiento católico, pero la existencia de importante arte y arquitectura barrocos en países no absolutistas y protestantes por toda Europa Occidental evidencian su amplia popularidad. La pintura adquirió un papel prioritario dentro de las manifestaciones artísticas, y llegó a ser la expresión más característica del peso de la religión en los países católicos y del gusto burgués en los países protestantes. La mejor y más importante pintura durante el período que comienza alrededor del año 1600 y continúa a lo largo de todo el siglo XVII, y a principios del siglo XVIII se identifica hoy como pintura barroca. El arte barroco se caracteriza por el realismo, los colores ricos e intensos, y fuertes luces y sombras. En oposición al arte renacentista, que normalmente mostraba el momento anterior a ocurrir cualquier acontecimiento, los artistas barrocos elegían el punto más dramático, el momento en que la acción estaba ocurriendo: Miguel Ángel, que trabajó durante el Alto Renacimiento, muestra a su David compuesto y quieto antes de luchar contra Goliat; el David barroco de Bernini es captado en el acto de lanzar la piedra contra el gigante. El arte barroco pretendía evocar la emoción y la pasión en lugar de la tranquila racionalidad que había sido apreciada durante el Renacimiento. Entre los más grandes pintores del período barroco se encuentran Caravaggio, Rembrandt, Rubens, Velázquez, Poussin, y Vermeer. Caravaggio es heredero de la pintura humanista del Alto Renacimiento. Su enfoque realista de la figura humana, pintada directamente del natural e iluminada dramáticamente contra un fondo oscuro, sorprendió a sus contemporáneos y abrió un nuevo capítulo en la historia de la pintura. La pintura barroca a menudo dramatiza las escenas usando los efectos lumínicos del claroscuro; esto puede verse en obras de Rembrandt, Vermeer, Le Nain y La Tour. El pintor flamenco Antón Van Dyck desarrolló un estilo de retrato cortesano, con gracia, que influyó mucho, especialmente en Inglaterra. La prosperidad de la Holanda del siglo XVII llevó a una enorme producción artística por gran número de pintores altamente especializados, que sólo pintaban el género al que se dedicaban: escenas de género, paisajes, bodegones, retratos o pintura de historia. Los estándares técnicos eran muy altos, y la Edad de Oro holandesa estableció un nuevo repertorio de temas que fueron muy influyentes hasta la llegada del Modernismo.</dbpedia-owl:abstract>
    <dbpedia-owl:abstract xml:lang="fr">La peinture baroque est liée au mouvement culturel baroque qui est souvent assimilé à l’absolutisme et à la Contre-Réforme.</dbpedia-owl:abstract>
    <dbpedia-owl:abstract xml:lang="ja">バロック絵画（バロックかいが）は、16世紀末から18世紀なかばの西洋芸術運動であるバロック様式に分類される絵画。バロックは絶対王政、カトリック改革、カトリック復興などと深い関連があり、ときには一体化したものと見なされることもあるが、バロック美術とバロック建築の傑作は絶対主義やキリスト教とは無関係に、作品自身が持つ魅力によって広く親しまれ、受け入れられている。 もっとも重要で有名なバロック絵画は1600年ごろから18世紀初頭にかけて描かれた。バロック絵画は劇的な描写技法、豊かで深い色彩、強い明暗法などで特徴づけられる。ルネサンス美術とは異なり、バロック美術では大げさで芝居がかったような場面描写が好まれ、動的な躍動感あふれる作品が多く制作された。盛期ルネサンスの代表的な芸術家ミケランジェロは彫刻ダビデ像を、ゴリアテとの戦いを控えて沈思する人物として表現した。一方、バロックの代表的な芸術家ベルニーニは、ゴリアテに向かって石を投げつける瞬間をとらえたダビデ像 を制作している。ルネサンス美術で賞賛された冷徹な理性ではなく、バロック美術では一瞬の感情や情熱の表現を追求していた。 バロック絵画を代表する画家として、イタリアのカラヴァッジョ、オランダのレンブラント、フェルメール、フランドルのルーベンス、スペインのベラスケス、フランスのプッサンらの名前があげられる。バロック絵画にはカラヴァッジョが多用した明暗法の一種であるキアロスクーロの使用によって劇的な物語性を表現した画家が多い。カラヴァッジョは盛期ルネサンスの人文主義を受け継ぎ、自身が独自に発展させた人物を写実的に描く手法と強烈なキアロスクーロを用いて劇的な効果をもたらす技法は同時代の芸術家たちの大きな影響を与え、西洋美術史に新たな流れを生み出した。その他にフランドルの画家アンソニー・ヴァン・ダイクが描いた優美かつ力強い肖像画も、とくにイングランドで大きな影響を及ぼした絵画である。 17世紀オランダの隆盛は巨大な美術市場を形成し、画家たちは風景画、静物画、肖像画、歴史画、風俗画など、さまざまなジャンルに特化した作品を描いた。当時のオランダ人画家たちの絵画技術は非常に高く、20世紀のモダニズム萌芽まで美術界に影響を与え続けた。</dbpedia-owl:abstract>
    <dbpedia-owl:abstract xml:lang="it">Architetti, scultori e pittori diventano, grazie alle loro opere, il tramite necessario per toccare con efficacia l'animo dei fedeli. Quindi l'arte diventa un mezzo della Chiesa cattolica trionfante per persuadere gli eretici, i dubbiosi, ed arginare la pressione protestante sui confini francesi e italiani. Per raggiungere questo ambizioso obiettivo, l'arte deve avere la capacità di sedurre, commuovere, conquistare il gusto, non più attraverso l'armonia del Rinascimento, ma mediante l'espressione di emozioni forti. Il fascino viscerale dello stile barocco deriva da un diretto coinvolgimento dei sensi. Nella pittura barocca non vi era sollecitazione dell'intelletto e sottigliezza raffinata come nel manierismo, il nuovo linguaggio puntava direttamente allo stomaco, alle viscere, ai sentimenti dell'osservatore - o, più giustamente, dello spettatore. Veniva impiegata un'iconografia il più possibile diretta, semplice, ovvia, ma comunque teatrale. L'arte barocca iniziò a delinearsi nella pittura essenziale, eroica, classica, di Annibale Carracci, che a sua volta trovò ispirazione nell'artista che la critica vede come essenziale e vero precursore del barocco, Antonio Allegri detto il Correggio; un altro importante precedente è l'urbinate Federico Barocci. Una sorta di parallelo è possibile con l'ambito musicale, dove il contrappunto prende piede sostituendo la polifonia, e il tono e l'amalgama orchestrale fa la sua apparizione sempre con maggior insistenza. Dopo almeno due secoli in cui l'arte e la cultura italiana erano stati i fari guida dell'intero continente, il primato comincia a declinare e l'età barocca, in qualche modo, rappresenta un ultimo, spettacolare e importantissimo canto del cigno. Lo stile architettonico nato a Roma, che nella città eterna tocca i suoi punti più alti, cambierà durante il secolo il paesaggio di tutte le città europee; così per la pittura: i percorsi stilistici iniziati a Roma, a Bologna, a Venezia, vengono seguiti e portati alle estreme conseguenze da pittori stranieri come Rembrandt, El Greco, Diego Velázquez, ed essi formeranno nei loro paesi delle influenti scuole che cambieranno definitivamente l'arte e il concetto stesso di opera d'arte. È rimasta Roma a rivaleggiare con le potenze artistiche d'oltralpe, e anzi Roma è il gigantesco laboratorio delle tendenze culturali che s'irraggiano poi in tutta Europa. Ma sarebbe sbagliato considerare il barocco come una sorta di sinonimo del secolo in cui crebbe, il Seicento, questo stile è in realtà solo una delle correnti stilistiche che ha attraversato questi decenni, certo la più importante, ma non l'unica.</dbpedia-owl:abstract>
    <dbpedia-owl:abstract xml:lang="pt">Para informações gerais sobre o Barroco: 17pxVer artigo principal: Barroco A pintura barroca é uma pintura realista, concentrada nos retratos no interior das casas, nas paisagens, nas naturezas mortas e nas cenas populares (barroco holandês). No norte da Europa, Rembrandt e Vermeer ampliaram os limites do realismo. Por outro lado, a expansão e o fortalecimento do protestantismo fizeram com que os católicos utilizassem a pintura como um instrumento de divulgação da sua doutrina. Na Itália e na Espanha, a Igreja Católica, em clima de militância e Contra-Reforma, pressionava os artistas para que buscassem o realismo mais convincente possível. Características da pintura barroca Composição simétrica, em diagonal - que se revela num estilo grandioso, monumental, retorcido, substituindo a unidade geométrica e o equilíbrio da arte renascentista. Acentuado contraste de claro-escuro (expressão dos sentimentos) - era um recurso que visava a intensificar a sensação de profundidade. Realista, abrangendo todas as camadas sociais. Escolha de cenas no seu momento de maior intensidade dramática. A luz não aparece por um meio natural, mas sim projetada para guiar o olhar do observador até o acontecimento principal da obra, como acontece na obra "Vocação de São Mateus", de Caravaggio.</dbpedia-owl:abstract>
    <dbpedia-owl:abstract xml:lang="de">Die Malerei des Barock wird in der Kunstgeschichte als stilistischer Wandel zur Malerei der Renaissance beschrieben. Ihre Wurzeln und Anfänge liegen im Italien des ausgehenden 16. Jahrhunderts. Der Epochebegriff fand seit Mitte des 19. Jahrhunderts Bezeichnung. Rom war das bedeutende Zentrum Italiens im Seicento (17. Jahrhundert). Von den dort ansässigen Malern Annibale Carracci und Michelangelo da Caravaggio gingen die entscheidenden Impulse für die Entwicklung der Malerei im übrigen Europa aus. Die Malerei wurde im Laufe des 17. Jahrhunderts verstärkt funktionalisiert; entweder von der Kirche in den Dienst der gegenreformatorischen Bewegung gestellt oder von den absolutistischen Höfen programmatisch zur Verherrlichung des Regenten eingesetzt. Das Tafelbild entwickelte sich zu einem immer begehrteren Sammelobjekt für Adlige, Könige, Höflinge und das sich emanzipierende Bürgertum. Bedeutende Maler der Barockzeit in Italien sind die Gebrüder Agostino und Annibale Carracci, Michelangelo da Caravaggio, Guido Reni und Giovanni Tiepolo, in Spanien El Greco, Bartolomé Murillo und Diego Velázquez, in Frankreich Nicolas Poussin, Claude Vignon und Claude Lorrain, in Deutschland Adam Elsheimer, Cosmas Damian Asam, Johannes Zick und dessen Sohn Januarius, Joseph Wannenmacher, in Tirol Stephan Kessler und in den Niederlanden Peter Paul Rubens, Rembrandt und Vermeer.</dbpedia-owl:abstract>
    <dbpedia-owl:abstract xml:lang="ru">Живопись барокко или барочная живопись — живописные произведения периода барокко в культуре XVI—XVII веков, тогда как в политическом плане исторический период разделяется на Абсолютизм и Контрреформацию. Живопись барокко характеризуется динамизмом, «плоскостью» и пышностью форм, самые характерные черты барокко — броская цветистость и динамичность; яркий пример — Рубенс, Караваджо.</dbpedia-owl:abstract>
    <dbpedia-owl:abstract xml:lang="en">Baroque painting is the painting associated with the Baroque cultural movement. The movement is often identified with Absolutism, the Counter Reformation and Catholic Revival, but the existence of important Baroque art and architecture in non-absolutist and Protestant states throughout Western Europe underscores its widespread popularity. Baroque painting encompasses a great range of styles, as most important and major painting during the period beginning around 1600 and continuing throughout the 17th century, and into the early 18th century is identified today as Baroque painting. In its most typical manifestations, Baroque art is characterized by great drama, rich, deep colour, and intense light and dark shadows, but the classicism of French Baroque painters like Poussin and Dutch genre painters such as Vermeer are also covered by the term, at least in English. As opposed to Renaissance art, which usually showed the moment before an event took place, Baroque artists chose the most dramatic point, the moment when the action was occurring: Michelangelo, working in the High Renaissance, shows his David composed and still before he battles Goliath; Bernini's baroque David is caught in the act of hurling the stone at the giant. Baroque art was meant to evoke emotion and passion instead of the calm rationality that had been prized during the Renaissance. Among the greatest painters of the Baroque period are Caravaggio, Rembrandt, Rubens, Velázquez, Poussin, and Vermeer. Caravaggio is an heir of the humanist painting of the High Renaissance. His realistic approach to the human figure, painted directly from life and dramatically spotlit against a dark background, shocked his contemporaries and opened a new chapter in the history of painting. Baroque painting often dramatizes scenes using chiaroscuro light effects; this can be seen in works by Rembrandt, Vermeer, Le Nain and La Tour. The Flemish painter Antony Van Dyck developed a graceful but imposing portrait style that was very influential, especially in England. The prosperity of 17th century Holland led to an enormous production of art by large numbers of painters who were mostly highly specialized and painted only genre scenes, landscapes, Still-lifes, portraits or History paintings. Technical standards were very high, and Dutch Golden Age painting established a new repertoire of subjects that was very influential until the arrival of Modernism.</dbpedia-owl:abstract>
    <dbpedia-owl:wikiPageID rdf:datatype="http://www.w3.org/2001/XMLSchema#integer">52688</dbpedia-owl:wikiPageID>
    <dbpedia-owl:wikiPageRevisionID rdf:datatype="http://www.w3.org/2001/XMLSchema#integer">545315225</dbpedia-owl:wikiPageRevisionID>
    <rdfs:label xml:lang="ja">バロック絵画</rdfs:label>
    <rdfs:label xml:lang="it">Pittura barocca</rdfs:label>
    <rdfs:label xml:lang="pt">Pintura do Barroco</rdfs:label>
    <rdfs:label xml:lang="en">Baroque painting</rdfs:label>
    <rdfs:label xml:lang="de">Barock (Malerei)</rdfs:label>
    <rdfs:label xml:lang="ru">Барокко в живописи</rdfs:label>
    <rdfs:label xml:lang="es">Pintura del Barroco</rdfs:label>
    <rdfs:label xml:lang="fr">Peinture baroque</rdfs:label>
    <foaf:depiction rdf:resource="http://upload.wikimedia.org/wikipedia/commons/2/28/The_Nightwatch_by_Rembrandt.jpg"/>
    <rdfs:comment xml:lang="de">Die Malerei des Barock wird in der Kunstgeschichte als stilistischer Wandel zur Malerei der Renaissance beschrieben. Ihre Wurzeln und Anfänge liegen im Italien des ausgehenden 16. Jahrhunderts. Der Epochebegriff fand seit Mitte des 19. Jahrhunderts Bezeichnung. Rom war das bedeutende Zentrum Italiens im Seicento (17. Jahrhundert).</rdfs:comment>
    <rdfs:comment xml:lang="ja">バロック絵画（バロックかいが）は、16世紀末から18世紀なかばの西洋芸術運動であるバロック様式に分類される絵画。バロックは絶対王政、カトリック改革、カトリック復興などと深い関連があり、ときには一体化したものと見なされることもあるが、バロック美術とバロック建築の傑作は絶対主義やキリスト教とは無関係に、作品自身が持つ魅力によって広く親しまれ、受け入れられている。 もっとも重要で有名なバロック絵画は1600年ごろから18世紀初頭にかけて描かれた。バロック絵画は劇的な描写技法、豊かで深い色彩、強い明暗法などで特徴づけられる。ルネサンス美術とは異なり、バロック美術では大げさで芝居がかったような場面描写が好まれ、動的な躍動感あふれる作品が多く制作された。盛期ルネサンスの代表的な芸術家ミケランジェロは彫刻ダビデ像を、ゴリアテとの戦いを控えて沈思する人物として表現した。一方、バロックの代表的な芸術家ベルニーニは、ゴリアテに向かって石を投げつける瞬間をとらえたダビデ像 を制作している。ルネサンス美術で賞賛された冷徹な理性ではなく、バロック美術では一瞬の感情や情熱の表現を追求していた。 バロック絵画を代表する画家として、イタリアのカラヴァッジョ、オランダのレンブラント、フェルメール、フランドルのルーベンス、スペインのベラスケス、フランスのプッサンらの名前があげられる。バロック絵画にはカラヴァッジョが多用した明暗法の一種であるキアロスクーロの使用によって劇的な物語性を表現した画家が多い。カラヴァッジョは盛期ルネサンスの人文主義を受け継ぎ、自身が独自に発展させた人物を写実的に描く手法と強烈なキアロスクーロを用いて劇的な効果をもたらす技法は同時代の芸術家たちの大きな影響を与え、西洋美術史に新たな流れを生み出した。その他にフランドルの画家アンソニー・ヴァン・ダイクが描いた優美かつ力強い肖像画も、とくにイングランドで大きな影響を及ぼした絵画である。 17世紀オランダの隆盛は巨大な美術市場を形成し、画家たちは風景画、静物画、肖像画、歴史画、風俗画など、さまざまなジャンルに特化した作品を描いた。当時のオランダ人画家たちの絵画技術は非常に高く、20世紀のモダニズム萌芽まで美術界に影響を与え続けた。</rdfs:comment>
    <rdfs:comment xml:lang="pt">Para informações gerais sobre o Barroco: 17pxVer artigo principal: Barroco A pintura barroca é uma pintura realista, concentrada nos retratos no interior das casas, nas paisagens, nas naturezas mortas e nas cenas populares (barroco holandês). No norte da Europa, Rembrandt e Vermeer ampliaram os limites do realismo. Por outro lado, a expansão e o fortalecimento do protestantismo fizeram com que os católicos utilizassem a pintura como um instrumento de divulgação da sua doutrina.</rdfs:comment>
    <rdfs:comment xml:lang="ru">Живопись барокко или барочная живопись — живописные произведения периода барокко в культуре XVI—XVII веков, тогда как в политическом плане исторический период разделяется на Абсолютизм и Контрреформацию. Живопись барокко характеризуется динамизмом, «плоскостью» и пышностью форм, самые характерные черты барокко — броская цветистость и динамичность; яркий пример — Рубенс, Караваджо.</rdfs:comment>
    <rdfs:comment xml:lang="en">Baroque painting is the painting associated with the Baroque cultural movement. The movement is often identified with Absolutism, the Counter Reformation and Catholic Revival, but the existence of important Baroque art and architecture in non-absolutist and Protestant states throughout Western Europe underscores its widespread popularity.</rdfs:comment>
    <rdfs:comment xml:lang="it">Architetti, scultori e pittori diventano, grazie alle loro opere, il tramite necessario per toccare con efficacia l'animo dei fedeli. Quindi l'arte diventa un mezzo della Chiesa cattolica trionfante per persuadere gli eretici, i dubbiosi, ed arginare la pressione protestante sui confini francesi e italiani.</rdfs:comment>
    <rdfs:comment xml:lang="es">La pintura barroca es la pintura relacionada con el movimiento cultural barroco. El movimiento a menudo se le identifica con el absolutismo, la Contrarreforma y el renacimiento católico, pero la existencia de importante arte y arquitectura barrocos en países no absolutistas y protestantes por toda Europa Occidental evidencian su amplia popularidad.</rdfs:comment>
    <rdfs:comment xml:lang="fr">La peinture baroque est liée au mouvement culturel baroque qui est souvent assimilé à l’absolutisme et à la Contre-Réforme.</rdfs:comment>
    <dbpedia-owl:thumbnail rdf:resource="http://upload.wikimedia.org/wikipedia/commons/thumb/2/28/The_Nightwatch_by_Rembrandt.jpg/200px-The_Nightwatch_by_Rembrandt.jpg"/>
    <foaf:isPrimaryTopicOf rdf:resource="http://en.wikipedia.org/wiki/Baroque_painting"/>
    <ns7:wasDerivedFrom rdf:resource="http://en.wikipedia.org/wiki/Baroque_painting?oldid=545315225"/>
    <dbpprop:hasPhotoCollection rdf:resource="http://wifo5-03.informatik.uni-mannheim.de/flickrwrappr/photos/Baroque_painting"/>
  </rdf:Description>
  <rdf:Description rdf:about="http://dbpedia.org/resource/Hyacinthe_Rigaud">
    <dbpedia-owl:movement rdf:resource="http://dbpedia.org/resource/Baroque_painting"/>
    <dbpprop:movement rdf:resource="http://dbpedia.org/resource/Baroque_painting"/>
  </rdf:Description>
  <rdf:Description rdf:about="http://dbpedia.org/resource/Baroque_Painting">
    <dbpedia-owl:wikiPageRedirects rdf:resource="http://dbpedia.org/resource/Baroque_painting"/>
  </rdf:Description>
  <rdf:Description rdf:about="http://dbpedia.org/resource/Govert_Flinck">
    <dbpedia-owl:movement rdf:resource="http://dbpedia.org/resource/Baroque_painting"/>
  </rdf:Description>
  <rdf:Description rdf:about="http://dbpedia.org/resource/Baroque_painter">
    <dbpedia-owl:wikiPageRedirects rdf:resource="http://dbpedia.org/resource/Baroque_painting"/>
  </rdf:Description>
  <rdf:Description rdf:about="http://de.dbpedia.org/resource/Barock_(Malerei)">
    <owl:sameAs rdf:resource="http://dbpedia.org/resource/Baroque_painting"/>
  </rdf:Description>
  <rdf:Description rdf:about="http://pt.dbpedia.org/resource/Pintura_do_Barroco">
    <owl:sameAs rdf:resource="http://dbpedia.org/resource/Baroque_painting"/>
  </rdf:Description>
  <rdf:Description rdf:about="http://dbpedia.org/resource/Baroque_(disambiguation)">
    <dbpedia-owl:wikiPageDisambiguates rdf:resource="http://dbpedia.org/resource/Baroque_painting"/>
  </rdf:Description>
  <rdf:Description rdf:about="http://en.wikipedia.org/wiki/Baroque_painting">
    <foaf:primaryTopic rdf:resource="http://dbpedia.org/resource/Baroque_painting"/>
  </rdf:Description>
  <rdf:Description rdf:about="http://wikidata.dbpedia.org/resource/Q808561">
    <owl:sameAs rdf:resource="http://dbpedia.org/resource/Baroque_painting"/>
  </rdf:Description>
  <rdf:Description rdf:about="http://ca.dbpedia.org/resource/Pintura_barroca">
    <owl:sameAs rdf:resource="http://dbpedia.org/resource/Baroque_painting"/>
  </rdf:Description>
  <rdf:Description rdf:about="http://eo.dbpedia.org/resource/Baroka_pentrado">
    <owl:sameAs rdf:resource="http://dbpedia.org/resource/Baroque_painting"/>
  </rdf:Description>
  <rdf:Description rdf:about="http://hr.dbpedia.org/resource/Barokno_slikarstvo">
    <owl:sameAs rdf:resource="http://dbpedia.org/resource/Baroque_painting"/>
  </rdf:Description>
  <rdf:Description rdf:about="http://mk.dbpedia.org/resource/Барокна_уметност">
    <owl:sameAs rdf:resource="http://dbpedia.org/resource/Baroque_painting"/>
  </rdf:Description>
  <rdf:Description rdf:about="http://sk.dbpedia.org/resource/Barokové_maliarstvo">
    <owl:sameAs rdf:resource="http://dbpedia.org/resource/Baroque_painting"/>
  </rdf:Description>
  <rdf:Description rdf:about="http://sl.dbpedia.org/resource/Baročno_slikarstvo">
    <owl:sameAs rdf:resource="http://dbpedia.org/resource/Baroque_painting"/>
  </rdf:Description>
  <rdf:Description rdf:about="http://sr.dbpedia.org/resource/Сликарство_барока">
    <owl:sameAs rdf:resource="http://dbpedia.org/resource/Baroque_painting"/>
  </rdf:Description>
  <rdf:Description rdf:about="http://th.dbpedia.org/resource/จิตรกรรมยุคบาโรก">
    <owl:sameAs rdf:resource="http://dbpedia.org/resource/Baroque_painting"/>
  </rdf:Description>
  <rdf:Description rdf:about="http://uk.dbpedia.org/resource/Живопис_бароко">
    <owl:sameAs rdf:resource="http://dbpedia.org/resource/Baroque_painting"/>
  </rdf:Description>
</rdf:RDF>
