<rdf:RDF xmlns:ns7="http://www.w3.org/ns/prov#" xmlns:dbpprop="http://dbpedia.org/property/" xmlns:foaf="http://xmlns.com/foaf/0.1/" xmlns:dbpedia-owl="http://dbpedia.org/ontology/" xmlns:dcterms="http://purl.org/dc/terms/" xmlns:owl="http://www.w3.org/2002/07/owl#" xmlns:rdfs="http://www.w3.org/2000/01/rdf-schema#" xmlns:rdf="http://www.w3.org/1999/02/22-rdf-syntax-ns#">
  <rdf:Description rdf:about="http://dbpedia.org/resource/James_Mayer_de_Rothschild">
    <dbpedia-owl:spouse rdf:resource="http://dbpedia.org/resource/Baronne_de_Rothschild"/>
    <dbpprop:spouse rdf:resource="http://dbpedia.org/resource/Baronne_de_Rothschild"/>
  </rdf:Description>
  <rdf:Description rdf:about="http://dbpedia.org/resource/Baronne_de_Rothschild">
    <rdf:type rdf:resource="http://dbpedia.org/class/yago/PaintingsByJeanAugusteDominiqueIngres"/>
    <rdf:type rdf:resource="http://schema.org/Person"/>
    <rdf:type rdf:resource="http://dbpedia.org/ontology/Agent"/>
    <rdf:type rdf:resource="http://dbpedia.org/class/yago/Object100002684"/>
    <rdf:type rdf:resource="http://www.w3.org/2002/07/owl#Thing"/>
    <rdf:type rdf:resource="http://dbpedia.org/class/yago/GraphicArt103453809"/>
    <rdf:type rdf:resource="http://dbpedia.org/class/yago/Whole100003553"/>
    <rdf:type rdf:resource="http://dbpedia.org/ontology/Person"/>
    <rdf:type rdf:resource="http://dbpedia.org/class/yago/Painting103876519"/>
    <rdf:type rdf:resource="http://dbpedia.org/class/yago/PhysicalEntity100001930"/>
    <rdf:type rdf:resource="http://dbpedia.org/class/yago/1848Paintings"/>
    <rdf:type rdf:resource="http://xmlns.com/foaf/0.1/Person"/>
    <rdf:type rdf:resource="http://dbpedia.org/class/yago/Artifact100021939"/>
    <rdf:type rdf:resource="http://dbpedia.org/class/yago/Creation103129123"/>
    <rdf:type rdf:resource="http://dbpedia.org/class/yago/Art102743547"/>
    <owl:sameAs rdf:resource="http://www.wikidata.org/entity/Q4862984"/>
    <owl:sameAs rdf:resource="http://dbpedia.org/resource/Baronne_de_Rothschild"/>
    <owl:sameAs rdf:resource="http://rdf.freebase.com/ns/m.0g9xx7s"/>
    <owl:sameAs rdf:resource="http://yago-knowledge.org/resource/Baronne_de_Rothschild"/>
    <dcterms:subject rdf:resource="http://dbpedia.org/resource/Category:1848_paintings"/>
    <dcterms:subject rdf:resource="http://dbpedia.org/resource/Category:Rothschild_family"/>
    <dcterms:subject rdf:resource="http://dbpedia.org/resource/Category:Paintings_by_Jean_Auguste_Dominique_Ingres"/>
    <dcterms:subject rdf:resource="http://dbpedia.org/resource/Category:19th-century_portraits"/>
    <dbpedia-owl:abstract xml:lang="en">Baronne de Rothschild is a 1848 oil and canvas portrait by the French Neoclassical artist Jean Auguste Dominique Ingres. The sitter, Betty de Rothschild (1805-1886) had married banker James Mayer de Rothschild and was one of the wealthiest women in northern Europe, and one of the foremost Parisian patrons of the arts. Her beauty and elegance were widely known and celebrated, and inspired Heinrich Heine's poem The Angel. For her portrait, Ingres sought to infuse symbols of her material wealth with the dignity, grace and beauty of Renaissance art, especially that of Raphael, while at the same time adhering to the command of line as practiced by Jan van Eyck. It is this combination which, according to art historians, places Ingres' so far apart from his early modernist contemporaries. Betty de Rothschild's portrait is regarded as one of Ingres' most accomplished works, and has been described as "perhaps the most sumptuous yet approachable image of mid-nineteenth-century opulence."</dbpedia-owl:abstract>
    <dbpedia-owl:wikiPageID rdf:datatype="http://www.w3.org/2001/XMLSchema#integer">30476965</dbpedia-owl:wikiPageID>
    <dbpedia-owl:wikiPageRevisionID rdf:datatype="http://www.w3.org/2001/XMLSchema#integer">546664866</dbpedia-owl:wikiPageRevisionID>
    <rdfs:label xml:lang="en">Baronne de Rothschild</rdfs:label>
    <foaf:depiction rdf:resource="http://upload.wikimedia.org/wikipedia/commons/5/5b/Jean_auguste_dominique_ingres_baronne_james_de_rothschild.jpg"/>
    <rdfs:comment xml:lang="en">Baronne de Rothschild is a 1848 oil and canvas portrait by the French Neoclassical artist Jean Auguste Dominique Ingres. The sitter, Betty de Rothschild (1805-1886) had married banker James Mayer de Rothschild and was one of the wealthiest women in northern Europe, and one of the foremost Parisian patrons of the arts. Her beauty and elegance were widely known and celebrated, and inspired Heinrich Heine's poem The Angel.</rdfs:comment>
    <dbpedia-owl:thumbnail rdf:resource="http://upload.wikimedia.org/wikipedia/commons/thumb/5/5b/Jean_auguste_dominique_ingres_baronne_james_de_rothschild.jpg/200px-Jean_auguste_dominique_ingres_baronne_james_de_rothschild.jpg"/>
    <dbpedia-owl:wikiPageExternalLink rdf:resource="http://commons.wikimedia.org/wiki/File:Ferdinand-P.JPG"/>
    <foaf:isPrimaryTopicOf rdf:resource="http://en.wikipedia.org/wiki/Baronne_de_Rothschild"/>
    <ns7:wasDerivedFrom rdf:resource="http://en.wikipedia.org/wiki/Baronne_de_Rothschild?oldid=546664866"/>
    <dbpprop:hasPhotoCollection rdf:resource="http://wifo5-03.informatik.uni-mannheim.de/flickrwrappr/photos/Baronne_de_Rothschild"/>
  </rdf:Description>
  <rdf:Description rdf:about="http://dbpedia.org/resource/Salomon_Mayer_von_Rothschild">
    <dbpedia-owl:child rdf:resource="http://dbpedia.org/resource/Baronne_de_Rothschild"/>
    <dbpprop:children rdf:resource="http://dbpedia.org/resource/Baronne_de_Rothschild"/>
  </rdf:Description>
  <rdf:Description rdf:about="http://en.wikipedia.org/wiki/Baronne_de_Rothschild">
    <foaf:primaryTopic rdf:resource="http://dbpedia.org/resource/Baronne_de_Rothschild"/>
  </rdf:Description>
  <rdf:Description rdf:about="http://wikidata.dbpedia.org/resource/Q4862984">
    <owl:sameAs rdf:resource="http://dbpedia.org/resource/Baronne_de_Rothschild"/>
  </rdf:Description>
</rdf:RDF>
