<rdf:RDF xmlns:dbpprop="http://dbpedia.org/property/" xmlns:grs="http://www.georss.org/georss/" xmlns:ns7="http://www.w3.org/ns/prov#" xmlns:geo="http://www.w3.org/2003/01/geo/wgs84_pos#" xmlns:foaf="http://xmlns.com/foaf/0.1/" xmlns:dbpedia-owl="http://dbpedia.org/ontology/" xmlns:dcterms="http://purl.org/dc/terms/" xmlns:owl="http://www.w3.org/2002/07/owl#" xmlns:rdfs="http://www.w3.org/2000/01/rdf-schema#" xmlns:rdf="http://www.w3.org/1999/02/22-rdf-syntax-ns#">
  <rdf:Description rdf:about="http://it.dbpedia.org/resource/Cappella_Baroncelli">
    <owl:sameAs rdf:resource="http://dbpedia.org/resource/Baroncelli_Chapel"/>
  </rdf:Description>
  <rdf:Description rdf:about="http://dbpedia.org/resource/Baroncelli_Chapel">
    <rdf:type rdf:resource="http://dbpedia.org/class/yago/1320sPaintings"/>
    <rdf:type rdf:resource="http://www.opengis.net/gml/_Feature"/>
    <rdf:type rdf:resource="http://dbpedia.org/class/yago/PaintingsByGiotto"/>
    <rdf:type rdf:resource="http://dbpedia.org/class/yago/Whole100003553"/>
    <rdf:type rdf:resource="http://dbpedia.org/class/yago/Object100002684"/>
    <rdf:type rdf:resource="http://dbpedia.org/class/yago/Art102743547"/>
    <rdf:type rdf:resource="http://dbpedia.org/class/yago/PhysicalEntity100001930"/>
    <rdf:type rdf:resource="http://dbpedia.org/class/yago/Painting103876519"/>
    <rdf:type rdf:resource="http://dbpedia.org/class/yago/Artifact100021939"/>
    <rdf:type rdf:resource="http://dbpedia.org/class/yago/GraphicArt103453809"/>
    <rdf:type rdf:resource="http://dbpedia.org/class/yago/Creation103129123"/>
    <owl:sameAs rdf:resource="http://www.wikidata.org/entity/Q3657323"/>
    <owl:sameAs rdf:resource="http://rdf.freebase.com/ns/m.0gvs4pr"/>
    <owl:sameAs rdf:resource="http://yago-knowledge.org/resource/Baroncelli_Chapel"/>
    <owl:sameAs rdf:resource="http://dbpedia.org/resource/Baroncelli_Chapel"/>
    <owl:sameAs rdf:resource="http://it.dbpedia.org/resource/Cappella_Baroncelli"/>
    <dcterms:subject rdf:resource="http://dbpedia.org/resource/Category:Paintings_by_Giotto"/>
    <dcterms:subject rdf:resource="http://dbpedia.org/resource/Category:Chapels_in_Florence"/>
    <dcterms:subject rdf:resource="http://dbpedia.org/resource/Category:1320s_paintings"/>
    <dbpedia-owl:abstract xml:lang="it">La Cappella Baroncelli si trova alla testata del transetto destro della Basilica di Santa Croce a Firenze. Fu affrescata tra il 1328 e il 1338 da Taddeo Gaddi.</dbpedia-owl:abstract>
    <dbpedia-owl:abstract xml:lang="en">The Baroncelli Chapel is a chapel located at the transept's end of the church of Santa Croce, Florence, central Italy. It has frescoes by Taddeo Gaddi executed between 1328 and 1338.</dbpedia-owl:abstract>
    <dbpedia-owl:wikiPageID rdf:datatype="http://www.w3.org/2001/XMLSchema#integer">31996889</dbpedia-owl:wikiPageID>
    <dbpedia-owl:wikiPageRevisionID rdf:datatype="http://www.w3.org/2001/XMLSchema#integer">547668898</dbpedia-owl:wikiPageRevisionID>
    <rdfs:label xml:lang="it">Cappella Baroncelli</rdfs:label>
    <rdfs:label xml:lang="en">Baroncelli Chapel</rdfs:label>
    <foaf:depiction rdf:resource="http://upload.wikimedia.org/wikipedia/commons/e/e9/Cappella_baroncelli_001.JPG"/>
    <rdfs:comment xml:lang="en">The Baroncelli Chapel is a chapel located at the transept's end of the church of Santa Croce, Florence, central Italy. It has frescoes by Taddeo Gaddi executed between 1328 and 1338.</rdfs:comment>
    <rdfs:comment xml:lang="it">La Cappella Baroncelli si trova alla testata del transetto destro della Basilica di Santa Croce a Firenze. Fu affrescata tra il 1328 e il 1338 da Taddeo Gaddi.</rdfs:comment>
    <dbpedia-owl:thumbnail rdf:resource="http://upload.wikimedia.org/wikipedia/commons/thumb/e/e9/Cappella_baroncelli_001.JPG/200px-Cappella_baroncelli_001.JPG"/>
    <geo:geometry rdf:datatype="http://www.openlinksw.com/schemas/virtrdf#Geometry">POINT(11.2633 43.7681)</geo:geometry>
    <foaf:isPrimaryTopicOf rdf:resource="http://en.wikipedia.org/wiki/Baroncelli_Chapel"/>
    <geo:long rdf:datatype="http://www.w3.org/2001/XMLSchema#float">11.2633</geo:long>
    <geo:lat rdf:datatype="http://www.w3.org/2001/XMLSchema#float">43.7681</geo:lat>
    <ns7:wasDerivedFrom rdf:resource="http://en.wikipedia.org/wiki/Baroncelli_Chapel?oldid=547668898"/>
    <grs:point xml:lang="en">43.768055555555556 11.263333333333334</grs:point>
    <dbpprop:hasPhotoCollection rdf:resource="http://wifo5-03.informatik.uni-mannheim.de/flickrwrappr/photos/Baroncelli_Chapel"/>
  </rdf:Description>
  <rdf:Description rdf:about="http://dbpedia.org/resource/Baroncelli_Polyptych">
    <dbpedia-owl:wikiPageRedirects rdf:resource="http://dbpedia.org/resource/Baroncelli_Chapel"/>
  </rdf:Description>
  <rdf:Description rdf:about="http://dbpedia.org/resource/Cappella_Baroncelli">
    <dbpedia-owl:wikiPageRedirects rdf:resource="http://dbpedia.org/resource/Baroncelli_Chapel"/>
  </rdf:Description>
  <rdf:Description rdf:about="http://en.wikipedia.org/wiki/Baroncelli_Chapel">
    <foaf:primaryTopic rdf:resource="http://dbpedia.org/resource/Baroncelli_Chapel"/>
  </rdf:Description>
  <rdf:Description rdf:about="http://wikidata.dbpedia.org/resource/Q3657323">
    <owl:sameAs rdf:resource="http://dbpedia.org/resource/Baroncelli_Chapel"/>
  </rdf:Description>
</rdf:RDF>
