<rdf:RDF xmlns:dbpprop="http://dbpedia.org/property/" xmlns:grs="http://www.georss.org/georss/" xmlns:ns7="http://www.w3.org/ns/prov#" xmlns:geo="http://www.w3.org/2003/01/geo/wgs84_pos#" xmlns:foaf="http://xmlns.com/foaf/0.1/" xmlns:dbpedia-owl="http://dbpedia.org/ontology/" xmlns:dcterms="http://purl.org/dc/terms/" xmlns:owl="http://www.w3.org/2002/07/owl#" xmlns:rdfs="http://www.w3.org/2000/01/rdf-schema#" xmlns:rdf="http://www.w3.org/1999/02/22-rdf-syntax-ns#">
  <rdf:Description rdf:about="http://dbpedia.org/resource/Bartolini-Salimbeni_Chapel">
    <dbpedia-owl:wikiPageRedirects rdf:resource="http://dbpedia.org/resource/Bartolini_Salimbeni_Chapel"/>
  </rdf:Description>
  <rdf:Description rdf:about="http://it.dbpedia.org/resource/Cappella_Bartolini_Salimbeni">
    <owl:sameAs rdf:resource="http://dbpedia.org/resource/Bartolini_Salimbeni_Chapel"/>
  </rdf:Description>
  <rdf:Description rdf:about="http://dbpedia.org/resource/Bartolini_Salimbeni_Chapel">
    <rdf:type rdf:resource="http://dbpedia.org/class/yago/GothicPaintings"/>
    <rdf:type rdf:resource="http://dbpedia.org/class/yago/Object100002684"/>
    <rdf:type rdf:resource="http://www.opengis.net/gml/_Feature"/>
    <rdf:type rdf:resource="http://dbpedia.org/class/yago/Whole100003553"/>
    <rdf:type rdf:resource="http://dbpedia.org/class/yago/Art102743547"/>
    <rdf:type rdf:resource="http://dbpedia.org/class/yago/Artifact100021939"/>
    <rdf:type rdf:resource="http://dbpedia.org/class/yago/Creation103129123"/>
    <rdf:type rdf:resource="http://dbpedia.org/class/yago/LorenzoMonacoPaintings"/>
    <rdf:type rdf:resource="http://dbpedia.org/class/yago/1420sPaintings"/>
    <rdf:type rdf:resource="http://dbpedia.org/class/yago/Painting103876519"/>
    <rdf:type rdf:resource="http://dbpedia.org/class/yago/PhysicalEntity100001930"/>
    <rdf:type rdf:resource="http://dbpedia.org/class/yago/GraphicArt103453809"/>
    <owl:sameAs rdf:resource="http://www.wikidata.org/entity/Q3657324"/>
    <owl:sameAs rdf:resource="http://it.dbpedia.org/resource/Cappella_Bartolini_Salimbeni"/>
    <owl:sameAs rdf:resource="http://yago-knowledge.org/resource/Bartolini_Salimbeni_Chapel"/>
    <owl:sameAs rdf:resource="http://dbpedia.org/resource/Bartolini_Salimbeni_Chapel"/>
    <owl:sameAs rdf:resource="http://rdf.freebase.com/ns/m.0gty40s"/>
    <dcterms:subject rdf:resource="http://dbpedia.org/resource/Category:Gothic_paintings"/>
    <dcterms:subject rdf:resource="http://dbpedia.org/resource/Category:Lorenzo_Monaco_paintings"/>
    <dcterms:subject rdf:resource="http://dbpedia.org/resource/Category:1420s_paintings"/>
    <dbpedia-owl:abstract xml:lang="it">La Cappella Bartolini Salimbeni è la quarta cappella della navata destra della basilica di Santa Trinita a Firenze. Interamente affrescata da Lorenzo Monaco, si tratta di uno dei migliori esempi superstiti di affreschi in stile gotico internazionale in Italia. La cappella è inoltre ancora dotata di alcuni arredi originali, quali la cancellata quattrocentesca e la pala dell'Annunciazione, sempre di Lorenzo Monaco. Gli affreschi risalgono agli anni venti del Quattrocento e sono tra le ultime opere dell'artista.</dbpedia-owl:abstract>
    <dbpedia-owl:abstract xml:lang="en">The Bartolini Salimbeni Chapel is a chapel in the church of Santa Trinita, Florence, central Italy. Its decoration by Lorenzo Monaco, dating to the 1420s, are one of the few surviving examples of International Gothic frescoes in Italy. The chapels has kept other original elements, such as its altarpiece, an Annunciation, also by Lorenzo Monaco, and the railings.</dbpedia-owl:abstract>
    <dbpedia-owl:wikiPageID rdf:datatype="http://www.w3.org/2001/XMLSchema#integer">31843712</dbpedia-owl:wikiPageID>
    <dbpedia-owl:wikiPageRevisionID rdf:datatype="http://www.w3.org/2001/XMLSchema#integer">546159634</dbpedia-owl:wikiPageRevisionID>
    <rdfs:label xml:lang="it">Cappella Bartolini Salimbeni</rdfs:label>
    <rdfs:label xml:lang="en">Bartolini Salimbeni Chapel</rdfs:label>
    <foaf:depiction rdf:resource="http://upload.wikimedia.org/wikipedia/commons/d/d9/Santa_Trinita_4_Bartolini.jpg"/>
    <rdfs:comment xml:lang="it">La Cappella Bartolini Salimbeni è la quarta cappella della navata destra della basilica di Santa Trinita a Firenze. Interamente affrescata da Lorenzo Monaco, si tratta di uno dei migliori esempi superstiti di affreschi in stile gotico internazionale in Italia. La cappella è inoltre ancora dotata di alcuni arredi originali, quali la cancellata quattrocentesca e la pala dell'Annunciazione, sempre di Lorenzo Monaco.</rdfs:comment>
    <rdfs:comment xml:lang="en">The Bartolini Salimbeni Chapel is a chapel in the church of Santa Trinita, Florence, central Italy. Its decoration by Lorenzo Monaco, dating to the 1420s, are one of the few surviving examples of International Gothic frescoes in Italy. The chapels has kept other original elements, such as its altarpiece, an Annunciation, also by Lorenzo Monaco, and the railings.</rdfs:comment>
    <dbpedia-owl:thumbnail rdf:resource="http://upload.wikimedia.org/wikipedia/commons/thumb/d/d9/Santa_Trinita_4_Bartolini.jpg/200px-Santa_Trinita_4_Bartolini.jpg"/>
    <geo:geometry rdf:datatype="http://www.openlinksw.com/schemas/virtrdf#Geometry">POINT(11.2508 43.7703)</geo:geometry>
    <foaf:isPrimaryTopicOf rdf:resource="http://en.wikipedia.org/wiki/Bartolini_Salimbeni_Chapel"/>
    <geo:long rdf:datatype="http://www.w3.org/2001/XMLSchema#float">11.2508</geo:long>
    <geo:lat rdf:datatype="http://www.w3.org/2001/XMLSchema#float">43.7703</geo:lat>
    <ns7:wasDerivedFrom rdf:resource="http://en.wikipedia.org/wiki/Bartolini_Salimbeni_Chapel?oldid=546159634"/>
    <grs:point xml:lang="en">43.77027777777778 11.250833333333333</grs:point>
    <dbpprop:hasPhotoCollection rdf:resource="http://wifo5-03.informatik.uni-mannheim.de/flickrwrappr/photos/Bartolini_Salimbeni_Chapel"/>
  </rdf:Description>
  <rdf:Description rdf:about="http://en.wikipedia.org/wiki/Bartolini_Salimbeni_Chapel">
    <foaf:primaryTopic rdf:resource="http://dbpedia.org/resource/Bartolini_Salimbeni_Chapel"/>
  </rdf:Description>
  <rdf:Description rdf:about="http://wikidata.dbpedia.org/resource/Q3657324">
    <owl:sameAs rdf:resource="http://dbpedia.org/resource/Bartolini_Salimbeni_Chapel"/>
  </rdf:Description>
</rdf:RDF>
