<rdf:RDF xmlns:ns7="http://www.w3.org/ns/prov#" xmlns:dbpprop="http://dbpedia.org/property/" xmlns:foaf="http://xmlns.com/foaf/0.1/" xmlns:dbpedia-owl="http://dbpedia.org/ontology/" xmlns:dcterms="http://purl.org/dc/terms/" xmlns:owl="http://www.w3.org/2002/07/owl#" xmlns:rdfs="http://www.w3.org/2000/01/rdf-schema#" xmlns:rdf="http://www.w3.org/1999/02/22-rdf-syntax-ns#">
  <rdf:Description rdf:about="http://en.wikipedia.org/wiki/Battle_of_Grunwald_(painting)">
    <foaf:primaryTopic rdf:resource="http://dbpedia.org/resource/Battle_of_Grunwald_(painting)"/>
  </rdf:Description>
  <rdf:Description rdf:about="http://pl.dbpedia.org/resource/Bitwa_pod_Grunwaldem_(obraz_Jana_Matejki)">
    <owl:sameAs rdf:resource="http://dbpedia.org/resource/Battle_of_Grunwald_(painting)"/>
  </rdf:Description>
  <rdf:Description rdf:about="http://dbpedia.org/resource/Bitwa_pod_Grunwaldem_(painting)">
    <dbpedia-owl:wikiPageRedirects rdf:resource="http://dbpedia.org/resource/Battle_of_Grunwald_(painting)"/>
  </rdf:Description>
  <rdf:Description rdf:about="http://dbpedia.org/resource/Battle_of_Grunwald_(painting)">
    <rdf:type rdf:resource="http://www.w3.org/2002/07/owl#Thing"/>
    <rdf:type rdf:resource="http://dbpedia.org/class/yago/1878Paintings"/>
    <rdf:type rdf:resource="http://dbpedia.org/class/yago/Creation103129123"/>
    <rdf:type rdf:resource="http://dbpedia.org/class/yago/Painting103876519"/>
    <rdf:type rdf:resource="http://dbpedia.org/class/yago/PaintingsByJanMatejko"/>
    <rdf:type rdf:resource="http://dbpedia.org/ontology/Work"/>
    <rdf:type rdf:resource="http://dbpedia.org/class/yago/Whole100003553"/>
    <rdf:type rdf:resource="http://schema.org/CreativeWork"/>
    <rdf:type rdf:resource="http://dbpedia.org/ontology/Artwork"/>
    <rdf:type rdf:resource="http://dbpedia.org/class/yago/Artifact100021939"/>
    <rdf:type rdf:resource="http://dbpedia.org/class/yago/Object100002684"/>
    <rdf:type rdf:resource="http://dbpedia.org/class/yago/Art102743547"/>
    <rdf:type rdf:resource="http://dbpedia.org/class/yago/GraphicArt103453809"/>
    <rdf:type rdf:resource="http://dbpedia.org/class/yago/PhysicalEntity100001930"/>
    <owl:sameAs rdf:resource="http://ro.dbpedia.org/resource/Bătălia_de_la_Grunwald_(pictură)"/>
    <owl:sameAs rdf:resource="http://www.wikidata.org/entity/Q2636368"/>
    <owl:sameAs rdf:resource="http://dbpedia.org/resource/Battle_of_Grunwald_(painting)"/>
    <owl:sameAs rdf:resource="http://lt.dbpedia.org/resource/Žalgirio_mūšis_(paveikslas)"/>
    <owl:sameAs rdf:resource="http://be_x_old.dbpedia.org/resource/Бітва_пад_Грунвальдам_(карціна_Яна_Матэйкі)"/>
    <owl:sameAs rdf:resource="http://ru.dbpedia.org/resource/Грюнвальдская_битва_(картина)"/>
    <owl:sameAs rdf:resource="http://yago-knowledge.org/resource/Battle_of_Grunwald_(painting)"/>
    <owl:sameAs rdf:resource="http://be.dbpedia.org/resource/Грунвальдская_бітва,_карціна"/>
    <owl:sameAs rdf:resource="http://rdf.freebase.com/ns/m.027qm03"/>
    <owl:sameAs rdf:resource="http://pl.dbpedia.org/resource/Bitwa_pod_Grunwaldem_(obraz_Jana_Matejki)"/>
    <dcterms:subject rdf:resource="http://dbpedia.org/resource/Category:Polish_art"/>
    <dcterms:subject rdf:resource="http://dbpedia.org/resource/Category:Paintings_by_Jan_Matejko"/>
    <dcterms:subject rdf:resource="http://dbpedia.org/resource/Category:1878_paintings"/>
    <dcterms:subject rdf:resource="http://dbpedia.org/resource/Category:War_art"/>
    <dcterms:subject rdf:resource="http://dbpedia.org/resource/Category:National_Museum,_Warsaw"/>
    <dbpedia-owl:abstract xml:lang="en">The Battle of Grunwald is a painting by Jan Matejko depicting the Battle of Grunwald and the victory of the allied Crown of the Kingdom of Poland and Grand Duchy of Lithuania over the Teutonic Order in 1410. The canvas dates to 1878 and is one of the most heroic representations of the history of Poland. It is displayed in the National Museum in Warsaw. The painting's main focus is the death scene of the Grand Master of the Teutonic Order, Ulrich von Jungingen; another central figure is the Lithuanian duke Vytautas (Witold), dressed in red with a raised sword. The painting has been both hailed and criticized for its complexity. It is one of Matejko's most recognizable works, and has likely contributed to the popular image of the battle of Grunwald, and its enduring fame in Polish consciousness.</dbpedia-owl:abstract>
    <dbpedia-owl:abstract xml:lang="ru">«Грюнвальдская битва» — грандиозная по размерам (почти 9 метров в ширину) картина польского художника Яна Матейко, написанная в 1878 году и хранящаяся в Национальном музее. Сюжет картины — Грюнвальдская битва, в которой войска Королевства Польши и Великого княжества Литовского, Русского и Жемайтского разгромили немецкий Тевтонский орден. Картина Матейко получила международную известность как характернейший пример романтического национализма. Русский живописец Илья Репин так писал об этой картине: Масса подавляющего материала в «Грюнвальдской битве». Во всех углах картины так много интересного, живого, кричащего, что просто изнемогаешь глазами и головой, воспринимая всю массу этого колоссального труда. Нет пустого местечка: и в фоне, и вдали — везде открываются новые ситуации, композиции, движения, типы, выражения. Это поражает, как бесконечная картина Вселенной. Человек в львиной шкуре, бьющий магистра Ульриха фон Юнгингена, держит в руках копьё Судьбы, которое хранилось в Вавельском замке. Во время Второй мировой войны Геббельс распорядился уничтожить картины «Грюнвальдская битва» и «Прусская дань», объявив награду в 10 млн марок за информацию об их местонахождении. Картина была спрятана патриотами близ Люблина; несколько человек были казнены за отказ раскрыть нахождение тайника.</dbpedia-owl:abstract>
    <dbpedia-owl:abstract xml:lang="pl">Bitwa pod Grunwaldem – obraz olejny Jana Matejki dedykowany Bitwie pod Grunwaldem, namalowany w latach 1875–1878, w 1878 wystawiony w pałacu Wielopolskich w Krakowie, od 1902 w zbiorach Towarzystwa Zachęty Sztuk Pięknych, dar społeczeństwa Królestwa Polskiego; od 1945 w zbiorach Muzeum Narodowego w Warszawie (nr inw. MP 443 MNW), w latach 1976–1982 w depozycie w Muzeum Zamkowym w Malborku.</dbpedia-owl:abstract>
    <dbpedia-owl:author rdf:resource="http://dbpedia.org/resource/Jan_Matejko"/>
    <dbpedia-owl:museum rdf:resource="http://dbpedia.org/resource/National_Museum,_Warsaw"/>
    <dbpedia-owl:wikiPageID rdf:datatype="http://www.w3.org/2001/XMLSchema#integer">8942430</dbpedia-owl:wikiPageID>
    <dbpedia-owl:wikiPageRevisionID rdf:datatype="http://www.w3.org/2001/XMLSchema#integer">546527402</dbpedia-owl:wikiPageRevisionID>
    <rdfs:label xml:lang="en">Battle of Grunwald (painting)</rdfs:label>
    <rdfs:label xml:lang="pl">Bitwa pod Grunwaldem (obraz Jana Matejki)</rdfs:label>
    <rdfs:label xml:lang="ru">Грюнвальдская битва (картина)</rdfs:label>
    <foaf:depiction rdf:resource="http://upload.wikimedia.org/wikipedia/commons/6/64/Grunwald_bitwa.jpg"/>
    <rdfs:comment xml:lang="en">The Battle of Grunwald is a painting by Jan Matejko depicting the Battle of Grunwald and the victory of the allied Crown of the Kingdom of Poland and Grand Duchy of Lithuania over the Teutonic Order in 1410. The canvas dates to 1878 and is one of the most heroic representations of the history of Poland. It is displayed in the National Museum in Warsaw.</rdfs:comment>
    <rdfs:comment xml:lang="ru">«Грюнвальдская битва» — грандиозная по размерам (почти 9 метров в ширину) картина польского художника Яна Матейко, написанная в 1878 году и хранящаяся в Национальном музее. Сюжет картины — Грюнвальдская битва, в которой войска Королевства Польши и Великого княжества Литовского, Русского и Жемайтского разгромили немецкий Тевтонский орден. Картина Матейко получила международную известность как характернейший пример романтического национализма.</rdfs:comment>
    <rdfs:comment xml:lang="pl">Bitwa pod Grunwaldem – obraz olejny Jana Matejki dedykowany Bitwie pod Grunwaldem, namalowany w latach 1875–1878, w 1878 wystawiony w pałacu Wielopolskich w Krakowie, od 1902 w zbiorach Towarzystwa Zachęty Sztuk Pięknych, dar społeczeństwa Królestwa Polskiego; od 1945 w zbiorach Muzeum Narodowego w Warszawie (nr inw. MP 443 MNW), w latach 1976–1982 w depozycie w Muzeum Zamkowym w Malborku.</rdfs:comment>
    <foaf:name xml:lang="en">Battle of Grunwald</foaf:name>
    <dbpedia-owl:thumbnail rdf:resource="http://upload.wikimedia.org/wikipedia/commons/thumb/6/64/Grunwald_bitwa.jpg/200px-Grunwald_bitwa.jpg"/>
    <dbpedia-owl:wikiPageExternalLink rdf:resource="http://info-poland.buffalo.edu/classroom/JM/GT.html"/>
    <dbpprop:artist rdf:resource="http://dbpedia.org/resource/Jan_Matejko"/>
    <dbpprop:city rdf:resource="http://dbpedia.org/resource/Warsaw"/>
    <dbpprop:height rdf:datatype="http://www.w3.org/2001/XMLSchema#integer">426</dbpprop:height>
    <dbpprop:imageFile xml:lang="en">Grunwald bitwa.jpg</dbpprop:imageFile>
    <dbpprop:museum rdf:resource="http://dbpedia.org/resource/National_Museum,_Warsaw"/>
    <dbpprop:title xml:lang="en">Battle of Grunwald</dbpprop:title>
    <dbpprop:type rdf:resource="http://dbpedia.org/resource/Oil_painting"/>
    <dbpprop:width rdf:datatype="http://www.w3.org/2001/XMLSchema#integer">987</dbpprop:width>
    <dbpprop:year rdf:datatype="http://www.w3.org/2001/XMLSchema#integer">1878</dbpprop:year>
    <foaf:isPrimaryTopicOf rdf:resource="http://en.wikipedia.org/wiki/Battle_of_Grunwald_(painting)"/>
    <ns7:wasDerivedFrom rdf:resource="http://en.wikipedia.org/wiki/Battle_of_Grunwald_(painting)?oldid=546527402"/>
    <dbpprop:hasPhotoCollection rdf:resource="http://wifo5-03.informatik.uni-mannheim.de/flickrwrappr/photos/Battle_of_Grunwald_(painting)"/>
  </rdf:Description>
  <rdf:Description rdf:about="http://ru.dbpedia.org/resource/Грюнвальдская_битва_(картина)">
    <owl:sameAs rdf:resource="http://dbpedia.org/resource/Battle_of_Grunwald_(painting)"/>
  </rdf:Description>
  <rdf:Description rdf:about="http://dbpedia.org/resource/Battle_of_Grunwald_(disambiguation)">
    <dbpedia-owl:wikiPageDisambiguates rdf:resource="http://dbpedia.org/resource/Battle_of_Grunwald_(painting)"/>
  </rdf:Description>
  <rdf:Description rdf:about="http://wikidata.dbpedia.org/resource/Q2636368">
    <owl:sameAs rdf:resource="http://dbpedia.org/resource/Battle_of_Grunwald_(painting)"/>
  </rdf:Description>
  <rdf:Description rdf:about="http://be.dbpedia.org/resource/Грунвальдская_бітва,_карціна">
    <owl:sameAs rdf:resource="http://dbpedia.org/resource/Battle_of_Grunwald_(painting)"/>
  </rdf:Description>
  <rdf:Description rdf:about="http://lt.dbpedia.org/resource/Žalgirio_mūšis_(paveikslas)">
    <owl:sameAs rdf:resource="http://dbpedia.org/resource/Battle_of_Grunwald_(painting)"/>
  </rdf:Description>
  <rdf:Description rdf:about="http://ro.dbpedia.org/resource/Bătălia_de_la_Grunwald_(pictură)">
    <owl:sameAs rdf:resource="http://dbpedia.org/resource/Battle_of_Grunwald_(painting)"/>
  </rdf:Description>
  <rdf:Description rdf:about="http://be_x_old.dbpedia.org/resource/Бітва_пад_Грунвальдам_(карціна_Яна_Матэйкі)">
    <owl:sameAs rdf:resource="http://dbpedia.org/resource/Battle_of_Grunwald_(painting)"/>
  </rdf:Description>
</rdf:RDF>
