<rdf:RDF xmlns:ns7="http://www.w3.org/ns/prov#" xmlns:dbpprop="http://dbpedia.org/property/" xmlns:foaf="http://xmlns.com/foaf/0.1/" xmlns:dbpedia-owl="http://dbpedia.org/ontology/" xmlns:dcterms="http://purl.org/dc/terms/" xmlns:owl="http://www.w3.org/2002/07/owl#" xmlns:rdfs="http://www.w3.org/2000/01/rdf-schema#" xmlns:rdf="http://www.w3.org/1999/02/22-rdf-syntax-ns#">
  <rdf:Description rdf:about="http://dbpedia.org/resource/Beach_in_Pourville">
    <rdf:type rdf:resource="http://dbpedia.org/class/yago/Painting103876519"/>
    <rdf:type rdf:resource="http://dbpedia.org/ontology/Artwork"/>
    <rdf:type rdf:resource="http://www.w3.org/2002/07/owl#Thing"/>
    <rdf:type rdf:resource="http://schema.org/CreativeWork"/>
    <rdf:type rdf:resource="http://dbpedia.org/class/yago/WorkOfArt104601690"/>
    <rdf:type rdf:resource="http://dbpedia.org/class/yago/Artifact100021939"/>
    <rdf:type rdf:resource="http://dbpedia.org/class/yago/Whole100003553"/>
    <rdf:type rdf:resource="http://dbpedia.org/class/yago/PhysicalEntity100001930"/>
    <rdf:type rdf:resource="http://dbpedia.org/ontology/Work"/>
    <rdf:type rdf:resource="http://dbpedia.org/class/yago/Art102743547"/>
    <rdf:type rdf:resource="http://dbpedia.org/class/yago/GraphicArt103453809"/>
    <rdf:type rdf:resource="http://dbpedia.org/class/yago/Object100002684"/>
    <rdf:type rdf:resource="http://dbpedia.org/class/yago/MaritimePaintings"/>
    <rdf:type rdf:resource="http://dbpedia.org/class/yago/1882Paintings"/>
    <rdf:type rdf:resource="http://dbpedia.org/class/yago/Creation103129123"/>
    <rdf:type rdf:resource="http://dbpedia.org/class/yago/StolenWorksOfArt"/>
    <rdf:type rdf:resource="http://dbpedia.org/class/yago/PaintingsByClaudeMonet"/>
    <owl:sameAs rdf:resource="http://rdf.freebase.com/ns/m.09v9rqm"/>
    <owl:sameAs rdf:resource="http://ms.dbpedia.org/resource/Pantai_di_Pourville"/>
    <owl:sameAs rdf:resource="http://ru.dbpedia.org/resource/Пляж_в_Пурвиле"/>
    <owl:sameAs rdf:resource="http://yago-knowledge.org/resource/Beach_in_Pourville"/>
    <owl:sameAs rdf:resource="http://www.wikidata.org/entity/Q2070487"/>
    <owl:sameAs rdf:resource="http://dbpedia.org/resource/Beach_in_Pourville"/>
    <owl:sameAs rdf:resource="http://pl.dbpedia.org/resource/Plaża_w_Pourville"/>
    <dcterms:subject rdf:resource="http://dbpedia.org/resource/Category:Stolen_works_of_art"/>
    <dcterms:subject rdf:resource="http://dbpedia.org/resource/Category:Maritime_paintings"/>
    <dcterms:subject rdf:resource="http://dbpedia.org/resource/Category:1882_paintings"/>
    <dcterms:subject rdf:resource="http://dbpedia.org/resource/Category:Paintings_by_Claude_Monet"/>
    <dbpedia-owl:abstract xml:lang="ru">«Пляж в Пурвиле» — картина французского художника Клода Моне. Является одной из серии работ, написанных Моне в 1882 году в небольшом приморском курортном местечке Пурвиль (в настоящее время входит в коммуну Ото-сюр-Мер) рядом с Дьепом в Северной Франции. В 1906 году холст был куплен Национальным музеем в Познани. Это единственная работа Моне в Польше, доступная широкой публике. В сентябре 2000 года картина была украдена из музея. 12 января 2010 года картина была найдена и возвращена в музей.</dbpedia-owl:abstract>
    <dbpedia-owl:abstract xml:lang="en">Beach in Pourville is a painting by French artist Claude Monet. It was painted in 1882, one of a series of oil-on-canvas works made by Monet that year in the small seaside resort of Pourville-sur-Mer, near Dieppe in northern France. Monet is considered one of the most important members of the group of painters identified as the Impressionists. The painting was bought by the National Museum, Poznań, Poland in 1906 and exhibited in the display of their collection.</dbpedia-owl:abstract>
    <dbpedia-owl:abstract xml:lang="pl">Plaża w Pourville – jedyny w polskich zbiorach obraz Claude'a Moneta, namalowany w 1882, przedstawiający impresjonistyczną wizję plaży w miejscowości Pourville, na północy Francji, w Górnej Normandii. Obraz jest własnością Muzeum Narodowego w Poznaniu od 1906. Obraz utrzymany jest w tonacji błękitno-turkusowo-żółtej. Plaża znajduje się w prawej części obrazu, po lewej przedstawiono delikatnie falujące morze. Jest częścią cyklu z Pourville, do którego należą też: Sieci rybackie w Pourville oraz Spacer po klifie w Pourville.</dbpedia-owl:abstract>
    <dbpedia-owl:author rdf:resource="http://dbpedia.org/resource/Claude_Monet"/>
    <dbpedia-owl:museum rdf:resource="http://dbpedia.org/resource/National_Museum,_Pozna%C5%84"/>
    <dbpedia-owl:wikiPageID rdf:datatype="http://www.w3.org/2001/XMLSchema#integer">25827857</dbpedia-owl:wikiPageID>
    <dbpedia-owl:wikiPageRevisionID rdf:datatype="http://www.w3.org/2001/XMLSchema#integer">542652414</dbpedia-owl:wikiPageRevisionID>
    <rdfs:label xml:lang="ru">Пляж в Пурвиле</rdfs:label>
    <rdfs:label xml:lang="en">Beach in Pourville</rdfs:label>
    <rdfs:label xml:lang="pl">Plaża w Pourville</rdfs:label>
    <foaf:depiction rdf:resource="http://upload.wikimedia.org/wikipedia/commons/f/fa/Beach_at_Pourville.jpg"/>
    <rdfs:comment xml:lang="ru">«Пляж в Пурвиле» — картина французского художника Клода Моне. Является одной из серии работ, написанных Моне в 1882 году в небольшом приморском курортном местечке Пурвиль (в настоящее время входит в коммуну Ото-сюр-Мер) рядом с Дьепом в Северной Франции. В 1906 году холст был куплен Национальным музеем в Познани. Это единственная работа Моне в Польше, доступная широкой публике. В сентябре 2000 года картина была украдена из музея. 12 января 2010 года картина была найдена и возвращена в музей.</rdfs:comment>
    <rdfs:comment xml:lang="en">Beach in Pourville is a painting by French artist Claude Monet. It was painted in 1882, one of a series of oil-on-canvas works made by Monet that year in the small seaside resort of Pourville-sur-Mer, near Dieppe in northern France. Monet is considered one of the most important members of the group of painters identified as the Impressionists. The painting was bought by the National Museum, Poznań, Poland in 1906 and exhibited in the display of their collection.</rdfs:comment>
    <rdfs:comment xml:lang="pl">Plaża w Pourville – jedyny w polskich zbiorach obraz Claude'a Moneta, namalowany w 1882, przedstawiający impresjonistyczną wizję plaży w miejscowości Pourville, na północy Francji, w Górnej Normandii. Obraz jest własnością Muzeum Narodowego w Poznaniu od 1906. Obraz utrzymany jest w tonacji błękitno-turkusowo-żółtej. Plaża znajduje się w prawej części obrazu, po lewej przedstawiono delikatnie falujące morze.</rdfs:comment>
    <foaf:name xml:lang="en">Beach in Pourville</foaf:name>
    <dbpedia-owl:thumbnail rdf:resource="http://upload.wikimedia.org/wikipedia/commons/thumb/f/fa/Beach_at_Pourville.jpg/200px-Beach_at_Pourville.jpg"/>
    <dbpprop:alt xml:lang="en">See adjacent text.</dbpprop:alt>
    <dbpprop:artist rdf:resource="http://dbpedia.org/resource/Claude_Monet"/>
    <dbpprop:city rdf:resource="http://dbpedia.org/resource/Poland"/>
    <dbpprop:imageFile xml:lang="en">Beach at Pourville.jpg</dbpprop:imageFile>
    <dbpprop:imageSize rdf:datatype="http://www.w3.org/2001/XMLSchema#integer">320</dbpprop:imageSize>
    <dbpprop:museum rdf:resource="http://dbpedia.org/resource/National_Museum,_Pozna%C5%84"/>
    <dbpprop:title xml:lang="en">Beach in Pourville</dbpprop:title>
    <dbpprop:type xml:lang="en">Oil on canvas</dbpprop:type>
    <dbpprop:year rdf:datatype="http://www.w3.org/2001/XMLSchema#integer">1882</dbpprop:year>
    <foaf:isPrimaryTopicOf rdf:resource="http://en.wikipedia.org/wiki/Beach_in_Pourville"/>
    <ns7:wasDerivedFrom rdf:resource="http://en.wikipedia.org/wiki/Beach_in_Pourville?oldid=542652414"/>
    <dbpprop:hasPhotoCollection rdf:resource="http://wifo5-03.informatik.uni-mannheim.de/flickrwrappr/photos/Beach_in_Pourville"/>
  </rdf:Description>
  <rdf:Description rdf:about="http://pl.dbpedia.org/resource/Plaża_w_Pourville">
    <owl:sameAs rdf:resource="http://dbpedia.org/resource/Beach_in_Pourville"/>
  </rdf:Description>
  <rdf:Description rdf:about="http://ru.dbpedia.org/resource/Пляж_в_Пурвиле">
    <owl:sameAs rdf:resource="http://dbpedia.org/resource/Beach_in_Pourville"/>
  </rdf:Description>
  <rdf:Description rdf:about="http://en.wikipedia.org/wiki/Beach_in_Pourville">
    <foaf:primaryTopic rdf:resource="http://dbpedia.org/resource/Beach_in_Pourville"/>
  </rdf:Description>
  <rdf:Description rdf:about="http://wikidata.dbpedia.org/resource/Q2070487">
    <owl:sameAs rdf:resource="http://dbpedia.org/resource/Beach_in_Pourville"/>
  </rdf:Description>
  <rdf:Description rdf:about="http://ms.dbpedia.org/resource/Pantai_di_Pourville">
    <owl:sameAs rdf:resource="http://dbpedia.org/resource/Beach_in_Pourville"/>
  </rdf:Description>
</rdf:RDF>
