<rdf:RDF xmlns:ns7="http://www.w3.org/ns/prov#" xmlns:dbpprop="http://dbpedia.org/property/" xmlns:foaf="http://xmlns.com/foaf/0.1/" xmlns:dbpedia-owl="http://dbpedia.org/ontology/" xmlns:dcterms="http://purl.org/dc/terms/" xmlns:owl="http://www.w3.org/2002/07/owl#" xmlns:rdfs="http://www.w3.org/2000/01/rdf-schema#" xmlns:rdf="http://www.w3.org/1999/02/22-rdf-syntax-ns#">
  <rdf:Description rdf:about="http://es.dbpedia.org/resource/Friso_de_Beethoven">
    <owl:sameAs rdf:resource="http://dbpedia.org/resource/Beethoven_Frieze"/>
  </rdf:Description>
  <rdf:Description rdf:about="http://cs.dbpedia.org/resource/Beethovenfries">
    <owl:sameAs rdf:resource="http://dbpedia.org/resource/Beethoven_Frieze"/>
  </rdf:Description>
  <rdf:Description rdf:about="http://dbpedia.org/resource/Beethoven_Frieze">
    <rdf:type rdf:resource="http://dbpedia.org/class/yago/Artifact100021939"/>
    <rdf:type rdf:resource="http://dbpedia.org/class/yago/GraphicArt103453809"/>
    <rdf:type rdf:resource="http://dbpedia.org/class/yago/Whole100003553"/>
    <rdf:type rdf:resource="http://dbpedia.org/class/yago/Art102743547"/>
    <rdf:type rdf:resource="http://dbpedia.org/class/yago/PhysicalEntity100001930"/>
    <rdf:type rdf:resource="http://dbpedia.org/class/yago/Painting103876519"/>
    <rdf:type rdf:resource="http://dbpedia.org/class/yago/1902Paintings"/>
    <rdf:type rdf:resource="http://www.w3.org/2002/07/owl#Thing"/>
    <rdf:type rdf:resource="http://dbpedia.org/ontology/Work"/>
    <rdf:type rdf:resource="http://schema.org/CreativeWork"/>
    <rdf:type rdf:resource="http://dbpedia.org/class/yago/PaintingsByGustavKlimt"/>
    <rdf:type rdf:resource="http://dbpedia.org/ontology/Artwork"/>
    <rdf:type rdf:resource="http://dbpedia.org/class/yago/Creation103129123"/>
    <rdf:type rdf:resource="http://dbpedia.org/class/yago/Object100002684"/>
    <owl:sameAs rdf:resource="http://cs.dbpedia.org/resource/Beethovenfries"/>
    <owl:sameAs rdf:resource="http://es.dbpedia.org/resource/Friso_de_Beethoven"/>
    <owl:sameAs rdf:resource="http://dbpedia.org/resource/Beethoven_Frieze"/>
    <owl:sameAs rdf:resource="http://it.dbpedia.org/resource/Fregio_di_Beethoven"/>
    <owl:sameAs rdf:resource="http://yago-knowledge.org/resource/Beethoven_Frieze"/>
    <owl:sameAs rdf:resource="http://ru.dbpedia.org/resource/Бетховенский_фриз"/>
    <owl:sameAs rdf:resource="http://rdf.freebase.com/ns/m.043l3kf"/>
    <owl:sameAs rdf:resource="http://uk.dbpedia.org/resource/Бетховенський_фриз"/>
    <owl:sameAs rdf:resource="http://www.wikidata.org/entity/Q684689"/>
    <owl:sameAs rdf:resource="http://de.dbpedia.org/resource/Beethovenfries"/>
    <dcterms:subject rdf:resource="http://dbpedia.org/resource/Category:Paintings_by_Gustav_Klimt"/>
    <dcterms:subject rdf:resource="http://dbpedia.org/resource/Category:1902_paintings"/>
    <dbpedia-owl:abstract xml:lang="es">El Friso de Beethoven es una pintura del artista modernista austriaco Gustav Klimt. En 1902, Klimt terminó el Friso de Beethoven para la 14a Exposición de la Secesión vienesa, destinada a homenajear al compositor, y cuya pieza central sería una monumental estatua polícroma de Max Klinger. Destinado exclusivamente a la exposición, el friso se pintó directamente sobre las paredes con materiales ligeros. Tras la exposición la pintura se conservó, pero no volvió a exhibirse hasta 1986. Hoy en día se puede visitar en el Pabellón de la Secesión de Viena.</dbpedia-owl:abstract>
    <dbpedia-owl:abstract xml:lang="ru">«Бетховенский фриз» — цикл картин австрийского художника Густава Климта, посвящённый композитору Людвигу ван Бетховену. Выполненные в форме архитектурного фриза картины впервые демонстрировались в рамках XIV выставки «Объединения художников Венского сецессиона», проходившей в 1902 г. «Бетховенский фриз» считается одним из выдающихся произведений венского югендстиля.</dbpedia-owl:abstract>
    <dbpedia-owl:abstract xml:lang="de">Der Beethovenfries ist ein von Gustav Klimt gemalter Bilderzyklus, der dem Komponisten Ludwig van Beethoven gewidmet ist und, der Form eines Frieses nachempfunden, an den Wänden eines Saals der Wiener Secession anlässlich der 14. Ausstellung der Vereinigung Bildender Künstler der Secession 1902 aufgestellt wurde. Die Bilderfolge ist ein herausragendes Kunstwerk des Wiener Jugendstils.</dbpedia-owl:abstract>
    <dbpedia-owl:abstract xml:lang="en">The Beethoven Frieze is a painting by Gustav Klimt on display in the Secession Building located in Vienna, Austria.</dbpedia-owl:abstract>
    <dbpedia-owl:author rdf:resource="http://dbpedia.org/resource/Gustav_Klimt"/>
    <dbpedia-owl:museum rdf:resource="http://dbpedia.org/resource/Secession_hall_(Austria)"/>
    <dbpedia-owl:wikiPageID rdf:datatype="http://www.w3.org/2001/XMLSchema#integer">17376719</dbpedia-owl:wikiPageID>
    <dbpedia-owl:wikiPageRevisionID rdf:datatype="http://www.w3.org/2001/XMLSchema#integer">540977718</dbpedia-owl:wikiPageRevisionID>
    <rdfs:label xml:lang="en">Beethoven Frieze</rdfs:label>
    <rdfs:label xml:lang="de">Beethovenfries</rdfs:label>
    <rdfs:label xml:lang="ru">Бетховенский фриз</rdfs:label>
    <rdfs:label xml:lang="es">Friso de Beethoven</rdfs:label>
    <foaf:depiction rdf:resource="http://upload.wikimedia.org/wikipedia/commons/6/6b/Gustav_Klimt_014.jpg"/>
    <rdfs:comment xml:lang="de">Der Beethovenfries ist ein von Gustav Klimt gemalter Bilderzyklus, der dem Komponisten Ludwig van Beethoven gewidmet ist und, der Form eines Frieses nachempfunden, an den Wänden eines Saals der Wiener Secession anlässlich der 14. Ausstellung der Vereinigung Bildender Künstler der Secession 1902 aufgestellt wurde. Die Bilderfolge ist ein herausragendes Kunstwerk des Wiener Jugendstils.</rdfs:comment>
    <rdfs:comment xml:lang="ru">«Бетховенский фриз» — цикл картин австрийского художника Густава Климта, посвящённый композитору Людвигу ван Бетховену. Выполненные в форме архитектурного фриза картины впервые демонстрировались в рамках XIV выставки «Объединения художников Венского сецессиона», проходившей в 1902 г. «Бетховенский фриз» считается одним из выдающихся произведений венского югендстиля.</rdfs:comment>
    <rdfs:comment xml:lang="en">The Beethoven Frieze is a painting by Gustav Klimt on display in the Secession Building located in Vienna, Austria.</rdfs:comment>
    <rdfs:comment xml:lang="es">El Friso de Beethoven es una pintura del artista modernista austriaco Gustav Klimt. En 1902, Klimt terminó el Friso de Beethoven para la 14a Exposición de la Secesión vienesa, destinada a homenajear al compositor, y cuya pieza central sería una monumental estatua polícroma de Max Klinger. Destinado exclusivamente a la exposición, el friso se pintó directamente sobre las paredes con materiales ligeros. Tras la exposición la pintura se conservó, pero no volvió a exhibirse hasta 1986.</rdfs:comment>
    <foaf:name xml:lang="en">Beethoven Frieze</foaf:name>
    <dbpedia-owl:thumbnail rdf:resource="http://upload.wikimedia.org/wikipedia/commons/thumb/6/6b/Gustav_Klimt_014.jpg/200px-Gustav_Klimt_014.jpg"/>
    <dbpedia-owl:wikiPageExternalLink rdf:resource="http://www.secession.at/beethovenfries/1902_d.html"/>
    <dbpedia-owl:wikiPageExternalLink rdf:resource="http://www.ibiblio.org/wm/paint/auth/klimt/klimt.beethoven-frieze2.jpg"/>
    <dbpedia-owl:wikiPageExternalLink rdf:resource="http://www.gravestmor.com/strips/klimt_sml.jpg"/>
    <dbpedia-owl:wikiPageExternalLink rdf:resource="http://www.ibiblio.org/wm/paint/auth/klimt/klimt.beethoven-frieze1.jpg"/>
    <dbpedia-owl:wikiPageExternalLink rdf:resource="http://smarthistory.khanacademy.org/gustav-klimts-beethoven-frieze.html"/>
    <dbpprop:artist rdf:resource="http://dbpedia.org/resource/Gustav_Klimt"/>
    <dbpprop:city xml:lang="en">Vienna</dbpprop:city>
    <dbpprop:imageFile xml:lang="en">Gustav Klimt 014.jpg</dbpprop:imageFile>
    <dbpprop:imageSize rdf:datatype="http://www.w3.org/2001/XMLSchema#integer">300</dbpprop:imageSize>
    <dbpprop:imperialUnit xml:lang="en">in</dbpprop:imperialUnit>
    <dbpprop:metricUnit xml:lang="en">cm</dbpprop:metricUnit>
    <dbpprop:museum rdf:resource="http://dbpedia.org/resource/Secession_hall_(Austria)"/>
    <dbpprop:title xml:lang="en">Beethoven Frieze</dbpprop:title>
    <foaf:isPrimaryTopicOf rdf:resource="http://en.wikipedia.org/wiki/Beethoven_Frieze"/>
    <ns7:wasDerivedFrom rdf:resource="http://en.wikipedia.org/wiki/Beethoven_Frieze?oldid=540977718"/>
    <dbpprop:hasPhotoCollection rdf:resource="http://wifo5-03.informatik.uni-mannheim.de/flickrwrappr/photos/Beethoven_Frieze"/>
  </rdf:Description>
  <rdf:Description rdf:about="http://de.dbpedia.org/resource/Beethovenfries">
    <owl:sameAs rdf:resource="http://dbpedia.org/resource/Beethoven_Frieze"/>
  </rdf:Description>
  <rdf:Description rdf:about="http://en.wikipedia.org/wiki/Beethoven_Frieze">
    <foaf:primaryTopic rdf:resource="http://dbpedia.org/resource/Beethoven_Frieze"/>
  </rdf:Description>
  <rdf:Description rdf:about="http://ru.dbpedia.org/resource/Бетховенский_фриз">
    <owl:sameAs rdf:resource="http://dbpedia.org/resource/Beethoven_Frieze"/>
  </rdf:Description>
  <rdf:Description rdf:about="http://wikidata.dbpedia.org/resource/Q684689">
    <owl:sameAs rdf:resource="http://dbpedia.org/resource/Beethoven_Frieze"/>
  </rdf:Description>
  <rdf:Description rdf:about="http://it.dbpedia.org/resource/Fregio_di_Beethoven">
    <owl:sameAs rdf:resource="http://dbpedia.org/resource/Beethoven_Frieze"/>
  </rdf:Description>
  <rdf:Description rdf:about="http://uk.dbpedia.org/resource/Бетховенський_фриз">
    <owl:sameAs rdf:resource="http://dbpedia.org/resource/Beethoven_Frieze"/>
  </rdf:Description>
</rdf:RDF>
