<rdf:RDF xmlns:ns7="http://www.w3.org/ns/prov#" xmlns:dbpprop="http://dbpedia.org/property/" xmlns:foaf="http://xmlns.com/foaf/0.1/" xmlns:dbpedia-owl="http://dbpedia.org/ontology/" xmlns:dcterms="http://purl.org/dc/terms/" xmlns:owl="http://www.w3.org/2002/07/owl#" xmlns:rdfs="http://www.w3.org/2000/01/rdf-schema#" xmlns:rdf="http://www.w3.org/1999/02/22-rdf-syntax-ns#">
  <rdf:Description rdf:about="http://fr.dbpedia.org/resource/Bélisaire_demandant_l'aumône">
    <owl:sameAs rdf:resource="http://dbpedia.org/resource/Belisarius_Begging_for_Alms"/>
  </rdf:Description>
  <rdf:Description rdf:about="http://it.dbpedia.org/resource/Belisario_chiede_l'elemosina">
    <owl:sameAs rdf:resource="http://dbpedia.org/resource/Belisarius_Begging_for_Alms"/>
  </rdf:Description>
  <rdf:Description rdf:about="http://es.dbpedia.org/resource/Belisario_(David)">
    <owl:sameAs rdf:resource="http://dbpedia.org/resource/Belisarius_Begging_for_Alms"/>
  </rdf:Description>
  <rdf:Description rdf:about="http://dbpedia.org/resource/Belisarius_Begging_for_Alms">
    <rdf:type rdf:resource="http://www.w3.org/2002/07/owl#Thing"/>
    <rdf:type rdf:resource="http://dbpedia.org/class/yago/Painting103876519"/>
    <rdf:type rdf:resource="http://dbpedia.org/class/yago/1781Paintings"/>
    <rdf:type rdf:resource="http://dbpedia.org/class/yago/Artifact100021939"/>
    <rdf:type rdf:resource="http://dbpedia.org/class/yago/Whole100003553"/>
    <rdf:type rdf:resource="http://dbpedia.org/class/yago/Object100002684"/>
    <rdf:type rdf:resource="http://dbpedia.org/class/yago/PaintingsByJacques-LouisDavid"/>
    <rdf:type rdf:resource="http://dbpedia.org/ontology/Work"/>
    <rdf:type rdf:resource="http://dbpedia.org/class/yago/Creation103129123"/>
    <rdf:type rdf:resource="http://dbpedia.org/ontology/Artwork"/>
    <rdf:type rdf:resource="http://schema.org/CreativeWork"/>
    <rdf:type rdf:resource="http://dbpedia.org/class/yago/PhysicalEntity100001930"/>
    <rdf:type rdf:resource="http://dbpedia.org/class/yago/Art102743547"/>
    <rdf:type rdf:resource="http://dbpedia.org/class/yago/GraphicArt103453809"/>
    <owl:sameAs rdf:resource="http://fr.dbpedia.org/resource/Bélisaire_demandant_l'aumône"/>
    <owl:sameAs rdf:resource="http://ro.dbpedia.org/resource/Belizarie_cerșind"/>
    <owl:sameAs rdf:resource="http://es.dbpedia.org/resource/Belisario_(David)"/>
    <owl:sameAs rdf:resource="http://rdf.freebase.com/ns/m.05f83m_"/>
    <owl:sameAs rdf:resource="http://uk.dbpedia.org/resource/Велізарій_просить_милостиню"/>
    <owl:sameAs rdf:resource="http://dbpedia.org/resource/Belisarius_Begging_for_Alms"/>
    <owl:sameAs rdf:resource="http://www.wikidata.org/entity/Q2698149"/>
    <owl:sameAs rdf:resource="http://yago-knowledge.org/resource/Belisarius_Begging_for_Alms"/>
    <owl:sameAs rdf:resource="http://it.dbpedia.org/resource/Belisario_chiede_l'elemosina"/>
    <dcterms:subject rdf:resource="http://dbpedia.org/resource/Category:Byzantine_Empire_in_art_and_culture"/>
    <dcterms:subject rdf:resource="http://dbpedia.org/resource/Category:1781_paintings"/>
    <dcterms:subject rdf:resource="http://dbpedia.org/resource/Category:Paintings_by_Jacques-Louis_David"/>
    <dbpedia-owl:abstract xml:lang="en">Belisarius Begging for Alms (French: Bélisaire demandant l'aumône) is a large-format (288 × 312 cm) history painting in oil on canvas by Jacques-Louis David. It depicts the Byzantine general Belisarius, who heroically defeated the Vandals in North Africa in AD 533–534 on behalf of Justinian I, and (according to an apocryphal account probably added to his biography in the Middle Ages) was later blinded by the emperor and reduced to begging for alms on the street. David exhibited the work at the Salon of 1781 after returning from Italy and it proved a great success. It is now on show at the Palais des Beaux-Arts in Lille.</dbpedia-owl:abstract>
    <dbpedia-owl:abstract xml:lang="fr">Bélisaire demandant l'aumône est un tableau peint par Jacques-Louis David en 1780 représentant Bélisaire, général victorieux sous Justinien, empereur byzantin de 525 à 565. Ce dernier lui a fait crever les yeux pour jalousie, le général destitué est alors poussé à la mendicité à l'écart de la ville.</dbpedia-owl:abstract>
    <dbpedia-owl:abstract xml:lang="it">Belisario chiede l'elemosina è un quadro del pittore francese Jacques-Louis David del 1781. Descrive la vicenda del generale Belisario in disgrazia, vecchio, cieco e riconosciuto solo da un soldato che aveva militato ai suoi ordini mentre riceveva l'elemosina da un passante. Il messaggio morale dell'opera è la caducità della gloria.</dbpedia-owl:abstract>
    <dbpedia-owl:abstract xml:lang="es">Belisario pidiendo limosna es un cuadro del pintor neoclásico francés Jacques-Louis David. Cuando el pintor regresó de Italia expuso esta obra en el Salón de 1781. Se trata de un óleo sobre lienzo de gran formato (312 × 288 cm) que se inscribe dentro de la pintura de Historia, un género revitalizado tras la muerte de Luis XIV.</dbpedia-owl:abstract>
    <dbpedia-owl:author rdf:resource="http://dbpedia.org/resource/Jacques-Louis_David"/>
    <dbpedia-owl:museum rdf:resource="http://dbpedia.org/resource/Palais_des_Beaux-Arts_de_Lille"/>
    <dbpedia-owl:wikiPageID rdf:datatype="http://www.w3.org/2001/XMLSchema#integer">21394335</dbpedia-owl:wikiPageID>
    <dbpedia-owl:wikiPageRevisionID rdf:datatype="http://www.w3.org/2001/XMLSchema#integer">541002975</dbpedia-owl:wikiPageRevisionID>
    <rdfs:label xml:lang="it">Belisario chiede l'elemosina</rdfs:label>
    <rdfs:label xml:lang="en">Belisarius Begging for Alms</rdfs:label>
    <rdfs:label xml:lang="fr">Bélisaire demandant l'aumône</rdfs:label>
    <rdfs:label xml:lang="es">Belisario (David)</rdfs:label>
    <foaf:depiction rdf:resource="http://upload.wikimedia.org/wikipedia/commons/b/b1/David_-_Belisarius.jpg"/>
    <rdfs:comment xml:lang="it">Belisario chiede l'elemosina è un quadro del pittore francese Jacques-Louis David del 1781. Descrive la vicenda del generale Belisario in disgrazia, vecchio, cieco e riconosciuto solo da un soldato che aveva militato ai suoi ordini mentre riceveva l'elemosina da un passante. Il messaggio morale dell'opera è la caducità della gloria.</rdfs:comment>
    <rdfs:comment xml:lang="en">Belisarius Begging for Alms (French: Bélisaire demandant l'aumône) is a large-format (288 × 312 cm) history painting in oil on canvas by Jacques-Louis David. It depicts the Byzantine general Belisarius, who heroically defeated the Vandals in North Africa in AD 533–534 on behalf of Justinian I, and (according to an apocryphal account probably added to his biography in the Middle Ages) was later blinded by the emperor and reduced to begging for alms on the street.</rdfs:comment>
    <rdfs:comment xml:lang="fr">Bélisaire demandant l'aumône est un tableau peint par Jacques-Louis David en 1780 représentant Bélisaire, général victorieux sous Justinien, empereur byzantin de 525 à 565. Ce dernier lui a fait crever les yeux pour jalousie, le général destitué est alors poussé à la mendicité à l'écart de la ville.</rdfs:comment>
    <rdfs:comment xml:lang="es">Belisario pidiendo limosna es un cuadro del pintor neoclásico francés Jacques-Louis David. Cuando el pintor regresó de Italia expuso esta obra en el Salón de 1781. Se trata de un óleo sobre lienzo de gran formato (312 × 288 cm) que se inscribe dentro de la pintura de Historia, un género revitalizado tras la muerte de Luis XIV.</rdfs:comment>
    <foaf:name xml:lang="en">Belisarius Begging for Alms</foaf:name>
    <dbpedia-owl:thumbnail rdf:resource="http://upload.wikimedia.org/wikipedia/commons/thumb/b/b1/David_-_Belisarius.jpg/200px-David_-_Belisarius.jpg"/>
    <dbpprop:artist rdf:resource="http://dbpedia.org/resource/Jacques-Louis_David"/>
    <dbpprop:city rdf:resource="http://dbpedia.org/resource/Lille"/>
    <dbpprop:height rdf:datatype="http://www.w3.org/2001/XMLSchema#integer">288</dbpprop:height>
    <dbpprop:imageFile xml:lang="en">David - Belisarius.jpg</dbpprop:imageFile>
    <dbpprop:museum rdf:resource="http://dbpedia.org/resource/Palais_des_Beaux-Arts_de_Lille"/>
    <dbpprop:painter xml:lang="en">Jacques-Louis David</dbpprop:painter>
    <dbpprop:title xml:lang="en">Belisarius Begging for Alms</dbpprop:title>
    <dbpprop:type xml:lang="en">oil on canvas</dbpprop:type>
    <dbpprop:width rdf:datatype="http://www.w3.org/2001/XMLSchema#integer">312</dbpprop:width>
    <dbpprop:year rdf:datatype="http://www.w3.org/2001/XMLSchema#integer">1781</dbpprop:year>
    <foaf:isPrimaryTopicOf rdf:resource="http://en.wikipedia.org/wiki/Belisarius_Begging_for_Alms"/>
    <ns7:wasDerivedFrom rdf:resource="http://en.wikipedia.org/wiki/Belisarius_Begging_for_Alms?oldid=541002975"/>
    <dbpprop:hasPhotoCollection rdf:resource="http://wifo5-03.informatik.uni-mannheim.de/flickrwrappr/photos/Belisarius_Begging_for_Alms"/>
  </rdf:Description>
  <rdf:Description rdf:about="http://en.wikipedia.org/wiki/Belisarius_Begging_for_Alms">
    <foaf:primaryTopic rdf:resource="http://dbpedia.org/resource/Belisarius_Begging_for_Alms"/>
  </rdf:Description>
  <rdf:Description rdf:about="http://dbpedia.org/resource/Belisarius_begging_alms">
    <dbpedia-owl:wikiPageRedirects rdf:resource="http://dbpedia.org/resource/Belisarius_Begging_for_Alms"/>
  </rdf:Description>
  <rdf:Description rdf:about="http://dbpedia.org/resource/Belisarius_begging_for_alms">
    <dbpedia-owl:wikiPageRedirects rdf:resource="http://dbpedia.org/resource/Belisarius_Begging_for_Alms"/>
  </rdf:Description>
  <rdf:Description rdf:about="http://ro.dbpedia.org/resource/Belizarie_cerșind">
    <owl:sameAs rdf:resource="http://dbpedia.org/resource/Belisarius_Begging_for_Alms"/>
  </rdf:Description>
  <rdf:Description rdf:about="http://uk.dbpedia.org/resource/Велізарій_просить_милостиню">
    <owl:sameAs rdf:resource="http://dbpedia.org/resource/Belisarius_Begging_for_Alms"/>
  </rdf:Description>
  <rdf:Description rdf:about="http://wikidata.dbpedia.org/resource/Q2698149">
    <owl:sameAs rdf:resource="http://dbpedia.org/resource/Belisarius_Begging_for_Alms"/>
  </rdf:Description>
</rdf:RDF>
