<rdf:RDF xmlns:ns7="http://www.w3.org/ns/prov#" xmlns:dbpprop="http://dbpedia.org/property/" xmlns:foaf="http://xmlns.com/foaf/0.1/" xmlns:dbpedia-owl="http://dbpedia.org/ontology/" xmlns:dcterms="http://purl.org/dc/terms/" xmlns:owl="http://www.w3.org/2002/07/owl#" xmlns:rdfs="http://www.w3.org/2000/01/rdf-schema#" xmlns:rdf="http://www.w3.org/1999/02/22-rdf-syntax-ns#">
  <rdf:Description rdf:about="http://dbpedia.org/resource/Beneath_the_Snow_Encumbered_Branches">
    <rdf:type rdf:resource="http://www.w3.org/2002/07/owl#Thing"/>
    <rdf:type rdf:resource="http://dbpedia.org/class/yago/Art102743547"/>
    <rdf:type rdf:resource="http://dbpedia.org/class/yago/1901Paintings"/>
    <rdf:type rdf:resource="http://schema.org/CreativeWork"/>
    <rdf:type rdf:resource="http://dbpedia.org/ontology/Work"/>
    <rdf:type rdf:resource="http://dbpedia.org/class/yago/Whole100003553"/>
    <rdf:type rdf:resource="http://dbpedia.org/class/yago/Artifact100021939"/>
    <rdf:type rdf:resource="http://dbpedia.org/ontology/Artwork"/>
    <rdf:type rdf:resource="http://dbpedia.org/class/yago/LandscapePaintings"/>
    <rdf:type rdf:resource="http://dbpedia.org/class/yago/Creation103129123"/>
    <rdf:type rdf:resource="http://dbpedia.org/class/yago/Landscape103640011"/>
    <rdf:type rdf:resource="http://dbpedia.org/class/yago/GraphicArt103453809"/>
    <rdf:type rdf:resource="http://dbpedia.org/class/yago/Object100002684"/>
    <rdf:type rdf:resource="http://dbpedia.org/class/yago/PhysicalEntity100001930"/>
    <rdf:type rdf:resource="http://dbpedia.org/class/yago/ScottishPaintings"/>
    <rdf:type rdf:resource="http://dbpedia.org/class/yago/Painting103876519"/>
    <rdf:type rdf:resource="http://dbpedia.org/class/yago/Genre103434943"/>
    <owl:sameAs rdf:resource="http://www.wikidata.org/entity/Q1571959"/>
    <owl:sameAs rdf:resource="http://rdf.freebase.com/ns/m.0hr12gz"/>
    <owl:sameAs rdf:resource="http://sv.dbpedia.org/resource/Beneath_the_Snow_Encumbered_Branches"/>
    <owl:sameAs rdf:resource="http://dbpedia.org/resource/Beneath_the_Snow_Encumbered_Branches"/>
    <owl:sameAs rdf:resource="http://yago-knowledge.org/resource/Beneath_the_Snow_Encumbered_Branches"/>
    <dcterms:subject rdf:resource="http://dbpedia.org/resource/Category:1901_in_Scotland"/>
    <dcterms:subject rdf:resource="http://dbpedia.org/resource/Category:Sheep"/>
    <dcterms:subject rdf:resource="http://dbpedia.org/resource/Category:Landscape_paintings"/>
    <dcterms:subject rdf:resource="http://dbpedia.org/resource/Category:Scotland_in_fiction"/>
    <dcterms:subject rdf:resource="http://dbpedia.org/resource/Category:Aberdeenshire"/>
    <dcterms:subject rdf:resource="http://dbpedia.org/resource/Category:Scottish_paintings"/>
    <dcterms:subject rdf:resource="http://dbpedia.org/resource/Category:Christmas_in_Scotland"/>
    <dcterms:subject rdf:resource="http://dbpedia.org/resource/Category:Animals_in_art"/>
    <dcterms:subject rdf:resource="http://dbpedia.org/resource/Category:1901_paintings"/>
    <dcterms:subject rdf:resource="http://dbpedia.org/resource/Category:Agriculture_in_Scotland"/>
    <dbpedia-owl:abstract xml:lang="en">Beneath the Snow Encumbered Branches is a 1901 oil on canvas work by Scottish painter Joseph Farquharson. Its whereabouts were unknown between it going on public display in 1901 and the 1960s, when it was bought by a private collector. It reappeared on public display again in 2008, when it was sold at auction, selling for over twice its initial estimate and remaining in private hands in Scotland. It has become well known, as its likeness is used on a popular Hallmark Christmas card.</dbpedia-owl:abstract>
    <dbpedia-owl:abstract xml:lang="sv">Beneath the Snow Encumbered Branches är en oljemålning från 1901 av skotten Joseph Farquharson. Vistelseorten var okänd mellan det att den ställdes ut offentligt 1901 och sen igen på 1960-talet, då den köptes av en privat samlare. Den återkom på offentlig utställning 2008, och såldes på auktion. Motivet är vanligt på julkort.</dbpedia-owl:abstract>
    <dbpedia-owl:author rdf:resource="http://dbpedia.org/resource/Joseph_Farquharson"/>
    <dbpedia-owl:wikiPageID rdf:datatype="http://www.w3.org/2001/XMLSchema#integer">34004340</dbpedia-owl:wikiPageID>
    <dbpedia-owl:wikiPageRevisionID rdf:datatype="http://www.w3.org/2001/XMLSchema#integer">546267142</dbpedia-owl:wikiPageRevisionID>
    <rdfs:label xml:lang="en">Beneath the Snow Encumbered Branches</rdfs:label>
    <rdfs:label xml:lang="sv">Beneath the Snow Encumbered Branches</rdfs:label>
    <foaf:depiction rdf:resource="http://upload.wikimedia.org/wikipedia/commons/4/49/The_shortening_winter's_day_is_near_a_close_Farquharson.jpg"/>
    <rdfs:comment xml:lang="en">Beneath the Snow Encumbered Branches is a 1901 oil on canvas work by Scottish painter Joseph Farquharson. Its whereabouts were unknown between it going on public display in 1901 and the 1960s, when it was bought by a private collector. It reappeared on public display again in 2008, when it was sold at auction, selling for over twice its initial estimate and remaining in private hands in Scotland. It has become well known, as its likeness is used on a popular Hallmark Christmas card.</rdfs:comment>
    <rdfs:comment xml:lang="sv">Beneath the Snow Encumbered Branches är en oljemålning från 1901 av skotten Joseph Farquharson. Vistelseorten var okänd mellan det att den ställdes ut offentligt 1901 och sen igen på 1960-talet, då den köptes av en privat samlare. Den återkom på offentlig utställning 2008, och såldes på auktion. Motivet är vanligt på julkort.</rdfs:comment>
    <foaf:name xml:lang="en">Beneath the Snow Encumbered Branches</foaf:name>
    <dbpedia-owl:thumbnail rdf:resource="http://upload.wikimedia.org/wikipedia/commons/thumb/4/49/The_shortening_winter's_day_is_near_a_close_Farquharson.jpg/200px-The_shortening_winter's_day_is_near_a_close_Farquharson.jpg"/>
    <dbpprop:artist rdf:resource="http://dbpedia.org/resource/Joseph_Farquharson"/>
    <dbpprop:heightImperial rdf:datatype="http://www.w3.org/2001/XMLSchema#integer">20</dbpprop:heightImperial>
    <dbpprop:imageFile xml:lang="en">The shortening winter's day is near a close Farquharson.jpg</dbpprop:imageFile>
    <dbpprop:imageSize rdf:datatype="http://www.w3.org/2001/XMLSchema#integer">200</dbpprop:imageSize>
    <dbpprop:imperialUnit xml:lang="en">in</dbpprop:imperialUnit>
    <dbpprop:metricUnit xml:lang="en">cm</dbpprop:metricUnit>
    <dbpprop:museum xml:lang="en">Private collection</dbpprop:museum>
    <dbpprop:otherTitle xml:lang="en">The Shortening Winter's Day is Near a Close</dbpprop:otherTitle>
    <dbpprop:title xml:lang="en">Beneath the Snow Encumbered Branches</dbpprop:title>
    <dbpprop:type xml:lang="en">Oil on canvas</dbpprop:type>
    <dbpprop:widthImperial rdf:datatype="http://www.w3.org/2001/XMLSchema#integer">31</dbpprop:widthImperial>
    <foaf:isPrimaryTopicOf rdf:resource="http://en.wikipedia.org/wiki/Beneath_the_Snow_Encumbered_Branches"/>
    <ns7:wasDerivedFrom rdf:resource="http://en.wikipedia.org/wiki/Beneath_the_Snow_Encumbered_Branches?oldid=546267142"/>
    <dbpprop:hasPhotoCollection rdf:resource="http://wifo5-03.informatik.uni-mannheim.de/flickrwrappr/photos/Beneath_the_Snow_Encumbered_Branches"/>
  </rdf:Description>
  <rdf:Description rdf:about="http://dbpedia.org/resource/Beneath_The_Snow_Encumbered_Branches">
    <dbpedia-owl:wikiPageRedirects rdf:resource="http://dbpedia.org/resource/Beneath_the_Snow_Encumbered_Branches"/>
  </rdf:Description>
  <rdf:Description rdf:about="http://en.wikipedia.org/wiki/Beneath_the_Snow_Encumbered_Branches">
    <foaf:primaryTopic rdf:resource="http://dbpedia.org/resource/Beneath_the_Snow_Encumbered_Branches"/>
  </rdf:Description>
  <rdf:Description rdf:about="http://wikidata.dbpedia.org/resource/Q1571959">
    <owl:sameAs rdf:resource="http://dbpedia.org/resource/Beneath_the_Snow_Encumbered_Branches"/>
  </rdf:Description>
  <rdf:Description rdf:about="http://sv.dbpedia.org/resource/Beneath_the_Snow_Encumbered_Branches">
    <owl:sameAs rdf:resource="http://dbpedia.org/resource/Beneath_the_Snow_Encumbered_Branches"/>
  </rdf:Description>
</rdf:RDF>
