<rdf:RDF xmlns:ns7="http://www.w3.org/ns/prov#" xmlns:dbpprop="http://dbpedia.org/property/" xmlns:foaf="http://xmlns.com/foaf/0.1/" xmlns:dbpedia-owl="http://dbpedia.org/ontology/" xmlns:dcterms="http://purl.org/dc/terms/" xmlns:owl="http://www.w3.org/2002/07/owl#" xmlns:rdfs="http://www.w3.org/2000/01/rdf-schema#" xmlns:rdf="http://www.w3.org/1999/02/22-rdf-syntax-ns#">
  <rdf:Description rdf:about="http://dbpedia.org/resource/The_Benois_Madonna">
    <dbpedia-owl:wikiPageRedirects rdf:resource="http://dbpedia.org/resource/Benois_Madonna"/>
  </rdf:Description>
  <rdf:Description rdf:about="http://dbpedia.org/resource/Madonna_Benois">
    <dbpedia-owl:wikiPageRedirects rdf:resource="http://dbpedia.org/resource/Benois_Madonna"/>
  </rdf:Description>
  <rdf:Description rdf:about="http://dbpedia.org/resource/Benois_Madonna">
    <rdf:type rdf:resource="http://dbpedia.org/class/yago/Painting103876519"/>
    <rdf:type rdf:resource="http://dbpedia.org/class/yago/Object100002684"/>
    <rdf:type rdf:resource="http://dbpedia.org/class/yago/PaintingsByLeonardoDaVinci"/>
    <rdf:type rdf:resource="http://dbpedia.org/class/yago/PaintingsDepictingJesus"/>
    <rdf:type rdf:resource="http://dbpedia.org/ontology/Work"/>
    <rdf:type rdf:resource="http://dbpedia.org/class/yago/PaintingsOfTheVirginMary"/>
    <rdf:type rdf:resource="http://dbpedia.org/class/yago/GraphicArt103453809"/>
    <rdf:type rdf:resource="http://schema.org/CreativeWork"/>
    <rdf:type rdf:resource="http://www.w3.org/2002/07/owl#Thing"/>
    <rdf:type rdf:resource="http://dbpedia.org/class/yago/Creation103129123"/>
    <rdf:type rdf:resource="http://dbpedia.org/class/yago/Artifact100021939"/>
    <rdf:type rdf:resource="http://dbpedia.org/class/yago/PaintingsOfTheHermitage"/>
    <rdf:type rdf:resource="http://dbpedia.org/ontology/Artwork"/>
    <rdf:type rdf:resource="http://dbpedia.org/class/yago/Whole100003553"/>
    <rdf:type rdf:resource="http://dbpedia.org/class/yago/PhysicalEntity100001930"/>
    <rdf:type rdf:resource="http://dbpedia.org/class/yago/Art102743547"/>
    <rdf:type rdf:resource="http://dbpedia.org/class/yago/1478Paintings"/>
    <owl:sameAs rdf:resource="http://rdf.freebase.com/ns/m.05m4n7"/>
    <owl:sameAs rdf:resource="http://he.dbpedia.org/resource/מדונה_בנואה"/>
    <owl:sameAs rdf:resource="http://sk.dbpedia.org/resource/Madona_Benois"/>
    <owl:sameAs rdf:resource="http://it.dbpedia.org/resource/Madonna_Benois"/>
    <owl:sameAs rdf:resource="http://www.wikidata.org/entity/Q1142058"/>
    <owl:sameAs rdf:resource="http://ca.dbpedia.org/resource/Madonna_Benois"/>
    <owl:sameAs rdf:resource="http://ka.dbpedia.org/resource/ბენუას_მადონა"/>
    <owl:sameAs rdf:resource="http://dbpedia.org/resource/Benois_Madonna"/>
    <owl:sameAs rdf:resource="http://pt.dbpedia.org/resource/Virgem_Benois"/>
    <owl:sameAs rdf:resource="http://de.dbpedia.org/resource/Madonna_Benois"/>
    <owl:sameAs rdf:resource="http://ro.dbpedia.org/resource/Madona_Benois"/>
    <owl:sameAs rdf:resource="http://ar.dbpedia.org/resource/السيدة_بينويس_(لوحة)"/>
    <owl:sameAs rdf:resource="http://fr.dbpedia.org/resource/Madonna_Benois"/>
    <owl:sameAs rdf:resource="http://da.dbpedia.org/resource/Madonna_Benois"/>
    <owl:sameAs rdf:resource="http://lt.dbpedia.org/resource/Benua_Madona"/>
    <owl:sameAs rdf:resource="http://no.dbpedia.org/resource/Madonna_Benois"/>
    <owl:sameAs rdf:resource="http://pl.dbpedia.org/resource/Madonna_Benois"/>
    <owl:sameAs rdf:resource="http://ru.dbpedia.org/resource/Мадонна_Бенуа"/>
    <owl:sameAs rdf:resource="http://th.dbpedia.org/resource/พระแม่มารีเบนัวส์"/>
    <owl:sameAs rdf:resource="http://es.dbpedia.org/resource/Madona_Benois"/>
    <owl:sameAs rdf:resource="http://yago-knowledge.org/resource/Benois_Madonna"/>
    <dcterms:subject rdf:resource="http://dbpedia.org/resource/Category:1478_paintings"/>
    <dcterms:subject rdf:resource="http://dbpedia.org/resource/Category:Paintings_by_Leonardo_da_Vinci"/>
    <dcterms:subject rdf:resource="http://dbpedia.org/resource/Category:Paintings_of_the_Madonna_and_Child"/>
    <dcterms:subject rdf:resource="http://dbpedia.org/resource/Category:Paintings_of_the_Hermitage_Museum"/>
    <dbpedia-owl:abstract xml:lang="it">La Madonna Benois è un dipinto a olio su tavola trasportato su tela (48x31 cm) di Leonardo da Vinci, databile al 1478-1482 circa e conservato nel Museo dell'Ermitage di San Pietroburgo</dbpedia-owl:abstract>
    <dbpedia-owl:abstract xml:lang="es">Esta Virgen con el Niño y flores, conocida como Madona Benois, es un cuadro del pintor renacentista italiano Leonardo da Vinci. Está realizado al óleo sobre tabla transportado a tela. Mide 48 cm. de alto y 31 cm. de ancho. Pertenece al periodo 1478-82. Se conserva en el Museo del Hermitage de San Petersburgo en Rusia.</dbpedia-owl:abstract>
    <dbpedia-owl:abstract xml:lang="fr">La Madonna Benois (« La Madone Benois » ou « Madonna col Bambino ») pourrait être l'une des deux Madones commencées par Léonard de Vinci, comme il le dit lui-même, en octobre 1478. L'autre pourrait être La Madone à l'œillet, conservée à la Alte Pinakothek de Munich.</dbpedia-owl:abstract>
    <dbpedia-owl:abstract xml:lang="pl">Madonna Benois obraz Leonarda da Vinci datowany na lata 1478-1480, znajdujący się w Ermitażu, w Sankt Petersburgu, w Rosji.</dbpedia-owl:abstract>
    <dbpedia-owl:abstract xml:lang="ru">«Мадонна Бенуа» или «Мадонна с цветком» — ранняя картина Леонардо да Винчи, предположительно оставшаяся незавершённой. В 1914 году она была приобретена Императорским Эрмитажем у Марии Александровны, жены придворного архитектора Леонтия Николаевича Бенуа. В 1912 году владельцы решили продать «Мадонну с цветком» и с этой целью вывезли её в Европу для проведения экспертизы, где лондонский антиквар Джозеф Дювин оценил её в 500 тыс. франков. Атрибуцию полотна Леонардо неохотно подтвердил крупнейший авторитет того времени — Бернард Беренсон: « В один несчастный день меня пригласили освидетельствовать «Мадонну Бенуа». На меня смотрела молодая женщина с лысым лбом и опухшими щеками, беззубой усмешкой, миопическими глазами и морщинистой шеей. Жутковатый призрак старухи играет с ребёнком: его лицо напоминает пустую маску, а к ней приделаны раздувшиеся тельце и конечности. Жалкие ручонки, бестолково-суетные складки кожи, цвет словно сыворотка. И всё же мне пришлось признать, что это ужасное создание принадлежит Леонардо да Винчи... » Общественность хотела, чтобы картина осталась в России. М. А. Бенуа желала того же, а потому уступила «Мадонну» за 150 тыс. рублей. Сумма уплачивалась частями, и последние платежи были совершены уже после Октябрьской революции. М. А. Бенуа, в девичестве Сапожниковой, картина перешла по наследству. В семье ходило предание, будто картина была куплена у бродячих итальянских музыкантов в Астрахани. Других сведений о судьбе картины в начале XX века не имелось. В 1908 году Э.  К.  Липгарт писал: « [Картина Картина] входила в состав старинного собрания князей Куракиных, а теперь принадлежит М. А. Бенуа, супруге известного архитектора. » Через несколько лет он поправил себя: « Тесть г-на Бенуа купил её [картину картину] у итальянских балаганщиков при переезде через Астрахань. » Эта версия широко тиражировалась и другими авторами. Часто без всяких ссылок на источники прибавляли, что работа когда-то находилась в собрании графов Коновницыных. Лишь в 1974 году были обнародованы документальные данные о том, когда и при каких обстоятельствах «Мадонна с цветком» попала к Сапожниковым. В Государственном архиве Астраханской области был обнаружен «Реестр картинам г-на Александра Петровича Сапожникова, составленный в 1827 году». В описи за первым номером числится «Божья Матерь, держащая предвечного Младенца на левой руке... Вверху с овалом. Мастер Леонардо да Винчи... Из коллекции генерала Корсакова». Таким образом, выяснилось, что картина поступила из коллекции коллекционера и сенатора Алексея Ивановича Корсакова (1751/53-1821). Однако до сих пор нет точных сведений о более ранней судьбе картины. Считается, что именно об этой картине говорил М.  Ф. Бокки в своей книге «Достопримечательности города Флоренции», выпущенной в 1591 году: « Дощечка, расписанная маслом рукой Леонардо да Винчи, превосходная по красоте, где изображена мадонна в высшей степени искусно и старательно. Фигура Христа, представленного младенцем, прекрасна и удивительна, его поднятое лицо единственное в своём роде и поразительно по сложности замысла и тому, как этот замысел удачно разрешён. »</dbpedia-owl:abstract>
    <dbpedia-owl:abstract xml:lang="pt">Virgem Benois 250px Autor Leonardo da Vinci Data 1475-1478 Técnica óleo sobre madeira Dimensões 49,5 cm × 31,8 cm Localização Museu Ermitage, São Petersburgo, Rússia Virgem Benois ou Madona Benois, é um quadro de Leonardo da Vinci. A pintura retrata Maria e a criança em um jogo de olhares que fazem parecer muitíssimo natural e que não pode ser achado em nenhuma pintura italiana contemporânea da Madonna. Leonardo da Vinci alcançou esta qualidade por meio de estudos da natureza e produziu várias pinturas, esboços e um número muito grande de desenhos sobre este tema. Foi chamada de Madonna Benois por causa da família que possuía a obra, a família Benois. Esta tela demonstra o método recentemente desenvolvido na época que foi chamado de chiaroscuro - uma técnica de iluminação que obscurece as figuras e que fazem parecer em três dimensões. Este trabalho demonstra uma mãe com seu filho em momentos privados enfocando uma emoção preciosa entre eles. Esta era a intenção de Leonardo, que parecessem naturais. A complexidade e detalhe destas pinturas fixaram padrões novos, contudo eles são menos conhecidos que seus outros trabalhos. A imagem de Maria, sem dentes, pode ser explicada pelo estado inacabado do trabalho.</dbpedia-owl:abstract>
    <dbpedia-owl:abstract xml:lang="de">Die „Madonna Benois“ ist eines der bekanntesten Gemälde des Leonardo da Vinci und der italienischen Renaissance.</dbpedia-owl:abstract>
    <dbpedia-owl:abstract xml:lang="en">Madonna and Child with Flowers, otherwise known as the Benois Madonna, could be one of two Madonnas Leonardo da Vinci had commented on having started in October 1478. The other one could be Madonna with the Carnation from Munich. It is likely that the Benois Madonna was the first work painted by Leonardo independently from his master Verrocchio. There are two of Leonardo's preliminary sketches for this piece in the British Museum. The composition of Madonna and Child with Flowers proved to be one of Leonardo's most popular. It was extensively copied by young painters, including Raphael, whose own version of Leonardo's design was acquired in 2004 by the National Gallery, London. For centuries, Madonna and Child with Flowers was considered lost. In 1909, the architect Leon Benois sensationally exhibited it in St Petersburg as part of his father-in-law's collection. The painting had been apparently brought from Italy to Russia by the notable connoisseur Alexander Korsakov in the 1790s. Upon Korsakov's death, it was sold by his son to the Astrakhan merchant Sapozhnikov for 1400 roubles and so passed by inheritance to the Benois family in 1880. After many a squabble regarding attribution, Leon Benois sold the painting to the Imperial Hermitage Museum in 1914. Since then, it has been exhibited in St Petersburg.</dbpedia-owl:abstract>
    <dbpedia-owl:author rdf:resource="http://dbpedia.org/resource/Leonardo_da_Vinci"/>
    <dbpedia-owl:museum rdf:resource="http://dbpedia.org/resource/Hermitage_Museum"/>
    <dbpedia-owl:wikiPageID rdf:datatype="http://www.w3.org/2001/XMLSchema#integer">1670518</dbpedia-owl:wikiPageID>
    <dbpedia-owl:wikiPageRevisionID rdf:datatype="http://www.w3.org/2001/XMLSchema#integer">540246791</dbpedia-owl:wikiPageRevisionID>
    <rdfs:label xml:lang="fr">Madonna Benois</rdfs:label>
    <rdfs:label xml:lang="it">Madonna Benois</rdfs:label>
    <rdfs:label xml:lang="en">Benois Madonna</rdfs:label>
    <rdfs:label xml:lang="pt">Virgem Benois</rdfs:label>
    <rdfs:label xml:lang="de">Madonna Benois</rdfs:label>
    <rdfs:label xml:lang="es">Madona Benois</rdfs:label>
    <rdfs:label xml:lang="pl">Madonna Benois</rdfs:label>
    <rdfs:label xml:lang="ru">Мадонна Бенуа</rdfs:label>
    <foaf:depiction rdf:resource="http://upload.wikimedia.org/wikipedia/commons/c/c7/Madonna_benois_01.jpg"/>
    <rdfs:comment xml:lang="it">La Madonna Benois è un dipinto a olio su tavola trasportato su tela (48x31 cm) di Leonardo da Vinci, databile al 1478-1482 circa e conservato nel Museo dell'Ermitage di San Pietroburgo</rdfs:comment>
    <rdfs:comment xml:lang="es">Esta Virgen con el Niño y flores, conocida como Madona Benois, es un cuadro del pintor renacentista italiano Leonardo da Vinci. Está realizado al óleo sobre tabla transportado a tela. Mide 48 cm. de alto y 31 cm. de ancho. Pertenece al periodo 1478-82. Se conserva en el Museo del Hermitage de San Petersburgo en Rusia.</rdfs:comment>
    <rdfs:comment xml:lang="pl">Madonna Benois obraz Leonarda da Vinci datowany na lata 1478-1480, znajdujący się w Ermitażu, w Sankt Petersburgu, w Rosji.</rdfs:comment>
    <rdfs:comment xml:lang="fr">La Madonna Benois (« La Madone Benois » ou « Madonna col Bambino ») pourrait être l'une des deux Madones commencées par Léonard de Vinci, comme il le dit lui-même, en octobre 1478. L'autre pourrait être La Madone à l'œillet, conservée à la Alte Pinakothek de Munich.</rdfs:comment>
    <rdfs:comment xml:lang="en">Madonna and Child with Flowers, otherwise known as the Benois Madonna, could be one of two Madonnas Leonardo da Vinci had commented on having started in October 1478. The other one could be Madonna with the Carnation from Munich. It is likely that the Benois Madonna was the first work painted by Leonardo independently from his master Verrocchio. There are two of Leonardo's preliminary sketches for this piece in the British Museum.</rdfs:comment>
    <rdfs:comment xml:lang="ru">«Мадонна Бенуа» или «Мадонна с цветком» — ранняя картина Леонардо да Винчи, предположительно оставшаяся незавершённой. В 1914 году она была приобретена Императорским Эрмитажем у Марии Александровны, жены придворного архитектора Леонтия Николаевича Бенуа. В 1912 году владельцы решили продать «Мадонну с цветком» и с этой целью вывезли её в Европу для проведения экспертизы, где лондонский антиквар Джозеф Дювин оценил её в 500 тыс. франков.</rdfs:comment>
    <rdfs:comment xml:lang="pt">Virgem Benois 250px Autor Leonardo da Vinci Data 1475-1478 Técnica óleo sobre madeira Dimensões 49,5 cm × 31,8 cm Localização Museu Ermitage, São Petersburgo, Rússia Virgem Benois ou Madona Benois, é um quadro de Leonardo da Vinci. A pintura retrata Maria e a criança em um jogo de olhares que fazem parecer muitíssimo natural e que não pode ser achado em nenhuma pintura italiana contemporânea da Madonna.</rdfs:comment>
    <rdfs:comment xml:lang="de">Die „Madonna Benois“ ist eines der bekanntesten Gemälde des Leonardo da Vinci und der italienischen Renaissance.</rdfs:comment>
    <foaf:name xml:lang="en">The Benois Madonna</foaf:name>
    <dbpedia-owl:thumbnail rdf:resource="http://upload.wikimedia.org/wikipedia/commons/thumb/c/c7/Madonna_benois_01.jpg/200px-Madonna_benois_01.jpg"/>
    <dbpedia-owl:wikiPageExternalLink rdf:resource="http://libmma.contentdm.oclc.org/cdm/compoundobject/collection/p15324coll10/id/84801/rec/2"/>
    <dbpprop:artist xml:lang="en">Leonardo da Vinci</dbpprop:artist>
    <dbpprop:city xml:lang="en">Saint Petersburg</dbpprop:city>
    <dbpprop:height rdf:datatype="http://www.w3.org/2001/XMLSchema#double">49.5</dbpprop:height>
    <dbpprop:imageFile xml:lang="en">Madonna benois 01.jpg</dbpprop:imageFile>
    <dbpprop:museum xml:lang="en">Hermitage Museum</dbpprop:museum>
    <dbpprop:title xml:lang="en">The Benois Madonna</dbpprop:title>
    <dbpprop:type xml:lang="en">Oil on canvas</dbpprop:type>
    <dbpprop:width rdf:datatype="http://www.w3.org/2001/XMLSchema#integer">33</dbpprop:width>
    <dbpprop:year rdf:datatype="http://www.w3.org/2001/XMLSchema#integer">1478</dbpprop:year>
    <foaf:isPrimaryTopicOf rdf:resource="http://en.wikipedia.org/wiki/Benois_Madonna"/>
    <ns7:wasDerivedFrom rdf:resource="http://en.wikipedia.org/wiki/Benois_Madonna?oldid=540246791"/>
    <dbpprop:hasPhotoCollection rdf:resource="http://wifo5-03.informatik.uni-mannheim.de/flickrwrappr/photos/Benois_Madonna"/>
  </rdf:Description>
  <rdf:Description rdf:about="http://pl.dbpedia.org/resource/Madonna_Benois">
    <owl:sameAs rdf:resource="http://dbpedia.org/resource/Benois_Madonna"/>
  </rdf:Description>
  <rdf:Description rdf:about="http://pt.dbpedia.org/resource/Virgem_Benois">
    <owl:sameAs rdf:resource="http://dbpedia.org/resource/Benois_Madonna"/>
  </rdf:Description>
  <rdf:Description rdf:about="http://es.dbpedia.org/resource/Madona_Benois">
    <owl:sameAs rdf:resource="http://dbpedia.org/resource/Benois_Madonna"/>
  </rdf:Description>
  <rdf:Description rdf:about="http://de.dbpedia.org/resource/Madonna_Benois">
    <owl:sameAs rdf:resource="http://dbpedia.org/resource/Benois_Madonna"/>
  </rdf:Description>
  <rdf:Description rdf:about="http://fr.dbpedia.org/resource/Madonna_Benois">
    <owl:sameAs rdf:resource="http://dbpedia.org/resource/Benois_Madonna"/>
  </rdf:Description>
  <rdf:Description rdf:about="http://ru.dbpedia.org/resource/Мадонна_Бенуа">
    <owl:sameAs rdf:resource="http://dbpedia.org/resource/Benois_Madonna"/>
  </rdf:Description>
  <rdf:Description rdf:about="http://dbpedia.org/resource/Benois_Madonna_(Da_Vinci)">
    <dbpedia-owl:wikiPageRedirects rdf:resource="http://dbpedia.org/resource/Benois_Madonna"/>
  </rdf:Description>
  <rdf:Description rdf:about="http://dbpedia.org/resource/Madonna_And_Child_With_Flowers">
    <dbpedia-owl:wikiPageRedirects rdf:resource="http://dbpedia.org/resource/Benois_Madonna"/>
  </rdf:Description>
  <rdf:Description rdf:about="http://dbpedia.org/resource/Madonna_and_Child_with_Flowers">
    <dbpedia-owl:wikiPageRedirects rdf:resource="http://dbpedia.org/resource/Benois_Madonna"/>
  </rdf:Description>
  <rdf:Description rdf:about="http://it.dbpedia.org/resource/Madonna_Benois">
    <owl:sameAs rdf:resource="http://dbpedia.org/resource/Benois_Madonna"/>
  </rdf:Description>
  <rdf:Description rdf:about="http://en.wikipedia.org/wiki/Benois_Madonna">
    <foaf:primaryTopic rdf:resource="http://dbpedia.org/resource/Benois_Madonna"/>
  </rdf:Description>
  <rdf:Description rdf:about="http://wikidata.dbpedia.org/resource/Q1142058">
    <owl:sameAs rdf:resource="http://dbpedia.org/resource/Benois_Madonna"/>
  </rdf:Description>
  <rdf:Description rdf:about="http://ar.dbpedia.org/resource/السيدة_بينويس_(لوحة)">
    <owl:sameAs rdf:resource="http://dbpedia.org/resource/Benois_Madonna"/>
  </rdf:Description>
  <rdf:Description rdf:about="http://ca.dbpedia.org/resource/Madonna_Benois">
    <owl:sameAs rdf:resource="http://dbpedia.org/resource/Benois_Madonna"/>
  </rdf:Description>
  <rdf:Description rdf:about="http://da.dbpedia.org/resource/Madonna_Benois">
    <owl:sameAs rdf:resource="http://dbpedia.org/resource/Benois_Madonna"/>
  </rdf:Description>
  <rdf:Description rdf:about="http://he.dbpedia.org/resource/מדונה_בנואה">
    <owl:sameAs rdf:resource="http://dbpedia.org/resource/Benois_Madonna"/>
  </rdf:Description>
  <rdf:Description rdf:about="http://ka.dbpedia.org/resource/ბენუას_მადონა">
    <owl:sameAs rdf:resource="http://dbpedia.org/resource/Benois_Madonna"/>
  </rdf:Description>
  <rdf:Description rdf:about="http://lt.dbpedia.org/resource/Benua_Madona">
    <owl:sameAs rdf:resource="http://dbpedia.org/resource/Benois_Madonna"/>
  </rdf:Description>
  <rdf:Description rdf:about="http://no.dbpedia.org/resource/Madonna_Benois">
    <owl:sameAs rdf:resource="http://dbpedia.org/resource/Benois_Madonna"/>
  </rdf:Description>
  <rdf:Description rdf:about="http://ro.dbpedia.org/resource/Madona_Benois">
    <owl:sameAs rdf:resource="http://dbpedia.org/resource/Benois_Madonna"/>
  </rdf:Description>
  <rdf:Description rdf:about="http://sk.dbpedia.org/resource/Madona_Benois">
    <owl:sameAs rdf:resource="http://dbpedia.org/resource/Benois_Madonna"/>
  </rdf:Description>
  <rdf:Description rdf:about="http://th.dbpedia.org/resource/พระแม่มารีเบนัวส์">
    <owl:sameAs rdf:resource="http://dbpedia.org/resource/Benois_Madonna"/>
  </rdf:Description>
</rdf:RDF>
