<rdf:RDF xmlns:ns7="http://www.w3.org/ns/prov#" xmlns:dbpprop="http://dbpedia.org/property/" xmlns:foaf="http://xmlns.com/foaf/0.1/" xmlns:dbpedia-owl="http://dbpedia.org/ontology/" xmlns:dcterms="http://purl.org/dc/terms/" xmlns:owl="http://www.w3.org/2002/07/owl#" xmlns:rdfs="http://www.w3.org/2000/01/rdf-schema#" xmlns:rdf="http://www.w3.org/1999/02/22-rdf-syntax-ns#">
  <rdf:Description rdf:about="http://dbpedia.org/resource/Bharat_Mata_(Abanindranath)">
    <rdf:type rdf:resource="http://dbpedia.org/class/yago/Whole100003553"/>
    <rdf:type rdf:resource="http://dbpedia.org/class/yago/PhysicalEntity100001930"/>
    <rdf:type rdf:resource="http://dbpedia.org/class/yago/Painting103876519"/>
    <rdf:type rdf:resource="http://dbpedia.org/class/yago/1905Paintings"/>
    <rdf:type rdf:resource="http://dbpedia.org/class/yago/Creation103129123"/>
    <rdf:type rdf:resource="http://schema.org/CreativeWork"/>
    <rdf:type rdf:resource="http://dbpedia.org/class/yago/GraphicArt103453809"/>
    <rdf:type rdf:resource="http://www.w3.org/2002/07/owl#Thing"/>
    <rdf:type rdf:resource="http://dbpedia.org/ontology/Work"/>
    <rdf:type rdf:resource="http://dbpedia.org/class/yago/Artifact100021939"/>
    <rdf:type rdf:resource="http://dbpedia.org/ontology/Artwork"/>
    <rdf:type rdf:resource="http://dbpedia.org/class/yago/Object100002684"/>
    <rdf:type rdf:resource="http://dbpedia.org/class/yago/Art102743547"/>
    <rdf:type rdf:resource="http://dbpedia.org/class/yago/IndianPaintings"/>
    <owl:sameAs rdf:resource="http://dbpedia.org/resource/Bharat_Mata_(Abanindranath)"/>
    <owl:sameAs rdf:resource="http://yago-knowledge.org/resource/Bharat_Mata_(Abanindranath)"/>
    <owl:sameAs rdf:resource="http://www.wikidata.org/entity/Q4901133"/>
    <owl:sameAs rdf:resource="http://rdf.freebase.com/ns/m.063zcbv"/>
    <dcterms:subject rdf:resource="http://dbpedia.org/resource/Category:1905_paintings"/>
    <dcterms:subject rdf:resource="http://dbpedia.org/resource/Category:Indian_paintings"/>
    <dbpedia-owl:abstract xml:lang="en">Bharat Mata is an epic painting by celebrated Indian painter, Abanindranath Tagore. This painting depicts Bharat Mata.</dbpedia-owl:abstract>
    <dbpedia-owl:author rdf:resource="http://dbpedia.org/resource/Abanindranath_Tagore"/>
    <dbpedia-owl:wikiPageID rdf:datatype="http://www.w3.org/2001/XMLSchema#integer">22871751</dbpedia-owl:wikiPageID>
    <dbpedia-owl:wikiPageRevisionID rdf:datatype="http://www.w3.org/2001/XMLSchema#integer">429259971</dbpedia-owl:wikiPageRevisionID>
    <rdfs:label xml:lang="en">Bharat Mata (Abanindranath)</rdfs:label>
    <rdfs:comment xml:lang="en">Bharat Mata is an epic painting by celebrated Indian painter, Abanindranath Tagore. This painting depicts Bharat Mata.</rdfs:comment>
    <foaf:name xml:lang="en">Bharat Mata</foaf:name>
    <dbpprop:artist rdf:resource="http://dbpedia.org/resource/Abanindranath_Tagore"/>
    <dbpprop:imageSize rdf:datatype="http://www.w3.org/2001/XMLSchema#integer">250</dbpprop:imageSize>
    <dbpprop:title xml:lang="en">Bharat Mata</dbpprop:title>
    <dbpprop:type rdf:resource="http://dbpedia.org/resource/Watercolor_painting"/>
    <dbpprop:year rdf:datatype="http://www.w3.org/2001/XMLSchema#integer">1905</dbpprop:year>
    <foaf:isPrimaryTopicOf rdf:resource="http://en.wikipedia.org/wiki/Bharat_Mata_(Abanindranath)"/>
    <ns7:wasDerivedFrom rdf:resource="http://en.wikipedia.org/wiki/Bharat_Mata_(Abanindranath)?oldid=429259971"/>
    <dbpprop:hasPhotoCollection rdf:resource="http://wifo5-03.informatik.uni-mannheim.de/flickrwrappr/photos/Bharat_Mata_(Abanindranath)"/>
  </rdf:Description>
  <rdf:Description rdf:about="http://en.wikipedia.org/wiki/Bharat_Mata_(Abanindranath)">
    <foaf:primaryTopic rdf:resource="http://dbpedia.org/resource/Bharat_Mata_(Abanindranath)"/>
  </rdf:Description>
  <rdf:Description rdf:about="http://wikidata.dbpedia.org/resource/Q4901133">
    <owl:sameAs rdf:resource="http://dbpedia.org/resource/Bharat_Mata_(Abanindranath)"/>
  </rdf:Description>
</rdf:RDF>
