<rdf:RDF xmlns:dbpprop="http://dbpedia.org/property/" xmlns:ns6="http://www.w3.org/ns/prov#" xmlns:foaf="http://xmlns.com/foaf/0.1/" xmlns:dbpedia-owl="http://dbpedia.org/ontology/" xmlns:dcterms="http://purl.org/dc/terms/" xmlns:owl="http://www.w3.org/2002/07/owl#" xmlns:rdfs="http://www.w3.org/2000/01/rdf-schema#" xmlns:rdf="http://www.w3.org/1999/02/22-rdf-syntax-ns#">
  <rdf:Description rdf:about="http://dbpedia.org/resource/%E9%BB%91%E9%AC%BC%E5%96%9D%E7%9F%B3%E6%B2%B9">
    <dbpedia-owl:wikiPageRedirects rdf:resource="http://dbpedia.org/resource/Black_Ghosts_Drink_Petrol"/>
  </rdf:Description>
  <rdf:Description rdf:about="http://dbpedia.org/resource/Black_Ghosts_Drink_Petrol">
    <rdf:type rdf:resource="http://dbpedia.org/class/yago/Murals"/>
    <rdf:type rdf:resource="http://dbpedia.org/class/yago/Creation103129123"/>
    <rdf:type rdf:resource="http://dbpedia.org/class/yago/Whole100003553"/>
    <rdf:type rdf:resource="http://dbpedia.org/class/yago/Artifact100021939"/>
    <rdf:type rdf:resource="http://dbpedia.org/class/yago/Object100002684"/>
    <rdf:type rdf:resource="http://dbpedia.org/class/yago/Art102743547"/>
    <rdf:type rdf:resource="http://dbpedia.org/class/yago/Painting103876519"/>
    <rdf:type rdf:resource="http://dbpedia.org/class/yago/GraphicArt103453809"/>
    <rdf:type rdf:resource="http://dbpedia.org/class/yago/Mural103799710"/>
    <rdf:type rdf:resource="http://dbpedia.org/class/yago/PhysicalEntity100001930"/>
    <owl:sameAs rdf:resource="http://rdf.freebase.com/ns/m.0bmczcd"/>
    <owl:sameAs rdf:resource="http://dbpedia.org/resource/Black_Ghosts_Drink_Petrol"/>
    <owl:sameAs rdf:resource="http://www.wikidata.org/entity/Q4920821"/>
    <owl:sameAs rdf:resource="http://yago-knowledge.org/resource/Black_Ghosts_Drink_Petrol"/>
    <dcterms:subject rdf:resource="http://dbpedia.org/resource/Category:Murals"/>
    <dcterms:subject rdf:resource="http://dbpedia.org/resource/Category:Public_art"/>
    <dbpedia-owl:abstract xml:lang="en">Black Ghosts Drink Petrol is a work of public art, a mural by the Dutch situational artist Masaharu Nishiura. Nisiura's mural tells about Chinese racism that projects itself upon occidental colonialism regarding the African continent in the 21st century. The work consists of live action / black spray paint / tar paint on an installation of the local water supply situated near La Caldera, La Orotava, Tenerife, Spain. Its goal is to comment on world water supply, the changing interhuman dynamics between white, yellow, and black populations, and how 'vessels' of colonial inspired infrastructure can function in 21st century daily life.</dbpedia-owl:abstract>
    <dbpedia-owl:wikiPageID rdf:datatype="http://www.w3.org/2001/XMLSchema#integer">26684387</dbpedia-owl:wikiPageID>
    <dbpedia-owl:wikiPageRevisionID rdf:datatype="http://www.w3.org/2001/XMLSchema#integer">400297303</dbpedia-owl:wikiPageRevisionID>
    <rdfs:label xml:lang="en">Black Ghosts Drink Petrol</rdfs:label>
    <rdfs:comment xml:lang="en">Black Ghosts Drink Petrol is a work of public art, a mural by the Dutch situational artist Masaharu Nishiura. Nisiura's mural tells about Chinese racism that projects itself upon occidental colonialism regarding the African continent in the 21st century. The work consists of live action / black spray paint / tar paint on an installation of the local water supply situated near La Caldera, La Orotava, Tenerife, Spain.</rdfs:comment>
    <foaf:isPrimaryTopicOf rdf:resource="http://en.wikipedia.org/wiki/Black_Ghosts_Drink_Petrol"/>
    <ns6:wasDerivedFrom rdf:resource="http://en.wikipedia.org/wiki/Black_Ghosts_Drink_Petrol?oldid=400297303"/>
    <dbpprop:hasPhotoCollection rdf:resource="http://wifo5-03.informatik.uni-mannheim.de/flickrwrappr/photos/Black_Ghosts_Drink_Petrol"/>
  </rdf:Description>
  <rdf:Description rdf:about="http://en.wikipedia.org/wiki/Black_Ghosts_Drink_Petrol">
    <foaf:primaryTopic rdf:resource="http://dbpedia.org/resource/Black_Ghosts_Drink_Petrol"/>
  </rdf:Description>
  <rdf:Description rdf:about="http://wikidata.dbpedia.org/resource/Q4920821">
    <owl:sameAs rdf:resource="http://dbpedia.org/resource/Black_Ghosts_Drink_Petrol"/>
  </rdf:Description>
</rdf:RDF>
