<rdf:RDF xmlns:dbpprop="http://dbpedia.org/property/" xmlns:ns6="http://www.w3.org/ns/prov#" xmlns:foaf="http://xmlns.com/foaf/0.1/" xmlns:dbpedia-owl="http://dbpedia.org/ontology/" xmlns:dcterms="http://purl.org/dc/terms/" xmlns:owl="http://www.w3.org/2002/07/owl#" xmlns:rdfs="http://www.w3.org/2000/01/rdf-schema#" xmlns:rdf="http://www.w3.org/1999/02/22-rdf-syntax-ns#">
  <rdf:Description rdf:about="http://dbpedia.org/resource/Black_mary">
    <dbpedia-owl:wikiPageRedirects rdf:resource="http://dbpedia.org/resource/Black_Madonna"/>
  </rdf:Description>
  <rdf:Description rdf:about="http://de.dbpedia.org/resource/Schwarze_Madonna">
    <owl:sameAs rdf:resource="http://dbpedia.org/resource/Black_Madonna"/>
  </rdf:Description>
  <rdf:Description rdf:about="http://it.dbpedia.org/resource/Madonna_Nera">
    <owl:sameAs rdf:resource="http://dbpedia.org/resource/Black_Madonna"/>
  </rdf:Description>
  <rdf:Description rdf:about="http://ja.dbpedia.org/resource/黒い聖母">
    <owl:sameAs rdf:resource="http://dbpedia.org/resource/Black_Madonna"/>
  </rdf:Description>
  <rdf:Description rdf:about="http://dbpedia.org/resource/Black_Madona">
    <dbpedia-owl:wikiPageRedirects rdf:resource="http://dbpedia.org/resource/Black_Madonna"/>
  </rdf:Description>
  <rdf:Description rdf:about="http://dbpedia.org/resource/La_Virgen_Morena">
    <dbpedia-owl:wikiPageRedirects rdf:resource="http://dbpedia.org/resource/Black_Madonna"/>
  </rdf:Description>
  <rdf:Description rdf:about="http://dbpedia.org/resource/Black_Madonna">
    <rdf:type rdf:resource="http://dbpedia.org/class/yago/Artifact100021939"/>
    <rdf:type rdf:resource="http://dbpedia.org/class/yago/RomanCatholicChurchPaintings"/>
    <rdf:type rdf:resource="http://dbpedia.org/class/yago/Whole100003553"/>
    <rdf:type rdf:resource="http://dbpedia.org/class/yago/Art102743547"/>
    <rdf:type rdf:resource="http://dbpedia.org/class/yago/Painting103876519"/>
    <rdf:type rdf:resource="http://dbpedia.org/class/yago/Object100002684"/>
    <rdf:type rdf:resource="http://dbpedia.org/class/yago/GraphicArt103453809"/>
    <rdf:type rdf:resource="http://dbpedia.org/class/yago/Creation103129123"/>
    <rdf:type rdf:resource="http://dbpedia.org/class/yago/PhysicalEntity100001930"/>
    <owl:sameAs rdf:resource="http://rdf.freebase.com/ns/m.01pl8j"/>
    <owl:sameAs rdf:resource="http://yago-knowledge.org/resource/Black_Madonna"/>
    <owl:sameAs rdf:resource="http://tr.dbpedia.org/resource/Siyah_Meryem"/>
    <owl:sameAs rdf:resource="http://da.dbpedia.org/resource/Den_sorte_madonna"/>
    <owl:sameAs rdf:resource="http://ru.dbpedia.org/resource/Чёрная_мадонна"/>
    <owl:sameAs rdf:resource="http://pt.dbpedia.org/resource/Virgem_Negra"/>
    <owl:sameAs rdf:resource="http://vi.dbpedia.org/resource/Đức_Bà_Đen"/>
    <owl:sameAs rdf:resource="http://de.dbpedia.org/resource/Schwarze_Madonna"/>
    <owl:sameAs rdf:resource="http://bg.dbpedia.org/resource/Черна_Мадона"/>
    <owl:sameAs rdf:resource="http://it.dbpedia.org/resource/Madonna_Nera"/>
    <owl:sameAs rdf:resource="http://nl.dbpedia.org/resource/Zwarte_madonna"/>
    <owl:sameAs rdf:resource="http://fr.dbpedia.org/resource/Vierge_noire"/>
    <owl:sameAs rdf:resource="http://fa.dbpedia.org/resource/مریم_عذرای_سیاه"/>
    <owl:sameAs rdf:resource="http://lb.dbpedia.org/resource/Schwaarz_Muttergottes"/>
    <owl:sameAs rdf:resource="http://es.dbpedia.org/resource/Vírgenes_negras"/>
    <owl:sameAs rdf:resource="http://th.dbpedia.org/resource/แม่พระฉวีดำ"/>
    <owl:sameAs rdf:resource="http://ja.dbpedia.org/resource/黒い聖母"/>
    <owl:sameAs rdf:resource="http://pl.dbpedia.org/resource/Czarna_Madonna"/>
    <owl:sameAs rdf:resource="http://eo.dbpedia.org/resource/Nigra_madono"/>
    <owl:sameAs rdf:resource="http://www.wikidata.org/entity/Q1435706"/>
    <owl:sameAs rdf:resource="http://dbpedia.org/resource/Black_Madonna"/>
    <owl:sameAs rdf:resource="http://fi.dbpedia.org/resource/Musta_madonna"/>
    <dcterms:subject rdf:resource="http://dbpedia.org/resource/Category:Roman_Catholic_Church_paintings"/>
    <dcterms:subject rdf:resource="http://dbpedia.org/resource/Category:Roman_Catholic_Church_sculpture"/>
    <dcterms:subject rdf:resource="http://dbpedia.org/resource/Category:Virgin_Mary_in_art"/>
    <dbpedia-owl:abstract xml:lang="es">Monserrate]] Las vírgenes negras son efigies de la Virgen María que la representan como de piel oscura, o incluso completamente negra. Representaciones modernas en las que a la Virgen se la ha dotado premeditadamente de un aspecto étnico negro no entran dentro de esta categoría.</dbpedia-owl:abstract>
    <dbpedia-owl:abstract xml:lang="ja">黒い聖母 (くろいせいぼ) は、一般に黒い聖母マリア及び聖母子の画・像。 聖画・像がただ単に黒ずんだものもあるが、キリスト教信仰以前にオリエント一帯に広まっていた大地母神信仰が吸収されたものともいわれる。 また、芥川龍之介の短編作品にも「黒衣聖母」という名で登場し、無気味なモチーフとして扱われる。</dbpedia-owl:abstract>
    <dbpedia-owl:abstract xml:lang="pt">Denomina-se Virgem Negra, Madona Negra ou Virgem Maria Negra, a uma escultura ou pintura feminina, de cor escura, nas regiões de tradição cristã associadas à personagem de Maria (mãe de Jesus). Geralmente estão associadas lendas que lhes atribuem origem mais antiga, e tanto representam a Senhora em pé como sentada num trono ou num banco, acompanhada pelo Menino Jesus. A sua popularidade prende-se à reputação de possuírem o poder de realizar milagres, e o seu culto tornou-as, tradicionalmente, em destino de peregrinação. Embora espalhadas por todo o mundo, a maioria dessas imagens encontram-se na Europa, onde existem cerca de 400 conservadas em igrejas e em museus. Na sua maioria remontam à Idade Média, esculpidas ou pintadas em madeira, e de pequenas dimensões.</dbpedia-owl:abstract>
    <dbpedia-owl:abstract xml:lang="nl">Een zwarte madonna is binnen de religieuze beeldende kunst en de Mariaverering een afbeelding of een beeld van een Madonna waarvan het gezicht zwart is doordat het in die kleur geschilderd is of doordat er zwart materiaal (vooral hout, zelden steen) voor het beeld gebruikt is. De beelden dragen soms kleding of sluiers van kant. Soms wordt aangenomen dat de donkere kleur ontstaan is door de ouderdom van het hout of door het veelvuldig aansteken van kaarsen voor het beeld (roet), maar dit is niet juist. Zwarte madonna's zijn over het algemeen van het begin af aan zo bedoeld en gaan terug op een zinsnede in de Bijbel, waar staat "Ik ben zwart maar lieflijk". Dit slaat op de bruid van Salomo, de Koningin van Sheba. Een zwarte godin komt in de geschiedenis van de religie meerdere keren voor. Sommige van de vruchtbaarheids-, moeder- en aardgodinnen waren zwart. In het gebied tussen Anatolië, Egypte en Mesopotamië bestond de cultus rond de moedergodinnen Cybele, Astarte, Isis en Ishtar. Van daaruit breidde zich deze traditie uit in westelijke richting met Artemis, Demeter en Ceres. Ook in het Oosten met de zwarte godin Kálii. In de Keltische cultuur werden Freya en Ana vereerd. De heilige Anna die in Bretagne vereerd wordt, wordt met deze laatste in verband gebracht. Zij gelden als voorlopers van de zwarte madonna's. Onderzoekers zien de christelijke zwarte madonna's niet als opzichzelfstaand verschijnsel, maar als vervolg op deze eeuwenoude tradities. De oudste figuren van zwarte madonna's stammen uit de romaanse periode. Het bijzondere is dat deze figuur op vele plaatsen bijna gelijktijdig te vinden is. Het is mogelijk dat deze originele zwarte madonna's voor het eerst door de Tempeliers vanuit het Midden-Oosten naar West-Europa, vooral naar Frankrijk, werden meegenomen. Nog steeds komen zij vooral in Centraal-Frankrijk, in de Provence en in de Pyreneeën voor. In tegenstelling tot de Italiaanse zwarte madonna's zijn de Franse zeer goed onderzocht, waardoor de meeste literatuur erover in het Frans geschreven is. Alle zwarte madonna's uit deze vroege periode bezitten dezelfde kenmerken. Ze zijn ongeveer zeventig centimeter hoog. Ze zijn rechtop zittend uitgebeeld met grote ogen en rechtuit in de verte starende blik. De handen en vingers zijn buitenproportioneel groot. Ze houden een kind op schoot met een bal in zijn hand dat naar voren kijkt. Het gezicht van het kind ziet eruit als het gezicht van een volwassene. Latere zwarte madonna's bijvoorbeeld uit de Barok worden vaak staand weergegeven en bestaan in verschillende afmetingen. Vele Madonna's werden in de loop der tijd vernield en beschadigd. De overgebleven exemplaren roepen echter tot op heden een grote fascinatie op. Een van de bekendste uitbeeldingen is de zwarte madonna van Loreto, die op vele plaatsen in zogenaamde Loretokapellen gekopieerd werd. Deze plaatsen ontwikkelden zich vaak tot een bedevaartsoord. Voor de Poolse katholieken geldt de zwarte madonna van Częstochowa op de berg Jasna Góra als nationale schat. Het beeld is niet alleen van religieuze betekenis maar staat al sinds eeuwen symbool voor de vrijheidsdrang van de Poolse bevolking. Het behoort tot de zogenaamde Lucasschilderijen en dateert uit de tijd tussen de 6e en de 9e eeuw.</dbpedia-owl:abstract>
    <dbpedia-owl:abstract xml:lang="de">Als Schwarze Madonna wird in der religiösen Kunst und Marienverehrung das Bild oder die Statue einer Madonna bezeichnet, deren Gesicht schwarz ist. Dies kann entweder auf eine schwarze Bemalung oder auf die Verwendung von schwarzem Holz oder Stein zurückgeführt werden. In Brasilien wird die Schwärze mit der dunklen Hautfarbe einheimischer Bevölkerung in Verbindung gebracht und als Mariendarstellung einer schwarzen Bevölkerung interpretiert.</dbpedia-owl:abstract>
    <dbpedia-owl:abstract xml:lang="it">Una Madonna Nera è una rappresentazione (statua o quadro) della Vergine Maria, eventualmente accompagnata dal Bambino Gesù, il cui volto ha un colorito scuro, se non proprio nero. Le “madonne nere” sono molto diffuse. Ci sono diverse centinaia di madonne nere in luoghi pubblici di culto in Italia, Francia, Spagna e in molte altre nazioni. Molte di queste madonne sono famose, come la Madonna di Loreto, quella di Tindari presso Patti, quella di Częstochowa in Polonia o la Vergine della Candelaria di Tenerife, patrona delle Canarie. Molti santuari di madonne nere, però, sono repliche di culti più antichi e famosi. Nell'Italia meridionale, ad esempio, sono molto diffuse le icone di Santa Maria di Costantinopoli; in tutto il mondo, poi, vi sono santuari della Madonna di Loreto, ecc. Il numero dei culti originari è quindi più ridotto.</dbpedia-owl:abstract>
    <dbpedia-owl:abstract xml:lang="ru">Чёрная Мадонна — в католическом религиозном искусстве и почитании обозначение картины или статуи, изображающей Деву Марию с ликом крайне тёмного оттенка. Для такого исполнения может использоваться как чёрная краска, так и различные виды чёрного дерева или камня. Наиболее известный пример — Ченстоховская икона Божией Матери, которую в просторечии и называют «Чёрной мадонной» (пол. Czarna Madonna).</dbpedia-owl:abstract>
    <dbpedia-owl:abstract xml:lang="en">A Black Madonna or Black Virgin is a statue or painting of Mary in which she is depicted with dark skin, especially those created in Europe in the medieval period or earlier. These are the original paintings and statue of Madonna. However, they were changed from a dark image to a white image in North America.</dbpedia-owl:abstract>
    <dbpedia-owl:abstract xml:lang="pl">Czarna Madonna – rzeźba lub obraz przedstawiający Maryję lub Maryję z Dzieciątkiem, na którym jest ona ukazana z ciemnym lub czarnym odcieniem skóry, wykonane przeważnie w Europie w okresie średniowiecza lub wcześniej. W tym rozumieniu terminu określenie "Czarna Madonna" nie odnosi się do wizerunków Maryi ukazanej wyraźnie jako czarna Afrykanka, które są popularne w Afryce oraz w miejscach zamieszkanych przez duży odsetek ludności pochodzenia afrykańskiego, np. w Stanach Zjednoczonych lub Brazylii. Jedna z teorii mówi, iż Czarne Madonny są reprodukcjami wcześniejszego wizerunku lub ikony Matki Bożej, która już nie istnieje i która, najprawdopodobniej, znajdowała się w Konstantynopolu. Miałaby zostać zniszczona przez ikonoklastów, którzy począwszy od VIII do X w. prowadzili na szeroką skalę akcję przejawiającą się w niszczeniu ikonostasów, fresków, a nawet klasztorów oraz prześladowaniem osób adorujących ikony (ikonoduli). Wizerunki Czarnej Madonny znajdują się przede wszystkim na terenach zamieszkanych przez katolików. Rzeźby są w większości wykonane z drewna (rzadko spotyka się wykonane z kamienia), często są pokryte farbą. Wysokość rzeźb nie przekracza 75 cm, a ich powstanie datuje głównie się na XI – XV w. Można wyróżnić dwie podstawowe grupy: wolnostojące, pionowe figury oraz wizerunki Maryi na tronie. Obrazy to przede wszystkim ikony wykonane w stylu bizantyńskim, których powstanie datuje się najczęściej na XIII-XIV w. Twarze cechują rysy charakterystyczne dla Europejczyków. Na terenie Europy znajduje się około 450-500 wizerunków Czarnej Madonny, jakkolwiek ilość zależy od metody przyjętej do ich klasyfikacji. W samej Francji znajduje się co najmniej 180 takich wizerunków pochodzących z okresu średniowiecza (zwane są we Francji Vierges Noires) oraz setki kopii wykonanych w późniejszym okresie. Niektóre z nich można spotkać w muzeach, jakkolwiek większość znajduje się w kościołach i kaplicach. Najbardziej znanymi są: ikona Maryi, która znajduje się w Bazylice Santa Maria Maggiore w Rzymie – wizerunek Czarnej Madonny, który znajduje się w jednej z kaplic, jest nazywany powszechnie Salus Populi Romani (Ocalenie Ludu Rzymskiego) Ikona Matki Bożej Częstochowskiej na Jasnej Górze, będąca jednym z najlepiej rozpoznawanych symboli chrześcijaństwa w Polsce Madonna z Montserrat (zwana też La Moreneta, co w języku katalońskim znaczy czarna) – drewniana romańska figura Matki Boskiej z Dzieciątkiem znajdująca się w klasztorze benedyktyńskim Montserrat w masywie górskim Montserrat w Katalonii. Matka Boża z Candelarii – drewniana figura Matki Boskiej z Dzieciątkiem znajdująca się w Bazylice Matki Bożej w Candelarii na Teneryfie.</dbpedia-owl:abstract>
    <dbpedia-owl:abstract xml:lang="fr">Les Vierges noires sont des effigies féminines qui appartiennent à l’iconographie du Moyen Âge européen. Elles figurent généralement la Vierge Marie, mais certaines d'entre elles représentent également Sara la noire ou Sainte Anne. Elles tirent leur nom de leur couleur sombre, souvent limitée au visage et aux mains. La plupart d'entre elles sont des sculptures produites entre le XI et le XV siècle, mais parfois aussi des icônes de style byzantin des XIII et XIV siècles. On trouve parmi elles de nombreuses Vierges à l’enfant. La majorité des 450 à 500 recensées se rencontrent dans le bassin méditerranéen occidental, domaine de l'art roman, avec une concentration importante dans le sud de la France où on en compte 180. La Vierge noire de Częstochowa est, par sa localisation, un exemple atypique. Bien que des musées en conservent, la plupart des Vierges noires sont placées dans des églises et certaines suscitent des pèlerinages importants.</dbpedia-owl:abstract>
    <dbpedia-owl:wikiPageID rdf:datatype="http://www.w3.org/2001/XMLSchema#integer">277944</dbpedia-owl:wikiPageID>
    <dbpedia-owl:wikiPageRevisionID rdf:datatype="http://www.w3.org/2001/XMLSchema#integer">547750501</dbpedia-owl:wikiPageRevisionID>
    <rdfs:label xml:lang="pt">Virgem Negra</rdfs:label>
    <rdfs:label xml:lang="en">Black Madonna</rdfs:label>
    <rdfs:label xml:lang="de">Schwarze Madonna</rdfs:label>
    <rdfs:label xml:lang="ja">黒い聖母</rdfs:label>
    <rdfs:label xml:lang="es">Vírgenes negras</rdfs:label>
    <rdfs:label xml:lang="ru">Чёрная мадонна</rdfs:label>
    <rdfs:label xml:lang="pl">Czarna Madonna</rdfs:label>
    <rdfs:label xml:lang="nl">Zwarte madonna</rdfs:label>
    <rdfs:label xml:lang="fr">Vierge noire</rdfs:label>
    <rdfs:label xml:lang="it">Madonna Nera</rdfs:label>
    <foaf:depiction rdf:resource="http://upload.wikimedia.org/wikipedia/commons/3/30/Czestochowska.jpg"/>
    <rdfs:comment xml:lang="ru">Чёрная Мадонна — в католическом религиозном искусстве и почитании обозначение картины или статуи, изображающей Деву Марию с ликом крайне тёмного оттенка. Для такого исполнения может использоваться как чёрная краска, так и различные виды чёрного дерева или камня. Наиболее известный пример — Ченстоховская икона Божией Матери, которую в просторечии и называют «Чёрной мадонной» (пол. Czarna Madonna).</rdfs:comment>
    <rdfs:comment xml:lang="ja">黒い聖母 (くろいせいぼ) は、一般に黒い聖母マリア及び聖母子の画・像。 聖画・像がただ単に黒ずんだものもあるが、キリスト教信仰以前にオリエント一帯に広まっていた大地母神信仰が吸収されたものともいわれる。 また、芥川龍之介の短編作品にも「黒衣聖母」という名で登場し、無気味なモチーフとして扱われる。</rdfs:comment>
    <rdfs:comment xml:lang="nl">Een zwarte madonna is binnen de religieuze beeldende kunst en de Mariaverering een afbeelding of een beeld van een Madonna waarvan het gezicht zwart is doordat het in die kleur geschilderd is of doordat er zwart materiaal (vooral hout, zelden steen) voor het beeld gebruikt is. De beelden dragen soms kleding of sluiers van kant.</rdfs:comment>
    <rdfs:comment xml:lang="pt">Denomina-se Virgem Negra, Madona Negra ou Virgem Maria Negra, a uma escultura ou pintura feminina, de cor escura, nas regiões de tradição cristã associadas à personagem de Maria (mãe de Jesus). Geralmente estão associadas lendas que lhes atribuem origem mais antiga, e tanto representam a Senhora em pé como sentada num trono ou num banco, acompanhada pelo Menino Jesus.</rdfs:comment>
    <rdfs:comment xml:lang="es">Monserrate]] Las vírgenes negras son efigies de la Virgen María que la representan como de piel oscura, o incluso completamente negra. Representaciones modernas en las que a la Virgen se la ha dotado premeditadamente de un aspecto étnico negro no entran dentro de esta categoría.</rdfs:comment>
    <rdfs:comment xml:lang="it">Una Madonna Nera è una rappresentazione (statua o quadro) della Vergine Maria, eventualmente accompagnata dal Bambino Gesù, il cui volto ha un colorito scuro, se non proprio nero. Le “madonne nere” sono molto diffuse. Ci sono diverse centinaia di madonne nere in luoghi pubblici di culto in Italia, Francia, Spagna e in molte altre nazioni.</rdfs:comment>
    <rdfs:comment xml:lang="pl">Czarna Madonna – rzeźba lub obraz przedstawiający Maryję lub Maryję z Dzieciątkiem, na którym jest ona ukazana z ciemnym lub czarnym odcieniem skóry, wykonane przeważnie w Europie w okresie średniowiecza lub wcześniej. W tym rozumieniu terminu określenie "Czarna Madonna" nie odnosi się do wizerunków Maryi ukazanej wyraźnie jako czarna Afrykanka, które są popularne w Afryce oraz w miejscach zamieszkanych przez duży odsetek ludności pochodzenia afrykańskiego, np.</rdfs:comment>
    <rdfs:comment xml:lang="en">A Black Madonna or Black Virgin is a statue or painting of Mary in which she is depicted with dark skin, especially those created in Europe in the medieval period or earlier. These are the original paintings and statue of Madonna. However, they were changed from a dark image to a white image in North America.</rdfs:comment>
    <rdfs:comment xml:lang="fr">Les Vierges noires sont des effigies féminines qui appartiennent à l’iconographie du Moyen Âge européen. Elles figurent généralement la Vierge Marie, mais certaines d'entre elles représentent également Sara la noire ou Sainte Anne. Elles tirent leur nom de leur couleur sombre, souvent limitée au visage et aux mains. La plupart d'entre elles sont des sculptures produites entre le XI et le XV siècle, mais parfois aussi des icônes de style byzantin des XIII et XIV siècles.</rdfs:comment>
    <rdfs:comment xml:lang="de">Als Schwarze Madonna wird in der religiösen Kunst und Marienverehrung das Bild oder die Statue einer Madonna bezeichnet, deren Gesicht schwarz ist. Dies kann entweder auf eine schwarze Bemalung oder auf die Verwendung von schwarzem Holz oder Stein zurückgeführt werden. In Brasilien wird die Schwärze mit der dunklen Hautfarbe einheimischer Bevölkerung in Verbindung gebracht und als Mariendarstellung einer schwarzen Bevölkerung interpretiert.</rdfs:comment>
    <dbpedia-owl:thumbnail rdf:resource="http://upload.wikimedia.org/wikipedia/commons/thumb/3/30/Czestochowska.jpg/200px-Czestochowska.jpg"/>
    <dbpedia-owl:wikiPageExternalLink rdf:resource="http://www.udayton.edu/mary/meditations/olmont.html"/>
    <dbpedia-owl:wikiPageExternalLink rdf:resource="http://web.archive.org/web/20060525045502/http:/www.jasnagora.pl/english/"/>
    <dbpedia-owl:wikiPageExternalLink rdf:resource="http://www.flickr.com/groups/blackmadonnas/"/>
    <dbpedia-owl:wikiPageExternalLink rdf:resource="http://web.archive.org/web/20080212140921/http:/www.dominicos.org/atocha/"/>
    <dbpedia-owl:wikiPageExternalLink rdf:resource="http://web.archive.org/web/20080207173131/http:/shell.amigo.net/~ma3/BVshortlist.html"/>
    <dbpedia-owl:wikiPageExternalLink rdf:resource="http://www.theworkofgod.org/Aparitns/Others2.htm#Black%20Madonna"/>
    <dbpedia-owl:wikiPageExternalLink rdf:resource="http://web.archive.org/web/20071208094245/http:/www.gate-travel.org/Articles/France_Pilgrimage"/>
    <dbpedia-owl:wikiPageExternalLink rdf:resource="http://www.udayton.edu/mary/resources/blackm/blackm.html"/>
    <dbpedia-owl:wikiPageExternalLink rdf:resource="http://www.ancientquest.com/embark/blackvirgin.html"/>
    <dbpedia-owl:wikiPageExternalLink rdf:resource="http://www.udayton.edu/mary/meditations/blackmdn.html"/>
    <dbpedia-owl:wikiPageExternalLink rdf:resource="http://www.msgr.ca/msgr%2D3/black%5Fmadonna%5Fczestochowa.htm"/>
    <dbpedia-owl:wikiPageExternalLink rdf:resource="http://web.archive.org/web/20060628065047/http:/www.bbc.co.uk/religion/religions/christianity/features/black_madonna/"/>
    <dbpedia-owl:wikiPageExternalLink rdf:resource="http://www.interfaithmary.net/pages/blackmadonna.html"/>
    <foaf:isPrimaryTopicOf rdf:resource="http://en.wikipedia.org/wiki/Black_Madonna"/>
    <ns6:wasDerivedFrom rdf:resource="http://en.wikipedia.org/wiki/Black_Madonna?oldid=547750501"/>
    <dbpprop:hasPhotoCollection rdf:resource="http://wifo5-03.informatik.uni-mannheim.de/flickrwrappr/photos/Black_Madonna"/>
  </rdf:Description>
  <rdf:Description rdf:about="http://dbpedia.org/resource/Black_Virgin">
    <dbpedia-owl:wikiPageRedirects rdf:resource="http://dbpedia.org/resource/Black_Madonna"/>
  </rdf:Description>
  <rdf:Description rdf:about="http://es.dbpedia.org/resource/Vírgenes_negras">
    <owl:sameAs rdf:resource="http://dbpedia.org/resource/Black_Madonna"/>
  </rdf:Description>
  <rdf:Description rdf:about="http://fr.dbpedia.org/resource/Vierge_noire">
    <owl:sameAs rdf:resource="http://dbpedia.org/resource/Black_Madonna"/>
  </rdf:Description>
  <rdf:Description rdf:about="http://pl.dbpedia.org/resource/Czarna_Madonna">
    <owl:sameAs rdf:resource="http://dbpedia.org/resource/Black_Madonna"/>
  </rdf:Description>
  <rdf:Description rdf:about="http://en.wikipedia.org/wiki/Black_Madonna">
    <foaf:primaryTopic rdf:resource="http://dbpedia.org/resource/Black_Madonna"/>
  </rdf:Description>
  <rdf:Description rdf:about="http://pt.dbpedia.org/resource/Virgem_Negra">
    <owl:sameAs rdf:resource="http://dbpedia.org/resource/Black_Madonna"/>
  </rdf:Description>
  <rdf:Description rdf:about="http://ru.dbpedia.org/resource/Чёрная_мадонна">
    <owl:sameAs rdf:resource="http://dbpedia.org/resource/Black_Madonna"/>
  </rdf:Description>
  <rdf:Description rdf:about="http://nl.dbpedia.org/resource/Zwarte_madonna">
    <owl:sameAs rdf:resource="http://dbpedia.org/resource/Black_Madonna"/>
  </rdf:Description>
  <rdf:Description rdf:about="http://dbpedia.org/resource/Black_Madonna_(disambiguation)">
    <dbpedia-owl:wikiPageDisambiguates rdf:resource="http://dbpedia.org/resource/Black_Madonna"/>
  </rdf:Description>
  <rdf:Description rdf:about="http://wikidata.dbpedia.org/resource/Q1435706">
    <owl:sameAs rdf:resource="http://dbpedia.org/resource/Black_Madonna"/>
  </rdf:Description>
  <rdf:Description rdf:about="http://bg.dbpedia.org/resource/Черна_Мадона">
    <owl:sameAs rdf:resource="http://dbpedia.org/resource/Black_Madonna"/>
  </rdf:Description>
  <rdf:Description rdf:about="http://da.dbpedia.org/resource/Den_sorte_madonna">
    <owl:sameAs rdf:resource="http://dbpedia.org/resource/Black_Madonna"/>
  </rdf:Description>
  <rdf:Description rdf:about="http://eo.dbpedia.org/resource/Nigra_madono">
    <owl:sameAs rdf:resource="http://dbpedia.org/resource/Black_Madonna"/>
  </rdf:Description>
  <rdf:Description rdf:about="http://fa.dbpedia.org/resource/مریم_عذرای_سیاه">
    <owl:sameAs rdf:resource="http://dbpedia.org/resource/Black_Madonna"/>
  </rdf:Description>
  <rdf:Description rdf:about="http://fi.dbpedia.org/resource/Musta_madonna">
    <owl:sameAs rdf:resource="http://dbpedia.org/resource/Black_Madonna"/>
  </rdf:Description>
  <rdf:Description rdf:about="http://lb.dbpedia.org/resource/Schwaarz_Muttergottes">
    <owl:sameAs rdf:resource="http://dbpedia.org/resource/Black_Madonna"/>
  </rdf:Description>
  <rdf:Description rdf:about="http://th.dbpedia.org/resource/แม่พระฉวีดำ">
    <owl:sameAs rdf:resource="http://dbpedia.org/resource/Black_Madonna"/>
  </rdf:Description>
  <rdf:Description rdf:about="http://tr.dbpedia.org/resource/Siyah_Meryem">
    <owl:sameAs rdf:resource="http://dbpedia.org/resource/Black_Madonna"/>
  </rdf:Description>
  <rdf:Description rdf:about="http://vi.dbpedia.org/resource/Đức_Bà_Đen">
    <owl:sameAs rdf:resource="http://dbpedia.org/resource/Black_Madonna"/>
  </rdf:Description>
</rdf:RDF>
