<rdf:RDF xmlns:dbpprop="http://dbpedia.org/property/" xmlns:ns6="http://www.w3.org/ns/prov#" xmlns:foaf="http://xmlns.com/foaf/0.1/" xmlns:dbpedia-owl="http://dbpedia.org/ontology/" xmlns:dcterms="http://purl.org/dc/terms/" xmlns:owl="http://www.w3.org/2002/07/owl#" xmlns:rdfs="http://www.w3.org/2000/01/rdf-schema#" xmlns:rdf="http://www.w3.org/1999/02/22-rdf-syntax-ns#">
  <rdf:Description rdf:about="http://es.dbpedia.org/resource/Pinturas_negras">
    <owl:sameAs rdf:resource="http://dbpedia.org/resource/Black_Paintings"/>
  </rdf:Description>
  <rdf:Description rdf:about="http://en.wikipedia.org/wiki/Black_Paintings">
    <foaf:primaryTopic rdf:resource="http://dbpedia.org/resource/Black_Paintings"/>
  </rdf:Description>
  <rdf:Description rdf:about="http://ja.dbpedia.org/resource/黒い絵">
    <owl:sameAs rdf:resource="http://dbpedia.org/resource/Black_Paintings"/>
  </rdf:Description>
  <rdf:Description rdf:about="http://ru.dbpedia.org/resource/Мрачные_картины">
    <owl:sameAs rdf:resource="http://dbpedia.org/resource/Black_Paintings"/>
  </rdf:Description>
  <rdf:Description rdf:about="http://dbpedia.org/resource/Kronus_Devouring_his_Children">
    <dbpedia-owl:wikiPageRedirects rdf:resource="http://dbpedia.org/resource/Black_Paintings"/>
  </rdf:Description>
  <rdf:Description rdf:about="http://dbpedia.org/resource/Black_Paintings">
    <rdf:type rdf:resource="http://dbpedia.org/class/yago/Object100002684"/>
    <rdf:type rdf:resource="http://dbpedia.org/class/yago/PaintingsByFranciscoGoya"/>
    <rdf:type rdf:resource="http://dbpedia.org/class/yago/PhysicalEntity100001930"/>
    <rdf:type rdf:resource="http://dbpedia.org/class/yago/Creation103129123"/>
    <rdf:type rdf:resource="http://dbpedia.org/class/yago/GraphicArt103453809"/>
    <rdf:type rdf:resource="http://dbpedia.org/class/yago/Whole100003553"/>
    <rdf:type rdf:resource="http://dbpedia.org/class/yago/RomanticPaintings"/>
    <rdf:type rdf:resource="http://dbpedia.org/class/yago/Artifact100021939"/>
    <rdf:type rdf:resource="http://dbpedia.org/class/yago/Art102743547"/>
    <rdf:type rdf:resource="http://dbpedia.org/class/yago/Painting103876519"/>
    <owl:sameAs rdf:resource="http://el.dbpedia.org/resource/Μαύροι_Πίνακες"/>
    <owl:sameAs rdf:resource="http://nl.dbpedia.org/resource/Zwarte_Schilderijen"/>
    <owl:sameAs rdf:resource="http://ca.dbpedia.org/resource/Pintures_Negres"/>
    <owl:sameAs rdf:resource="http://dbpedia.org/resource/Black_Paintings"/>
    <owl:sameAs rdf:resource="http://fr.dbpedia.org/resource/Peintures_noires"/>
    <owl:sameAs rdf:resource="http://ar.dbpedia.org/resource/اللوحات_السوداء"/>
    <owl:sameAs rdf:resource="http://www.wikidata.org/entity/Q1988253"/>
    <owl:sameAs rdf:resource="http://eu.dbpedia.org/resource/Margolan_Beltzak"/>
    <owl:sameAs rdf:resource="http://ru.dbpedia.org/resource/Мрачные_картины"/>
    <owl:sameAs rdf:resource="http://pl.dbpedia.org/resource/Czarne_obrazy"/>
    <owl:sameAs rdf:resource="http://he.dbpedia.org/resource/הציורים_השחורים"/>
    <owl:sameAs rdf:resource="http://pt.dbpedia.org/resource/Pinturas_negras"/>
    <owl:sameAs rdf:resource="http://ja.dbpedia.org/resource/黒い絵"/>
    <owl:sameAs rdf:resource="http://yago-knowledge.org/resource/Black_Paintings"/>
    <owl:sameAs rdf:resource="http://rdf.freebase.com/ns/m.06dk09"/>
    <owl:sameAs rdf:resource="http://tr.dbpedia.org/resource/Kara_Resimler"/>
    <owl:sameAs rdf:resource="http://es.dbpedia.org/resource/Pinturas_negras"/>
    <dcterms:subject rdf:resource="http://dbpedia.org/resource/Category:Paintings_by_Francisco_Goya"/>
    <dcterms:subject rdf:resource="http://dbpedia.org/resource/Category:1820s_paintings"/>
    <dbpedia-owl:abstract xml:lang="pt">Pinturas Negras é o nome que recebe uma série de quatorze quadros de Francisco de Goya pintados com a técnica de óleo al secco (sobre a superfície de reboco da parede) como decoração dos muros da sua casa, chamada a Quinta del Sordo, que o pintor adquiriu em Fevereiro de 1819 e que foram trasladadas para tela entre 1874 e 1878. Atualmente conservam-se no Museu do Prado de Madrid. A série, a cujos óleos Goya não pôs título, foi catalogada em 1828 pelo amigo de Goya Antonio Brugada e compõe-se das seguintes telas: Átropos ou As Parcas, Dois velhos ou Um velho e um freire, Dois velhos comendo sopa, Duelo a bordoadas ou A rixa, El Aquelarre, Homens lendo, Judite e Holofernes, A romaria de Santo Isidro, Mulheres rindo, Peregrinação à fonte de Santo Isidro ou Procissão do Santo Ofício, Perro semi-hundido ou mais simplesmente El Perro ("O cão"), Saturno devorando um filho, Uma manola: Dona Leocadia Zorrilla e Visão fantástica ou Asmodea. Goya cedeu a casa, junto com os quadros, a seu filho Javier Goya em 1823, aparentemente para preservar sua propriedade de possíveis represálias após o restauro da Monarquia Absoluta e a repressão de liberais fernandina. Desde então até fins do século XIX a existência das «Pinturas negras» foi escassamente conhecida (só alguns críticos, como Charles Yriarte as descreveram) e em 1874, contra a demolição possível da casa, foram trasladadas de reboco para tela por Salvador Martínez Cubells a pedido de Émile d'Erlanger, um banqueiro francês, de origem alemã, que visava vendê-los na Exposição Universal de Paris de 1878. Contudo, ele próprio doou-as, em 1881, ao Museu do Prado, no que atualmente são expostas.</dbpedia-owl:abstract>
    <dbpedia-owl:abstract xml:lang="pl">Czarne obrazy – nazwa serii czternastu obrazów namalowanych przez Francisca Goyę w latach 1819–1823 na ścianach jego rezydencji nazywanej Domem Głuchego (Quinta del Sordo). Zostały przeniesione na płótna w latach 1874–78 przez malarza Salvadora Martíneza Cubellsa i obecnie znajdują się w zbiorach Muzeum Prado.</dbpedia-owl:abstract>
    <dbpedia-owl:abstract xml:lang="nl">De Zwarte Schilderijen is de naam die gegeven wordt aan een reeks van schilderijen van de Spaanse kunstschilder Francisco Goya. Hij maakte deze schilderijen aan het eind van zijn leven in een periode waarin hij steeds meer last kreeg van slechthorendheid en depressies. De naam verwijst niet alleen naar de kleuren, of beter gezegd de kleurloosheid van de schilderijen die vooral gemaakt zijn in de kleuren zwart, grijs en bruin, maar ook naar de terugkerende thema's. Veel van de doeken tonen voorstellingen die te maken hebben met hekserij. Van het omvangrijke oeuvre van Goya worden veertien exemplaren tot de zwarte schilderijen gerekend. Tijdens de gruwelen van de Napoleontische oorlogen die Spanje veel schade hebben toegebracht, raakte Goya verbitterd en begon hij zich meer en meer van de mensheid af te keren. Bovendien leefde hij in voortdurende angst om spoedig te sterven, hij had al tot twee keer toe een zware ziekte overleefd en was erg bang voor een terugslag. De schilderijen zijn niet gemaakt voor een opdrachtgever, Goya was van plan om ze in zijn eigen huis te laten hangen en gaf ook geen namen aan de werken. De namen die tegenwoordig gebruikt worden zijn bedacht door kunsthistorici, daardoor komt het voor dat er voor één schilderij soms verschillende namen bestaan. De bekende Heksensabbath is in Spanje zowel bekend onder de naam El Aquelarre als El Gran Cabrón. Pas aan het einde van de 19e eeuw, zeventig jaar nadat ze geschilderd waren, werden de doeken uit het voormalige woonhuis van Goya gehaald, waar ze gewoon rechtstreeks op de vaak vochtige muren hingen. Hierdoor was de toestand waar ze zich in bevonden al behoorlijk verslechterd. Nadat ze gedoneerd werden aan de Spaanse staat zijn ze gerestaureerd en tentoongesteld in het Prado museum in Madrid. Ze zijn hier nog altijd te zien. De volgende werken worden tot de Zwarte Schilderijen gerekend; het is niet goed mogelijk om een chronologische volgorde aan te geven, omdat Goya vaak aan verschillende schilderijen tegelijk werkte. Noodlot Lezende mannen Asmodea De hond Gevecht met stokken De Heksensabbath Leocadia Saturnus, zijn zoon verslindend Twee oude mannen Bedevaart naar de bron van San Isidro Twee oude mannen die soep eten Judith en Holofernes Pelgrimstocht naar San Isidro Twee lachende vrouwen</dbpedia-owl:abstract>
    <dbpedia-owl:abstract xml:lang="fr">Les peintures noires est une série de quatorze fresques de Francisco de Goya peintes avec la technique de l’huile al secco (sur la surface de plâtre d’une paroi) pour décorer les murs de sa maison, appelée la Quinta del Sordo (« ferme du Sourd »), que le peintre avait acquise en février 1819 ; ces fresques furent transférées sur toile entre 1874 et 1878. Elles sont actuellement conservées au Musée du Prado, à Madrid. La série de peintures à l’huile auxquelles Goya ne donna aucun titre, fut cataloguée en 1828 par un ami de Goya, Antonio Brugada et se compose des toiles suivantes (entre parenthèses, le nom sous lequel elles sont connues en France) : Átropos ou Las Parcas (Les Parques) Dos viejos (Deux Vieux) ou Un viejo y un fraile (Un vieux et un moine) Dos viejos comiendo sopa (Deux vieux mangeant) Duel a garrotazos (Deux hommes luttant) ou La riña (La rixe) El Aquelarre (le Sabbat) Hombres leyendo (Hommes lisant) Judith y Holofernes (Judith et Holopherne) La romería de San Isidro (Le pèlerinage à l’ermitage de San Isidro) Mujeres riendo (Femmes riant) Peregrinación a la fuente de San Isidro (Pèlerinage à la fontaine de San Isidro) ou Procesión del Santo Oficio (Procession du Saint-Office) Perro semihundido (Tête de chien) ou plus simplement El perro Saturno devorando a un hijo Una manola: doña Leocadia Zorrilla Visión fantástica (Au Sabbat) ou Asmodée. La maison de Goya, ainsi que les fresques, devinrent la propriété de son fils Javier Goya en 1823, année où Goya la lui cède, semble-t-il pour préserver sa propriété de possibles représailles après la restauration de la Monarchie absolue et la répression des libéraux par Ferdinand VII d’Espagne. Depuis lors, et jusqu’à la fin du XIX siècle, l’existence des « Peintures noires » fut connue de peu de gens (seuls quelques critiques les décrirent, tel Charles Yriarte) et à partir de 1874, avant la démolition imminente de la ferme, elles furent transférées du plâtre sur des toiles par Salvador Martínez Cubells à la demande de Frédéric Émile d’Erlanger, un banquier allemand parmi les plus en vue sur la place financière de Paris dans la deuxième partie du XIXe siècle, qui avait l’intention de les vendre à l’Exposition universelle de Paris de 1878. Toutefois, il les céda en 1881 au Musée du Prado, où elles se trouvent actuellement exposées.</dbpedia-owl:abstract>
    <dbpedia-owl:abstract xml:lang="en">The Black Paintings is the name given to a group of fourteen paintings by Francisco Goya from the later years of his life, likely between 1819 and 1823. They portray intense, haunting themes, reflective of both his fear of insanity and by then, his bleak outlook on humanity. In 1819, at the age of 72, Goya moved into a two-story house outside Madrid called Quinta del Sordo (Deaf Man's Villa). Although the house had been named after the previous owner, who was deaf, Goya was himself nearly totally deaf at the time as a result of an illness he had suffered when he was 46. The paintings were originally painted as murals on the walls of the house and the murals were transferred onto canvas in 1874. They are currently held in the Museo del Prado in Madrid. After the Napoleonic Wars and the internal turmoil of the changing Spanish government, Goya developed an embittered attitude towards mankind. He had a first-hand and acute awareness of panic, terror, fear and hysteria. He had survived two near-fatal illnesses, and grew increasingly anxious and impatient in fear of relapse. The combination of these factors is thought to have led to his production of the 14 works known collectively as the Black Paintings. Using oil paints and working directly on the walls of his dining and sitting rooms, Goya created intense, haunting works with dark themes. The paintings were not commissioned and were not meant to leave his home; it is likely that the artist never intended the works for public exhibition: "... these paintings are as close to being hermetically private as any that have ever been produced in the history of Western art. " Goya did not title the paintings, or if he did, he never revealed those titles; most of their names have been provided by art historians. They were first catalogued in 1828 by Goya’s friend Antonio Brugada. The series is made up of the following pictures: Atropos (The Fates) (Átropos/Las Parcas), Two Old Men (Dos viejos/Un viejo y un fraile), Two Old Men Eating Soup (Dos viejos comiendo sopa), Fight with Cudgels (Duelo a garrotazos/La riña), Witches' Sabbath' (Aquelarre/El Gran Cabrón), Men Reading (Hombres leyendo), Judith and Holofernes (Judith y Holofernes), A Pilgrimage to San Isidro (La romería de San Isidro), Women Laughing (Mujeres riendo), Procession of the Holy Office (Peregrinación a la fuente de San Isidro/Procesión del Santo Oficio), The Dog (Perro semihundido/El perro), Saturn Devouring His Son (Saturno devorando a un hijo), La Leocadia and Fantastic Vision (Visión fantástica/Asmodea).</dbpedia-owl:abstract>
    <dbpedia-owl:abstract xml:lang="ru">«Мрачные картины» (исп.  Pinturas negras, встречается буквальный перевод «Чёрные картины») — название серии из четырнадцати фресок Франсиско Гойя, написанных в технике al secco (на стене, по увлажнённой штукатурке). Были созданы для стен своего дома, который он приобрел в феврале 1819 года и назвал «Домом Глухого» (исп. )русск.. Эти фрески переносились на холст с 1874 года, на сегодняшний день они хранятся в музее Прадо в Мадриде. Цикл картин, которым Гойя не дал названий, был каталогизирован в 1828 году другом художника Антонио Бругадой (каталан. )русск. и включает следующие работы: Атропос (исп. )русск. или Судьба, Два старика (исп. )русск. или Старик и монах, Два старика, кушающие суп (исп. )русск. , Поединок на дубинах, Шабаш ведьм, Читающие мужчины (исп. )русск. , Юдифь и Олоферн (исп. )русск. , Фестиваль в Сан-Исидро (исп. )русск. , Смеющиеся женщины (исп. )русск. , Паломничество к источнику Сан-Исидро, «Собака», Сатурн, пожирающий своего сына, Донья Леокардия Зорилла и Фантастические видения (исп. )русск. или Асмодей. В 1823 году дом Гойи вместе с настенными росписями стал собственностью его внука Мариано Гойи, скорее всего таким образом Гойя пытался сохранить своё имущество от возможной конфискации после восстановления абсолютной монархии и репрессий со стороны Фердинанда VII. В течение 50 лет после своего создания Мрачные картины были неизвестны широкой общественности (за исключением нескольких специалистов, по описанию Шарля Ириарте). В 1874 году Сальвадор Мартинес Кубельс (исп. )русск. по просьбе французского банкира Фредерика Эмиля д'Эрлангера (англ. )русск. начал перевод картин со штукатурки на полотно. Этот процесс занял несколько лет. Д’Эрлангер намеревался продать картины на Всемирной выставке в Париже, однако в 1881 году он принёс их в дар музею Прадо, где они и выставляются в наше время.</dbpedia-owl:abstract>
    <dbpedia-owl:abstract xml:lang="ja">黒い絵（くろいえ、スペイン語: Pinturas negras）とは、スペインの画家フランシスコ・デ・ゴヤが、晩年に自身の住居の部屋の壁に描いた一連の絵画の総称。現在はプラド美術館に全点が所蔵されている。</dbpedia-owl:abstract>
    <dbpedia-owl:abstract xml:lang="es">Pinturas negras es el nombre que recibe una serie de catorce obras murales de Francisco de Goya, pintadas con la técnica de óleo al secco (sobre paredes recubiertas de yeso). Las creó como decoración de los muros de su casa, llamada la Quinta del Sordo, que había adquirido en febrero de 1819. Estos murales fueron trasladados a lienzo a partir de 1874, y actualmente se conservan en el Museo del Prado de Madrid. La serie, a cuyos óleos Goya no puso título, fue catalogada en 1828 por el amigo de Goya Antonio Brugada y se compone de los siguientes lienzos: Átropos o Las Parcas, Dos viejos o Un viejo y un fraile, Dos viejos comiendo sopa, Duelo a garrotazos o La riña, El aquelarre, Hombres leyendo, Judith y Holofernes, La romería de San Isidro, Dos mujeres y un hombre, Peregrinación a la fuente de San Isidro o Procesión del Santo Oficio, Perro semihundido o más simplemente El perro, Saturno devorando a un hijo, Una manola: doña Leocadia Zorrilla y Visión fantástica o Asmodea. La casa de Goya, junto con las pinturas murales, pasaron a ser propiedad de su nieto Mariano Goya en 1823, año en que Goya se la cede, al parecer para preservar la propiedad de posibles represalias tras la restauración de la monarquía absoluta y la represión de liberales fernandina. Durante 50 años la existencia de las Pinturas negras fue escasamente conocida (solo algunos críticos, como Charles Yriarte las describieron). A partir de 1874, y en un lento proceso que duró varios años, fueron trasladadas de revoco a lienzo por Salvador Martínez Cubells a instancias del barón Émile d’Erlanger, un banquero francés, de origen alemán, que tenía intención de venderlas en la Exposición Universal de París de 1878. Sin embargo, él mismo las donó, en 1881, al Museo del Prado, donde actualmente se exponen.</dbpedia-owl:abstract>
    <dbpedia-owl:wikiPageID rdf:datatype="http://www.w3.org/2001/XMLSchema#integer">30865879</dbpedia-owl:wikiPageID>
    <dbpedia-owl:wikiPageRevisionID rdf:datatype="http://www.w3.org/2001/XMLSchema#integer">546903752</dbpedia-owl:wikiPageRevisionID>
    <rdfs:label xml:lang="fr">Peintures noires</rdfs:label>
    <rdfs:label xml:lang="nl">Zwarte Schilderijen</rdfs:label>
    <rdfs:label xml:lang="ja">黒い絵</rdfs:label>
    <rdfs:label xml:lang="pt">Pinturas negras</rdfs:label>
    <rdfs:label xml:lang="es">Pinturas negras</rdfs:label>
    <rdfs:label xml:lang="ru">Мрачные картины</rdfs:label>
    <rdfs:label xml:lang="en">Black Paintings</rdfs:label>
    <rdfs:label xml:lang="pl">Czarne obrazy</rdfs:label>
    <foaf:depiction rdf:resource="http://upload.wikimedia.org/wikipedia/commons/8/82/Francisco_de_Goya,_Saturno_devorando_a_su_hijo_(1819-1823).jpg"/>
    <rdfs:comment xml:lang="es">Pinturas negras es el nombre que recibe una serie de catorce obras murales de Francisco de Goya, pintadas con la técnica de óleo al secco (sobre paredes recubiertas de yeso). Las creó como decoración de los muros de su casa, llamada la Quinta del Sordo, que había adquirido en febrero de 1819. Estos murales fueron trasladados a lienzo a partir de 1874, y actualmente se conservan en el Museo del Prado de Madrid.</rdfs:comment>
    <rdfs:comment xml:lang="ja">黒い絵（くろいえ、スペイン語: Pinturas negras）とは、スペインの画家フランシスコ・デ・ゴヤが、晩年に自身の住居の部屋の壁に描いた一連の絵画の総称。現在はプラド美術館に全点が所蔵されている。</rdfs:comment>
    <rdfs:comment xml:lang="en">The Black Paintings is the name given to a group of fourteen paintings by Francisco Goya from the later years of his life, likely between 1819 and 1823. They portray intense, haunting themes, reflective of both his fear of insanity and by then, his bleak outlook on humanity. In 1819, at the age of 72, Goya moved into a two-story house outside Madrid called Quinta del Sordo (Deaf Man's Villa).</rdfs:comment>
    <rdfs:comment xml:lang="pt">Pinturas Negras é o nome que recebe uma série de quatorze quadros de Francisco de Goya pintados com a técnica de óleo al secco (sobre a superfície de reboco da parede) como decoração dos muros da sua casa, chamada a Quinta del Sordo, que o pintor adquiriu em Fevereiro de 1819 e que foram trasladadas para tela entre 1874 e 1878. Atualmente conservam-se no Museu do Prado de Madrid.</rdfs:comment>
    <rdfs:comment xml:lang="nl">De Zwarte Schilderijen is de naam die gegeven wordt aan een reeks van schilderijen van de Spaanse kunstschilder Francisco Goya. Hij maakte deze schilderijen aan het eind van zijn leven in een periode waarin hij steeds meer last kreeg van slechthorendheid en depressies. De naam verwijst niet alleen naar de kleuren, of beter gezegd de kleurloosheid van de schilderijen die vooral gemaakt zijn in de kleuren zwart, grijs en bruin, maar ook naar de terugkerende thema's.</rdfs:comment>
    <rdfs:comment xml:lang="ru">«Мрачные картины» (исп.  Pinturas negras, встречается буквальный перевод «Чёрные картины») — название серии из четырнадцати фресок Франсиско Гойя, написанных в технике al secco (на стене, по увлажнённой штукатурке). Были созданы для стен своего дома, который он приобрел в феврале 1819 года и назвал «Домом Глухого» (исп. )русск.. Эти фрески переносились на холст с 1874 года, на сегодняшний день они хранятся в музее Прадо в Мадриде.</rdfs:comment>
    <rdfs:comment xml:lang="fr">Les peintures noires est une série de quatorze fresques de Francisco de Goya peintes avec la technique de l’huile al secco (sur la surface de plâtre d’une paroi) pour décorer les murs de sa maison, appelée la Quinta del Sordo (« ferme du Sourd »), que le peintre avait acquise en février 1819 ; ces fresques furent transférées sur toile entre 1874 et 1878. Elles sont actuellement conservées au Musée du Prado, à Madrid.</rdfs:comment>
    <rdfs:comment xml:lang="pl">Czarne obrazy – nazwa serii czternastu obrazów namalowanych przez Francisca Goyę w latach 1819–1823 na ścianach jego rezydencji nazywanej Domem Głuchego (Quinta del Sordo). Zostały przeniesione na płótna w latach 1874–78 przez malarza Salvadora Martíneza Cubellsa i obecnie znajdują się w zbiorach Muzeum Prado.</rdfs:comment>
    <dbpedia-owl:thumbnail rdf:resource="http://upload.wikimedia.org/wikipedia/commons/thumb/8/82/Francisco_de_Goya,_Saturno_devorando_a_su_hijo_(1819-1823).jpg/200px-Francisco_de_Goya,_Saturno_devorando_a_su_hijo_(1819-1823).jpg"/>
    <dbpedia-owl:wikiPageExternalLink rdf:resource="http://eeweems.com/goya/black_paintings.html"/>
    <dbpedia-owl:wikiPageExternalLink rdf:resource="http://www.theartwolf.com/goya_black_paintings.htm"/>
    <dbpedia-owl:wikiPageExternalLink rdf:resource="http://books.google.com/books?id=P8ArAAAAYAAJ&amp;hl=es&amp;pg=PP1#v=onepage&amp;q&amp;f=false"/>
    <dbpedia-owl:wikiPageExternalLink rdf:resource="http://www.rtve.es/alacarta/videos/la-mitad-invisible/mitad-invisible-pinturas-negras-francisco-goya/1352111/"/>
    <dbpedia-owl:wikiPageExternalLink rdf:resource="http://ipce.mcu.es/documentacion/fototeca/fondos/doc-fot-fond-vern3.html"/>
    <dbpedia-owl:wikiPageExternalLink rdf:resource="http://www.artchive.com/galleries/goya/notes_esp.html#paintings"/>
    <dbpedia-owl:wikiPageExternalLink rdf:resource="http://www.temakel.com/galeriagoya.htm"/>
    <dbpedia-owl:wikiPageExternalLink rdf:resource="http://www.museodelprado.es/enciclopedia/enciclopedia-on-line/voz/pinturas-negras-goya/"/>
    <dbpedia-owl:wikiPageExternalLink rdf:resource="http://www.ucm.es/BUCM/tesis/bba/ucm-t25732.pdf"/>
    <dbpedia-owl:wikiPageExternalLink rdf:resource="http://goya.unizar.es/InfoGoya/Obra/Catalogo_/Pintura_/609p.html"/>
    <dbpedia-owl:wikiPageExternalLink rdf:resource="http://www.cervantesvirtual.com/servlet/SirveObras/12826289779171520754846/index.htm"/>
    <foaf:isPrimaryTopicOf rdf:resource="http://en.wikipedia.org/wiki/Black_Paintings"/>
    <ns6:wasDerivedFrom rdf:resource="http://en.wikipedia.org/wiki/Black_Paintings?oldid=546903752"/>
    <dbpprop:hasPhotoCollection rdf:resource="http://wifo5-03.informatik.uni-mannheim.de/flickrwrappr/photos/Black_Paintings"/>
  </rdf:Description>
  <rdf:Description rdf:about="http://el.dbpedia.org/resource/Μαύροι_Πίνακες">
    <owl:sameAs rdf:resource="http://dbpedia.org/resource/Black_Paintings"/>
  </rdf:Description>
  <rdf:Description rdf:about="http://fr.dbpedia.org/resource/Peintures_noires">
    <owl:sameAs rdf:resource="http://dbpedia.org/resource/Black_Paintings"/>
  </rdf:Description>
  <rdf:Description rdf:about="http://pt.dbpedia.org/resource/Pinturas_negras">
    <owl:sameAs rdf:resource="http://dbpedia.org/resource/Black_Paintings"/>
  </rdf:Description>
  <rdf:Description rdf:about="http://dbpedia.org/resource/Black_Painting">
    <dbpedia-owl:wikiPageRedirects rdf:resource="http://dbpedia.org/resource/Black_Paintings"/>
  </rdf:Description>
  <rdf:Description rdf:about="http://dbpedia.org/resource/Black_paintings">
    <dbpedia-owl:wikiPageRedirects rdf:resource="http://dbpedia.org/resource/Black_Paintings"/>
  </rdf:Description>
  <rdf:Description rdf:about="http://dbpedia.org/resource/Las_Pinturas_Negras">
    <dbpedia-owl:wikiPageRedirects rdf:resource="http://dbpedia.org/resource/Black_Paintings"/>
  </rdf:Description>
  <rdf:Description rdf:about="http://dbpedia.org/resource/Pinturas_Negras">
    <dbpedia-owl:wikiPageRedirects rdf:resource="http://dbpedia.org/resource/Black_Paintings"/>
  </rdf:Description>
  <rdf:Description rdf:about="http://dbpedia.org/resource/The_Black_Paintings">
    <dbpedia-owl:wikiPageRedirects rdf:resource="http://dbpedia.org/resource/Black_Paintings"/>
  </rdf:Description>
  <rdf:Description rdf:about="http://nl.dbpedia.org/resource/Zwarte_Schilderijen">
    <owl:sameAs rdf:resource="http://dbpedia.org/resource/Black_Paintings"/>
  </rdf:Description>
  <rdf:Description rdf:about="http://pl.dbpedia.org/resource/Czarne_obrazy">
    <owl:sameAs rdf:resource="http://dbpedia.org/resource/Black_Paintings"/>
  </rdf:Description>
  <rdf:Description rdf:about="http://eu.dbpedia.org/resource/Margolan_Beltzak">
    <owl:sameAs rdf:resource="http://dbpedia.org/resource/Black_Paintings"/>
  </rdf:Description>
  <rdf:Description rdf:about="http://wikidata.dbpedia.org/resource/Q1988253">
    <owl:sameAs rdf:resource="http://dbpedia.org/resource/Black_Paintings"/>
  </rdf:Description>
  <rdf:Description rdf:about="http://ar.dbpedia.org/resource/اللوحات_السوداء">
    <owl:sameAs rdf:resource="http://dbpedia.org/resource/Black_Paintings"/>
  </rdf:Description>
  <rdf:Description rdf:about="http://ca.dbpedia.org/resource/Pintures_Negres">
    <owl:sameAs rdf:resource="http://dbpedia.org/resource/Black_Paintings"/>
  </rdf:Description>
  <rdf:Description rdf:about="http://he.dbpedia.org/resource/הציורים_השחורים">
    <owl:sameAs rdf:resource="http://dbpedia.org/resource/Black_Paintings"/>
  </rdf:Description>
  <rdf:Description rdf:about="http://tr.dbpedia.org/resource/Kara_Resimler">
    <owl:sameAs rdf:resource="http://dbpedia.org/resource/Black_Paintings"/>
  </rdf:Description>
</rdf:RDF>
