<rdf:RDF xmlns:dbpprop="http://dbpedia.org/property/" xmlns:ns6="http://www.w3.org/ns/prov#" xmlns:foaf="http://xmlns.com/foaf/0.1/" xmlns:dbpedia-owl="http://dbpedia.org/ontology/" xmlns:dcterms="http://purl.org/dc/terms/" xmlns:owl="http://www.w3.org/2002/07/owl#" xmlns:rdfs="http://www.w3.org/2000/01/rdf-schema#" xmlns:rdf="http://www.w3.org/1999/02/22-rdf-syntax-ns#">
  <rdf:Description rdf:about="http://dbpedia.org/resource/Blessed_Art_Thou">
    <rdf:type rdf:resource="http://dbpedia.org/class/yago/Artifact100021939"/>
    <rdf:type rdf:resource="http://dbpedia.org/class/yago/AmericanPaintings"/>
    <rdf:type rdf:resource="http://dbpedia.org/class/yago/Painting103876519"/>
    <rdf:type rdf:resource="http://dbpedia.org/class/yago/Object100002684"/>
    <rdf:type rdf:resource="http://dbpedia.org/class/yago/Whole100003553"/>
    <rdf:type rdf:resource="http://dbpedia.org/class/yago/Creation103129123"/>
    <rdf:type rdf:resource="http://dbpedia.org/class/yago/Art102743547"/>
    <rdf:type rdf:resource="http://dbpedia.org/class/yago/GraphicArt103453809"/>
    <rdf:type rdf:resource="http://dbpedia.org/class/yago/PhysicalEntity100001930"/>
    <owl:sameAs rdf:resource="http://yago-knowledge.org/resource/Blessed_Art_Thou"/>
    <owl:sameAs rdf:resource="http://rdf.freebase.com/ns/m.0h96xpn"/>
    <owl:sameAs rdf:resource="http://dbpedia.org/resource/Blessed_Art_Thou"/>
    <owl:sameAs rdf:resource="http://www.wikidata.org/entity/Q4926243"/>
    <dcterms:subject rdf:resource="http://dbpedia.org/resource/Category:Articles_created_via_the_Article_Wizard"/>
    <dcterms:subject rdf:resource="http://dbpedia.org/resource/Category:American_paintings"/>
    <dbpedia-owl:abstract xml:lang="en">Blessed Art Thou is an oil-and-acrylic painting by American artist Kate Kretz. It depicts actress Angelina Jolie as the Virgin Mary, hovering in the clouds with her children above a Wal-Mart store. The painting was exhibited at the Miami Art Fair in January 2007, and created a worldwide controversy that was covered by ABC, NBC, CBS, CNN, and Fox television networks, as well as The International Herald Tribune, The New York Times, and many other international news sources. A full-size drawing study for the work was included in the exhibition "Beyond Re / Production: Mothering" curated by Felicita Reuschling for the Kunstraum Kreuzberg/Bethanien, Berlin in 2011.</dbpedia-owl:abstract>
    <dbpedia-owl:wikiPageID rdf:datatype="http://www.w3.org/2001/XMLSchema#integer">33498312</dbpedia-owl:wikiPageID>
    <dbpedia-owl:wikiPageRevisionID rdf:datatype="http://www.w3.org/2001/XMLSchema#integer">506819399</dbpedia-owl:wikiPageRevisionID>
    <rdfs:label xml:lang="en">Blessed Art Thou</rdfs:label>
    <rdfs:comment xml:lang="en">Blessed Art Thou is an oil-and-acrylic painting by American artist Kate Kretz. It depicts actress Angelina Jolie as the Virgin Mary, hovering in the clouds with her children above a Wal-Mart store. The painting was exhibited at the Miami Art Fair in January 2007, and created a worldwide controversy that was covered by ABC, NBC, CBS, CNN, and Fox television networks, as well as The International Herald Tribune, The New York Times, and many other international news sources.</rdfs:comment>
    <dbpedia-owl:wikiPageExternalLink rdf:resource="http://www.kunst-magazin.de/event/12125-beyond-re-production-mothering"/>
    <dbpedia-owl:wikiPageExternalLink rdf:resource="http://www.villagevoice.com/2007-06-12/film/mighty-heart-mightier-spotlight/"/>
    <dbpedia-owl:wikiPageExternalLink rdf:resource="http://www.nytimes.com/2007/01/08/arts/08arts.html?scp=1&amp;sq=%22Kate%20Kretz%22&amp;st=cse"/>
    <dbpedia-owl:wikiPageExternalLink rdf:resource="http://jungle-world.com/artikel/2011/11/42828.html"/>
    <dbpedia-owl:wikiPageExternalLink rdf:resource="http://campus.udayton.edu/mary/AngelinaOurLady.html"/>
    <foaf:isPrimaryTopicOf rdf:resource="http://en.wikipedia.org/wiki/Blessed_Art_Thou"/>
    <ns6:wasDerivedFrom rdf:resource="http://en.wikipedia.org/wiki/Blessed_Art_Thou?oldid=506819399"/>
    <dbpprop:hasPhotoCollection rdf:resource="http://wifo5-03.informatik.uni-mannheim.de/flickrwrappr/photos/Blessed_Art_Thou"/>
  </rdf:Description>
  <rdf:Description rdf:about="http://en.wikipedia.org/wiki/Blessed_Art_Thou">
    <foaf:primaryTopic rdf:resource="http://dbpedia.org/resource/Blessed_Art_Thou"/>
  </rdf:Description>
  <rdf:Description rdf:about="http://wikidata.dbpedia.org/resource/Q4926243">
    <owl:sameAs rdf:resource="http://dbpedia.org/resource/Blessed_Art_Thou"/>
  </rdf:Description>
</rdf:RDF>
