<rdf:RDF xmlns:ns7="http://www.w3.org/ns/prov#" xmlns:dbpprop="http://dbpedia.org/property/" xmlns:foaf="http://xmlns.com/foaf/0.1/" xmlns:dbpedia-owl="http://dbpedia.org/ontology/" xmlns:dcterms="http://purl.org/dc/terms/" xmlns:owl="http://www.w3.org/2002/07/owl#" xmlns:rdfs="http://www.w3.org/2000/01/rdf-schema#" xmlns:rdf="http://www.w3.org/1999/02/22-rdf-syntax-ns#">
  <rdf:Description rdf:about="http://dbpedia.org/resource/Blue_Poles">
    <rdf:type rdf:resource="http://schema.org/CreativeWork"/>
    <rdf:type rdf:resource="http://dbpedia.org/class/yago/Whole100003553"/>
    <rdf:type rdf:resource="http://dbpedia.org/ontology/Work"/>
    <rdf:type rdf:resource="http://dbpedia.org/ontology/Artwork"/>
    <rdf:type rdf:resource="http://dbpedia.org/class/yago/GraphicArt103453809"/>
    <rdf:type rdf:resource="http://dbpedia.org/class/yago/1952Paintings"/>
    <rdf:type rdf:resource="http://dbpedia.org/class/yago/Artifact100021939"/>
    <rdf:type rdf:resource="http://dbpedia.org/class/yago/Creation103129123"/>
    <rdf:type rdf:resource="http://dbpedia.org/class/yago/Art102743547"/>
    <rdf:type rdf:resource="http://dbpedia.org/class/yago/PhysicalEntity100001930"/>
    <rdf:type rdf:resource="http://dbpedia.org/class/yago/Object100002684"/>
    <rdf:type rdf:resource="http://www.w3.org/2002/07/owl#Thing"/>
    <rdf:type rdf:resource="http://dbpedia.org/class/yago/PaintingsByJacksonPollock"/>
    <rdf:type rdf:resource="http://dbpedia.org/class/yago/Painting103876519"/>
    <owl:sameAs rdf:resource="http://www.wikidata.org/entity/Q2907210"/>
    <owl:sameAs rdf:resource="http://dbpedia.org/resource/Blue_Poles"/>
    <owl:sameAs rdf:resource="http://fr.dbpedia.org/resource/Blue_Poles"/>
    <owl:sameAs rdf:resource="http://rdf.freebase.com/ns/m.071cnv"/>
    <owl:sameAs rdf:resource="http://yago-knowledge.org/resource/Blue_Poles"/>
    <dcterms:subject rdf:resource="http://dbpedia.org/resource/Category:Collections_of_the_National_Gallery_of_Australia"/>
    <dcterms:subject rdf:resource="http://dbpedia.org/resource/Category:Abstract_expressionism"/>
    <dcterms:subject rdf:resource="http://dbpedia.org/resource/Category:Paintings_by_Jackson_Pollock"/>
    <dcterms:subject rdf:resource="http://dbpedia.org/resource/Category:1952_paintings"/>
    <dbpedia-owl:abstract xml:lang="fr">Blue Poles est un tableau de l'artiste américain Jackson Pollock, réalisé en 1952.</dbpedia-owl:abstract>
    <dbpedia-owl:abstract xml:lang="en">Blue Poles, originally titled Number 11, 1952, is an abstract expressionist painting and one of the most famous works by American artist Jackson Pollock. It was purchased amid controversy by the National Gallery of Australia in 1973 and today remains one of the gallery's major holdings.</dbpedia-owl:abstract>
    <dbpedia-owl:author rdf:resource="http://dbpedia.org/resource/Jackson_Pollock"/>
    <dbpedia-owl:museum rdf:resource="http://dbpedia.org/resource/National_Gallery_of_Australia"/>
    <dbpedia-owl:wikiPageID rdf:datatype="http://www.w3.org/2001/XMLSchema#integer">2292036</dbpedia-owl:wikiPageID>
    <dbpedia-owl:wikiPageRevisionID rdf:datatype="http://www.w3.org/2001/XMLSchema#integer">544071096</dbpedia-owl:wikiPageRevisionID>
    <rdfs:label xml:lang="fr">Blue Poles</rdfs:label>
    <rdfs:label xml:lang="en">Blue Poles</rdfs:label>
    <foaf:depiction rdf:resource="http://upload.wikimedia.org/wikipedia/commons/2/2d/Blue_Poles_(Jackson_Pollock_painting).jpg"/>
    <rdfs:comment xml:lang="fr">Blue Poles est un tableau de l'artiste américain Jackson Pollock, réalisé en 1952.</rdfs:comment>
    <rdfs:comment xml:lang="en">Blue Poles, originally titled Number 11, 1952, is an abstract expressionist painting and one of the most famous works by American artist Jackson Pollock. It was purchased amid controversy by the National Gallery of Australia in 1973 and today remains one of the gallery's major holdings.</rdfs:comment>
    <foaf:name xml:lang="en">Blue Poles</foaf:name>
    <dbpedia-owl:thumbnail rdf:resource="http://upload.wikimedia.org/wikipedia/commons/thumb/2/2d/Blue_Poles_(Jackson_Pollock_painting).jpg/200px-Blue_Poles_(Jackson_Pollock_painting).jpg"/>
    <dbpedia-owl:wikiPageExternalLink rdf:resource="http://www.nga.gov.au/International/Catalogue/Detail.cfm?IRN=36334&amp;MnuID=2&amp;GalID=1"/>
    <dbpprop:artist rdf:resource="http://dbpedia.org/resource/Jackson_Pollock"/>
    <dbpprop:city rdf:resource="http://dbpedia.org/resource/Canberra"/>
    <dbpprop:heightImperial rdf:datatype="http://www.w3.org/2001/XMLSchema#double">83.5</dbpprop:heightImperial>
    <dbpprop:heightMetric rdf:datatype="http://www.w3.org/2001/XMLSchema#double">212.1</dbpprop:heightMetric>
    <dbpprop:imageFile xml:lang="en">Blue Poles .jpg</dbpprop:imageFile>
    <dbpprop:imageSize rdf:datatype="http://www.w3.org/2001/XMLSchema#integer">300</dbpprop:imageSize>
    <dbpprop:museum rdf:resource="http://dbpedia.org/resource/National_Gallery_of_Australia"/>
    <dbpprop:paintingAlignment xml:lang="en">right</dbpprop:paintingAlignment>
    <dbpprop:title xml:lang="en">Blue Poles</dbpprop:title>
    <dbpprop:type xml:lang="en">Enamel and aluminium paint with glass on canvas</dbpprop:type>
    <dbpprop:widthImperial rdf:datatype="http://www.w3.org/2001/XMLSchema#double">192.5</dbpprop:widthImperial>
    <dbpprop:widthMetric rdf:datatype="http://www.w3.org/2001/XMLSchema#double">488.9</dbpprop:widthMetric>
    <foaf:isPrimaryTopicOf rdf:resource="http://en.wikipedia.org/wiki/Blue_Poles"/>
    <ns7:wasDerivedFrom rdf:resource="http://en.wikipedia.org/wiki/Blue_Poles?oldid=544071096"/>
    <dbpprop:hasPhotoCollection rdf:resource="http://wifo5-03.informatik.uni-mannheim.de/flickrwrappr/photos/Blue_Poles"/>
  </rdf:Description>
  <rdf:Description rdf:about="http://dbpedia.org/resource/Blue_poles">
    <dbpedia-owl:wikiPageRedirects rdf:resource="http://dbpedia.org/resource/Blue_Poles"/>
  </rdf:Description>
  <rdf:Description rdf:about="http://en.wikipedia.org/wiki/Blue_Poles">
    <foaf:primaryTopic rdf:resource="http://dbpedia.org/resource/Blue_Poles"/>
  </rdf:Description>
  <rdf:Description rdf:about="http://fr.dbpedia.org/resource/Blue_Poles">
    <owl:sameAs rdf:resource="http://dbpedia.org/resource/Blue_Poles"/>
  </rdf:Description>
  <rdf:Description rdf:about="http://wikidata.dbpedia.org/resource/Q2907210">
    <owl:sameAs rdf:resource="http://dbpedia.org/resource/Blue_Poles"/>
  </rdf:Description>
</rdf:RDF>
