<rdf:RDF xmlns:ns7="http://www.w3.org/ns/prov#" xmlns:dbpprop="http://dbpedia.org/property/" xmlns:foaf="http://xmlns.com/foaf/0.1/" xmlns:dbpedia-owl="http://dbpedia.org/ontology/" xmlns:dcterms="http://purl.org/dc/terms/" xmlns:owl="http://www.w3.org/2002/07/owl#" xmlns:rdfs="http://www.w3.org/2000/01/rdf-schema#" xmlns:rdf="http://www.w3.org/1999/02/22-rdf-syntax-ns#">
  <rdf:Description rdf:about="http://dbpedia.org/resource/Boating_on_the_River_Epte">
    <rdf:type rdf:resource="http://dbpedia.org/class/yago/Art102743547"/>
    <rdf:type rdf:resource="http://dbpedia.org/class/yago/Whole100003553"/>
    <rdf:type rdf:resource="http://dbpedia.org/class/yago/PaintingsByClaudeMonet"/>
    <rdf:type rdf:resource="http://dbpedia.org/class/yago/1890Paintings"/>
    <rdf:type rdf:resource="http://www.w3.org/2002/07/owl#Thing"/>
    <rdf:type rdf:resource="http://dbpedia.org/ontology/Artwork"/>
    <rdf:type rdf:resource="http://dbpedia.org/class/yago/Painting103876519"/>
    <rdf:type rdf:resource="http://dbpedia.org/class/yago/Creation103129123"/>
    <rdf:type rdf:resource="http://dbpedia.org/class/yago/Artifact100021939"/>
    <rdf:type rdf:resource="http://dbpedia.org/class/yago/GraphicArt103453809"/>
    <rdf:type rdf:resource="http://dbpedia.org/class/yago/Object100002684"/>
    <rdf:type rdf:resource="http://dbpedia.org/ontology/Work"/>
    <rdf:type rdf:resource="http://dbpedia.org/class/yago/PaintingsOfTheS%C3%A3oPauloMuseumOfArt"/>
    <rdf:type rdf:resource="http://dbpedia.org/class/yago/PhysicalEntity100001930"/>
    <rdf:type rdf:resource="http://schema.org/CreativeWork"/>
    <owl:sameAs rdf:resource="http://dbpedia.org/resource/Boating_on_the_River_Epte"/>
    <owl:sameAs rdf:resource="http://www.wikidata.org/entity/Q4931530"/>
    <owl:sameAs rdf:resource="http://rdf.freebase.com/ns/m.0hgnj3f"/>
    <owl:sameAs rdf:resource="http://yago-knowledge.org/resource/Boating_on_the_River_Epte"/>
    <dcterms:subject rdf:resource="http://dbpedia.org/resource/Category:Paintings_of_the_S%C3%A3o_Paulo_Museum_of_Art"/>
    <dcterms:subject rdf:resource="http://dbpedia.org/resource/Category:1890_paintings"/>
    <dcterms:subject rdf:resource="http://dbpedia.org/resource/Category:Paintings_by_Claude_Monet"/>
    <dbpedia-owl:abstract xml:lang="en">Boating on the River Epte (also known as The Canoe on the Epte) is an 1890 oil painting by French impressionist artist Claude Monet. It is currently housed at the São Paulo Museum of Art. Between 1887 and 1890 Monet concerned himself with portraying scenes from the River Epte, which bathed this property at Giverny. The sisters Suzanne and Blanche Hoschedé posed for this series of pictures, their late father being banker Ernest Hoschedé, a patron of the arts and collector of Monet, and their mother, Alice, who became Monet’s second wife. This series began with La Barque Rose (private collection) and also worthy of mention are canvases La Barque à Giverny and En Barque. The São Paulo Museum of Art picture, which also has a preparatory study, was mentioned by the artist himself on a letter to critic and friend Geffroy, dated June 22, 1890: “I am again vexed by things that are impossible to do: water with undulating vegetation on the bottom”. In fact one of the more singular characteristics of The Canoe on the Epte in the Monet context is the proximity of the water, which assumes at the lower part of the composition an almost tactile reality, as if the painter for once did not want to depict the luminous reflections of its surface, but its depth. Although it belongs to a series, the masp work is in this particular a unique case. Monet here announces materiality, and it is necessary to remember that this new visual dimension of water will only be obtained again over thirty years later in his paintings of the 1918-1924 period. His friendship with photographer Nadar and his genuine interest in photography explain the framing of the composition as well as the out-of-focus effect produced by the movement of the boat on the water to be seen in the Hoschedé sisters. In addition, a possible source of the São Paulo Museum of Art composition, as has been detected, is the Harunobu engraving, titled Woman Collecting Lotus Flowers.</dbpedia-owl:abstract>
    <dbpedia-owl:author rdf:resource="http://dbpedia.org/resource/Claude_Monet"/>
    <dbpedia-owl:museum rdf:resource="http://dbpedia.org/resource/S%C3%A3o_Paulo_Museum_of_Art"/>
    <dbpedia-owl:museum rdf:resource="http://dbpedia.org/resource/S%C3%A3o_Paulo"/>
    <dbpedia-owl:wikiPageID rdf:datatype="http://www.w3.org/2001/XMLSchema#integer">33561029</dbpedia-owl:wikiPageID>
    <dbpedia-owl:wikiPageRevisionID rdf:datatype="http://www.w3.org/2001/XMLSchema#integer">485235419</dbpedia-owl:wikiPageRevisionID>
    <rdfs:label xml:lang="en">Boating on the River Epte</rdfs:label>
    <foaf:depiction rdf:resource="http://upload.wikimedia.org/wikipedia/commons/7/76/Monet_-_canoaepte01.jpg"/>
    <rdfs:comment xml:lang="en">Boating on the River Epte (also known as The Canoe on the Epte) is an 1890 oil painting by French impressionist artist Claude Monet. It is currently housed at the São Paulo Museum of Art. Between 1887 and 1890 Monet concerned himself with portraying scenes from the River Epte, which bathed this property at Giverny.</rdfs:comment>
    <foaf:name xml:lang="en">Boating on the River Epte</foaf:name>
    <dbpedia-owl:thumbnail rdf:resource="http://upload.wikimedia.org/wikipedia/commons/thumb/7/76/Monet_-_canoaepte01.jpg/200px-Monet_-_canoaepte01.jpg"/>
    <dbpprop:artist rdf:resource="http://dbpedia.org/resource/Claude_Monet"/>
    <dbpprop:height rdf:datatype="http://www.w3.org/2001/XMLSchema#integer">133</dbpprop:height>
    <dbpprop:imageFile xml:lang="en">Monet - canoaepte01.jpg</dbpprop:imageFile>
    <dbpprop:museum rdf:resource="http://dbpedia.org/resource/S%C3%A3o_Paulo_Museum_of_Art"/>
    <dbpprop:museum rdf:resource="http://dbpedia.org/resource/S%C3%A3o_Paulo"/>
    <dbpprop:title xml:lang="en">Boating on the River Epte</dbpprop:title>
    <dbpprop:type xml:lang="en">oil on canvas</dbpprop:type>
    <dbpprop:width rdf:datatype="http://www.w3.org/2001/XMLSchema#integer">145</dbpprop:width>
    <dbpprop:year rdf:datatype="http://www.w3.org/2001/XMLSchema#integer">1890</dbpprop:year>
    <foaf:isPrimaryTopicOf rdf:resource="http://en.wikipedia.org/wiki/Boating_on_the_River_Epte"/>
    <ns7:wasDerivedFrom rdf:resource="http://en.wikipedia.org/wiki/Boating_on_the_River_Epte?oldid=485235419"/>
    <dbpprop:hasPhotoCollection rdf:resource="http://wifo5-03.informatik.uni-mannheim.de/flickrwrappr/photos/Boating_on_the_River_Epte"/>
  </rdf:Description>
  <rdf:Description rdf:about="http://en.wikipedia.org/wiki/Boating_on_the_River_Epte">
    <foaf:primaryTopic rdf:resource="http://dbpedia.org/resource/Boating_on_the_River_Epte"/>
  </rdf:Description>
  <rdf:Description rdf:about="http://wikidata.dbpedia.org/resource/Q4931530">
    <owl:sameAs rdf:resource="http://dbpedia.org/resource/Boating_on_the_River_Epte"/>
  </rdf:Description>
</rdf:RDF>
