<rdf:RDF xmlns:ns7="http://www.w3.org/ns/prov#" xmlns:dbpprop="http://dbpedia.org/property/" xmlns:foaf="http://xmlns.com/foaf/0.1/" xmlns:dbpedia-owl="http://dbpedia.org/ontology/" xmlns:dcterms="http://purl.org/dc/terms/" xmlns:owl="http://www.w3.org/2002/07/owl#" xmlns:rdfs="http://www.w3.org/2000/01/rdf-schema#" xmlns:rdf="http://www.w3.org/1999/02/22-rdf-syntax-ns#">
  <rdf:Description rdf:about="http://dbpedia.org/resource/Bonaparte_at_the_Pont_d'Arcole">
    <rdf:type rdf:resource="http://dbpedia.org/class/yago/Creation103129123"/>
    <rdf:type rdf:resource="http://dbpedia.org/class/yago/Whole100003553"/>
    <rdf:type rdf:resource="http://dbpedia.org/class/yago/PaintingsOfTheLouvre"/>
    <rdf:type rdf:resource="http://dbpedia.org/class/yago/Artifact100021939"/>
    <rdf:type rdf:resource="http://dbpedia.org/ontology/Artwork"/>
    <rdf:type rdf:resource="http://dbpedia.org/class/yago/Art102743547"/>
    <rdf:type rdf:resource="http://schema.org/CreativeWork"/>
    <rdf:type rdf:resource="http://dbpedia.org/class/yago/1796Paintings"/>
    <rdf:type rdf:resource="http://dbpedia.org/ontology/Work"/>
    <rdf:type rdf:resource="http://dbpedia.org/class/yago/Painting103876519"/>
    <rdf:type rdf:resource="http://dbpedia.org/class/yago/Object100002684"/>
    <rdf:type rdf:resource="http://dbpedia.org/class/yago/PaintingsOfNapoleon"/>
    <rdf:type rdf:resource="http://dbpedia.org/class/yago/GraphicArt103453809"/>
    <rdf:type rdf:resource="http://www.w3.org/2002/07/owl#Thing"/>
    <rdf:type rdf:resource="http://dbpedia.org/class/yago/PhysicalEntity100001930"/>
    <owl:sameAs rdf:resource="http://www.wikidata.org/entity/Q1282978"/>
    <owl:sameAs rdf:resource="http://dbpedia.org/resource/Bonaparte_at_the_Pont_d'Arcole"/>
    <owl:sameAs rdf:resource="http://fr.dbpedia.org/resource/Bonaparte_au_pont_d'Arcole"/>
    <owl:sameAs rdf:resource="http://yago-knowledge.org/resource/Bonaparte_at_the_Pont_d'Arcole"/>
    <owl:sameAs rdf:resource="http://rdf.freebase.com/ns/m.0cz8zsk"/>
    <dcterms:subject rdf:resource="http://dbpedia.org/resource/Category:Paintings_of_the_Louvre"/>
    <dcterms:subject rdf:resource="http://dbpedia.org/resource/Category:1796_paintings"/>
    <dcterms:subject rdf:resource="http://dbpedia.org/resource/Category:Paintings_of_Napoleon"/>
    <dbpedia-owl:abstract xml:lang="fr">Bonaparte au Pont d’Arcole est une peinture de Gros, représentant un épisode de la bataille du pont d'Arcole. Le général Bonaparte entraîne ses troupes à l’assaut du pont d’Arcole.</dbpedia-owl:abstract>
    <dbpedia-owl:abstract xml:lang="en">Bonaparte at the Pont d’Arcole (French: Bonaparte au Pont d’Arcole) is a 1796 painting by Antoine-Jean Gros, showing an episode during the battle of the pont d'Arcole, with general Bonaparte leading his troops to storm the bridge.</dbpedia-owl:abstract>
    <dbpedia-owl:author rdf:resource="http://dbpedia.org/resource/Antoine-Jean_Gros"/>
    <dbpedia-owl:museum rdf:resource="http://dbpedia.org/resource/Palace_of_Versailles"/>
    <dbpedia-owl:wikiPageID rdf:datatype="http://www.w3.org/2001/XMLSchema#integer">28742002</dbpedia-owl:wikiPageID>
    <dbpedia-owl:wikiPageRevisionID rdf:datatype="http://www.w3.org/2001/XMLSchema#integer">545990595</dbpedia-owl:wikiPageRevisionID>
    <rdfs:label xml:lang="fr">Bonaparte au pont d'Arcole</rdfs:label>
    <rdfs:label xml:lang="en">Bonaparte at the Pont d'Arcole</rdfs:label>
    <foaf:depiction rdf:resource="http://upload.wikimedia.org/wikipedia/commons/f/f0/1801_Antoine-Jean_Gros_-_Bonaparte_on_the_Bridge_at_Arcole.jpg"/>
    <rdfs:comment xml:lang="en">Bonaparte at the Pont d’Arcole (French: Bonaparte au Pont d’Arcole) is a 1796 painting by Antoine-Jean Gros, showing an episode during the battle of the pont d'Arcole, with general Bonaparte leading his troops to storm the bridge.</rdfs:comment>
    <rdfs:comment xml:lang="fr">Bonaparte au Pont d’Arcole est une peinture de Gros, représentant un épisode de la bataille du pont d'Arcole. Le général Bonaparte entraîne ses troupes à l’assaut du pont d’Arcole.</rdfs:comment>
    <foaf:name xml:lang="en">Bonaparte at the Pont d'Arcole</foaf:name>
    <dbpedia-owl:thumbnail rdf:resource="http://upload.wikimedia.org/wikipedia/commons/thumb/f/f0/1801_Antoine-Jean_Gros_-_Bonaparte_on_the_Bridge_at_Arcole.jpg/200px-1801_Antoine-Jean_Gros_-_Bonaparte_on_the_Bridge_at_Arcole.jpg"/>
    <dbpprop:artist rdf:resource="http://dbpedia.org/resource/Antoine-Jean_Gros"/>
    <dbpprop:city rdf:resource="http://dbpedia.org/resource/Versailles_(city)"/>
    <dbpprop:heightMetric rdf:datatype="http://www.w3.org/2001/XMLSchema#integer">130</dbpprop:heightMetric>
    <dbpprop:imageFile rdf:datatype="http://www.w3.org/2001/XMLSchema#integer">1801</dbpprop:imageFile>
    <dbpprop:imageSize rdf:datatype="http://www.w3.org/2001/XMLSchema#integer">180</dbpprop:imageSize>
    <dbpprop:museum rdf:resource="http://dbpedia.org/resource/Palace_of_Versailles"/>
    <dbpprop:title xml:lang="en">Bonaparte at the Pont d'Arcole</dbpprop:title>
    <dbpprop:type rdf:resource="http://dbpedia.org/resource/Oil_painting"/>
    <dbpprop:widthMetric rdf:datatype="http://www.w3.org/2001/XMLSchema#integer">94</dbpprop:widthMetric>
    <dbpprop:year rdf:datatype="http://www.w3.org/2001/XMLSchema#integer">1796</dbpprop:year>
    <foaf:isPrimaryTopicOf rdf:resource="http://en.wikipedia.org/wiki/Bonaparte_at_the_Pont_d'Arcole"/>
    <ns7:wasDerivedFrom rdf:resource="http://en.wikipedia.org/wiki/Bonaparte_at_the_Pont_d'Arcole?oldid=545990595"/>
    <dbpprop:hasPhotoCollection rdf:resource="http://wifo5-03.informatik.uni-mannheim.de/flickrwrappr/photos/Bonaparte_at_the_Pont_d'Arcole"/>
  </rdf:Description>
  <rdf:Description rdf:about="http://fr.dbpedia.org/resource/Bonaparte_au_pont_d'Arcole">
    <owl:sameAs rdf:resource="http://dbpedia.org/resource/Bonaparte_at_the_Pont_d'Arcole"/>
  </rdf:Description>
  <rdf:Description rdf:about="http://en.wikipedia.org/wiki/Bonaparte_at_the_Pont_d'Arcole">
    <foaf:primaryTopic rdf:resource="http://dbpedia.org/resource/Bonaparte_at_the_Pont_d'Arcole"/>
  </rdf:Description>
  <rdf:Description rdf:about="http://dbpedia.org/resource/Bonaparte_at_the_pont_d'Arcole">
    <dbpedia-owl:wikiPageRedirects rdf:resource="http://dbpedia.org/resource/Bonaparte_at_the_Pont_d'Arcole"/>
  </rdf:Description>
  <rdf:Description rdf:about="http://dbpedia.org/resource/Bonaparte_au_pont_d'Arcole">
    <dbpedia-owl:wikiPageRedirects rdf:resource="http://dbpedia.org/resource/Bonaparte_at_the_Pont_d'Arcole"/>
  </rdf:Description>
  <rdf:Description rdf:about="http://wikidata.dbpedia.org/resource/Q1282978">
    <owl:sameAs rdf:resource="http://dbpedia.org/resource/Bonaparte_at_the_Pont_d'Arcole"/>
  </rdf:Description>
</rdf:RDF>
