<rdf:RDF xmlns:ns7="http://www.w3.org/ns/prov#" xmlns:dbpprop="http://dbpedia.org/property/" xmlns:foaf="http://xmlns.com/foaf/0.1/" xmlns:dbpedia-owl="http://dbpedia.org/ontology/" xmlns:dcterms="http://purl.org/dc/terms/" xmlns:owl="http://www.w3.org/2002/07/owl#" xmlns:rdfs="http://www.w3.org/2000/01/rdf-schema#" xmlns:rdf="http://www.w3.org/1999/02/22-rdf-syntax-ns#">
  <rdf:Description rdf:about="http://dbpedia.org/resource/Bonaparte_Visiting_the_Plague-Victims_of_Jaffa">
    <dbpedia-owl:wikiPageRedirects rdf:resource="http://dbpedia.org/resource/Bonaparte_Visiting_the_Plague_Victims_of_Jaffa"/>
  </rdf:Description>
  <rdf:Description rdf:about="http://dbpedia.org/resource/Bonaparte_visiting_the_plague-victims_of_Jaffa">
    <dbpedia-owl:wikiPageRedirects rdf:resource="http://dbpedia.org/resource/Bonaparte_Visiting_the_Plague_Victims_of_Jaffa"/>
  </rdf:Description>
  <rdf:Description rdf:about="http://dbpedia.org/resource/Bonaparte_visiting_the_plague_victims_of_jaffa">
    <dbpedia-owl:wikiPageRedirects rdf:resource="http://dbpedia.org/resource/Bonaparte_Visiting_the_Plague_Victims_of_Jaffa"/>
  </rdf:Description>
  <rdf:Description rdf:about="http://dbpedia.org/resource/Jaffa">
    <dbpprop:caption rdf:resource="http://dbpedia.org/resource/Bonaparte_Visiting_the_Plague_Victims_of_Jaffa"/>
  </rdf:Description>
  <rdf:Description rdf:about="http://pl.dbpedia.org/resource/Napoleon_odwiedza_zadżumionych_w_Jaffie">
    <owl:sameAs rdf:resource="http://dbpedia.org/resource/Bonaparte_Visiting_the_Plague_Victims_of_Jaffa"/>
  </rdf:Description>
  <rdf:Description rdf:about="http://dbpedia.org/resource/Bonaparte_Visiting_the_Plague_Victims_of_Jaffa">
    <rdf:type rdf:resource="http://dbpedia.org/class/yago/Object100002684"/>
    <rdf:type rdf:resource="http://dbpedia.org/class/yago/GraphicArt103453809"/>
    <rdf:type rdf:resource="http://www.w3.org/2002/07/owl#Thing"/>
    <rdf:type rdf:resource="http://dbpedia.org/class/yago/Oeuvre103841417"/>
    <rdf:type rdf:resource="http://dbpedia.org/class/yago/EndProduct103287178"/>
    <rdf:type rdf:resource="http://dbpedia.org/class/yago/PaintingsOfNapoleon"/>
    <rdf:type rdf:resource="http://dbpedia.org/class/yago/Art102743547"/>
    <rdf:type rdf:resource="http://dbpedia.org/ontology/Artwork"/>
    <rdf:type rdf:resource="http://dbpedia.org/class/yago/PhysicalEntity100001930"/>
    <rdf:type rdf:resource="http://schema.org/CreativeWork"/>
    <rdf:type rdf:resource="http://dbpedia.org/class/yago/Whole100003553"/>
    <rdf:type rdf:resource="http://dbpedia.org/class/yago/1804Works"/>
    <rdf:type rdf:resource="http://dbpedia.org/class/yago/Creation103129123"/>
    <rdf:type rdf:resource="http://dbpedia.org/class/yago/Painting103876519"/>
    <rdf:type rdf:resource="http://dbpedia.org/class/yago/1804Paintings"/>
    <rdf:type rdf:resource="http://dbpedia.org/class/yago/Product104007894"/>
    <rdf:type rdf:resource="http://dbpedia.org/class/yago/PaintingsOfTheLouvre"/>
    <rdf:type rdf:resource="http://dbpedia.org/ontology/Work"/>
    <rdf:type rdf:resource="http://dbpedia.org/class/yago/Artifact100021939"/>
    <owl:sameAs rdf:resource="http://pl.dbpedia.org/resource/Napoleon_odwiedza_zadżumionych_w_Jaffie"/>
    <owl:sameAs rdf:resource="http://fr.dbpedia.org/resource/Bonaparte_visitant_les_pestiférés_de_Jaffa"/>
    <owl:sameAs rdf:resource="http://yago-knowledge.org/resource/Bonaparte_Visiting_the_Plague_Victims_of_Jaffa"/>
    <owl:sameAs rdf:resource="http://www.wikidata.org/entity/Q2909916"/>
    <owl:sameAs rdf:resource="http://ca.dbpedia.org/resource/Bonaparte_visitant_els_empestats_de_Jaffa"/>
    <owl:sameAs rdf:resource="http://pt.dbpedia.org/resource/Bonaparte_visitando_as_vítimas_da_peste_de_Jaffa"/>
    <owl:sameAs rdf:resource="http://fa.dbpedia.org/resource/دیدار_بوناپارت_از_قربانیان_طاعون_در_یافا"/>
    <owl:sameAs rdf:resource="http://rdf.freebase.com/ns/m.041144n"/>
    <owl:sameAs rdf:resource="http://dbpedia.org/resource/Bonaparte_Visiting_the_Plague_Victims_of_Jaffa"/>
    <dcterms:subject rdf:resource="http://dbpedia.org/resource/Category:Paintings_of_Napoleon"/>
    <dcterms:subject rdf:resource="http://dbpedia.org/resource/Category:1804_paintings"/>
    <dcterms:subject rdf:resource="http://dbpedia.org/resource/Category:Paintings_of_the_Louvre"/>
    <dbpedia-owl:abstract xml:lang="pl">Napoleon odwiedza zadżumionych w Jaffie (znany również jako Zadżumieni w Jaffie lub Napoleon w Jaffie dotkniętej plagą) (oryg. fr. Bonaparte visitant les pestiférés de Jaffa) – obraz francuskiego malarza Antoine-Jeana Grosa. Napoleon otaczał się malarzami, których wykorzystywał do propagowania swojej osoby poprzez sztukę. Jednym z artystów utrwalających jego czyny był Antoine-Jean Gros. Malarz tworząc swoje dzieło, oparł się na wydarzeniach, które miały miejsce w czasie kampanii egipskiej. Scena ukazuje Napoleona podczas wizyty w mieście Jaffa w 1799 roku, gdzie odwiedził swoich żołnierzy dotkniętych plagą dżumy. Jego wizyta miała na celu podnieść morale we francuskiej armii. Obraz został wystawiony 18 września 1804 roku w Salonie paryskim na wystawie Królewskiej Akademii Malarstwa i Rzeźby. W powstaniu obrazu pomagał Dominique Vivant Denon, uczestnik kampanii, a następnie dyrektor muzeum w Luwrze.</dbpedia-owl:abstract>
    <dbpedia-owl:abstract xml:lang="fr">Bonaparte visitant les pestiférés de Jaffa est un tableau d'Antoine-Jean Gros datant de 1804, commandé par Napoléon pour représenter un épisode de la campagne d'Égypte.</dbpedia-owl:abstract>
    <dbpedia-owl:abstract xml:lang="pt">Bonaparte visitando as vítimas da peste de Jaffa é o título de uma obra de Antoine-Jean Gros, datada de 1804, e encomendada por Napoleão Bonaparte para representar um episódio da campanha do Egito.</dbpedia-owl:abstract>
    <dbpedia-owl:abstract xml:lang="en">Bonaparte Visits the Plague Stricken in Jaffa (French: Bonaparte visitant les pestiférés de Jaffa) is an 1804 painting commissioned by Napoleon Bonaparte from Antoine-Jean Gros to portray an event during the Egyptian Campaign. The scene shows Napoleon during a striking scene which occurred in Jaffa in 1799. It was an attempt to quell unsavory rumours after Napoleon ordered that fifty incurable plague victims in Jaffa be poisoned (without complete success) during his retreat from his Syrian expedition. This is part of the collection of French paintings at the Louvre.</dbpedia-owl:abstract>
    <dbpedia-owl:author rdf:resource="http://dbpedia.org/resource/Antoine-Jean_Gros"/>
    <dbpedia-owl:museum rdf:resource="http://dbpedia.org/resource/The_Louvre"/>
    <dbpedia-owl:wikiPageID rdf:datatype="http://www.w3.org/2001/XMLSchema#integer">16886434</dbpedia-owl:wikiPageID>
    <dbpedia-owl:wikiPageRevisionID rdf:datatype="http://www.w3.org/2001/XMLSchema#integer">542500811</dbpedia-owl:wikiPageRevisionID>
    <rdfs:label xml:lang="pl">Napoleon odwiedza zadżumionych w Jaffie</rdfs:label>
    <rdfs:label xml:lang="en">Bonaparte Visiting the Plague Victims of Jaffa</rdfs:label>
    <rdfs:label xml:lang="fr">Bonaparte visitant les pestiférés de Jaffa</rdfs:label>
    <rdfs:label xml:lang="pt">Bonaparte visitando as vítimas da peste de Jaffa</rdfs:label>
    <foaf:depiction rdf:resource="http://upload.wikimedia.org/wikipedia/commons/1/19/Antoine-Jean_Gros_-_Bonaparte_visitant_les_pestiférés_de_Jaffa.jpg"/>
    <rdfs:comment xml:lang="pt">Bonaparte visitando as vítimas da peste de Jaffa é o título de uma obra de Antoine-Jean Gros, datada de 1804, e encomendada por Napoleão Bonaparte para representar um episódio da campanha do Egito.</rdfs:comment>
    <rdfs:comment xml:lang="en">Bonaparte Visits the Plague Stricken in Jaffa (French: Bonaparte visitant les pestiférés de Jaffa) is an 1804 painting commissioned by Napoleon Bonaparte from Antoine-Jean Gros to portray an event during the Egyptian Campaign. The scene shows Napoleon during a striking scene which occurred in Jaffa in 1799.</rdfs:comment>
    <rdfs:comment xml:lang="fr">Bonaparte visitant les pestiférés de Jaffa est un tableau d'Antoine-Jean Gros datant de 1804, commandé par Napoléon pour représenter un épisode de la campagne d'Égypte.</rdfs:comment>
    <rdfs:comment xml:lang="pl">Napoleon odwiedza zadżumionych w Jaffie (znany również jako Zadżumieni w Jaffie lub Napoleon w Jaffie dotkniętej plagą) (oryg. fr. Bonaparte visitant les pestiférés de Jaffa) – obraz francuskiego malarza Antoine-Jeana Grosa. Napoleon otaczał się malarzami, których wykorzystywał do propagowania swojej osoby poprzez sztukę. Jednym z artystów utrwalających jego czyny był Antoine-Jean Gros. Malarz tworząc swoje dzieło, oparł się na wydarzeniach, które miały miejsce w czasie kampanii egipskiej.</rdfs:comment>
    <foaf:name xml:lang="en">Bonaparte visitant les pestiférés de Jaffa</foaf:name>
    <dbpedia-owl:thumbnail rdf:resource="http://upload.wikimedia.org/wikipedia/commons/thumb/1/19/Antoine-Jean_Gros_-_Bonaparte_visitant_les_pestiférés_de_Jaffa.jpg/200px-Antoine-Jean_Gros_-_Bonaparte_visitant_les_pestiférés_de_Jaffa.jpg"/>
    <dbpedia-owl:wikiPageExternalLink rdf:resource="http://smarthistory.khanacademy.org/gross-napoleon-bonaparte-visiting-the-plague-stricken-in-jaffa.html"/>
    <dbpedia-owl:wikiPageExternalLink rdf:resource="http://www.michalla-dr.info/medizingeschichte.html#unt215"/>
    <dbpprop:align xml:lang="en">right</dbpprop:align>
    <dbpprop:artist rdf:resource="http://dbpedia.org/resource/Antoine-Jean_Gros"/>
    <dbpprop:city rdf:resource="http://dbpedia.org/resource/Paris"/>
    <dbpprop:height rdf:datatype="http://www.w3.org/2001/XMLSchema#integer">532</dbpprop:height>
    <dbpprop:imageFile xml:lang="en">Antoine-Jean Gros - Bonaparte visitant les pestiférés de Jaffa.jpg</dbpprop:imageFile>
    <dbpprop:imageSize rdf:datatype="http://www.w3.org/2001/XMLSchema#integer">450</dbpprop:imageSize>
    <dbpprop:museum rdf:resource="http://dbpedia.org/resource/The_Louvre"/>
    <dbpprop:title xml:lang="en">Bonaparte visitant les pestiférés de Jaffa</dbpprop:title>
    <dbpprop:type rdf:resource="http://dbpedia.org/resource/Oil_painting"/>
    <dbpprop:video xml:lang="en">Gros's Napoleon Bonaparte Visiting the Plague-Stricken in Jaffa, Smarthistory</dbpprop:video>
    <dbpprop:width rdf:datatype="http://www.w3.org/2001/XMLSchema#integer">210</dbpprop:width>
    <dbpprop:width rdf:datatype="http://www.w3.org/2001/XMLSchema#integer">720</dbpprop:width>
    <dbpprop:year rdf:datatype="http://www.w3.org/2001/XMLSchema#integer">1804</dbpprop:year>
    <foaf:isPrimaryTopicOf rdf:resource="http://en.wikipedia.org/wiki/Bonaparte_Visiting_the_Plague_Victims_of_Jaffa"/>
    <ns7:wasDerivedFrom rdf:resource="http://en.wikipedia.org/wiki/Bonaparte_Visiting_the_Plague_Victims_of_Jaffa?oldid=542500811"/>
    <dbpprop:hasPhotoCollection rdf:resource="http://wifo5-03.informatik.uni-mannheim.de/flickrwrappr/photos/Bonaparte_Visiting_the_Plague_Victims_of_Jaffa"/>
    <dbpprop:headerimage rdf:datatype="http://www.w3.org/2001/XMLSchema#integer">210</dbpprop:headerimage>
  </rdf:Description>
  <rdf:Description rdf:about="http://dbpedia.org/resource/Bonaparte_visitant_les_pestif%C3%A9r%C3%A9s_de_Jaffa">
    <dbpedia-owl:wikiPageRedirects rdf:resource="http://dbpedia.org/resource/Bonaparte_Visiting_the_Plague_Victims_of_Jaffa"/>
  </rdf:Description>
  <rdf:Description rdf:about="http://fr.dbpedia.org/resource/Bonaparte_visitant_les_pestiférés_de_Jaffa">
    <owl:sameAs rdf:resource="http://dbpedia.org/resource/Bonaparte_Visiting_the_Plague_Victims_of_Jaffa"/>
  </rdf:Description>
  <rdf:Description rdf:about="http://pt.dbpedia.org/resource/Bonaparte_visitando_as_vítimas_da_peste_de_Jaffa">
    <owl:sameAs rdf:resource="http://dbpedia.org/resource/Bonaparte_Visiting_the_Plague_Victims_of_Jaffa"/>
  </rdf:Description>
  <rdf:Description rdf:about="http://en.wikipedia.org/wiki/Bonaparte_Visiting_the_Plague_Victims_of_Jaffa">
    <foaf:primaryTopic rdf:resource="http://dbpedia.org/resource/Bonaparte_Visiting_the_Plague_Victims_of_Jaffa"/>
  </rdf:Description>
  <rdf:Description rdf:about="http://wikidata.dbpedia.org/resource/Q2909916">
    <owl:sameAs rdf:resource="http://dbpedia.org/resource/Bonaparte_Visiting_the_Plague_Victims_of_Jaffa"/>
  </rdf:Description>
  <rdf:Description rdf:about="http://ca.dbpedia.org/resource/Bonaparte_visitant_els_empestats_de_Jaffa">
    <owl:sameAs rdf:resource="http://dbpedia.org/resource/Bonaparte_Visiting_the_Plague_Victims_of_Jaffa"/>
  </rdf:Description>
  <rdf:Description rdf:about="http://fa.dbpedia.org/resource/دیدار_بوناپارت_از_قربانیان_طاعون_در_یافا">
    <owl:sameAs rdf:resource="http://dbpedia.org/resource/Bonaparte_Visiting_the_Plague_Victims_of_Jaffa"/>
  </rdf:Description>
</rdf:RDF>
