<rdf:RDF xmlns:ns7="http://www.w3.org/ns/prov#" xmlns:dbpprop="http://dbpedia.org/property/" xmlns:foaf="http://xmlns.com/foaf/0.1/" xmlns:dbpedia-owl="http://dbpedia.org/ontology/" xmlns:dcterms="http://purl.org/dc/terms/" xmlns:owl="http://www.w3.org/2002/07/owl#" xmlns:rdfs="http://www.w3.org/2000/01/rdf-schema#" xmlns:rdf="http://www.w3.org/1999/02/22-rdf-syntax-ns#">
  <rdf:Description rdf:about="http://dbpedia.org/resource/Boy_Carrying_a_Sword">
    <rdf:type rdf:resource="http://dbpedia.org/class/yago/Artifact100021939"/>
    <rdf:type rdf:resource="http://schema.org/CreativeWork"/>
    <rdf:type rdf:resource="http://dbpedia.org/class/yago/Painting103876519"/>
    <rdf:type rdf:resource="http://dbpedia.org/class/yago/PhysicalEntity100001930"/>
    <rdf:type rdf:resource="http://dbpedia.org/class/yago/Creation103129123"/>
    <rdf:type rdf:resource="http://www.w3.org/2002/07/owl#Thing"/>
    <rdf:type rdf:resource="http://dbpedia.org/ontology/Artwork"/>
    <rdf:type rdf:resource="http://dbpedia.org/class/yago/Art102743547"/>
    <rdf:type rdf:resource="http://dbpedia.org/ontology/Work"/>
    <rdf:type rdf:resource="http://dbpedia.org/class/yago/Whole100003553"/>
    <rdf:type rdf:resource="http://dbpedia.org/class/yago/GraphicArt103453809"/>
    <rdf:type rdf:resource="http://dbpedia.org/class/yago/PaintingsOfTheMetropolitanMuseumOfArt"/>
    <rdf:type rdf:resource="http://dbpedia.org/class/yago/Object100002684"/>
    <rdf:type rdf:resource="http://dbpedia.org/class/yago/1861Paintings"/>
    <rdf:type rdf:resource="http://dbpedia.org/class/yago/PaintingsBy%C3%89douardManet"/>
    <owl:sameAs rdf:resource="http://it.dbpedia.org/resource/Ragazzo_con_spada"/>
    <owl:sameAs rdf:resource="http://dbpedia.org/resource/Boy_Carrying_a_Sword"/>
    <owl:sameAs rdf:resource="http://nl.dbpedia.org/resource/Jongen_met_zwaard"/>
    <owl:sameAs rdf:resource="http://www.wikidata.org/entity/Q1844748"/>
    <owl:sameAs rdf:resource="http://yago-knowledge.org/resource/Boy_Carrying_a_Sword"/>
    <owl:sameAs rdf:resource="http://rdf.freebase.com/ns/m.0bm9_sd"/>
    <owl:sameAs rdf:resource="http://pl.dbpedia.org/resource/Chłopiec_ze_szpadą"/>
    <owl:sameAs rdf:resource="http://fr.dbpedia.org/resource/L'Enfant_à_l'épée"/>
    <dcterms:subject rdf:resource="http://dbpedia.org/resource/Category:Paintings_of_the_Metropolitan_Museum_of_Art"/>
    <dcterms:subject rdf:resource="http://dbpedia.org/resource/Category:1861_paintings"/>
    <dcterms:subject rdf:resource="http://dbpedia.org/resource/Category:Paintings_by_%C3%89douard_Manet"/>
    <dbpedia-owl:abstract xml:lang="pl">Chłopiec ze szpadą – obraz olejny francuskiego malarza Édouarda Maneta namalowany w 1861, a obecnie przechowywany w Metropolitan Museum of Art w Nowym Jorku. Dzieło ma wymiary 131,1 cm wysokości i 93,4 cm szerokości. Zostało namalowane w w Paryżu, w atelier przy Rue Goyot, a po raz pierwszy zostało wystawione przy Rue de Choiseul, w 1861-1862. Malowidło wykazuje wpływy malarstwa Diego Velázqueza i Fransa Halsa, często pojawiające się w twórczości Maneta. Chłopcem posującym do obrazu był Léon Koëlla Leenhoff, syn Suzanne Leenhoff, z którą Manet ożenił się w 1863. Występuje on często na obrazach Maneta. Prawdopodobnie był jego synem, chociaż artysta nigdy go za takiego nie uznał. Chłopiec, który ma ok. 10 lat, ubrany jest w strój XVII-wiecznego hiszpańskiego pazia i trzyma szpadę oraz pas. Istnieje inna wersja tego obrazu – akwaforta o wymiarach 51,3 × 35,8 cm, namalowana pod kierownictwem malarza z Dijon, Alphonse'a Legrosa, który współpracował przy powstawaniu oryginału. W 1889 nowojorski kolekcjoner Erwin Davis, podarował obraz wraz z innym dziełem Maneta Metropolitan Museum w Nowym Jorku, po nieudanej próbie sprzedania ich na aukcji. Były to pierwsze obrazy francuskiego malarza, które znalazły się w tym muzeum.</dbpedia-owl:abstract>
    <dbpedia-owl:abstract xml:lang="nl">Jongen met zwaard) is de titel van een schilderij van Édouard Manet uit 1861. Het was het eerste portret dat hij van zijn stiefzoon Léon Leenhoff schilderde. Tegenwoordig maakt het deel uit van de collectie van het Metropolitan Museum of Art in New York. Het was een van de eerste twee werken van Manet die in een museum werden opgenomen.</dbpedia-owl:abstract>
    <dbpedia-owl:abstract xml:lang="en">Boy Carrying a Sword is an 1861 oil painting by the French artist Édouard Manet and now displayed at the Metropolitan Museum of Art in New York. The work shows a small boy costumed as a page of the Spanish court of the seventeenth century and holding a full-sized sword and sword belt. The work was later reproduced as an engraving under the direction of Dijon painter and etcher Alphonse Legros, who collaborated in the work. According to Émile Zola, the work is typical of the influence of Spanish painters and shows the strong influence Diego Velázquez and Frans Hals had on Manet at the time. The artist's model was Leon Leenhoff, the stepson of the artist after his marriage to Suzanne in 1862.</dbpedia-owl:abstract>
    <dbpedia-owl:abstract xml:lang="fr">L'Enfant à l'épée est un tableau réalisé par le peintre Édouard Manet en 1861. L'œuvre représente le probable fils naturel de l'artiste, Léon Leenhoff, déguisé en page de la cour d'Espagne du XVII siècle. Léon ne fut jamais reconnu par son père. L'épée trop lourde pour l'enfant pourrait à la fois symboliser le père absent et le secret lourd à garder. Le tableau a été réalisé dans l’atelier de la rue Guyot, aujourd'hui rue Médéric. Typique de la période hispanisante de Manet, le tableau dénote la très forte influence que Diego Vélasquez et Frans Hals avaient sur lui à cette époque.</dbpedia-owl:abstract>
    <dbpedia-owl:abstract xml:lang="it">Ragazzo con spada (L'Enfant à l'épée) è un dipinto ad olio su tela realizzato nel 1861 dal pittore impressionista francese Édouard Manet. La tela è conservata nel Metropolitan Museum of Art di New York. Il dipinto è stato realizzato nell'atelier di rue Goyot. Rappresenta il probabile figlio naturale dell'artista, Léon Leenhoff, vestito come un paggio della corte di Spagna del XVII secolo. Léon non fu mai riconosciuto ufficialmente da suo padre. La spada, troppo pesante per il ragazzo potrebbe simboleggiare sia il padre assente sia il pesante segreto da nascondere. La posa dell'effigiato è inconsueta in quanto è dinamica, in atto di muoversi verso destra. Si nota un evidente pentimento nell'esecuzione del piede sinistro, con l'intento di ridurne la dimensione. Tipica del periodo spagnoleggiante di Manet, la tela mostra la notevole influenza che esercitavano su di lui le opere di Diego Velázquez e di Frans Hals.</dbpedia-owl:abstract>
    <dbpedia-owl:author rdf:resource="http://dbpedia.org/resource/%C3%89douard_Manet"/>
    <dbpedia-owl:museum rdf:resource="http://dbpedia.org/resource/Metropolitan_Museum_of_Art"/>
    <dbpedia-owl:wikiPageID rdf:datatype="http://www.w3.org/2001/XMLSchema#integer">26683995</dbpedia-owl:wikiPageID>
    <dbpedia-owl:wikiPageRevisionID rdf:datatype="http://www.w3.org/2001/XMLSchema#integer">541249451</dbpedia-owl:wikiPageRevisionID>
    <rdfs:label xml:lang="en">Boy Carrying a Sword</rdfs:label>
    <rdfs:label xml:lang="pl">Chłopiec ze szpadą</rdfs:label>
    <rdfs:label xml:lang="fr">L'Enfant à l'épée</rdfs:label>
    <rdfs:label xml:lang="it">Ragazzo con spada</rdfs:label>
    <rdfs:label xml:lang="nl">Jongen met zwaard</rdfs:label>
    <foaf:depiction rdf:resource="http://upload.wikimedia.org/wikipedia/commons/a/a5/Édouard_Manet_-_L'Enfant_à_l'épée.jpg"/>
    <rdfs:comment xml:lang="pl">Chłopiec ze szpadą – obraz olejny francuskiego malarza Édouarda Maneta namalowany w 1861, a obecnie przechowywany w Metropolitan Museum of Art w Nowym Jorku. Dzieło ma wymiary 131,1 cm wysokości i 93,4 cm szerokości. Zostało namalowane w w Paryżu, w atelier przy Rue Goyot, a po raz pierwszy zostało wystawione przy Rue de Choiseul, w 1861-1862. Malowidło wykazuje wpływy malarstwa Diego Velázqueza i Fransa Halsa, często pojawiające się w twórczości Maneta.</rdfs:comment>
    <rdfs:comment xml:lang="nl">Jongen met zwaard) is de titel van een schilderij van Édouard Manet uit 1861. Het was het eerste portret dat hij van zijn stiefzoon Léon Leenhoff schilderde. Tegenwoordig maakt het deel uit van de collectie van het Metropolitan Museum of Art in New York. Het was een van de eerste twee werken van Manet die in een museum werden opgenomen.</rdfs:comment>
    <rdfs:comment xml:lang="fr">L'Enfant à l'épée est un tableau réalisé par le peintre Édouard Manet en 1861. L'œuvre représente le probable fils naturel de l'artiste, Léon Leenhoff, déguisé en page de la cour d'Espagne du XVII siècle. Léon ne fut jamais reconnu par son père. L'épée trop lourde pour l'enfant pourrait à la fois symboliser le père absent et le secret lourd à garder. Le tableau a été réalisé dans l’atelier de la rue Guyot, aujourd'hui rue Médéric.</rdfs:comment>
    <rdfs:comment xml:lang="it">Ragazzo con spada (L'Enfant à l'épée) è un dipinto ad olio su tela realizzato nel 1861 dal pittore impressionista francese Édouard Manet. La tela è conservata nel Metropolitan Museum of Art di New York. Il dipinto è stato realizzato nell'atelier di rue Goyot. Rappresenta il probabile figlio naturale dell'artista, Léon Leenhoff, vestito come un paggio della corte di Spagna del XVII secolo. Léon non fu mai riconosciuto ufficialmente da suo padre.</rdfs:comment>
    <rdfs:comment xml:lang="en">Boy Carrying a Sword is an 1861 oil painting by the French artist Édouard Manet and now displayed at the Metropolitan Museum of Art in New York. The work shows a small boy costumed as a page of the Spanish court of the seventeenth century and holding a full-sized sword and sword belt. The work was later reproduced as an engraving under the direction of Dijon painter and etcher Alphonse Legros, who collaborated in the work.</rdfs:comment>
    <foaf:name xml:lang="en">Boy Carrying a Sword</foaf:name>
    <dbpedia-owl:thumbnail rdf:resource="http://upload.wikimedia.org/wikipedia/commons/thumb/a/a5/Édouard_Manet_-_L'Enfant_à_l'épée.jpg/200px-Édouard_Manet_-_L'Enfant_à_l'épée.jpg"/>
    <dbpprop:artist rdf:resource="http://dbpedia.org/resource/%C3%89douard_Manet"/>
    <dbpprop:city xml:lang="en">New York</dbpprop:city>
    <dbpprop:heightMetric rdf:datatype="http://www.w3.org/2001/XMLSchema#double">131.1</dbpprop:heightMetric>
    <dbpprop:imageFile xml:lang="en">Édouard Manet - L'Enfant à l'épée.jpg</dbpprop:imageFile>
    <dbpprop:metricUnit xml:lang="en">cm</dbpprop:metricUnit>
    <dbpprop:museum rdf:resource="http://dbpedia.org/resource/Metropolitan_Museum_of_Art"/>
    <dbpprop:title xml:lang="en">Boy Carrying a Sword</dbpprop:title>
    <dbpprop:type xml:lang="en">Oil on canvas</dbpprop:type>
    <dbpprop:widthMetric rdf:datatype="http://www.w3.org/2001/XMLSchema#double">93.3</dbpprop:widthMetric>
    <dbpprop:year rdf:datatype="http://www.w3.org/2001/XMLSchema#integer">1861</dbpprop:year>
    <foaf:isPrimaryTopicOf rdf:resource="http://en.wikipedia.org/wiki/Boy_Carrying_a_Sword"/>
    <ns7:wasDerivedFrom rdf:resource="http://en.wikipedia.org/wiki/Boy_Carrying_a_Sword?oldid=541249451"/>
    <dbpprop:hasPhotoCollection rdf:resource="http://wifo5-03.informatik.uni-mannheim.de/flickrwrappr/photos/Boy_Carrying_a_Sword"/>
  </rdf:Description>
  <rdf:Description rdf:about="http://dbpedia.org/resource/L'Enfant_%C3%A0_l'%C3%A9p%C3%A9e">
    <dbpedia-owl:wikiPageRedirects rdf:resource="http://dbpedia.org/resource/Boy_Carrying_a_Sword"/>
  </rdf:Description>
  <rdf:Description rdf:about="http://en.wikipedia.org/wiki/Boy_Carrying_a_Sword">
    <foaf:primaryTopic rdf:resource="http://dbpedia.org/resource/Boy_Carrying_a_Sword"/>
  </rdf:Description>
  <rdf:Description rdf:about="http://pl.dbpedia.org/resource/Chłopiec_ze_szpadą">
    <owl:sameAs rdf:resource="http://dbpedia.org/resource/Boy_Carrying_a_Sword"/>
  </rdf:Description>
  <rdf:Description rdf:about="http://fr.dbpedia.org/resource/L'Enfant_à_l'épée">
    <owl:sameAs rdf:resource="http://dbpedia.org/resource/Boy_Carrying_a_Sword"/>
  </rdf:Description>
  <rdf:Description rdf:about="http://it.dbpedia.org/resource/Ragazzo_con_spada">
    <owl:sameAs rdf:resource="http://dbpedia.org/resource/Boy_Carrying_a_Sword"/>
  </rdf:Description>
  <rdf:Description rdf:about="http://nl.dbpedia.org/resource/Jongen_met_zwaard">
    <owl:sameAs rdf:resource="http://dbpedia.org/resource/Boy_Carrying_a_Sword"/>
  </rdf:Description>
  <rdf:Description rdf:about="http://wikidata.dbpedia.org/resource/Q1844748">
    <owl:sameAs rdf:resource="http://dbpedia.org/resource/Boy_Carrying_a_Sword"/>
  </rdf:Description>
</rdf:RDF>
