<rdf:RDF xmlns:dbpprop="http://dbpedia.org/property/" xmlns:ns6="http://www.w3.org/ns/prov#" xmlns:foaf="http://xmlns.com/foaf/0.1/" xmlns:dbpedia-owl="http://dbpedia.org/ontology/" xmlns:dcterms="http://purl.org/dc/terms/" xmlns:owl="http://www.w3.org/2002/07/owl#" xmlns:rdfs="http://www.w3.org/2000/01/rdf-schema#" xmlns:rdf="http://www.w3.org/1999/02/22-rdf-syntax-ns#">
  <rdf:Description rdf:about="http://dbpedia.org/resource/Boy_on_the_Rocks">
    <rdf:type rdf:resource="http://dbpedia.org/class/yago/Artifact100021939"/>
    <rdf:type rdf:resource="http://dbpedia.org/class/yago/Post-impressionistPaintings"/>
    <rdf:type rdf:resource="http://dbpedia.org/class/yago/PaintingsByHenriRousseau"/>
    <rdf:type rdf:resource="http://dbpedia.org/class/yago/Creation103129123"/>
    <rdf:type rdf:resource="http://dbpedia.org/class/yago/Art102743547"/>
    <rdf:type rdf:resource="http://dbpedia.org/class/yago/Object100002684"/>
    <rdf:type rdf:resource="http://dbpedia.org/class/yago/PhysicalEntity100001930"/>
    <rdf:type rdf:resource="http://dbpedia.org/class/yago/Whole100003553"/>
    <rdf:type rdf:resource="http://dbpedia.org/class/yago/Painting103876519"/>
    <rdf:type rdf:resource="http://dbpedia.org/class/yago/GraphicArt103453809"/>
    <owl:sameAs rdf:resource="http://rdf.freebase.com/ns/m.07wkn1"/>
    <owl:sameAs rdf:resource="http://www.wikidata.org/entity/Q4952174"/>
    <owl:sameAs rdf:resource="http://yago-knowledge.org/resource/Boy_on_the_Rocks"/>
    <owl:sameAs rdf:resource="http://dbpedia.org/resource/Boy_on_the_Rocks"/>
    <dcterms:subject rdf:resource="http://dbpedia.org/resource/Category:Paintings_by_Henri_Rousseau"/>
    <dcterms:subject rdf:resource="http://dbpedia.org/resource/Category:1897_paintings"/>
    <dcterms:subject rdf:resource="http://dbpedia.org/resource/Category:Post-impressionist_paintings"/>
    <dbpedia-owl:abstract xml:lang="en">Boy On The Rocks is a painting by Henri Rousseau. It was created during 1895–7. Rousseau's work has been described as having a "mysterious poetry" and a "dreamlike force". According to Nicolas Pioch's comments on the painting: "Only a child can so bestride the world with such ease, and only a childlike artist with a simple, naïve vision can understand this elevation and make us see it as dauntingly true. " The painting was used on the cover of the May 19, 1999 issue of the Journal of the American Medical Association.</dbpedia-owl:abstract>
    <dbpedia-owl:wikiPageID rdf:datatype="http://www.w3.org/2001/XMLSchema#integer">2667117</dbpedia-owl:wikiPageID>
    <dbpedia-owl:wikiPageRevisionID rdf:datatype="http://www.w3.org/2001/XMLSchema#integer">546858114</dbpedia-owl:wikiPageRevisionID>
    <rdfs:label xml:lang="en">Boy on the Rocks</rdfs:label>
    <foaf:depiction rdf:resource="http://upload.wikimedia.org/wikipedia/commons/4/42/Boy_on_the_Rocks_-_1985-7_-_Henri_Rousseau.jpg"/>
    <rdfs:comment xml:lang="en">Boy On The Rocks is a painting by Henri Rousseau. It was created during 1895–7. Rousseau's work has been described as having a "mysterious poetry" and a "dreamlike force". According to Nicolas Pioch's comments on the painting: "Only a child can so bestride the world with such ease, and only a childlike artist with a simple, naïve vision can understand this elevation and make us see it as dauntingly true.</rdfs:comment>
    <dbpedia-owl:thumbnail rdf:resource="http://upload.wikimedia.org/wikipedia/commons/thumb/4/42/Boy_on_the_Rocks_-_1985-7_-_Henri_Rousseau.jpg/200px-Boy_on_the_Rocks_-_1985-7_-_Henri_Rousseau.jpg"/>
    <foaf:isPrimaryTopicOf rdf:resource="http://en.wikipedia.org/wiki/Boy_on_the_Rocks"/>
    <ns6:wasDerivedFrom rdf:resource="http://en.wikipedia.org/wiki/Boy_on_the_Rocks?oldid=546858114"/>
    <dbpprop:hasPhotoCollection rdf:resource="http://wifo5-03.informatik.uni-mannheim.de/flickrwrappr/photos/Boy_on_the_Rocks"/>
  </rdf:Description>
  <rdf:Description rdf:about="http://dbpedia.org/resource/Boy_On_The_Rocks">
    <dbpedia-owl:wikiPageRedirects rdf:resource="http://dbpedia.org/resource/Boy_on_the_Rocks"/>
  </rdf:Description>
  <rdf:Description rdf:about="http://dbpedia.org/resource/Boy_on_the_rocks">
    <dbpedia-owl:wikiPageRedirects rdf:resource="http://dbpedia.org/resource/Boy_on_the_Rocks"/>
  </rdf:Description>
  <rdf:Description rdf:about="http://en.wikipedia.org/wiki/Boy_on_the_Rocks">
    <foaf:primaryTopic rdf:resource="http://dbpedia.org/resource/Boy_on_the_Rocks"/>
  </rdf:Description>
  <rdf:Description rdf:about="http://wikidata.dbpedia.org/resource/Q4952174">
    <owl:sameAs rdf:resource="http://dbpedia.org/resource/Boy_on_the_Rocks"/>
  </rdf:Description>
</rdf:RDF>
