<rdf:RDF xmlns:ns7="http://www.w3.org/ns/prov#" xmlns:dbpprop="http://dbpedia.org/property/" xmlns:foaf="http://xmlns.com/foaf/0.1/" xmlns:dbpedia-owl="http://dbpedia.org/ontology/" xmlns:dcterms="http://purl.org/dc/terms/" xmlns:owl="http://www.w3.org/2002/07/owl#" xmlns:rdfs="http://www.w3.org/2000/01/rdf-schema#" xmlns:rdf="http://www.w3.org/1999/02/22-rdf-syntax-ns#">
  <rdf:Description rdf:about="http://dbpedia.org/resource/Boy_Leading_a_Horse">
    <rdf:type rdf:resource="http://www.w3.org/2002/07/owl#Thing"/>
    <rdf:type rdf:resource="http://dbpedia.org/class/yago/Creation103129123"/>
    <rdf:type rdf:resource="http://dbpedia.org/ontology/Work"/>
    <rdf:type rdf:resource="http://dbpedia.org/class/yago/Painting103876519"/>
    <rdf:type rdf:resource="http://dbpedia.org/class/yago/Artifact100021939"/>
    <rdf:type rdf:resource="http://dbpedia.org/class/yago/Whole100003553"/>
    <rdf:type rdf:resource="http://dbpedia.org/ontology/Artwork"/>
    <rdf:type rdf:resource="http://dbpedia.org/class/yago/PaintingsByPabloPicasso"/>
    <rdf:type rdf:resource="http://dbpedia.org/class/yago/GraphicArt103453809"/>
    <rdf:type rdf:resource="http://schema.org/CreativeWork"/>
    <rdf:type rdf:resource="http://dbpedia.org/class/yago/PhysicalEntity100001930"/>
    <rdf:type rdf:resource="http://dbpedia.org/class/yago/PaintingsOfTheMuseumOfModernArt"/>
    <rdf:type rdf:resource="http://dbpedia.org/class/yago/1906Paintings"/>
    <rdf:type rdf:resource="http://dbpedia.org/class/yago/Object100002684"/>
    <rdf:type rdf:resource="http://dbpedia.org/class/yago/Art102743547"/>
    <owl:sameAs rdf:resource="http://yago-knowledge.org/resource/Boy_Leading_a_Horse"/>
    <owl:sameAs rdf:resource="http://pt.dbpedia.org/resource/Jeune_homme_et_cheval"/>
    <owl:sameAs rdf:resource="http://www.wikidata.org/entity/Q4952091"/>
    <owl:sameAs rdf:resource="http://rdf.freebase.com/ns/m.05f6wml"/>
    <owl:sameAs rdf:resource="http://dbpedia.org/resource/Boy_Leading_a_Horse"/>
    <dcterms:subject rdf:resource="http://dbpedia.org/resource/Category:Paintings_by_Pablo_Picasso"/>
    <dcterms:subject rdf:resource="http://dbpedia.org/resource/Category:Horses_in_art"/>
    <dcterms:subject rdf:resource="http://dbpedia.org/resource/Category:1906_paintings"/>
    <dcterms:subject rdf:resource="http://dbpedia.org/resource/Category:Paintings_of_the_Museum_of_Modern_Art"/>
    <dbpedia-owl:abstract xml:lang="en">Jeune garçon au cheval is an early painting by Pablo Picasso. An example of Picasso's Rose Period, he painted it in 1906 in Paris. The painting was first owned by Ambroise Vollard. It then passed through the hands of numerous people through the years: Gertrude &amp; Leo Stein, ca. 1907-ca. 1913 Paul von Mendelssohn-Bartholdy, ca. 1934-1935. Mendelssohn-Bartholdy sold the work before his death from a heart attack in 1935 to the Jewish art gallery of Thannhauser. There is debate as to whether this sale was done out of duress. The family at the time had assets worth 170,000 Reichsmark, equivalent to $5 to 10 million dollars of today. Following the enactment of a treaty between Germany and the USA that clarified certain property rights of victims of Nazi persecution, descendants of von Mendelssohn-Bartholdy filed suit against the Museum of Modern Art in New York in an effort to recover the work. See description of Schoeps lawsuit below. Justin K. Thannhauser, 1935–1936; he sold it through Siegfried Rosengart. Albert Skira, 1936. William S. Paley, 1936-1964. Paley gifted the work to the Museum of Modern Art. Julius Schoeps, director of the Moses Mendelssohn institute for European Jewish studies on the University of Potsdam near Berlin, as speaker of the Mendelssohn-Bartholdy heirs, sued the Museum in 2007 for the painting, and Jed S. Rakoff ruled that Mendelssohn-Bartholdy had been forced to sell the painting by the Nazi Party. The Museum of Modern Art and the Solomon R. Guggenheim Foundation then sued the heir, Julius Schoeps. The dispute, however, ended up being settled out of court in 2009, with the museum retaining the work. In Vladimir Nabokov's novel Pale Fire, Professor Kinbote says he placed in his lodging-house "the reproduction of a beloved early Picasso: earth boy leading raincloud horse".</dbpedia-owl:abstract>
    <dbpedia-owl:author rdf:resource="http://dbpedia.org/resource/Pablo_Picasso"/>
    <dbpedia-owl:museum rdf:resource="http://dbpedia.org/resource/Museum_of_Modern_Art"/>
    <dbpedia-owl:wikiPageID rdf:datatype="http://www.w3.org/2001/XMLSchema#integer">21383385</dbpedia-owl:wikiPageID>
    <dbpedia-owl:wikiPageRevisionID rdf:datatype="http://www.w3.org/2001/XMLSchema#integer">532841868</dbpedia-owl:wikiPageRevisionID>
    <rdfs:label xml:lang="en">Boy Leading a Horse</rdfs:label>
    <foaf:depiction rdf:resource="http://upload.wikimedia.org/wikipedia/commons/0/03/Boy_Leading_a_Horse.jpg"/>
    <rdfs:comment xml:lang="en">Jeune garçon au cheval is an early painting by Pablo Picasso. An example of Picasso's Rose Period, he painted it in 1906 in Paris. The painting was first owned by Ambroise Vollard. It then passed through the hands of numerous people through the years: Gertrude &amp; Leo Stein, ca. 1907-ca. 1913 Paul von Mendelssohn-Bartholdy, ca. 1934-1935. Mendelssohn-Bartholdy sold the work before his death from a heart attack in 1935 to the Jewish art gallery of Thannhauser.</rdfs:comment>
    <foaf:name xml:lang="en">Boy Leading a Horse</foaf:name>
    <dbpedia-owl:thumbnail rdf:resource="http://upload.wikimedia.org/wikipedia/commons/thumb/0/03/Boy_Leading_a_Horse.jpg/200px-Boy_Leading_a_Horse.jpg"/>
    <dbpprop:align xml:lang="en">left</dbpprop:align>
    <dbpprop:alt xml:lang="en">A man and a horse and rider, see text.</dbpprop:alt>
    <dbpprop:alt xml:lang="en">A picture of an young man outdoors, see text.</dbpprop:alt>
    <dbpprop:artist rdf:resource="http://dbpedia.org/resource/Pablo_Picasso"/>
    <dbpprop:caption xml:lang="en">El Greco, Saint Martin and the Beggar, c. 1597-1600'', Art Institute of Chicago</dbpprop:caption>
    <dbpprop:caption xml:lang="en">Paul Cézanne, Bather, 1885-1887, Museum of Modern Art, formerly collection Lillie P. Bliss</dbpprop:caption>
    <dbpprop:city xml:lang="en">New York City</dbpprop:city>
    <dbpprop:direction xml:lang="en">horizontal</dbpprop:direction>
    <dbpprop:footerAlign xml:lang="en">left/right/center</dbpprop:footerAlign>
    <dbpprop:headerAlign xml:lang="en">left/right/center</dbpprop:headerAlign>
    <dbpprop:height rdf:datatype="http://www.w3.org/2001/XMLSchema#double">220.3</dbpprop:height>
    <dbpprop:heightInch rdf:datatype="http://www.w3.org/2001/XMLSchema#double">86.75</dbpprop:heightInch>
    <dbpprop:image xml:lang="en">Paul Cézanne 014.jpg</dbpprop:image>
    <dbpprop:image xml:lang="en">Saint Martin and the Beggar  by El Greco - Chicago.jpg</dbpprop:image>
    <dbpprop:imageFile xml:lang="en">Boy Leading a Horse.jpg</dbpprop:imageFile>
    <dbpprop:museum rdf:resource="http://dbpedia.org/resource/Museum_of_Modern_Art"/>
    <dbpprop:title xml:lang="en">Boy Leading a Horse</dbpprop:title>
    <dbpprop:type rdf:resource="http://dbpedia.org/resource/Oil_painting"/>
    <dbpprop:width rdf:datatype="http://www.w3.org/2001/XMLSchema#integer">120</dbpprop:width>
    <dbpprop:width rdf:datatype="http://www.w3.org/2001/XMLSchema#double">130.6</dbpprop:width>
    <dbpprop:width rdf:datatype="http://www.w3.org/2001/XMLSchema#integer">158</dbpprop:width>
    <dbpprop:widthInch rdf:datatype="http://www.w3.org/2001/XMLSchema#double">51.5</dbpprop:widthInch>
    <dbpprop:year rdf:datatype="http://www.w3.org/2001/XMLSchema#integer">1906</dbpprop:year>
    <foaf:isPrimaryTopicOf rdf:resource="http://en.wikipedia.org/wiki/Boy_Leading_a_Horse"/>
    <ns7:wasDerivedFrom rdf:resource="http://en.wikipedia.org/wiki/Boy_Leading_a_Horse?oldid=532841868"/>
    <dbpprop:hasPhotoCollection rdf:resource="http://wifo5-03.informatik.uni-mannheim.de/flickrwrappr/photos/Boy_Leading_a_Horse"/>
  </rdf:Description>
  <rdf:Description rdf:about="http://dbpedia.org/resource/Boy_leading_a_horse">
    <dbpedia-owl:wikiPageRedirects rdf:resource="http://dbpedia.org/resource/Boy_Leading_a_Horse"/>
  </rdf:Description>
  <rdf:Description rdf:about="http://en.wikipedia.org/wiki/Boy_Leading_a_Horse">
    <foaf:primaryTopic rdf:resource="http://dbpedia.org/resource/Boy_Leading_a_Horse"/>
  </rdf:Description>
  <rdf:Description rdf:about="http://pt.dbpedia.org/resource/Jeune_homme_et_cheval">
    <owl:sameAs rdf:resource="http://dbpedia.org/resource/Boy_Leading_a_Horse"/>
  </rdf:Description>
  <rdf:Description rdf:about="http://wikidata.dbpedia.org/resource/Q4952091">
    <owl:sameAs rdf:resource="http://dbpedia.org/resource/Boy_Leading_a_Horse"/>
  </rdf:Description>
</rdf:RDF>
