<rdf:RDF xmlns:grs="http://www.georss.org/georss/" xmlns:ns8="http://www.w3.org/ns/prov#" xmlns:geo="http://www.w3.org/2003/01/geo/wgs84_pos#" xmlns:dbpprop="http://dbpedia.org/property/" xmlns:foaf="http://xmlns.com/foaf/0.1/" xmlns:dbpedia-owl="http://dbpedia.org/ontology/" xmlns:dcterms="http://purl.org/dc/terms/" xmlns:owl="http://www.w3.org/2002/07/owl#" xmlns:rdfs="http://www.w3.org/2000/01/rdf-schema#" xmlns:rdf="http://www.w3.org/1999/02/22-rdf-syntax-ns#">
  <rdf:Description rdf:about="http://fr.dbpedia.org/resource/Chapelle_Brancacci">
    <owl:sameAs rdf:resource="http://dbpedia.org/resource/Brancacci_Chapel"/>
  </rdf:Description>
  <rdf:Description rdf:about="http://es.dbpedia.org/resource/Capilla_Brancacci">
    <owl:sameAs rdf:resource="http://dbpedia.org/resource/Brancacci_Chapel"/>
  </rdf:Description>
  <rdf:Description rdf:about="http://it.dbpedia.org/resource/Cappella_Brancacci">
    <owl:sameAs rdf:resource="http://dbpedia.org/resource/Brancacci_Chapel"/>
  </rdf:Description>
  <rdf:Description rdf:about="http://pl.dbpedia.org/resource/Kaplica_Brancaccich">
    <owl:sameAs rdf:resource="http://dbpedia.org/resource/Brancacci_Chapel"/>
  </rdf:Description>
  <rdf:Description rdf:about="http://ru.dbpedia.org/resource/Капелла_Бранкаччи">
    <owl:sameAs rdf:resource="http://dbpedia.org/resource/Brancacci_Chapel"/>
  </rdf:Description>
  <rdf:Description rdf:about="http://dbpedia.org/resource/Brancacci_Chapel">
    <rdf:type rdf:resource="http://dbpedia.org/class/yago/FrescoPaintings"/>
    <rdf:type rdf:resource="http://dbpedia.org/class/yago/PaintingsByFilippinoLippi"/>
    <rdf:type rdf:resource="http://schema.org/Place"/>
    <rdf:type rdf:resource="http://dbpedia.org/ontology/Building"/>
    <rdf:type rdf:resource="http://dbpedia.org/class/yago/PhysicalEntity100001930"/>
    <rdf:type rdf:resource="http://schema.org/Museum"/>
    <rdf:type rdf:resource="http://dbpedia.org/class/yago/1420sPaintings"/>
    <rdf:type rdf:resource="http://dbpedia.org/class/yago/Artifact100021939"/>
    <rdf:type rdf:resource="http://dbpedia.org/class/yago/RomanCatholicChurchPaintings"/>
    <rdf:type rdf:resource="http://dbpedia.org/ontology/Museum"/>
    <rdf:type rdf:resource="http://dbpedia.org/class/yago/Whole100003553"/>
    <rdf:type rdf:resource="http://www.opengis.net/gml/_Feature"/>
    <rdf:type rdf:resource="http://dbpedia.org/class/yago/Art102743547"/>
    <rdf:type rdf:resource="http://dbpedia.org/class/yago/1480sPaintings"/>
    <rdf:type rdf:resource="http://dbpedia.org/class/yago/PaintingsByMasaccio"/>
    <rdf:type rdf:resource="http://dbpedia.org/class/yago/Object100002684"/>
    <rdf:type rdf:resource="http://www.w3.org/2002/07/owl#Thing"/>
    <rdf:type rdf:resource="http://dbpedia.org/class/yago/Creation103129123"/>
    <rdf:type rdf:resource="http://dbpedia.org/ontology/ArchitecturalStructure"/>
    <rdf:type rdf:resource="http://dbpedia.org/class/yago/Painting103876519"/>
    <rdf:type rdf:resource="http://dbpedia.org/ontology/Place"/>
    <rdf:type rdf:resource="http://dbpedia.org/class/yago/GraphicArt103453809"/>
    <owl:sameAs rdf:resource="http://dbpedia.org/resource/Brancacci_Chapel"/>
    <owl:sameAs rdf:resource="http://ca.dbpedia.org/resource/Capella_Brancacci"/>
    <owl:sameAs rdf:resource="http://fr.dbpedia.org/resource/Chapelle_Brancacci"/>
    <owl:sameAs rdf:resource="http://id.dbpedia.org/resource/Kapel_Brancacci"/>
    <owl:sameAs rdf:resource="http://es.dbpedia.org/resource/Capilla_Brancacci"/>
    <owl:sameAs rdf:resource="http://pt.dbpedia.org/resource/Cappela_Brancacci"/>
    <owl:sameAs rdf:resource="http://pl.dbpedia.org/resource/Kaplica_Brancaccich"/>
    <owl:sameAs rdf:resource="http://it.dbpedia.org/resource/Cappella_Brancacci"/>
    <owl:sameAs rdf:resource="http://ru.dbpedia.org/resource/Капелла_Бранкаччи"/>
    <owl:sameAs rdf:resource="http://www.wikidata.org/entity/Q1996075"/>
    <owl:sameAs rdf:resource="http://rdf.freebase.com/ns/m.0b_3w6"/>
    <owl:sameAs rdf:resource="http://he.dbpedia.org/resource/קפלת_בראנקאצ'י"/>
    <owl:sameAs rdf:resource="http://br.dbpedia.org/resource/Chapel_Brancacci"/>
    <owl:sameAs rdf:resource="http://tr.dbpedia.org/resource/Brancacci_Şapeli"/>
    <owl:sameAs rdf:resource="http://th.dbpedia.org/resource/โบสถ์น้อยบรันกัชชี"/>
    <owl:sameAs rdf:resource="http://sr.dbpedia.org/resource/Капела_Бранкачи"/>
    <owl:sameAs rdf:resource="http://yago-knowledge.org/resource/Brancacci_Chapel"/>
    <owl:sameAs rdf:resource="http://zh.dbpedia.org/resource/布兰卡契小堂"/>
    <dcterms:subject rdf:resource="http://dbpedia.org/resource/Category:Roman_Catholic_Church_paintings"/>
    <dcterms:subject rdf:resource="http://dbpedia.org/resource/Category:Fresco_paintings"/>
    <dcterms:subject rdf:resource="http://dbpedia.org/resource/Category:Religious_museums_in_Italy"/>
    <dcterms:subject rdf:resource="http://dbpedia.org/resource/Category:Chapels_in_Florence"/>
    <dcterms:subject rdf:resource="http://dbpedia.org/resource/Category:Paintings_by_Filippino_Lippi"/>
    <dcterms:subject rdf:resource="http://dbpedia.org/resource/Category:1386_establishments_in_Italy"/>
    <dcterms:subject rdf:resource="http://dbpedia.org/resource/Category:Renaissance_art"/>
    <dcterms:subject rdf:resource="http://dbpedia.org/resource/Category:1480s_paintings"/>
    <dcterms:subject rdf:resource="http://dbpedia.org/resource/Category:Art_museums_and_galleries_in_Florence"/>
    <dcterms:subject rdf:resource="http://dbpedia.org/resource/Category:Paintings_by_Masaccio"/>
    <dcterms:subject rdf:resource="http://dbpedia.org/resource/Category:1420s_paintings"/>
    <dbpedia-owl:abstract xml:lang="ru">Капелла Бранкаччи — часовня в церкви Санта-Мария-дель-Кармине во Флоренции, знаменитая своими стенными росписями эпохи раннего Ренессанса. Фрески Мазаччо в капелле Бранкаччи совершили революцию в европейском изобразительном искусстве и предопределили вектор его развития на несколько столетий вперёд.</dbpedia-owl:abstract>
    <dbpedia-owl:abstract xml:lang="en">The Brancacci Chapel (in Italian, "Cappella dei Brancacci") is a chapel in the Church of Santa Maria del Carmine in Florence, central Italy. It is sometimes called the "Sistine Chapel of the early Renaissance" for its painting cycle, among the most famous and influential of the period. Construction of the chapel was commissioned by Pietro Brancacci and begun in 1386. Public access is currently gained via the neighbouring convent, designed by Brunelleschi. The church and the chapel are treated as separate places to visit and as such have different opening times and it is quite difficult to see the rest of the church from the chapel. The patron of the pictorial decoration was Felice Brancacci, descendant of Pietro, who had served as the Florentine ambassador to Cairo until 1423. Upon his return to Florence, he hired Masolino da Panicale to paint his chapel. Masolino's associate, 21-year-old Masaccio, 18 years younger than Masolino, assisted, but during painting Masolino left to Hungary, where he was painter to the king, and the commission was given to Masaccio. By the time Masolino returned he was learning from his talented former student. However, Masaccio was called to Rome before he could finish the chapel, and died in Rome at the age of 27. Portions of the chapel were completed later by Filippino Lippi. Unfortunately during the Baroque period some of the paintings were seen as unfashionable and a tomb was placed in front of them.</dbpedia-owl:abstract>
    <dbpedia-owl:abstract xml:lang="zh">布兰卡契小堂（意大利语：Capella dei Brancacci）是佛罗伦萨卡尔米内圣母大殿内的一座天主教小堂，由于其绘画时代有时被称为“文艺复兴初期的西斯廷小堂”。布兰卡契小堂的设计者是彼得·布兰卡奇，始建于1386年。公众进入需要通过邻近的修道院（由伯鲁乃列斯基设计）。小堂和大殿分别单独向外开放，因此有不同的开放时间，要从小堂进入大殿其余部分参观非常困难。 图案装饰的赞助人是菲利斯·布兰卡奇，彼得的后裔，曾担任佛罗伦萨驻开罗使节到1423年。当他回到佛罗伦萨，他雇用Masolino da Panicale画他的小堂。Masolino的助手，21岁的马萨乔，比Masolino 年轻18岁，协助他，但在Masolino离开前往匈牙利担任国王的画师期间，于是由马萨乔负责小堂的建造。这时Masolino回来，向他的优秀学生学习。然而，马萨乔在完成小堂之前被召往罗马，27岁时在罗马去世。后来由菲利皮诺·里皮完成小堂的其余部分。不幸的，在巴洛克时期，一些绘画作品被看作是不合时宜，在前面安置了一个坟墓。</dbpedia-owl:abstract>
    <dbpedia-owl:abstract xml:lang="es">La capilla Brancacci (del cardenal Brancacci) es una capilla al final del transepto derecho de la iglesia de Santa María del Carmine en Florencia (barrio de Oltrarno). A veces se la llama la "Capilla Sixtina del primer Renacimiento" por su ciclo de pinturas, que se encuentran entre las más famosas e influyentes de la época.</dbpedia-owl:abstract>
    <dbpedia-owl:abstract xml:lang="fr">La chapelle Brancacci se situe à l'extrémité du transept droit de l'église Santa Maria del Carmine de Florence. Elle a été fondée, en 1386, par le riche drapier Piero di Piuvichese Brancacci, pour honorer le saint dont il portait le prénom. En 1424, son neveu Felice di Michele Brancacci commanda à Masolino da Panicale la décoration de la chapelle.</dbpedia-owl:abstract>
    <dbpedia-owl:abstract xml:lang="pt">A Capela Brancacci é uma capela na Igreja de Santa Maria del Carmine, em Florença. É muitas vezes chamada de Capela Sistina do começo da Renascença. A construção foi encomendada por Pietro Brancacci, e começou em 1386. Masolino da Panicale foi contratado para pintar a Capela, junto com seu assistente, Masaccio. Esse último era tão bom pintor, que Masolino deixou a obra e ela foi dada inteiramente a Masaccio. Contudo, Masaccio foi chamado a Roma antes de concluir a obra e morreu aos 27 anos. Porções da Capela foram finalizadas por Filippino Lippi.</dbpedia-owl:abstract>
    <dbpedia-owl:abstract xml:lang="pl">Kaplica Brancaccich – kaplica wzniesiona przy kościele Santa Maria del Carmine we Florencji, dekorowana zespołem wczesnorenesansowych malowideł autorstwa Masolina, Masaccia i Filippina Lippiego. Kaplica powstała w 1422 roku za sprawą Felice Brancacci, bogatego kupca. W 1423 lub 1424 roku rozpoczęto prace przy dekorowaniu jej freskami. Kwestia ich autorstwa jest po części niepewna. Prawdopodobnie najpierw pracował Masolino, który zdążył wykonać malowidła na sklepieniu, scenę kuszenia Adama przez Ewę i scenę uzdrowienia chromego i wskrzeszenia Tabity. Gdy w 1425 roku Masolino wyjechał, zastąpił go Masaccio; być może jednak przez pewien czas obaj artyści pracowali razem. Tym samym odrzuca się przekaz Vasariego, według którego Masaccio przejął pracę Masolina po jego śmierci. Nie było to bowiem możliwe, gdyż to Masolino przeżył Masaccia, a nie na odwrót. Masaccio pracował nad freskami do 1426 r. , kiedy to prace zostały przerwane - prawdopodobnie przez zleceniodawcę. Dokończył je Filippino Lippi w latach 1481-85. Freski pokrywają trzy ściany kaplicy, a składają się z 12 scen ułożonych w dwóch pasach. Ich tematem jest życie św. Piotra, w którym objawiły się dzieje zbawienia. Piotr był bowiem pierwszym papieżem, łącznikiem między ludźmi a Zbawicielem. Przedstawione sceny to: Kuszenie Adama przez Ewę (Masolino). Scenę tę przypisuje się temu właśnie malarzowi na podstawie jej cech stylowych: miękkości, wyrafinowania, elegancji, wydłużenia sylwetek i braku dramatyzmu (ten ostatni widoczny jest natomiast u Masaccia, zwłaszcza w scenie wygnania z raju). Wygnanie z raju (Masaccio). Grosz czynszowy (Masaccio). Scena została oparta na opisie z Ewangelii wg św. Mateusza. W centrum ukazuje celnika żądającego opłaty na świątynię. Jezus gestem ręki nakazuje Piotrowi złowienie ryby, w której pysku znajdzie monetę. Z lewej malarz przedstawił scenę połowu, z prawej – oddanie pieniądza celnikowi. Uzdrowienie chromego i wskrzeszenie Tabity (Masolino). Scena łączy dwa niezależne do siebie wydarzenia z Dziejów Apostolskich. Wskrzeszenie Tabity rozgrywa się w domu ukazanym bez przedniej ściany; uzdrowienie ma miejsce przed budynkiem, na placu. Fresk łączy cechy gotyckie: miękki modelunek, wytworne stroje i postawy oraz renesansowe, jak perspektywa i realizm szczegółu. Kazanie św. Piotra (Masaccio). Chrzest nawróconych (Masaccio). Uzdrowienie (Masaccio). Jałmużna i śmierć Ananiasza (Masaccio). Przywrócenie do życia zmarłego syna gubernatora Antiochii (Masaccio i Filippino Lippi). Św. Paweł odwiedza św. Piotra w więzieniu (Filippino Lippi). Uwolnienie św. Piotra z więzienia (Filippino Lippi). Dysputa św. Piotra z Szymonem i ukrzyżowanie (Filippino Lippi). Ściana lewa Ściana lewa, góra Wygnanie z raju (Masaccio), Grosz czynszowy (Masaccio), Kazanie św. Piotra (Masolino) Ściana lewa, dół Św. Paweł odwiedza św. Piotra w więzieniu (Filippino Lippi), Przywrócenie do życia zmarłego syna gubernatora Antiochii (Masaccio i Filippino Lippi), Uzdrowienie (Masaccio) Ściana prawa Ściana prawa, góra Chrzest nawróconych (Masaccio), Uzdrowienie chromego i wskrzeszenie Tabity (Masolino), Grzech pierworodny (Masolino) Ściana prawa, dół Jałmużna i śmierć Ananiasza (Masaccio), Dysputa św. Piotra z Szymonem i ukrzyżowanie (Filippino Lippi), Uwolnienie św. Piotra z więzienia (Filippino Lippi) Przypisy</dbpedia-owl:abstract>
    <dbpedia-owl:abstract xml:lang="it">La Cappella Brancacci, situata all'interno della chiesa di Santa Maria del Carmine di Firenze rappresenta uno degli esempi più elevati di pittura del Rinascimento (1424-1428). Essa è frutto della collaborazione di due dei più grandi artisti dell'epoca Masaccio e Masolino da Panicale, ai quali deve aggiungersi la mano di Filippino Lippi, chiamato a completare l'opera circa cinquant'anni dopo.</dbpedia-owl:abstract>
    <dbpedia-owl:wikiPageID rdf:datatype="http://www.w3.org/2001/XMLSchema#integer">4379690</dbpedia-owl:wikiPageID>
    <dbpedia-owl:wikiPageRevisionID rdf:datatype="http://www.w3.org/2001/XMLSchema#integer">548512225</dbpedia-owl:wikiPageRevisionID>
    <rdfs:label xml:lang="pl">Kaplica Brancaccich</rdfs:label>
    <rdfs:label xml:lang="it">Cappella Brancacci</rdfs:label>
    <rdfs:label xml:lang="ru">Капелла Бранкаччи</rdfs:label>
    <rdfs:label xml:lang="es">Capilla Brancacci</rdfs:label>
    <rdfs:label xml:lang="en">Brancacci Chapel</rdfs:label>
    <rdfs:label xml:lang="fr">Chapelle Brancacci</rdfs:label>
    <rdfs:label xml:lang="pt">Cappela Brancacci</rdfs:label>
    <rdfs:label xml:lang="zh">布兰卡契小堂</rdfs:label>
    <foaf:depiction rdf:resource="http://upload.wikimedia.org/wikipedia/commons/c/cb/Izokefalizm.jpg"/>
    <rdfs:comment xml:lang="es">La capilla Brancacci (del cardenal Brancacci) es una capilla al final del transepto derecho de la iglesia de Santa María del Carmine en Florencia (barrio de Oltrarno). A veces se la llama la "Capilla Sixtina del primer Renacimiento" por su ciclo de pinturas, que se encuentran entre las más famosas e influyentes de la época.</rdfs:comment>
    <rdfs:comment xml:lang="pl">Kaplica Brancaccich – kaplica wzniesiona przy kościele Santa Maria del Carmine we Florencji, dekorowana zespołem wczesnorenesansowych malowideł autorstwa Masolina, Masaccia i Filippina Lippiego. Kaplica powstała w 1422 roku za sprawą Felice Brancacci, bogatego kupca. W 1423 lub 1424 roku rozpoczęto prace przy dekorowaniu jej freskami. Kwestia ich autorstwa jest po części niepewna.</rdfs:comment>
    <rdfs:comment xml:lang="pt">A Capela Brancacci é uma capela na Igreja de Santa Maria del Carmine, em Florença. É muitas vezes chamada de Capela Sistina do começo da Renascença. A construção foi encomendada por Pietro Brancacci, e começou em 1386. Masolino da Panicale foi contratado para pintar a Capela, junto com seu assistente, Masaccio. Esse último era tão bom pintor, que Masolino deixou a obra e ela foi dada inteiramente a Masaccio. Contudo, Masaccio foi chamado a Roma antes de concluir a obra e morreu aos 27 anos.</rdfs:comment>
    <rdfs:comment xml:lang="ru">Капелла Бранкаччи — часовня в церкви Санта-Мария-дель-Кармине во Флоренции, знаменитая своими стенными росписями эпохи раннего Ренессанса. Фрески Мазаччо в капелле Бранкаччи совершили революцию в европейском изобразительном искусстве и предопределили вектор его развития на несколько столетий вперёд.</rdfs:comment>
    <rdfs:comment xml:lang="zh">布兰卡契小堂（意大利语：Capella dei Brancacci）是佛罗伦萨卡尔米内圣母大殿内的一座天主教小堂，由于其绘画时代有时被称为“文艺复兴初期的西斯廷小堂”。布兰卡契小堂的设计者是彼得·布兰卡奇，始建于1386年。公众进入需要通过邻近的修道院（由伯鲁乃列斯基设计）。小堂和大殿分别单独向外开放，因此有不同的开放时间，要从小堂进入大殿其余部分参观非常困难。 图案装饰的赞助人是菲利斯·布兰卡奇，彼得的后裔，曾担任佛罗伦萨驻开罗使节到1423年。当他回到佛罗伦萨，他雇用Masolino da Panicale画他的小堂。Masolino的助手，21岁的马萨乔，比Masolino 年轻18岁，协助他，但在Masolino离开前往匈牙利担任国王的画师期间，于是由马萨乔负责小堂的建造。这时Masolino回来，向他的优秀学生学习。然而，马萨乔在完成小堂之前被召往罗马，27岁时在罗马去世。后来由菲利皮诺·里皮完成小堂的其余部分。不幸的，在巴洛克时期，一些绘画作品被看作是不合时宜，在前面安置了一个坟墓。</rdfs:comment>
    <rdfs:comment xml:lang="fr">La chapelle Brancacci se situe à l'extrémité du transept droit de l'église Santa Maria del Carmine de Florence. Elle a été fondée, en 1386, par le riche drapier Piero di Piuvichese Brancacci, pour honorer le saint dont il portait le prénom. En 1424, son neveu Felice di Michele Brancacci commanda à Masolino da Panicale la décoration de la chapelle.</rdfs:comment>
    <rdfs:comment xml:lang="it">La Cappella Brancacci, situata all'interno della chiesa di Santa Maria del Carmine di Firenze rappresenta uno degli esempi più elevati di pittura del Rinascimento (1424-1428). Essa è frutto della collaborazione di due dei più grandi artisti dell'epoca Masaccio e Masolino da Panicale, ai quali deve aggiungersi la mano di Filippino Lippi, chiamato a completare l'opera circa cinquant'anni dopo.</rdfs:comment>
    <rdfs:comment xml:lang="en">The Brancacci Chapel (in Italian, "Cappella dei Brancacci") is a chapel in the Church of Santa Maria del Carmine in Florence, central Italy. It is sometimes called the "Sistine Chapel of the early Renaissance" for its painting cycle, among the most famous and influential of the period. Construction of the chapel was commissioned by Pietro Brancacci and begun in 1386. Public access is currently gained via the neighbouring convent, designed by Brunelleschi.</rdfs:comment>
    <dbpedia-owl:thumbnail rdf:resource="http://upload.wikimedia.org/wikipedia/commons/thumb/c/cb/Izokefalizm.jpg/200px-Izokefalizm.jpg"/>
    <dbpedia-owl:wikiPageExternalLink rdf:resource="http://www.wga.hu/frames-e.html?/html/l/lippi/flippino/brancacc/index.html"/>
    <dbpedia-owl:wikiPageExternalLink rdf:resource="http://www.wga.hu/html_m/m/masaccio/brancacc/index.html"/>
    <dbpedia-owl:wikiPageExternalLink rdf:resource="http://www.casasantapia.com/art/masaccio/brancaccichapel.htm"/>
    <dbpedia-owl:wikiPageExternalLink rdf:resource="http://www.museicivicifiorentini.it/en/brancacci/"/>
    <foaf:homepage rdf:resource="http://www.museicivicifiorentini.it/en/brancacci/"/>
    <geo:geometry rdf:datatype="http://www.openlinksw.com/schemas/virtrdf#Geometry">POINT(11.2436 43.7677)</geo:geometry>
    <foaf:isPrimaryTopicOf rdf:resource="http://en.wikipedia.org/wiki/Brancacci_Chapel"/>
    <geo:long rdf:datatype="http://www.w3.org/2001/XMLSchema#float">11.2436</geo:long>
    <geo:lat rdf:datatype="http://www.w3.org/2001/XMLSchema#float">43.7677</geo:lat>
    <ns8:wasDerivedFrom rdf:resource="http://en.wikipedia.org/wiki/Brancacci_Chapel?oldid=548512225"/>
    <grs:point xml:lang="en">43.767722222222226 11.243575</grs:point>
    <dbpprop:hasPhotoCollection rdf:resource="http://wifo5-03.informatik.uni-mannheim.de/flickrwrappr/photos/Brancacci_Chapel"/>
  </rdf:Description>
  <rdf:Description rdf:about="http://pt.dbpedia.org/resource/Cappela_Brancacci">
    <owl:sameAs rdf:resource="http://dbpedia.org/resource/Brancacci_Chapel"/>
  </rdf:Description>
  <rdf:Description rdf:about="http://en.wikipedia.org/wiki/Brancacci_Chapel">
    <foaf:primaryTopic rdf:resource="http://dbpedia.org/resource/Brancacci_Chapel"/>
  </rdf:Description>
  <rdf:Description rdf:about="http://dbpedia.org/resource/Cappella_Brancacci">
    <dbpedia-owl:wikiPageRedirects rdf:resource="http://dbpedia.org/resource/Brancacci_Chapel"/>
  </rdf:Description>
  <rdf:Description rdf:about="http://dbpedia.org/resource/The_Tribute_Money_(Masaccio)">
    <dbpedia-owl:museum rdf:resource="http://dbpedia.org/resource/Brancacci_Chapel"/>
    <dbpprop:museum rdf:resource="http://dbpedia.org/resource/Brancacci_Chapel"/>
  </rdf:Description>
  <rdf:Description rdf:about="http://wikidata.dbpedia.org/resource/Q1996075">
    <owl:sameAs rdf:resource="http://dbpedia.org/resource/Brancacci_Chapel"/>
  </rdf:Description>
  <rdf:Description rdf:about="http://zh.dbpedia.org/resource/布兰卡契小堂">
    <owl:sameAs rdf:resource="http://dbpedia.org/resource/Brancacci_Chapel"/>
  </rdf:Description>
  <rdf:Description rdf:about="http://br.dbpedia.org/resource/Chapel_Brancacci">
    <owl:sameAs rdf:resource="http://dbpedia.org/resource/Brancacci_Chapel"/>
  </rdf:Description>
  <rdf:Description rdf:about="http://ca.dbpedia.org/resource/Capella_Brancacci">
    <owl:sameAs rdf:resource="http://dbpedia.org/resource/Brancacci_Chapel"/>
  </rdf:Description>
  <rdf:Description rdf:about="http://he.dbpedia.org/resource/קפלת_בראנקאצ'י">
    <owl:sameAs rdf:resource="http://dbpedia.org/resource/Brancacci_Chapel"/>
  </rdf:Description>
  <rdf:Description rdf:about="http://id.dbpedia.org/resource/Kapel_Brancacci">
    <owl:sameAs rdf:resource="http://dbpedia.org/resource/Brancacci_Chapel"/>
  </rdf:Description>
  <rdf:Description rdf:about="http://sr.dbpedia.org/resource/Капела_Бранкачи">
    <owl:sameAs rdf:resource="http://dbpedia.org/resource/Brancacci_Chapel"/>
  </rdf:Description>
  <rdf:Description rdf:about="http://th.dbpedia.org/resource/โบสถ์น้อยบรันกัชชี">
    <owl:sameAs rdf:resource="http://dbpedia.org/resource/Brancacci_Chapel"/>
  </rdf:Description>
  <rdf:Description rdf:about="http://tr.dbpedia.org/resource/Brancacci_Şapeli">
    <owl:sameAs rdf:resource="http://dbpedia.org/resource/Brancacci_Chapel"/>
  </rdf:Description>
</rdf:RDF>
