<rdf:RDF xmlns:ns7="http://www.w3.org/ns/prov#" xmlns:dbpprop="http://dbpedia.org/property/" xmlns:foaf="http://xmlns.com/foaf/0.1/" xmlns:dbpedia-owl="http://dbpedia.org/ontology/" xmlns:dcterms="http://purl.org/dc/terms/" xmlns:owl="http://www.w3.org/2002/07/owl#" xmlns:rdfs="http://www.w3.org/2000/01/rdf-schema#" xmlns:rdf="http://www.w3.org/1999/02/22-rdf-syntax-ns#">
  <rdf:Description rdf:about="http://dbpedia.org/resource/Brera_Madonna">
    <rdf:type rdf:resource="http://dbpedia.org/class/yago/Artifact100021939"/>
    <rdf:type rdf:resource="http://dbpedia.org/ontology/Artwork"/>
    <rdf:type rdf:resource="http://dbpedia.org/class/yago/Art102743547"/>
    <rdf:type rdf:resource="http://www.w3.org/2002/07/owl#Thing"/>
    <rdf:type rdf:resource="http://dbpedia.org/class/yago/Creation103129123"/>
    <rdf:type rdf:resource="http://dbpedia.org/class/yago/Object100002684"/>
    <rdf:type rdf:resource="http://dbpedia.org/class/yago/PhysicalEntity100001930"/>
    <rdf:type rdf:resource="http://dbpedia.org/ontology/Work"/>
    <rdf:type rdf:resource="http://schema.org/CreativeWork"/>
    <rdf:type rdf:resource="http://dbpedia.org/class/yago/PaintingsByPieroDellaFrancesca"/>
    <rdf:type rdf:resource="http://dbpedia.org/class/yago/1470sPaintings"/>
    <rdf:type rdf:resource="http://dbpedia.org/class/yago/GraphicArt103453809"/>
    <rdf:type rdf:resource="http://dbpedia.org/class/yago/Painting103876519"/>
    <rdf:type rdf:resource="http://dbpedia.org/class/yago/Whole100003553"/>
    <owl:sameAs rdf:resource="http://www.wikidata.org/entity/Q2460246"/>
    <owl:sameAs rdf:resource="http://ru.dbpedia.org/resource/Алтарь_Монтефельтро"/>
    <owl:sameAs rdf:resource="http://yago-knowledge.org/resource/Brera_Madonna"/>
    <owl:sameAs rdf:resource="http://th.dbpedia.org/resource/ฉากแท่นบูชาเบรรา"/>
    <owl:sameAs rdf:resource="http://fr.dbpedia.org/resource/La_Conversation_sacrée"/>
    <owl:sameAs rdf:resource="http://dbpedia.org/resource/Brera_Madonna"/>
    <owl:sameAs rdf:resource="http://es.dbpedia.org/resource/Sacra_Conversación_(Piero_della_Francesca)"/>
    <owl:sameAs rdf:resource="http://pl.dbpedia.org/resource/Madonna_z_Dzieciątkiem_w_otoczeniu_świętych"/>
    <owl:sameAs rdf:resource="http://it.dbpedia.org/resource/Pala_di_Brera"/>
    <owl:sameAs rdf:resource="http://uk.dbpedia.org/resource/Вівтар_Монтефельтро"/>
    <owl:sameAs rdf:resource="http://rdf.freebase.com/ns/m.055ct22"/>
    <owl:sameAs rdf:resource="http://sk.dbpedia.org/resource/Madona_so_svätcami,_anjelmi_a_Federicom_da_Montefeltro"/>
    <dcterms:subject rdf:resource="http://dbpedia.org/resource/Category:Paintings_of_the_Madonna_and_Child"/>
    <dcterms:subject rdf:resource="http://dbpedia.org/resource/Category:Collections_of_Pinacoteca_di_Brera"/>
    <dcterms:subject rdf:resource="http://dbpedia.org/resource/Category:Paintings_by_Piero_della_Francesca"/>
    <dcterms:subject rdf:resource="http://dbpedia.org/resource/Category:1470s_paintings"/>
    <dbpedia-owl:abstract xml:lang="fr">La Conversation sacrée (Sacra conversazione) est une œuvre de Piero della Francesca qu'il réalisa pour la chiesa francescana di San Donato degli Osservanti en 1472. C'est une huile sur bois de 248 cm × 150 cm. Elle est conservée à la Pinacoteca de Brera à Milan.</dbpedia-owl:abstract>
    <dbpedia-owl:abstract xml:lang="es">La Sacra Conversación (en italiano, Sacra Conversazione), es considerada obra maestra del pintor renacentista italiano Piero della Francesca. También es conocida como Pala de Brera (por conservarse en la Pinacoteca de Brera) o Virgen con el Niño y Santos, con Federico de Montefeltro. Mide 248 cm de alto y 150 cm de ancho. Se conserva en la Pinacoteca de Brera en Milán.</dbpedia-owl:abstract>
    <dbpedia-owl:abstract xml:lang="en">The Brera Madonna (also known as the Pala di Brera, the Montefeltro Altarpiece or Brera Altarpiece) is a painting by the Italian Renaissance master Piero della Francesca, executed in 1472-1474. It is housed in the Pinacoteca di Brera of Milan, where it was deposited by Napoleon. The work, of a type known as a sacra conversazione, was commissioned by Federico III da Montefeltro, Duke of Urbino, to celebrate the birth of Federico's son, Guidobaldo. According to other sources, it would celebrate his conquest of several castles in the Maremma.</dbpedia-owl:abstract>
    <dbpedia-owl:abstract xml:lang="it">La Pala di Brera, o Pala Montefeltro (Sacra Conversazione con la Madonna col Bambino, sei santi, quattro angeli e il donatore Federico da Montefeltro), è un'opera di Piero della Francesca, tempera e olio su tavola (248x170 cm), databile al 1472 circa e conservata nella Pinacoteca di Brera a Milano, che le dà il nome. Alcune parti della pala (in particolare le mani del duca) sono da attribuire ad un intervento di completamento o modifica da parte di Pedro Berruguete, pittore di corte, databile a dopo il 1474 circa.</dbpedia-owl:abstract>
    <dbpedia-owl:abstract xml:lang="pl">Madonna z Dzieciątkiem w otoczeniu świętych (Sacra Conversatione, Madonna z Dzieciątkiem i Federikiem da Montefelto, Pal di Brera lub Pala Montefeltro – z wł. pala – obraz ołtarzowy) – obraz autorstwa włoskiego malarza Piera della Francesca. Historia, czas i okoliczności powstania dzieła są tematem sporu i hipotez wysuwanych przez historyków sztuki. Obraz został wykonany w Urbino dla księcia Federica da Montefeltro, przedstawionego na obrazie na pierwszym planie, w zbroi i w pozycji klęczącej z dłońmi złożonymi do modlitwy. Ukazanie księcia w zbroi skłania do interpretowania obrazu jako wojenne ex voto lub ma nawiązywać do turnieju rycerskiego rozegranego w 1459 roku, podczas którego Montefeltro odniósł ciężkie rany i był bliski śmierci. Istnieje również trzecia hipoteza, według której obraz miał był hołdem za odniesione zwycięstwo pod Volterrą 18 czerwca 1472 roku. Tak jak wiele jest hipotez dotyczących okoliczności powstania, tak i istnieje wiele przypuszczeń odnośnie do Dzieciątka, które znajduje się w centralnej części dzieła. Jemu cześć oddaje zarówno książę, jak i Matka Boska. Legenda mówi, iż w 1472 roku na świat przyszedł syn Federica Guidobalda, lecz jego żona Battista Sforza zmarła zaraz po narodzinach dziecka. Obraz miał być złożonym hołdem dla ukochanej żony. W twarzy Maryi dopatrywano się rysów Battisty, a w Dzieciątku Guidobalda. Fakty historyczne przeczą tej hipotezie – Battista Sforza umarła z powodu zapalenia płuc. Pierwotnie obraz był większy, ale został przycięty z każdej strony; ponadto zaginęła predella. W odciętych częściach znajdowało się architektoniczne otoczenie, prawdopodobnie sugerujące na wnętrze kościoła. Do takiego wniosku mogą prowadzić absyda za plecami Marii i sposób zgrupowania świętych. Postacie świętych są rozmieszczone na tle absydy. Dzięki pionowym elementom, marmurowych płycizn i kanelowych pilastrów, obraz nabiera rytmiczności, a barwny poziomy pas marmuru wokół ściany podkreśla układ postaci biorących udział w sacra conversazione (świętej rozmowie). Nad głową Matki Bożej zwisa strusie jajo, co symbolizuje cykliczność życia wyznaczonej narodzinami i śmiercią. Portret Federica da Montefeltro Piero został wykonany na podstawie tego samego szkicu, który posłużył do wykonania Portretu Federica da Montefeltro i jego żony, Battisty Sforza obecnie znajdującego się w w Galerii Uffizi we Florencji.</dbpedia-owl:abstract>
    <dbpedia-owl:abstract xml:lang="ru">«Алтарь Монтефельтро» — знаменитая алтарная картина Раннего Возрождения, написанная художником Пьеро делла Франческа по заказу изображённого на полотне герцога Федериго да Монтефельтро. Картина написана по случаю рождения герцогу в 1472 году его супругой наследника, что было воспринято как чудо, после предшествовавших ему восьми дочерей. Дополнительный оттенок скорби в полотно привнёс тот факт, что сама герцогиня родов не пережила.</dbpedia-owl:abstract>
    <dbpedia-owl:author rdf:resource="http://dbpedia.org/resource/Piero_della_Francesca"/>
    <dbpedia-owl:museum rdf:resource="http://dbpedia.org/resource/Pinacoteca_di_Brera"/>
    <dbpedia-owl:wikiPageID rdf:datatype="http://www.w3.org/2001/XMLSchema#integer">20780191</dbpedia-owl:wikiPageID>
    <dbpedia-owl:wikiPageRevisionID rdf:datatype="http://www.w3.org/2001/XMLSchema#integer">540498265</dbpedia-owl:wikiPageRevisionID>
    <rdfs:label xml:lang="it">Pala di Brera</rdfs:label>
    <rdfs:label xml:lang="fr">La Conversation sacrée</rdfs:label>
    <rdfs:label xml:lang="es">Sacra Conversación (Piero della Francesca)</rdfs:label>
    <rdfs:label xml:lang="en">Brera Madonna</rdfs:label>
    <rdfs:label xml:lang="ru">Алтарь Монтефельтро</rdfs:label>
    <rdfs:label xml:lang="pl">Madonna z Dzieciątkiem w otoczeniu świętych</rdfs:label>
    <foaf:depiction rdf:resource="http://upload.wikimedia.org/wikipedia/commons/9/9e/Piero_della_Francesca_046.jpg"/>
    <rdfs:comment xml:lang="it">La Pala di Brera, o Pala Montefeltro (Sacra Conversazione con la Madonna col Bambino, sei santi, quattro angeli e il donatore Federico da Montefeltro), è un'opera di Piero della Francesca, tempera e olio su tavola (248x170 cm), databile al 1472 circa e conservata nella Pinacoteca di Brera a Milano, che le dà il nome.</rdfs:comment>
    <rdfs:comment xml:lang="es">La Sacra Conversación (en italiano, Sacra Conversazione), es considerada obra maestra del pintor renacentista italiano Piero della Francesca. También es conocida como Pala de Brera (por conservarse en la Pinacoteca de Brera) o Virgen con el Niño y Santos, con Federico de Montefeltro. Mide 248 cm de alto y 150 cm de ancho. Se conserva en la Pinacoteca de Brera en Milán.</rdfs:comment>
    <rdfs:comment xml:lang="pl">Madonna z Dzieciątkiem w otoczeniu świętych (Sacra Conversatione, Madonna z Dzieciątkiem i Federikiem da Montefelto, Pal di Brera lub Pala Montefeltro – z wł. pala – obraz ołtarzowy) – obraz autorstwa włoskiego malarza Piera della Francesca. Historia, czas i okoliczności powstania dzieła są tematem sporu i hipotez wysuwanych przez historyków sztuki.</rdfs:comment>
    <rdfs:comment xml:lang="ru">«Алтарь Монтефельтро» — знаменитая алтарная картина Раннего Возрождения, написанная художником Пьеро делла Франческа по заказу изображённого на полотне герцога Федериго да Монтефельтро. Картина написана по случаю рождения герцогу в 1472 году его супругой наследника, что было воспринято как чудо, после предшествовавших ему восьми дочерей. Дополнительный оттенок скорби в полотно привнёс тот факт, что сама герцогиня родов не пережила.</rdfs:comment>
    <rdfs:comment xml:lang="en">The Brera Madonna (also known as the Pala di Brera, the Montefeltro Altarpiece or Brera Altarpiece) is a painting by the Italian Renaissance master Piero della Francesca, executed in 1472-1474. It is housed in the Pinacoteca di Brera of Milan, where it was deposited by Napoleon. The work, of a type known as a sacra conversazione, was commissioned by Federico III da Montefeltro, Duke of Urbino, to celebrate the birth of Federico's son, Guidobaldo.</rdfs:comment>
    <rdfs:comment xml:lang="fr">La Conversation sacrée (Sacra conversazione) est une œuvre de Piero della Francesca qu'il réalisa pour la chiesa francescana di San Donato degli Osservanti en 1472. C'est une huile sur bois de 248 cm × 150 cm. Elle est conservée à la Pinacoteca de Brera à Milan.</rdfs:comment>
    <foaf:name xml:lang="en">The Brera Madonna</foaf:name>
    <dbpedia-owl:thumbnail rdf:resource="http://upload.wikimedia.org/wikipedia/commons/thumb/9/9e/Piero_della_Francesca_046.jpg/200px-Piero_della_Francesca_046.jpg"/>
    <dbpedia-owl:wikiPageExternalLink rdf:resource="http://www.artonline.it/opera.asp?IDOpera=493"/>
    <dbpprop:artist rdf:resource="http://dbpedia.org/resource/Piero_della_Francesca"/>
    <dbpprop:city rdf:resource="http://dbpedia.org/resource/Milan"/>
    <dbpprop:height rdf:datatype="http://www.w3.org/2001/XMLSchema#integer">248</dbpprop:height>
    <dbpprop:imageFile xml:lang="en">Piero della Francesca 046.jpg</dbpprop:imageFile>
    <dbpprop:museum xml:lang="en">Pinacoteca di Brera</dbpprop:museum>
    <dbpprop:title xml:lang="en">The Brera Madonna</dbpprop:title>
    <dbpprop:type xml:lang="en">Tempera on panel</dbpprop:type>
    <dbpprop:width rdf:datatype="http://www.w3.org/2001/XMLSchema#integer">150</dbpprop:width>
    <dbpprop:year rdf:datatype="http://www.w3.org/2001/XMLSchema#integer">1472</dbpprop:year>
    <foaf:isPrimaryTopicOf rdf:resource="http://en.wikipedia.org/wiki/Brera_Madonna"/>
    <ns7:wasDerivedFrom rdf:resource="http://en.wikipedia.org/wiki/Brera_Madonna?oldid=540498265"/>
    <dbpprop:hasPhotoCollection rdf:resource="http://wifo5-03.informatik.uni-mannheim.de/flickrwrappr/photos/Brera_Madonna"/>
  </rdf:Description>
  <rdf:Description rdf:about="http://it.dbpedia.org/resource/Pala_di_Brera">
    <owl:sameAs rdf:resource="http://dbpedia.org/resource/Brera_Madonna"/>
  </rdf:Description>
  <rdf:Description rdf:about="http://pl.dbpedia.org/resource/Madonna_z_Dzieciątkiem_w_otoczeniu_świętych">
    <owl:sameAs rdf:resource="http://dbpedia.org/resource/Brera_Madonna"/>
  </rdf:Description>
  <rdf:Description rdf:about="http://ru.dbpedia.org/resource/Алтарь_Монтефельтро">
    <owl:sameAs rdf:resource="http://dbpedia.org/resource/Brera_Madonna"/>
  </rdf:Description>
  <rdf:Description rdf:about="http://es.dbpedia.org/resource/Sacra_Conversación_(Piero_della_Francesca)">
    <owl:sameAs rdf:resource="http://dbpedia.org/resource/Brera_Madonna"/>
  </rdf:Description>
  <rdf:Description rdf:about="http://dbpedia.org/resource/Brera_Altarpiece">
    <dbpedia-owl:wikiPageRedirects rdf:resource="http://dbpedia.org/resource/Brera_Madonna"/>
  </rdf:Description>
  <rdf:Description rdf:about="http://dbpedia.org/resource/Holy_Conversation_(Piero_Della_Francesca)">
    <dbpedia-owl:wikiPageRedirects rdf:resource="http://dbpedia.org/resource/Brera_Madonna"/>
  </rdf:Description>
  <rdf:Description rdf:about="http://dbpedia.org/resource/Holy_Conversation_(Piero_della_Francesca)">
    <dbpedia-owl:wikiPageRedirects rdf:resource="http://dbpedia.org/resource/Brera_Madonna"/>
  </rdf:Description>
  <rdf:Description rdf:about="http://dbpedia.org/resource/Montefeltro_Altarpiece">
    <dbpedia-owl:wikiPageRedirects rdf:resource="http://dbpedia.org/resource/Brera_Madonna"/>
  </rdf:Description>
  <rdf:Description rdf:about="http://dbpedia.org/resource/Pala_di_Brera">
    <dbpedia-owl:wikiPageRedirects rdf:resource="http://dbpedia.org/resource/Brera_Madonna"/>
  </rdf:Description>
  <rdf:Description rdf:about="http://fr.dbpedia.org/resource/La_Conversation_sacrée">
    <owl:sameAs rdf:resource="http://dbpedia.org/resource/Brera_Madonna"/>
  </rdf:Description>
  <rdf:Description rdf:about="http://en.wikipedia.org/wiki/Brera_Madonna">
    <foaf:primaryTopic rdf:resource="http://dbpedia.org/resource/Brera_Madonna"/>
  </rdf:Description>
  <rdf:Description rdf:about="http://wikidata.dbpedia.org/resource/Q2460246">
    <owl:sameAs rdf:resource="http://dbpedia.org/resource/Brera_Madonna"/>
  </rdf:Description>
  <rdf:Description rdf:about="http://sk.dbpedia.org/resource/Madona_so_svätcami,_anjelmi_a_Federicom_da_Montefeltro">
    <owl:sameAs rdf:resource="http://dbpedia.org/resource/Brera_Madonna"/>
  </rdf:Description>
  <rdf:Description rdf:about="http://th.dbpedia.org/resource/ฉากแท่นบูชาเบรรา">
    <owl:sameAs rdf:resource="http://dbpedia.org/resource/Brera_Madonna"/>
  </rdf:Description>
  <rdf:Description rdf:about="http://uk.dbpedia.org/resource/Вівтар_Монтефельтро">
    <owl:sameAs rdf:resource="http://dbpedia.org/resource/Brera_Madonna"/>
  </rdf:Description>
</rdf:RDF>
