<rdf:RDF xmlns:dbpprop="http://dbpedia.org/property/" xmlns:ns6="http://www.w3.org/ns/prov#" xmlns:foaf="http://xmlns.com/foaf/0.1/" xmlns:dbpedia-owl="http://dbpedia.org/ontology/" xmlns:dcterms="http://purl.org/dc/terms/" xmlns:owl="http://www.w3.org/2002/07/owl#" xmlns:rdfs="http://www.w3.org/2000/01/rdf-schema#" xmlns:rdf="http://www.w3.org/1999/02/22-rdf-syntax-ns#">
  <rdf:Description rdf:about="http://en.wikipedia.org/wiki/Brighton_Belle_street_mural">
    <foaf:primaryTopic rdf:resource="http://dbpedia.org/resource/Brighton_Belle_street_mural"/>
  </rdf:Description>
  <rdf:Description rdf:about="http://dbpedia.org/resource/Brighton_Belle_street_mural">
    <rdf:type rdf:resource="http://dbpedia.org/class/yago/Object100002684"/>
    <rdf:type rdf:resource="http://dbpedia.org/class/yago/Painting103876519"/>
    <rdf:type rdf:resource="http://dbpedia.org/class/yago/GraphicArt103453809"/>
    <rdf:type rdf:resource="http://dbpedia.org/class/yago/Creation103129123"/>
    <rdf:type rdf:resource="http://dbpedia.org/class/yago/Mural103799710"/>
    <rdf:type rdf:resource="http://dbpedia.org/class/yago/Artifact100021939"/>
    <rdf:type rdf:resource="http://dbpedia.org/class/yago/Art102743547"/>
    <rdf:type rdf:resource="http://dbpedia.org/class/yago/Murals"/>
    <rdf:type rdf:resource="http://dbpedia.org/class/yago/Whole100003553"/>
    <rdf:type rdf:resource="http://dbpedia.org/class/yago/PhysicalEntity100001930"/>
    <owl:sameAs rdf:resource="http://www.wikidata.org/entity/Q4967606"/>
    <owl:sameAs rdf:resource="http://rdf.freebase.com/ns/m.0hrdxlv"/>
    <owl:sameAs rdf:resource="http://yago-knowledge.org/resource/Brighton_Belle_street_mural"/>
    <owl:sameAs rdf:resource="http://dbpedia.org/resource/Brighton_Belle_street_mural"/>
    <dcterms:subject rdf:resource="http://dbpedia.org/resource/Category:Murals"/>
    <dbpedia-owl:abstract xml:lang="en">The Brighton Belle mural is a series of three painted panels set into the arches of the forecourt of Brighton station, on Trafalgar Street, Brighton. The mural depicts a full-size view of one of the carriages of the Brighton Belle Pullman electric train waiting to depart Brighton Station. The mural is designed to show a view of the train as seen through the arches, and occupies three of the four arches occupied by Brighton Toy and Model Museum. Laurence Olivier, the leading actor of his day and a regular traveller on the train, is pictured at one of the carriage windows. It is within sight of another well-known Brighton mural, Banksy’s Kissing Policemen.</dbpedia-owl:abstract>
    <dbpedia-owl:wikiPageID rdf:datatype="http://www.w3.org/2001/XMLSchema#integer">34146943</dbpedia-owl:wikiPageID>
    <dbpedia-owl:wikiPageRevisionID rdf:datatype="http://www.w3.org/2001/XMLSchema#integer">474684122</dbpedia-owl:wikiPageRevisionID>
    <rdfs:label xml:lang="en">Brighton Belle street mural</rdfs:label>
    <foaf:depiction rdf:resource="http://upload.wikimedia.org/wikipedia/commons/1/1a/BBMural.jpg"/>
    <rdfs:comment xml:lang="en">The Brighton Belle mural is a series of three painted panels set into the arches of the forecourt of Brighton station, on Trafalgar Street, Brighton. The mural depicts a full-size view of one of the carriages of the Brighton Belle Pullman electric train waiting to depart Brighton Station. The mural is designed to show a view of the train as seen through the arches, and occupies three of the four arches occupied by Brighton Toy and Model Museum.</rdfs:comment>
    <dbpedia-owl:thumbnail rdf:resource="http://upload.wikimedia.org/wikipedia/commons/thumb/1/1a/BBMural.jpg/200px-BBMural.jpg"/>
    <dbpedia-owl:wikiPageExternalLink rdf:resource="http://vintagebrighton.com/2011/07/brighton-belle-murals/"/>
    <dbpedia-owl:wikiPageExternalLink rdf:resource="http://www.visitbrighton.com/whats-on/launch-of-the-atmospheric-pullman-wall-mural-painting-p640221"/>
    <dbpedia-owl:wikiPageExternalLink rdf:resource="http://www.brightontoymuseum.co.uk/newsletters/BTMM_Newsletter_Feb2011.pdf"/>
    <dbpedia-owl:wikiPageExternalLink rdf:resource="http://www.heritagerailway.co.uk/news/brighton-belle-return-to-home-station"/>
    <dbpedia-owl:wikiPageExternalLink rdf:resource="http://brightonbelle.com/index.php?option=com_content&amp;view=article&amp;id=124:brighton-belle-mural-at-brighton-station&amp;catid=26:news&amp;Itemid=200105"/>
    <foaf:isPrimaryTopicOf rdf:resource="http://en.wikipedia.org/wiki/Brighton_Belle_street_mural"/>
    <ns6:wasDerivedFrom rdf:resource="http://en.wikipedia.org/wiki/Brighton_Belle_street_mural?oldid=474684122"/>
    <dbpprop:hasPhotoCollection rdf:resource="http://wifo5-03.informatik.uni-mannheim.de/flickrwrappr/photos/Brighton_Belle_street_mural"/>
  </rdf:Description>
  <rdf:Description rdf:about="http://wikidata.dbpedia.org/resource/Q4967606">
    <owl:sameAs rdf:resource="http://dbpedia.org/resource/Brighton_Belle_street_mural"/>
  </rdf:Description>
</rdf:RDF>
