<rdf:RDF xmlns:dbpprop="http://dbpedia.org/property/" xmlns:ns6="http://www.w3.org/ns/prov#" xmlns:foaf="http://xmlns.com/foaf/0.1/" xmlns:dbpedia-owl="http://dbpedia.org/ontology/" xmlns:dcterms="http://purl.org/dc/terms/" xmlns:owl="http://www.w3.org/2002/07/owl#" xmlns:rdfs="http://www.w3.org/2000/01/rdf-schema#" xmlns:rdf="http://www.w3.org/1999/02/22-rdf-syntax-ns#">
  <rdf:Description rdf:about="http://dbpedia.org/resource/Brixton_murals">
    <rdf:type rdf:resource="http://dbpedia.org/class/yago/GraphicArt103453809"/>
    <rdf:type rdf:resource="http://dbpedia.org/class/yago/Creation103129123"/>
    <rdf:type rdf:resource="http://dbpedia.org/class/yago/Painting103876519"/>
    <rdf:type rdf:resource="http://dbpedia.org/class/yago/Art102743547"/>
    <rdf:type rdf:resource="http://dbpedia.org/class/yago/Murals"/>
    <rdf:type rdf:resource="http://dbpedia.org/class/yago/ArtsInLondon"/>
    <rdf:type rdf:resource="http://dbpedia.org/class/yago/Artifact100021939"/>
    <rdf:type rdf:resource="http://dbpedia.org/class/yago/PhysicalEntity100001930"/>
    <rdf:type rdf:resource="http://dbpedia.org/class/yago/Mural103799710"/>
    <rdf:type rdf:resource="http://dbpedia.org/class/yago/Whole100003553"/>
    <rdf:type rdf:resource="http://dbpedia.org/class/yago/Object100002684"/>
    <owl:sameAs rdf:resource="http://sv.dbpedia.org/resource/Brixtons_muralmåleri"/>
    <owl:sameAs rdf:resource="http://www.wikidata.org/entity/Q4971730"/>
    <owl:sameAs rdf:resource="http://yago-knowledge.org/resource/Brixton_murals"/>
    <owl:sameAs rdf:resource="http://dbpedia.org/resource/Brixton_murals"/>
    <owl:sameAs rdf:resource="http://rdf.freebase.com/ns/m.04665hn"/>
    <dcterms:subject rdf:resource="http://dbpedia.org/resource/Category:Buildings_and_structures_in_Lambeth"/>
    <dcterms:subject rdf:resource="http://dbpedia.org/resource/Category:Murals_in_London"/>
    <dcterms:subject rdf:resource="http://dbpedia.org/resource/Category:Visitor_attractions_in_Lambeth"/>
    <dbpedia-owl:abstract xml:lang="en">The Brixton murals are a series of murals by local artists in the Brixton area, in London, UK. Most of the murals were funded by Lambeth London Borough Council and the Greater London Council after the Brixton riots in 1981. The murals portray politics, community and ideas. Many are now in a state of disrepair and some are no longer there. The remaining murals are within walking distance of each other.</dbpedia-owl:abstract>
    <dbpedia-owl:abstract xml:lang="sv">Brixtons muralmåleri är en serie av muralmålerier av lokala konstnärer i Brixton-regionen i London. De flesta målerierna finansierades av Lambeth London Borough Council och Greater London Council efter upploppen i Brixton 1981. Målerierna visar scener från politiken, lokalsamhället och olika idéer.</dbpedia-owl:abstract>
    <dbpedia-owl:wikiPageID rdf:datatype="http://www.w3.org/2001/XMLSchema#integer">17475278</dbpedia-owl:wikiPageID>
    <dbpedia-owl:wikiPageRevisionID rdf:datatype="http://www.w3.org/2001/XMLSchema#integer">545330417</dbpedia-owl:wikiPageRevisionID>
    <rdfs:label xml:lang="sv">Brixtons muralmåleri</rdfs:label>
    <rdfs:label xml:lang="en">Brixton murals</rdfs:label>
    <foaf:depiction rdf:resource="http://upload.wikimedia.org/wikipedia/commons/5/55/Thebigsplash.jpg"/>
    <rdfs:comment xml:lang="en">The Brixton murals are a series of murals by local artists in the Brixton area, in London, UK. Most of the murals were funded by Lambeth London Borough Council and the Greater London Council after the Brixton riots in 1981. The murals portray politics, community and ideas. Many are now in a state of disrepair and some are no longer there. The remaining murals are within walking distance of each other.</rdfs:comment>
    <rdfs:comment xml:lang="sv">Brixtons muralmåleri är en serie av muralmålerier av lokala konstnärer i Brixton-regionen i London. De flesta målerierna finansierades av Lambeth London Borough Council och Greater London Council efter upploppen i Brixton 1981. Målerierna visar scener från politiken, lokalsamhället och olika idéer.</rdfs:comment>
    <dbpedia-owl:thumbnail rdf:resource="http://upload.wikimedia.org/wikipedia/commons/thumb/5/55/Thebigsplash.jpg/200px-Thebigsplash.jpg"/>
    <dbpedia-owl:wikiPageExternalLink rdf:resource="http://flickr.com/search/?q=brixtonmurals&amp;m=tags&amp;z=t&amp;ct=0&amp;s=rec"/>
    <dbpedia-owl:wikiPageExternalLink rdf:resource="http://www.urban75.org/brixton/history/riot.html"/>
    <dbpedia-owl:wikiPageExternalLink rdf:resource="http://positivearts.co.uk/"/>
    <dbpedia-owl:wikiPageExternalLink rdf:resource="http://www.flickr.com/photos/8865295@N02/2076004090/in/photostream/"/>
    <dbpedia-owl:wikiPageExternalLink rdf:resource="http://www.decorative-artist.com/Murals.html"/>
    <dbpedia-owl:wikiPageExternalLink rdf:resource="http://www.flickr.com/photos/8865295@N02/2076003074/in/photostream/"/>
    <dbpedia-owl:wikiPageExternalLink rdf:resource="http://www.hlf.org.uk/Pages/Home.aspx"/>
    <dbpedia-owl:wikiPageExternalLink rdf:resource="http://flickr.com/photos/8865295@N02/2512901443/"/>
    <dbpedia-owl:wikiPageExternalLink rdf:resource="http://www.stephenpusey.com/"/>
    <dbpedia-owl:wikiPageExternalLink rdf:resource="http://www.muralsandbanners.com/"/>
    <dbpedia-owl:wikiPageExternalLink rdf:resource="http://www.londonmuralpreservationsociety.com/"/>
    <dbpedia-owl:wikiPageExternalLink rdf:resource="http://landmark.lambeth.gov.uk/"/>
    <dbpedia-owl:wikiPageExternalLink rdf:resource="http://www.guardian.co.uk/uk/2005/nov/28/july7.menezes"/>
    <dbpedia-owl:wikiPageExternalLink rdf:resource="http://www.stockwellpark.com/slade-gardens.htm"/>
    <dbpedia-owl:wikiPageExternalLink rdf:resource="http://www.urban75.net/vbulletin/showthread.php?t=246517"/>
    <dbpedia-owl:wikiPageExternalLink rdf:resource="http://www.timeout.com/london/features/1647/3.html"/>
    <foaf:isPrimaryTopicOf rdf:resource="http://en.wikipedia.org/wiki/Brixton_murals"/>
    <ns6:wasDerivedFrom rdf:resource="http://en.wikipedia.org/wiki/Brixton_murals?oldid=545330417"/>
    <dbpprop:hasPhotoCollection rdf:resource="http://wifo5-03.informatik.uni-mannheim.de/flickrwrappr/photos/Brixton_murals"/>
  </rdf:Description>
  <rdf:Description rdf:about="http://dbpedia.org/resource/Brixton_Murals">
    <dbpedia-owl:wikiPageRedirects rdf:resource="http://dbpedia.org/resource/Brixton_murals"/>
  </rdf:Description>
  <rdf:Description rdf:about="http://en.wikipedia.org/wiki/Brixton_murals">
    <foaf:primaryTopic rdf:resource="http://dbpedia.org/resource/Brixton_murals"/>
  </rdf:Description>
  <rdf:Description rdf:about="http://wikidata.dbpedia.org/resource/Q4971730">
    <owl:sameAs rdf:resource="http://dbpedia.org/resource/Brixton_murals"/>
  </rdf:Description>
  <rdf:Description rdf:about="http://sv.dbpedia.org/resource/Brixtons_muralmåleri">
    <owl:sameAs rdf:resource="http://dbpedia.org/resource/Brixton_murals"/>
  </rdf:Description>
</rdf:RDF>
