<rdf:RDF xmlns:ns7="http://www.w3.org/ns/prov#" xmlns:foaf="http://xmlns.com/foaf/0.1/" xmlns:dbpedia-owl="http://dbpedia.org/ontology/" xmlns:dcterms="http://purl.org/dc/terms/" xmlns:dbpprop="http://dbpedia.org/property/" xmlns:owl="http://www.w3.org/2002/07/owl#" xmlns:rdfs="http://www.w3.org/2000/01/rdf-schema#" xmlns:rdf="http://www.w3.org/1999/02/22-rdf-syntax-ns#">
  <rdf:Description rdf:about="http://dbpedia.org/resource/Bull-Leaping_Fresco">
    <rdf:type rdf:resource="http://dbpedia.org/class/yago/MinoanFrescos"/>
    <rdf:type rdf:resource="http://dbpedia.org/class/yago/Fresco103395630"/>
    <rdf:type rdf:resource="http://dbpedia.org/class/yago/Painting103876519"/>
    <rdf:type rdf:resource="http://www.w3.org/2002/07/owl#Thing"/>
    <rdf:type rdf:resource="http://dbpedia.org/class/yago/Creation103129123"/>
    <rdf:type rdf:resource="http://dbpedia.org/class/yago/GraphicArt103453809"/>
    <rdf:type rdf:resource="http://dbpedia.org/class/yago/Object100002684"/>
    <rdf:type rdf:resource="http://dbpedia.org/class/yago/Whole100003553"/>
    <rdf:type rdf:resource="http://schema.org/CreativeWork"/>
    <rdf:type rdf:resource="http://dbpedia.org/class/yago/Art102743547"/>
    <rdf:type rdf:resource="http://dbpedia.org/class/yago/PhysicalEntity100001930"/>
    <rdf:type rdf:resource="http://dbpedia.org/ontology/Artwork"/>
    <rdf:type rdf:resource="http://dbpedia.org/ontology/Work"/>
    <rdf:type rdf:resource="http://dbpedia.org/class/yago/Mural103799710"/>
    <rdf:type rdf:resource="http://dbpedia.org/class/yago/Artifact100021939"/>
    <owl:sameAs rdf:resource="http://el.dbpedia.org/resource/Ταυροκαθάψια_(τοιχογραφία)"/>
    <owl:sameAs rdf:resource="http://rdf.freebase.com/ns/m.05n_vjc"/>
    <owl:sameAs rdf:resource="http://yago-knowledge.org/resource/Bull-Leaping_Fresco"/>
    <owl:sameAs rdf:resource="http://dbpedia.org/resource/Bull-Leaping_Fresco"/>
    <owl:sameAs rdf:resource="http://it.dbpedia.org/resource/Affresco_della_taurocatapsia"/>
    <owl:sameAs rdf:resource="http://www.wikidata.org/entity/Q3566545"/>
    <dbpprop:lengthMetric rdf:datatype="http://www.w3.org/2001/XMLSchema#double">104.5</dbpprop:lengthMetric>
    <dcterms:subject rdf:resource="http://dbpedia.org/resource/Category:Bullfighting"/>
    <dcterms:subject rdf:resource="http://dbpedia.org/resource/Category:Minoan_frescos"/>
    <dcterms:subject rdf:resource="http://dbpedia.org/resource/Category:Cattle_in_art"/>
    <dbpedia-owl:abstract xml:lang="en">The Bull-Leaping Fresco, as it has come to be called, is the most completely restored of several stucco panels originally sited on the upper-story portion of the east wall of the palace at Knossos, Crete. Although they were frescos, they were painted on stucco relief scenes and therefore are classified as plastic art. They were difficult to produce. The artist had to manage not only the altitude of the panel but also the simultaneous molding and painting of fresh stucco. The panels, therefore, do not represent the formative stages of the technique. Their polychrome hues – white, pale red, dark red, blue, black – exclude them from the Early Minoan (EM) and early Middle Minoan (MM) Periods. They are, in other words, instances of the "mature art" created no earlier than MM III. The flakes of the destroyed panels fell to the ground from the upper story during the destruction of the palace, probably by earthquake, in Late Minoan (LM) II. By that time the east stairwell, near which they fell, was disused, being partly ruinous. The theme is a stock scene, one of a few depicting the handling of bulls. Arthur Evans, Keeper of the Ashmolean Museum, owner of the palace and director of excavation, presents the topic in Chapter III of his monumental work on Knossos and Minoan Civilization, Palace of Minos. There he calls the several frescos "The Taureador Frescos."</dbpedia-owl:abstract>
    <dbpedia-owl:abstract xml:lang="it">Il cosiddetto Affresco della taurocatapsia è un affresco su stucco, raffigurante una scena di taurocatapsia, risalente al un arco di tempo che va dal Medio Minoico III al Tardo Minoico B (XVII-XV secolo a.C. ), sebbene vi sia anche l'opinione che lo colloca a un periodo posteriore, 1425 a.C. , ovvero nel periodo del nuovo palaziale. Esso venne scoperto sopra un muro nel lato est del palazzo di Cnosso, nel cortile della bocca in pietra. Il suo principale soggetto è una scena di taurocatapsia, circondata da motivi lineari astratti di pietra. Tutto l'insieme è bidimensionale, eccetto le forti linee dei petti, gambe e cosce delle donne, che riflettono il tentativo artistico di conferire volume e profondità, raro per questo periodo. Questo affresco è esposto al Museo Archeologico di Heraklion. Su uno sfondo blu egiziano, al centro della scena, vi è un toro, dipinto in ocra rossastra, bianco di calce e marrone, o ocra gialla con carbone - questi colori possono essere stati scelti per il loro effetto, sebbene sia anche possibile che l'uso dell'ocra rossa e altri colori neolitici sia legato alle idee contemporanee di morte. Il toro è sospeso nell'aria, secondo il desiderio dell'artista che era quello di voler catturare il suo esuberante movimento aggressivo - i tori spesso continuavano ad essere rappresentati in quel modo fino alla creazione della fotografia. Ai lati dell'immagine raffigurata del toro ci sono due donne, una delle quali tiene le corna del toro e l'altra, dalla parte opposta, tiene le sue braccia sollevate, mentre l'uomo si trova sulla schiena del toro. Le posizioni che essi assumono rivelano, come in una sequenza cinematografica, i tre momenti del gioco consistente nell'afferrare il toro per le corna, eseguire su di esso un doppio salto mortale, ricadere a terra restando in posizione verticale. La presenza contemporanea di atleti dei due sessi, inoltre, ci testimonia di una cultura nella quale, diversamente da quelle vicino-orientali, la donna iniziava a godere di un certo prestigio sociale. Entrambi i sessi indossano lo stesso costume (probabilmente per il fatto che un vestiario più complesso avrebbe potuto aggrovigliarsi fra le corna del toro) diversificandosi per le differenze anatomiche e il colore della pelle (quella dell'uomo è rosso ocra, quella delle donne bianca, come nelle Cicladi e negli affreschi micenei). Il movimento dell'uomo è dinamico, le orecchie delle figure sono pienamente modellate e (come nella maggior parte dell'arte nell'età del bronzo) gli occhi del toro e quelli umani sono apparentemente simili a quelli di un uccello. L'affresco può essere collegato a diversi elementi visivi in altre forme d'arte, come a un rhyton di steatite con la testa di toro (1600 a.C. ), Museo Archeologico di Heraklion. Vedi anche Sinclair Hood, figure 87 e 55.</dbpedia-owl:abstract>
    <dbpedia-owl:museum rdf:resource="http://dbpedia.org/resource/Heraklion_Archaeological_Museum"/>
    <dbpedia-owl:wikiPageID rdf:datatype="http://www.w3.org/2001/XMLSchema#integer">22001314</dbpedia-owl:wikiPageID>
    <dbpedia-owl:wikiPageRevisionID rdf:datatype="http://www.w3.org/2001/XMLSchema#integer">546211988</dbpedia-owl:wikiPageRevisionID>
    <rdfs:label xml:lang="it">Affresco della taurocatapsia</rdfs:label>
    <rdfs:label xml:lang="en">Bull-Leaping Fresco</rdfs:label>
    <foaf:depiction rdf:resource="http://upload.wikimedia.org/wikipedia/commons/7/79/Knossos_-_06.jpg"/>
    <rdfs:comment xml:lang="en">The Bull-Leaping Fresco, as it has come to be called, is the most completely restored of several stucco panels originally sited on the upper-story portion of the east wall of the palace at Knossos, Crete. Although they were frescos, they were painted on stucco relief scenes and therefore are classified as plastic art. They were difficult to produce. The artist had to manage not only the altitude of the panel but also the simultaneous molding and painting of fresh stucco.</rdfs:comment>
    <rdfs:comment xml:lang="it">Il cosiddetto Affresco della taurocatapsia è un affresco su stucco, raffigurante una scena di taurocatapsia, risalente al un arco di tempo che va dal Medio Minoico III al Tardo Minoico B (XVII-XV secolo a.C. ), sebbene vi sia anche l'opinione che lo colloca a un periodo posteriore, 1425 a.C. , ovvero nel periodo del nuovo palaziale. Esso venne scoperto sopra un muro nel lato est del palazzo di Cnosso, nel cortile della bocca in pietra.</rdfs:comment>
    <dbpedia-owl:thumbnail rdf:resource="http://upload.wikimedia.org/wikipedia/commons/thumb/7/79/Knossos_-_06.jpg/200px-Knossos_-_06.jpg"/>
    <dbpedia-owl:wikiPageExternalLink rdf:resource="http://diglit.ub.uni-heidelberg.de/diglit/evans1930?sid=2d606e44392a6d47e07149c09559ef42"/>
    <dbpedia-owl:wikiPageExternalLink rdf:resource="http://diglit.ub.uni-heidelberg.de/diglit/evans1935?sid=2d606e44392a6d47e07149c09559ef42"/>
    <dbpedia-owl:wikiPageExternalLink rdf:resource="http://diglit.ub.uni-heidelberg.de/diglit/evans1935a?sid=2d606e44392a6d47e07149c09559ef42"/>
    <dbpprop:alt xml:lang="en">Acrobatics over a bull in unknown circumstances, probably ceremonial</dbpprop:alt>
    <dbpprop:artist xml:lang="en">Unknown</dbpprop:artist>
    <dbpprop:caption xml:lang="en">Reconstruction of one of the Taureador frescos</dbpprop:caption>
    <dbpprop:city xml:lang="en">Heraklion, Crete</dbpprop:city>
    <dbpprop:heightMetric rdf:datatype="http://www.w3.org/2001/XMLSchema#double">78.2</dbpprop:heightMetric>
    <dbpprop:imageFile xml:lang="en">Knossos - 06.jpg</dbpprop:imageFile>
    <dbpprop:imageSize rdf:datatype="http://www.w3.org/2001/XMLSchema#integer">350</dbpprop:imageSize>
    <dbpprop:imperialUnit xml:lang="en">in</dbpprop:imperialUnit>
    <dbpprop:material xml:lang="en">Stucco panel with scene in relief</dbpprop:material>
    <dbpprop:metricUnit xml:lang="en">cm</dbpprop:metricUnit>
    <dbpprop:museum rdf:resource="http://dbpedia.org/resource/Heraklion_Archaeological_Museum"/>
    <dbpprop:otherLanguage xml:lang="en">Italian</dbpprop:otherLanguage>
    <dbpprop:otherLanguage xml:lang="en">Greek</dbpprop:otherLanguage>
    <dbpprop:otherTitle xml:lang="en">Ταυροκαθάψια</dbpprop:otherTitle>
    <dbpprop:otherTitle xml:lang="en">Taurocatapsia</dbpprop:otherTitle>
    <dbpprop:owner rdf:resource="http://dbpedia.org/resource/Greece"/>
    <dbpprop:type rdf:resource="http://dbpedia.org/resource/Fresco"/>
    <dbpprop:year xml:lang="en">Some time in MM III or LM I</dbpprop:year>
    <foaf:isPrimaryTopicOf rdf:resource="http://en.wikipedia.org/wiki/Bull-Leaping_Fresco"/>
    <ns7:wasDerivedFrom rdf:resource="http://en.wikipedia.org/wiki/Bull-Leaping_Fresco?oldid=546211988"/>
    <dbpprop:hasPhotoCollection rdf:resource="http://wifo5-03.informatik.uni-mannheim.de/flickrwrappr/photos/Bull-Leaping_Fresco"/>
  </rdf:Description>
  <rdf:Description rdf:about="http://el.dbpedia.org/resource/Ταυροκαθάψια_(τοιχογραφία)">
    <owl:sameAs rdf:resource="http://dbpedia.org/resource/Bull-Leaping_Fresco"/>
  </rdf:Description>
  <rdf:Description rdf:about="http://it.dbpedia.org/resource/Affresco_della_taurocatapsia">
    <owl:sameAs rdf:resource="http://dbpedia.org/resource/Bull-Leaping_Fresco"/>
  </rdf:Description>
  <rdf:Description rdf:about="http://en.wikipedia.org/wiki/Bull-Leaping_Fresco">
    <foaf:primaryTopic rdf:resource="http://dbpedia.org/resource/Bull-Leaping_Fresco"/>
  </rdf:Description>
  <rdf:Description rdf:about="http://wikidata.dbpedia.org/resource/Q3566545">
    <owl:sameAs rdf:resource="http://dbpedia.org/resource/Bull-Leaping_Fresco"/>
  </rdf:Description>
</rdf:RDF>
