<rdf:RDF xmlns:ns7="http://www.w3.org/ns/prov#" xmlns:dbpprop="http://dbpedia.org/property/" xmlns:foaf="http://xmlns.com/foaf/0.1/" xmlns:dbpedia-owl="http://dbpedia.org/ontology/" xmlns:dcterms="http://purl.org/dc/terms/" xmlns:owl="http://www.w3.org/2002/07/owl#" xmlns:rdfs="http://www.w3.org/2000/01/rdf-schema#" xmlns:rdf="http://www.w3.org/1999/02/22-rdf-syntax-ns#">
  <rdf:Description rdf:about="http://fr.dbpedia.org/resource/L'Enterrement_de_sainte_Lucie">
    <owl:sameAs rdf:resource="http://dbpedia.org/resource/Burial_of_St._Lucy_(Caravaggio)"/>
  </rdf:Description>
  <rdf:Description rdf:about="http://es.dbpedia.org/resource/El_entierro_de_Santa_Lucía">
    <owl:sameAs rdf:resource="http://dbpedia.org/resource/Burial_of_St._Lucy_(Caravaggio)"/>
  </rdf:Description>
  <rdf:Description rdf:about="http://it.dbpedia.org/resource/Seppellimento_di_santa_Lucia">
    <owl:sameAs rdf:resource="http://dbpedia.org/resource/Burial_of_St._Lucy_(Caravaggio)"/>
  </rdf:Description>
  <rdf:Description rdf:about="http://dbpedia.org/resource/Burial_of_St._Lucy_(Caravaggio)">
    <rdf:type rdf:resource="http://dbpedia.org/class/yago/PaintingsAboutDeath"/>
    <rdf:type rdf:resource="http://schema.org/CreativeWork"/>
    <rdf:type rdf:resource="http://dbpedia.org/class/yago/Whole100003553"/>
    <rdf:type rdf:resource="http://dbpedia.org/class/yago/Artifact100021939"/>
    <rdf:type rdf:resource="http://dbpedia.org/ontology/Artwork"/>
    <rdf:type rdf:resource="http://dbpedia.org/ontology/Work"/>
    <rdf:type rdf:resource="http://dbpedia.org/class/yago/Art102743547"/>
    <rdf:type rdf:resource="http://dbpedia.org/class/yago/PaintingsByCaravaggio"/>
    <rdf:type rdf:resource="http://dbpedia.org/class/yago/Creation103129123"/>
    <rdf:type rdf:resource="http://dbpedia.org/class/yago/GraphicArt103453809"/>
    <rdf:type rdf:resource="http://www.w3.org/2002/07/owl#Thing"/>
    <rdf:type rdf:resource="http://dbpedia.org/class/yago/Painting103876519"/>
    <rdf:type rdf:resource="http://dbpedia.org/class/yago/Object100002684"/>
    <rdf:type rdf:resource="http://dbpedia.org/class/yago/1608Paintings"/>
    <rdf:type rdf:resource="http://dbpedia.org/class/yago/PhysicalEntity100001930"/>
    <owl:sameAs rdf:resource="http://dbpedia.org/resource/Burial_of_St._Lucy_(Caravaggio)"/>
    <owl:sameAs rdf:resource="http://fr.dbpedia.org/resource/L'Enterrement_de_sainte_Lucie"/>
    <owl:sameAs rdf:resource="http://yago-knowledge.org/resource/Burial_of_St._Lucy_(Caravaggio)"/>
    <owl:sameAs rdf:resource="http://es.dbpedia.org/resource/El_entierro_de_Santa_Lucía"/>
    <owl:sameAs rdf:resource="http://it.dbpedia.org/resource/Seppellimento_di_santa_Lucia"/>
    <owl:sameAs rdf:resource="http://rdf.freebase.com/ns/m.08m3hl"/>
    <owl:sameAs rdf:resource="http://www.wikidata.org/entity/Q1132479"/>
    <dcterms:subject rdf:resource="http://dbpedia.org/resource/Category:Christian_art_about_death"/>
    <dcterms:subject rdf:resource="http://dbpedia.org/resource/Category:Paintings_about_death"/>
    <dcterms:subject rdf:resource="http://dbpedia.org/resource/Category:1608_paintings"/>
    <dcterms:subject rdf:resource="http://dbpedia.org/resource/Category:Paintings_by_Caravaggio"/>
    <dbpedia-owl:abstract xml:lang="en">Burial of Saint Lucy is a painting by the Italian artist Caravaggio. It is located in the church of Santa Lucia alla Badia located on the Piazza Duomo in Syracuse, Sicily.</dbpedia-owl:abstract>
    <dbpedia-owl:abstract xml:lang="fr">L'Enterrement de sainte Lucie (en italien Seppellimento di santa Lucia) est un tableau du Caravage peint en 1608 et conservé dans l'église Santa Lucia al Sepolcro de Syracuse en Sicile.</dbpedia-owl:abstract>
    <dbpedia-owl:abstract xml:lang="it">Il Seppellimento di Santa Lucia è un dipinto di Caravaggio, ad olio su tela (408 x 300 cm), realizzato nel 1608. Dopo la fuga precipitosa da Malta, Caravaggio si rifugiò a Siracusa, e fu forse grazie all'amico siracusano Mario Minniti, pittore di talento, che riuscì ad ottenere la commissione di quest'opera. La scena sembra ambientata all'ingresso delle latomie: due enormi becchini in primo piano stanno cominciando a scavare la fossa, mentre, rimpiccioliti e quasi stampati sullo sfondo rotto solo da un arco cieco, stanno gli astanti al funerale, con il vescovo che dà l'estrema unzione alla Santa decapitata. La Santa presenta una ferita da taglio sul collo, ma se si osserva da vicino la trama della pittura, in un primo momento la testa appariva staccata. La drammaticità della scena è conferita, oltre che dalla riduzione delle dimensioni dei personaggi, dalla luce: non più orientata ed uniforme come nelle opere del periodo romano, ma più drammatica, del colore del sangue ed assumente tragici guizzi che quasi cancellano le figure; la parete di fondo solcata dall'arco cieco, poi, rende il tutto ancora più opprimente. Sembra quasi che il pittore non voglia far sovvenire in chi guarda il martirio glorioso, ma solo la cupa realtà di un funerale, di cui i becchini sono i veri protagonisti. Il motivo, poi, per cui Caravaggio scelga questo tema è semplice: su di lui pesava il bando capitale ed era in continua fuga per sfuggirne, ma l'incubo di finire giustiziato faceva sì che egli dipingesse, ossessivamente, scene di decapitazione. Adesso il quadro è ammirabile a Siracusa presso la chiesa in piazza duomo di S. Lucia alla Badia</dbpedia-owl:abstract>
    <dbpedia-owl:abstract xml:lang="es">El entierro de Santa Lucía es un cuadro del pintor italiano Caravaggio, de 1608. Fue pintado luego de su huida de Malta, y muestra a la santa momentos antes de ser sepultada en una fosa. La escena evoca al cuadro de La muerte de Marat, de Jacques Louis David, pintado más de un siglo después. Se encuentra en la Basílica de Santa Lucía del Sepulcro (Basilica di Santa Lucia al Sepolcro) en Siracusa.</dbpedia-owl:abstract>
    <dbpedia-owl:author rdf:resource="http://dbpedia.org/resource/Caravaggio"/>
    <dbpedia-owl:wikiPageID rdf:datatype="http://www.w3.org/2001/XMLSchema#integer">3034947</dbpedia-owl:wikiPageID>
    <dbpedia-owl:wikiPageRevisionID rdf:datatype="http://www.w3.org/2001/XMLSchema#integer">542428446</dbpedia-owl:wikiPageRevisionID>
    <rdfs:label xml:lang="en">Burial of St. Lucy (Caravaggio)</rdfs:label>
    <rdfs:label xml:lang="it">Seppellimento di santa Lucia</rdfs:label>
    <rdfs:label xml:lang="fr">L'Enterrement de sainte Lucie</rdfs:label>
    <rdfs:label xml:lang="es">El entierro de Santa Lucía</rdfs:label>
    <foaf:depiction rdf:resource="http://upload.wikimedia.org/wikipedia/commons/7/7d/Michelangelo_Caravaggio_010.jpg"/>
    <rdfs:comment xml:lang="fr">L'Enterrement de sainte Lucie (en italien Seppellimento di santa Lucia) est un tableau du Caravage peint en 1608 et conservé dans l'église Santa Lucia al Sepolcro de Syracuse en Sicile.</rdfs:comment>
    <rdfs:comment xml:lang="es">El entierro de Santa Lucía es un cuadro del pintor italiano Caravaggio, de 1608. Fue pintado luego de su huida de Malta, y muestra a la santa momentos antes de ser sepultada en una fosa. La escena evoca al cuadro de La muerte de Marat, de Jacques Louis David, pintado más de un siglo después. Se encuentra en la Basílica de Santa Lucía del Sepulcro (Basilica di Santa Lucia al Sepolcro) en Siracusa.</rdfs:comment>
    <rdfs:comment xml:lang="it">Il Seppellimento di Santa Lucia è un dipinto di Caravaggio, ad olio su tela (408 x 300 cm), realizzato nel 1608. Dopo la fuga precipitosa da Malta, Caravaggio si rifugiò a Siracusa, e fu forse grazie all'amico siracusano Mario Minniti, pittore di talento, che riuscì ad ottenere la commissione di quest'opera.</rdfs:comment>
    <rdfs:comment xml:lang="en">Burial of Saint Lucy is a painting by the Italian artist Caravaggio. It is located in the church of Santa Lucia alla Badia located on the Piazza Duomo in Syracuse, Sicily.</rdfs:comment>
    <foaf:name xml:lang="en">Burial of Saint Lucy</foaf:name>
    <dbpedia-owl:thumbnail rdf:resource="http://upload.wikimedia.org/wikipedia/commons/thumb/7/7d/Michelangelo_Caravaggio_010.jpg/200px-Michelangelo_Caravaggio_010.jpg"/>
    <dbpprop:artist rdf:resource="http://dbpedia.org/resource/Caravaggio"/>
    <dbpprop:city rdf:resource="http://dbpedia.org/resource/Syracuse,_Sicily"/>
    <dbpprop:height rdf:datatype="http://www.w3.org/2001/XMLSchema#integer">408</dbpprop:height>
    <dbpprop:imageFile xml:lang="en">Michelangelo Caravaggio 010.jpg</dbpprop:imageFile>
    <dbpprop:museum xml:lang="en">Chiesa di Santa Maria alla Badia</dbpprop:museum>
    <dbpprop:title xml:lang="en">Burial of Saint Lucy</dbpprop:title>
    <dbpprop:type rdf:resource="http://dbpedia.org/resource/Oil_painting"/>
    <dbpprop:width rdf:datatype="http://www.w3.org/2001/XMLSchema#integer">300</dbpprop:width>
    <dbpprop:year rdf:datatype="http://www.w3.org/2001/XMLSchema#integer">1608</dbpprop:year>
    <foaf:isPrimaryTopicOf rdf:resource="http://en.wikipedia.org/wiki/Burial_of_St._Lucy_(Caravaggio)"/>
    <ns7:wasDerivedFrom rdf:resource="http://en.wikipedia.org/wiki/Burial_of_St._Lucy_(Caravaggio)?oldid=542428446"/>
    <dbpprop:hasPhotoCollection rdf:resource="http://wifo5-03.informatik.uni-mannheim.de/flickrwrappr/photos/Burial_of_St._Lucy_(Caravaggio)"/>
  </rdf:Description>
  <rdf:Description rdf:about="http://en.wikipedia.org/wiki/Burial_of_St._Lucy_(Caravaggio)">
    <foaf:primaryTopic rdf:resource="http://dbpedia.org/resource/Burial_of_St._Lucy_(Caravaggio)"/>
  </rdf:Description>
  <rdf:Description rdf:about="http://wikidata.dbpedia.org/resource/Q1132479">
    <owl:sameAs rdf:resource="http://dbpedia.org/resource/Burial_of_St._Lucy_(Caravaggio)"/>
  </rdf:Description>
</rdf:RDF>
