<rdf:RDF xmlns:dbpprop="http://dbpedia.org/property/" xmlns:grs="http://www.georss.org/georss/" xmlns:ns7="http://www.w3.org/ns/prov#" xmlns:geo="http://www.w3.org/2003/01/geo/wgs84_pos#" xmlns:foaf="http://xmlns.com/foaf/0.1/" xmlns:dbpedia-owl="http://dbpedia.org/ontology/" xmlns:dcterms="http://purl.org/dc/terms/" xmlns:owl="http://www.w3.org/2002/07/owl#" xmlns:rdfs="http://www.w3.org/2000/01/rdf-schema#" xmlns:rdf="http://www.w3.org/1999/02/22-rdf-syntax-ns#">
  <rdf:Description rdf:about="http://fr.dbpedia.org/resource/La_Chambre_des_Époux_(Mantegna)">
    <owl:sameAs rdf:resource="http://dbpedia.org/resource/Camera_degli_Sposi"/>
  </rdf:Description>
  <rdf:Description rdf:about="http://dbpedia.org/resource/Camera_degli_Sposi">
    <rdf:type rdf:resource="http://dbpedia.org/class/yago/FrescoPaintings"/>
    <rdf:type rdf:resource="http://dbpedia.org/class/yago/1460sPaintings"/>
    <rdf:type rdf:resource="http://dbpedia.org/class/yago/Object100002684"/>
    <rdf:type rdf:resource="http://dbpedia.org/class/yago/Creation103129123"/>
    <rdf:type rdf:resource="http://dbpedia.org/class/yago/GraphicArt103453809"/>
    <rdf:type rdf:resource="http://www.opengis.net/gml/_Feature"/>
    <rdf:type rdf:resource="http://dbpedia.org/class/yago/Whole100003553"/>
    <rdf:type rdf:resource="http://dbpedia.org/class/yago/PhysicalEntity100001930"/>
    <rdf:type rdf:resource="http://dbpedia.org/class/yago/Artifact100021939"/>
    <rdf:type rdf:resource="http://dbpedia.org/class/yago/Art102743547"/>
    <rdf:type rdf:resource="http://dbpedia.org/class/yago/Painting103876519"/>
    <rdf:type rdf:resource="http://dbpedia.org/class/yago/1470sPaintings"/>
    <rdf:type rdf:resource="http://dbpedia.org/class/yago/PaintingsByAndreaMantegna"/>
    <owl:sameAs rdf:resource="http://www.wikidata.org/entity/Q2529899"/>
    <owl:sameAs rdf:resource="http://yago-knowledge.org/resource/Camera_degli_Sposi"/>
    <owl:sameAs rdf:resource="http://dbpedia.org/resource/Camera_degli_Sposi"/>
    <owl:sameAs rdf:resource="http://th.dbpedia.org/resource/ห้องเจ้าสาว_(มานเทนยา)"/>
    <owl:sameAs rdf:resource="http://fr.dbpedia.org/resource/La_Chambre_des_Époux_(Mantegna)"/>
    <owl:sameAs rdf:resource="http://rdf.freebase.com/ns/m.03whwg2"/>
    <owl:sameAs rdf:resource="http://it.dbpedia.org/resource/Camera_degli_Sposi"/>
    <owl:sameAs rdf:resource="http://ru.dbpedia.org/resource/Камера_дельи_Спози"/>
    <owl:sameAs rdf:resource="http://lt.dbpedia.org/resource/Camera_degli_Sposi_(Mantegna)"/>
    <owl:sameAs rdf:resource="http://es.dbpedia.org/resource/Cámara_de_los_esposos"/>
    <dcterms:subject rdf:resource="http://dbpedia.org/resource/Category:1470s_paintings"/>
    <dcterms:subject rdf:resource="http://dbpedia.org/resource/Category:1460s_paintings"/>
    <dcterms:subject rdf:resource="http://dbpedia.org/resource/Category:Paintings_by_Andrea_Mantegna"/>
    <dcterms:subject rdf:resource="http://dbpedia.org/resource/Category:Fresco_paintings"/>
    <dbpedia-owl:abstract xml:lang="en">The Camera degli Sposi ("bridal chamber"), sometimes known as the Camera picta ("painted chamber"), is a room frescoed with illusionistic paintings by Andrea Mantegna in the Ducal Palace, Mantua, Italy. It was painted between 1465 and 1474 and commissioned by Ludovico Gonzaga, and is notable for the use of trompe l'oeil details and its di sotto in sù ceiling. The chronological sequence of the paintings has been recently discovered: the painter started from the vault by dry painting in the background small bits particularly those of the oculus and the wreath surrounding it. Then he moved onto the ‘Court scene’ where he used a mysterious oily tempera dry laid out on the surface. The east and south walls followed, with the traditional fresco technique representing heavy curtains. Finally the ‘Meeting scene’ on the west wall was painted, always ‘a fresco’ but in very small bits which confirms an almost ten-year period of work on that part of the chamber.</dbpedia-owl:abstract>
    <dbpedia-owl:abstract xml:lang="fr">La Chambre des Époux (en italien Camera degli Sposi, initialement Camera magna picta) est une pièce voûtée du donjon nord-est du Castello San Giorgio, dans le Palazzo Ducale de Mantoue (Italie). Cette pièce est située au piano nobile (réservé aux réceptions) pour les invités de marque et abritant aussi les archives secrètes du couple princier. Les murs dans leur entier sont peints à fresque, œuvre du peintre de la Renaissance Andrea Mantegna pour exprimer la puissance du couple dirigeant Gonzague à ses invités de marque. L'ouvrage, exécuté entre 1465 et 1474, est exceptionnel parmi les œuvres de son temps. Depuis le tremblement de terre du 29 mai 2012, la Chambre des Époux est fermée au public pour une durée indéterminée. Les secousses ont en effet ébranlé le Castello San Giorgio, et tout particulièrement les couloirs permettant d'accéder à la salle. La fresque serait intacte à l'exception d'une fissure apparue sur un groupe de courtisans.</dbpedia-owl:abstract>
    <dbpedia-owl:abstract xml:lang="ru">Камера дельи Спози, Камера пикта (итал.  Camera degli Sposi, Camera picta — «брачный чертог», «расписанная комната») — помещение в Палаццо Дукале в Мантуе, расписанное фресками Андреа Мантеньи в 1465—1474 годах по заказу маркиза Лудовико III Гонзага (итал. )русск. , знаменитая благодаря высокому качеству изображений, включающему около 30 портретных фигур и умелому использованию перспективных обманок (потолочный плафон). Мантенья (как свидетельствует авторское граффити на откосе окна северной стены) начал свою работу 16 июня 1465 года. Но фактически роспись создавалась позже, после его поездки во Флоренцию и Пизу и полностью была закончена в 1474 году. Возможно, за время работы, которая прерывалась неоднократно, первоначальная программа могла несколько раз меняться из-за пожеланий заказчика. Комната 8х8 м находится на 2-м (парадном) этаже угловой северо-восточной башни Замка св. Георгия, включенного в комплекс построек Палаццо Дукале. Замок в момент росписи комнаты имел целую анфиладу парадных покоев, в которую и была включена эта Камера. Из окон открывался вид на Среднее озеро, дамбу и Мост св. Георгия. Возможно, именно этот вид Мантенья запечатлел в своей картине «Успение Марии» (ок. 1464, Прадо), которая находилась в капелле того же замка, также расписанной его фресками (не сохранились).</dbpedia-owl:abstract>
    <dbpedia-owl:abstract xml:lang="it">La Camera degli Sposi, chiamata nelle cronache antiche Camera picta ("camera dipinta"), è una stanza collocata nel torrione nord-est del Castello di San Giorgio di Mantova. È celebre per il ciclo di affreschi che ricopre le sue pareti, capolavoro di Andrea Mantegna, realizzato tra il 1465 e il 1474. Mantegna studiò una decorazione ad affresco che investisse tutte le pareti e le volte del soffitto, adeguandosi ai limiti architettonici dell'ambiente, ma al tempo stesso sfondando illusionisticamente le pareti con la pittura, come se lo spazio fosse dilatato ben oltre i limiti fisici della stanza. Il tema generale è una celebrazione politico-dinastica dell'intera famiglia Gonzaga, con l'occasione dell'elezione a cardinale di Francesco Gonzaga.</dbpedia-owl:abstract>
    <dbpedia-owl:wikiPageID rdf:datatype="http://www.w3.org/2001/XMLSchema#integer">16365690</dbpedia-owl:wikiPageID>
    <dbpedia-owl:wikiPageRevisionID rdf:datatype="http://www.w3.org/2001/XMLSchema#integer">540973623</dbpedia-owl:wikiPageRevisionID>
    <rdfs:label xml:lang="en">Camera degli Sposi</rdfs:label>
    <rdfs:label xml:lang="fr">La Chambre des Époux (Mantegna)</rdfs:label>
    <rdfs:label xml:lang="ru">Камера дельи Спози</rdfs:label>
    <rdfs:label xml:lang="it">Camera degli Sposi</rdfs:label>
    <foaf:depiction rdf:resource="http://upload.wikimedia.org/wikipedia/commons/d/d1/Andrea_Mantegna_064.jpg"/>
    <rdfs:comment xml:lang="ru">Камера дельи Спози, Камера пикта (итал.  Camera degli Sposi, Camera picta — «брачный чертог», «расписанная комната») — помещение в Палаццо Дукале в Мантуе, расписанное фресками Андреа Мантеньи в 1465—1474 годах по заказу маркиза Лудовико III Гонзага (итал. )русск. , знаменитая благодаря высокому качеству изображений, включающему около 30 портретных фигур и умелому использованию перспективных обманок (потолочный плафон).</rdfs:comment>
    <rdfs:comment xml:lang="en">The Camera degli Sposi ("bridal chamber"), sometimes known as the Camera picta ("painted chamber"), is a room frescoed with illusionistic paintings by Andrea Mantegna in the Ducal Palace, Mantua, Italy. It was painted between 1465 and 1474 and commissioned by Ludovico Gonzaga, and is notable for the use of trompe l'oeil details and its di sotto in sù ceiling.</rdfs:comment>
    <rdfs:comment xml:lang="it">La Camera degli Sposi, chiamata nelle cronache antiche Camera picta ("camera dipinta"), è una stanza collocata nel torrione nord-est del Castello di San Giorgio di Mantova. È celebre per il ciclo di affreschi che ricopre le sue pareti, capolavoro di Andrea Mantegna, realizzato tra il 1465 e il 1474.</rdfs:comment>
    <rdfs:comment xml:lang="fr">La Chambre des Époux (en italien Camera degli Sposi, initialement Camera magna picta) est une pièce voûtée du donjon nord-est du Castello San Giorgio, dans le Palazzo Ducale de Mantoue (Italie). Cette pièce est située au piano nobile (réservé aux réceptions) pour les invités de marque et abritant aussi les archives secrètes du couple princier.</rdfs:comment>
    <dbpedia-owl:thumbnail rdf:resource="http://upload.wikimedia.org/wikipedia/commons/thumb/d/d1/Andrea_Mantegna_064.jpg/200px-Andrea_Mantegna_064.jpg"/>
    <dbpedia-owl:wikiPageExternalLink rdf:resource="http://guideturistichemantova.it/"/>
    <geo:geometry rdf:datatype="http://www.openlinksw.com/schemas/virtrdf#Geometry">POINT(10.8 45.1611)</geo:geometry>
    <foaf:isPrimaryTopicOf rdf:resource="http://en.wikipedia.org/wiki/Camera_degli_Sposi"/>
    <geo:long rdf:datatype="http://www.w3.org/2001/XMLSchema#float">10.8</geo:long>
    <geo:lat rdf:datatype="http://www.w3.org/2001/XMLSchema#float">45.1611</geo:lat>
    <ns7:wasDerivedFrom rdf:resource="http://en.wikipedia.org/wiki/Camera_degli_Sposi?oldid=540973623"/>
    <grs:point xml:lang="en">45.16111111111111 10.8</grs:point>
    <dbpprop:hasPhotoCollection rdf:resource="http://wifo5-03.informatik.uni-mannheim.de/flickrwrappr/photos/Camera_degli_Sposi"/>
  </rdf:Description>
  <rdf:Description rdf:about="http://en.wikipedia.org/wiki/Camera_degli_Sposi">
    <foaf:primaryTopic rdf:resource="http://dbpedia.org/resource/Camera_degli_Sposi"/>
  </rdf:Description>
  <rdf:Description rdf:about="http://dbpedia.org/resource/Camera_degli_Sposi_(Mantua)">
    <dbpedia-owl:wikiPageRedirects rdf:resource="http://dbpedia.org/resource/Camera_degli_Sposi"/>
  </rdf:Description>
  <rdf:Description rdf:about="http://dbpedia.org/resource/Camera_degli_sposi">
    <dbpedia-owl:wikiPageRedirects rdf:resource="http://dbpedia.org/resource/Camera_degli_Sposi"/>
  </rdf:Description>
  <rdf:Description rdf:about="http://dbpedia.org/resource/Camera_picta">
    <dbpedia-owl:wikiPageRedirects rdf:resource="http://dbpedia.org/resource/Camera_degli_Sposi"/>
  </rdf:Description>
  <rdf:Description rdf:about="http://it.dbpedia.org/resource/Camera_degli_Sposi">
    <owl:sameAs rdf:resource="http://dbpedia.org/resource/Camera_degli_Sposi"/>
  </rdf:Description>
  <rdf:Description rdf:about="http://ru.dbpedia.org/resource/Камера_дельи_Спози">
    <owl:sameAs rdf:resource="http://dbpedia.org/resource/Camera_degli_Sposi"/>
  </rdf:Description>
  <rdf:Description rdf:about="http://wikidata.dbpedia.org/resource/Q2529899">
    <owl:sameAs rdf:resource="http://dbpedia.org/resource/Camera_degli_Sposi"/>
  </rdf:Description>
  <rdf:Description rdf:about="http://es.dbpedia.org/resource/Cámara_de_los_esposos">
    <owl:sameAs rdf:resource="http://dbpedia.org/resource/Camera_degli_Sposi"/>
  </rdf:Description>
  <rdf:Description rdf:about="http://lt.dbpedia.org/resource/Camera_degli_Sposi_(Mantegna)">
    <owl:sameAs rdf:resource="http://dbpedia.org/resource/Camera_degli_Sposi"/>
  </rdf:Description>
  <rdf:Description rdf:about="http://th.dbpedia.org/resource/ห้องเจ้าสาว_(มานเทนยา)">
    <owl:sameAs rdf:resource="http://dbpedia.org/resource/Camera_degli_Sposi"/>
  </rdf:Description>
</rdf:RDF>
