<rdf:RDF xmlns:ns7="http://www.w3.org/ns/prov#" xmlns:dbpprop="http://dbpedia.org/property/" xmlns:foaf="http://xmlns.com/foaf/0.1/" xmlns:dbpedia-owl="http://dbpedia.org/ontology/" xmlns:dcterms="http://purl.org/dc/terms/" xmlns:owl="http://www.w3.org/2002/07/owl#" xmlns:rdfs="http://www.w3.org/2000/01/rdf-schema#" xmlns:rdf="http://www.w3.org/1999/02/22-rdf-syntax-ns#">
  <rdf:Description rdf:about="http://dbpedia.org/resource/Camouflage_Self-Portrait">
    <rdf:type rdf:resource="http://dbpedia.org/class/yago/Self-portrait104169935"/>
    <rdf:type rdf:resource="http://dbpedia.org/class/yago/Representation104076846"/>
    <rdf:type rdf:resource="http://dbpedia.org/class/yago/Portrait103987079"/>
    <rdf:type rdf:resource="http://www.w3.org/2002/07/owl#Thing"/>
    <rdf:type rdf:resource="http://dbpedia.org/ontology/Work"/>
    <rdf:type rdf:resource="http://dbpedia.org/class/yago/1986Paintings"/>
    <rdf:type rdf:resource="http://dbpedia.org/ontology/Artwork"/>
    <rdf:type rdf:resource="http://dbpedia.org/class/yago/Whole100003553"/>
    <rdf:type rdf:resource="http://dbpedia.org/class/yago/GraphicArt103453809"/>
    <rdf:type rdf:resource="http://schema.org/CreativeWork"/>
    <rdf:type rdf:resource="http://dbpedia.org/class/yago/Artifact100021939"/>
    <rdf:type rdf:resource="http://dbpedia.org/class/yago/Picture103931044"/>
    <rdf:type rdf:resource="http://dbpedia.org/class/yago/Painting103876519"/>
    <rdf:type rdf:resource="http://dbpedia.org/class/yago/Creation103129123"/>
    <rdf:type rdf:resource="http://dbpedia.org/class/yago/Object100002684"/>
    <rdf:type rdf:resource="http://dbpedia.org/class/yago/Self-portraits"/>
    <rdf:type rdf:resource="http://dbpedia.org/class/yago/PaintingsByAndyWarhol"/>
    <rdf:type rdf:resource="http://dbpedia.org/class/yago/Art102743547"/>
    <rdf:type rdf:resource="http://dbpedia.org/class/yago/Likeness103668642"/>
    <rdf:type rdf:resource="http://dbpedia.org/class/yago/PhysicalEntity100001930"/>
    <owl:sameAs rdf:resource="http://yago-knowledge.org/resource/Camouflage_Self-Portrait"/>
    <owl:sameAs rdf:resource="http://www.wikidata.org/entity/Q5026931"/>
    <owl:sameAs rdf:resource="http://dbpedia.org/resource/Camouflage_Self-Portrait"/>
    <owl:sameAs rdf:resource="http://rdf.freebase.com/ns/m.05msg7f"/>
    <owl:sameAs rdf:resource="http://he.dbpedia.org/resource/דיוקן_עצמי_בצבעי_הסוואה"/>
    <dcterms:subject rdf:resource="http://dbpedia.org/resource/Category:20th-century_portraits"/>
    <dcterms:subject rdf:resource="http://dbpedia.org/resource/Category:1986_paintings"/>
    <dcterms:subject rdf:resource="http://dbpedia.org/resource/Category:Paintings_of_the_Metropolitan_Museum_of_Art"/>
    <dcterms:subject rdf:resource="http://dbpedia.org/resource/Category:Paintings_by_Andy_Warhol"/>
    <dcterms:subject rdf:resource="http://dbpedia.org/resource/Category:Self-portraits"/>
    <dcterms:subject rdf:resource="http://dbpedia.org/resource/Category:American_paintings"/>
    <dcterms:subject rdf:resource="http://dbpedia.org/resource/Category:Pop_art"/>
    <dbpedia-owl:abstract xml:lang="en">Self-Portrait is a 1986 work by the American artist Andy Warhol. The portrait is in a camouflage-patterned foreground with a black background.</dbpedia-owl:abstract>
    <dbpedia-owl:author rdf:resource="http://dbpedia.org/resource/Andy_Warhol"/>
    <dbpedia-owl:museum rdf:resource="http://dbpedia.org/resource/Metropolitan_Museum_of_Art"/>
    <dbpedia-owl:wikiPageID rdf:datatype="http://www.w3.org/2001/XMLSchema#integer">21756579</dbpedia-owl:wikiPageID>
    <dbpedia-owl:wikiPageRevisionID rdf:datatype="http://www.w3.org/2001/XMLSchema#integer">545588440</dbpedia-owl:wikiPageRevisionID>
    <rdfs:label xml:lang="en">Camouflage Self-Portrait</rdfs:label>
    <foaf:depiction rdf:resource="http://upload.wikimedia.org/wikipedia/commons/0/06/Andywarhol.jpg"/>
    <rdfs:comment xml:lang="en">Self-Portrait is a 1986 work by the American artist Andy Warhol. The portrait is in a camouflage-patterned foreground with a black background.</rdfs:comment>
    <foaf:name xml:lang="en">Self-Portrait</foaf:name>
    <dbpedia-owl:thumbnail rdf:resource="http://upload.wikimedia.org/wikipedia/commons/thumb/0/06/Andywarhol.jpg/200px-Andywarhol.jpg"/>
    <dbpedia-owl:wikiPageExternalLink rdf:resource="http://www.philamuseum.org/collections/permanent/87487.html?mulR=9667"/>
    <dbpprop:artist xml:lang="en">Andy Warhol</dbpprop:artist>
    <dbpprop:height rdf:datatype="http://www.w3.org/2001/XMLSchema#double">208.3</dbpprop:height>
    <dbpprop:imageFile xml:lang="en">Andywarhol.jpg</dbpprop:imageFile>
    <dbpprop:imageSize rdf:datatype="http://www.w3.org/2001/XMLSchema#integer">200</dbpprop:imageSize>
    <dbpprop:museum xml:lang="en">Metropolitan Museum of Art, New York</dbpprop:museum>
    <dbpprop:title xml:lang="en">Self-Portrait</dbpprop:title>
    <dbpprop:type xml:lang="en">Paint on canvas</dbpprop:type>
    <dbpprop:width rdf:datatype="http://www.w3.org/2001/XMLSchema#double">208.3</dbpprop:width>
    <dbpprop:year rdf:datatype="http://www.w3.org/2001/XMLSchema#integer">1986</dbpprop:year>
    <foaf:isPrimaryTopicOf rdf:resource="http://en.wikipedia.org/wiki/Camouflage_Self-Portrait"/>
    <ns7:wasDerivedFrom rdf:resource="http://en.wikipedia.org/wiki/Camouflage_Self-Portrait?oldid=545588440"/>
    <dbpprop:hasPhotoCollection rdf:resource="http://wifo5-03.informatik.uni-mannheim.de/flickrwrappr/photos/Camouflage_Self-Portrait"/>
  </rdf:Description>
  <rdf:Description rdf:about="http://dbpedia.org/resource/Self-portrait_(Andy_Warhol)">
    <dbpedia-owl:wikiPageRedirects rdf:resource="http://dbpedia.org/resource/Camouflage_Self-Portrait"/>
  </rdf:Description>
  <rdf:Description rdf:about="http://en.wikipedia.org/wiki/Camouflage_Self-Portrait">
    <foaf:primaryTopic rdf:resource="http://dbpedia.org/resource/Camouflage_Self-Portrait"/>
  </rdf:Description>
  <rdf:Description rdf:about="http://wikidata.dbpedia.org/resource/Q5026931">
    <owl:sameAs rdf:resource="http://dbpedia.org/resource/Camouflage_Self-Portrait"/>
  </rdf:Description>
  <rdf:Description rdf:about="http://he.dbpedia.org/resource/דיוקן_עצמי_בצבעי_הסוואה">
    <owl:sameAs rdf:resource="http://dbpedia.org/resource/Camouflage_Self-Portrait"/>
  </rdf:Description>
</rdf:RDF>
