<rdf:RDF xmlns:ns7="http://www.w3.org/ns/prov#" xmlns:dbpprop="http://dbpedia.org/property/" xmlns:foaf="http://xmlns.com/foaf/0.1/" xmlns:dbpedia-owl="http://dbpedia.org/ontology/" xmlns:dcterms="http://purl.org/dc/terms/" xmlns:owl="http://www.w3.org/2002/07/owl#" xmlns:rdfs="http://www.w3.org/2000/01/rdf-schema#" xmlns:rdf="http://www.w3.org/1999/02/22-rdf-syntax-ns#">
  <rdf:Description rdf:about="http://es.dbpedia.org/resource/Latas_de_sopa_Campbell">
    <owl:sameAs rdf:resource="http://dbpedia.org/resource/Campbell's_Soup_Cans"/>
  </rdf:Description>
  <rdf:Description rdf:about="http://pl.dbpedia.org/resource/Puszki_z_zupą_firmy_Campbell">
    <owl:sameAs rdf:resource="http://dbpedia.org/resource/Campbell's_Soup_Cans"/>
  </rdf:Description>
  <rdf:Description rdf:about="http://dbpedia.org/resource/32_Campbell's_Soup_Cans">
    <dbpedia-owl:wikiPageRedirects rdf:resource="http://dbpedia.org/resource/Campbell's_Soup_Cans"/>
  </rdf:Description>
  <rdf:Description rdf:about="http://dbpedia.org/resource/32_Cans_of_Soup">
    <dbpedia-owl:wikiPageRedirects rdf:resource="http://dbpedia.org/resource/Campbell's_Soup_Cans"/>
  </rdf:Description>
  <rdf:Description rdf:about="http://dbpedia.org/resource/Campbell's_Soup_Can">
    <dbpedia-owl:wikiPageRedirects rdf:resource="http://dbpedia.org/resource/Campbell's_Soup_Cans"/>
  </rdf:Description>
  <rdf:Description rdf:about="http://dbpedia.org/resource/Campbell's_Soup_Cans_(1962)">
    <dbpedia-owl:wikiPageRedirects rdf:resource="http://dbpedia.org/resource/Campbell's_Soup_Cans"/>
  </rdf:Description>
  <rdf:Description rdf:about="http://dbpedia.org/resource/Campbells_Soup_Can">
    <dbpedia-owl:wikiPageRedirects rdf:resource="http://dbpedia.org/resource/Campbell's_Soup_Cans"/>
  </rdf:Description>
  <rdf:Description rdf:about="http://dbpedia.org/resource/Campbells_Soup_Cans">
    <dbpedia-owl:wikiPageRedirects rdf:resource="http://dbpedia.org/resource/Campbell's_Soup_Cans"/>
  </rdf:Description>
  <rdf:Description rdf:about="http://dbpedia.org/resource/Warhol_Campbell's_Soup">
    <dbpedia-owl:wikiPageRedirects rdf:resource="http://dbpedia.org/resource/Campbell's_Soup_Cans"/>
  </rdf:Description>
  <rdf:Description rdf:about="http://dbpedia.org/resource/Warhol_Campbell's_Soup_Cans">
    <dbpedia-owl:wikiPageRedirects rdf:resource="http://dbpedia.org/resource/Campbell's_Soup_Cans"/>
  </rdf:Description>
  <rdf:Description rdf:about="http://fr.dbpedia.org/resource/Campbell's_Soup_Cans">
    <owl:sameAs rdf:resource="http://dbpedia.org/resource/Campbell's_Soup_Cans"/>
  </rdf:Description>
  <rdf:Description rdf:about="http://pt.dbpedia.org/resource/Latas_de_Sopa_Campbell">
    <owl:sameAs rdf:resource="http://dbpedia.org/resource/Campbell's_Soup_Cans"/>
  </rdf:Description>
  <rdf:Description rdf:about="http://en.wikipedia.org/wiki/Campbell's_Soup_Cans">
    <foaf:primaryTopic rdf:resource="http://dbpedia.org/resource/Campbell's_Soup_Cans"/>
  </rdf:Description>
  <rdf:Description rdf:about="http://dbpedia.org/resource/Campbell's_Soup_Cans">
    <rdf:type rdf:resource="http://dbpedia.org/class/yago/PaintingsOfTheMuseumOfModernArt"/>
    <rdf:type rdf:resource="http://dbpedia.org/class/yago/Artifact100021939"/>
    <rdf:type rdf:resource="http://dbpedia.org/class/yago/Creation103129123"/>
    <rdf:type rdf:resource="http://dbpedia.org/class/yago/Painting103876519"/>
    <rdf:type rdf:resource="http://dbpedia.org/class/yago/Whole100003553"/>
    <rdf:type rdf:resource="http://dbpedia.org/class/yago/GraphicArt103453809"/>
    <rdf:type rdf:resource="http://dbpedia.org/class/yago/1962Paintings"/>
    <rdf:type rdf:resource="http://www.w3.org/2002/07/owl#Thing"/>
    <rdf:type rdf:resource="http://dbpedia.org/ontology/Work"/>
    <rdf:type rdf:resource="http://dbpedia.org/class/yago/Art102743547"/>
    <rdf:type rdf:resource="http://dbpedia.org/class/yago/PaintingsByAndyWarhol"/>
    <rdf:type rdf:resource="http://dbpedia.org/ontology/Artwork"/>
    <rdf:type rdf:resource="http://schema.org/CreativeWork"/>
    <rdf:type rdf:resource="http://dbpedia.org/class/yago/PhysicalEntity100001930"/>
    <rdf:type rdf:resource="http://dbpedia.org/class/yago/Object100002684"/>
    <owl:sameAs rdf:resource="http://fr.dbpedia.org/resource/Campbell's_Soup_Cans"/>
    <owl:sameAs rdf:resource="http://pl.dbpedia.org/resource/Puszki_z_zupą_firmy_Campbell"/>
    <owl:sameAs rdf:resource="http://pt.dbpedia.org/resource/Latas_de_Sopa_Campbell"/>
    <owl:sameAs rdf:resource="http://dbpedia.org/resource/Campbell's_Soup_Cans"/>
    <owl:sameAs rdf:resource="http://zh.dbpedia.org/resource/金寶湯罐頭_(藝術作品)"/>
    <owl:sameAs rdf:resource="http://tr.dbpedia.org/resource/Campbell's_Soup_Cans"/>
    <owl:sameAs rdf:resource="http://www.wikidata.org/entity/Q2697937"/>
    <owl:sameAs rdf:resource="http://yago-knowledge.org/resource/Campbell's_Soup_Cans"/>
    <owl:sameAs rdf:resource="http://es.dbpedia.org/resource/Latas_de_sopa_Campbell"/>
    <owl:sameAs rdf:resource="http://rdf.freebase.com/ns/m.0264r0p"/>
    <owl:sameAs rdf:resource="http://fa.dbpedia.org/resource/قوطی‌های_سوپ_کمپبل"/>
    <owl:sameAs rdf:resource="http://ja.dbpedia.org/resource/キャンベルのスープ缶"/>
    <owl:sameAs rdf:resource="http://he.dbpedia.org/resource/פחיות_המרק_של_קמפבל"/>
    <dcterms:subject rdf:resource="http://dbpedia.org/resource/Category:American_art"/>
    <dcterms:subject rdf:resource="http://dbpedia.org/resource/Category:Paintings_of_the_Museum_of_Modern_Art"/>
    <dcterms:subject rdf:resource="http://dbpedia.org/resource/Category:1962_paintings"/>
    <dcterms:subject rdf:resource="http://dbpedia.org/resource/Category:Paintings_by_Andy_Warhol"/>
    <dcterms:subject rdf:resource="http://dbpedia.org/resource/Category:Pop_art"/>
    <dcterms:subject rdf:resource="http://dbpedia.org/resource/Category:Campbell_Soup_Company"/>
    <dcterms:subject rdf:resource="http://dbpedia.org/resource/Category:Painting_series"/>
    <dbpedia-owl:abstract xml:lang="zh">金宝汤罐头（Campbell's Soup Cans），有時被稱作32罐金宝汤罐头（32 Campbell's Soup Cans）是一幅由美國藝術家安迪·沃荷於1962年所創作的藝術作品。 作品包括三十二塊帆布，每一小塊分別的面積為20 × 16 英寸（50.8 × 40.6 厘米），上面畫著一個金寶湯罐頭，每一個為當時罐頭湯製造商旗下不同口味的產品。每一幅繪圖都使用了半機器化的絲網印刷技術，以非畫性的風格製作。《金寶罐頭湯》利用流行文化作為創作主題，並帶領著普普藝術榮登大雅之堂，打入主流的藝術運動。 對於成功地由插畫家搖身一變成為了作家、畫家與導演的安迪·沃荷來說，這個作品使他開了第一次作為美術家的個人美術館展覽。是次展覽標誌著普普藝術的種子開始在美國西岸萌芽。作品的半機器化製作過程、非畫性的風格，以至濃郁的商業主題起初曾經在美術界引起冒犯，那是由於現世的商業主義正好跟抽象表現主義的哲理觀和表現手法對著幹。二次大戰以後，抽象表現主義橫行其道，並積極提倡美術與美學以外的神秘傾向。這個衝突引起一大堆對這幅作品的價值與道德問題的爭論，安迪·沃荷作為一個藝術家的動機亦因此備受質疑，時至今日這依然是一個熱門話題。輿論令到沃荷從一位熟練的五十年代商業插畫家轉型為顯著的美術家，並使他從其他普普藝術的後起之秀明顯地分野出來。儘管對於其作品的商業需求並不是突如其來，這幅作品令他的名字跟金寶湯罐頭繪圖劃上等號。 之後，沃荷在他三個截然不同的職業生涯中再發表了一系列有關金寶湯罐頭的作品，並為他其他作品從傳媒與商業世界裡引入大量的創作素材。今天，「金寶湯罐頭主題」一般是指原本的一套作品，以及之後沃荷為金寶湯罐頭所畫的素描和繪畫。結果，這些主題相近的作品越來越受大眾歡迎，不但令沃荷名聲大噪，成為美國最著名的普普藝術家 ，更一度是最高身價的美國畫家。</dbpedia-owl:abstract>
    <dbpedia-owl:abstract xml:lang="pl">Seria obrazów Puszki z zupą firmy Campbell (ang. Campbell’s Soup Cans), nazywana czasami 32 puszkami z zupą firmy Campbell (ang. 32 Campbell’s Soup Cans), to dzieło namalowane przez Andy’ego Warhola w 1962 roku. Składają się na nie trzydzieści dwa płótna, każde o wymiarach 51 cm × 41 cm, które przedstawiają puszkę z zupą firmy Campbell we wszystkich dostępnych w tamtych czasach smakach. Pojedyncze obrazy stworzono techniką serigrafii. Seria Puszki zupy firmy Campbell nawiązuje do tematów związanych z kulturą masową. Pomogła ona pop-artowi stać się najpopularniejszym nurtem artystycznym w Stanach Zjednoczonych. Warhol, znany ilustrator reklamowy, a także pisarz, wydawca, malarz i reżyser filmowy, zaprezentował tę serię 9 lipca 1962 roku na swojej pierwszej indywidualnej wystawie w galerii sztuki Ferus w Kalifornii. Wystawa była zarazem debiutem pop-artu na Zachodnim Wybrzeżu. Połączenie na wpół zmechanizowanego procesu tworzenia, niemalarskiego stylu i przedmiotu masowej konsumpcji początkowo uznano za obraźliwe – praca w sposób bezpośredni przedstawiająca szary komercjalizm była wyraźną zniewagą techniki i filozofii ekspresjonizmu abstrakcyjnego. Ten nurt artystyczny dominował w Stanach Zjednoczonych po II wojnie światowej i dotyczył nie tylko wartości „sztuki pięknej” czy estetyki, lecz również upodobań mistycznych. Kontrowersje wywołały wiele dyskusji na temat wartości i etyki pracy Warhola. Zakwestionowano również jego motywy jako artysty, o których dyskutuje się nawet obecnie. Wyraźne publiczne zainteresowanie pomogło Warholowi przemienić się ze znakomitego ilustratora reklamowego z lat 50. w wybitnego artystę i ułatwiło mu wybicie się spośród innych wschodzących artystów zajmujących się sztuką popularną. Chociaż zainteresowanie jego pracami nie było natychmiastowe, nazwisko Warhola wkrótce zaczęto jednoznacznie kojarzyć z obrazami z puszkami z zupą Campbella. Podczas trzech okresów swojej kariery Warhol stworzył również inne dzieła przedstawiające puszki ze słynną zupą czy rozmaite produkty ze świata reklamy i środków masowego przekazu. Obecnie tematyka puszek z zupą firmy Campbell dotyczy pierwszej serii obrazów, jak i późniejszych rysunków i prac Warhola ukazujących puszki. Ze względu na popularność serii, w skład których wchodziły prace o podobnej tematyce, Warhol stał się tak sławny, że był nie tylko najbardziej uznanym, lecz również najlepiej zarabiającym żyjącym amerykańskim artystą pop-artu.</dbpedia-owl:abstract>
    <dbpedia-owl:abstract xml:lang="en">Campbell's Soup Cans, which is sometimes referred to as 32 Campbell's Soup Cans, is a work of art produced in 1962 by Andy Warhol. It consists of thirty-two canvases, each measuring 20 inches in height × 16 inches in width and each consisting of a painting of a Campbell's Soup can—one of each of the canned soup varieties the company offered at the time. The individual paintings were produced by a printmaking method—the semi-mechanized screen printing process, using a non-painterly style. Campbell's Soup Cans' reliance on themes from popular culture helped to usher in pop art as a major art movement in the USA. Warhol, a commercial illustrator who became a successful author, publisher, painter, and film director, showed the work on July 9, 1962 in his first one-man gallery exhibition as a fine artist in the Ferus Gallery of Los Angeles, California. The exhibition marked the West Coast debut of pop art. The combination of the semi-mechanized process, the non-painterly style, and the commercial subject initially caused offense, as the work's blatantly mundane commercialism represented a direct affront to the technique and philosophy of abstract expressionism. In the United States the abstract expressionism art movement was dominant during the post-war period, and it held not only to "fine art" values and aesthetics but also to a mystical inclination. This controversy led to a great deal of debate about the merits and ethics of such work. Warhol's motives as an artist were questioned, and they continue to be topical to this day. The large public commotion helped transform Warhol from being an accomplished 1950s commercial illustrator to a notable fine artist, and it helped distinguish him from other rising pop artists. Although commercial demand for his paintings was not immediate, Warhol's association with the subject led to his name becoming synonymous with the Campbell's Soup can paintings. Warhol subsequently produced a wide variety of art works depicting Campbell's Soup cans during three distinct phases of his career, and he produced other works using a variety of images from the world of commerce and mass media. Today, the Campbell's Soup cans theme is generally used in reference to the original set of paintings as well as the later Warhol drawings and paintings depicting Campbell's Soup cans. Because of the eventual popularity of the entire series of similarly themed works, Warhol's reputation grew to the point where he was not only the most-renowned American pop art artist, but also the highest-priced living American artist.</dbpedia-owl:abstract>
    <dbpedia-owl:abstract xml:lang="fr">Campbell's Soup Cans, souvent appelée 32 boîtes de soupe Campbell, est une œuvre d'art créée en 1962 par Andy Warhol. Elle est composée de trente-deux toiles peintes, mesurant chacune 50,8x40,6 cm (20x16 inches), et représentant chacune une boîte de conserve appertisée de soupe Campbell – une de chaque variété de soupe en conserve proposée par la marque à cette époque. Les peintures individuelles ont été fabriquées avec un procédé sérigraphique semi-mécanique, dans un style non pictural. Cette œuvre, basée sur des thèmes de la culture populaire, a propulsé le pop art comme mouvement artistique majeur aux États-Unis. Andy Warhol, un dessinateur publicitaire qui deviendra un auteur, éditeur, peintre et réalisateur de films à succès, présente ce travail le 9 juillet 1962 lors de sa première exposition en tant qu’artiste, à la galerie Ferus de Los Angeles en Californie. Cette exposition marquera le début du pop art sur la côte est des États-Unis. La combinaison du processus semi-mécanique, du style non-pictural et l’aspect commercial du sujet commence par choquer, car le mercantilisme flagrant de l’œuvre représente un affront direct à la technique et à la philosophie de l'expressionnisme abstrait. En effet, ce mouvement artistique est le courant dominant pendant la période d’après-guerre et, s’il se prévaut des valeurs et de l’esthétique des beaux-arts, il comprend également une dimension mystique. Cette controverse conduit a de nombreux débats sur les mérites et l’éthique de ce type de travail. On se questionnait, et on se questionne aujourd’hui encore, sur les motivations de Warhol en tant qu’artiste. L’importante agitation publique aide à transformer Warhol, dessinateur publicitaire accompli des années 50, en un artiste connu, et à le distinguer des autres artistes montants du pop art. Bien que la demande commerciale pour ses peintures ne soit pas immédiate, l’association de Warhol avec ce sujet fait de son nom un synonyme des peintures de boîtes de soupe Campbell. Par la suite, Warhol produit une large variété de travaux artistiques représentant des boîtes de soupe Campbell tout au long des trois phases distinctes de sa carrière et il crée d’autres œuvres en utilisant diverses images du monde du commerce ou des médias. Aujourd’hui, le thème des boîtes de soupe Campbell fait généralement référence autant à la série originale de peintures qu’à d’autres dessins et peintures de Warhol dépeignant la célèbre marque. Suite à la popularité qui a suivi toutes les séries de travaux basés sur le même thème, la réputation de Warhol augmente au point qu’il devient non seulement l’artiste de pop’art le plus renommé mais également l’artiste américain le plus coté de son vivant.</dbpedia-owl:abstract>
    <dbpedia-owl:abstract xml:lang="es">Latas de sopa Campbell (cuyo título original en inglés es Campbell's Soup Cans), también conocida como 32 latas de sopa Campbell, es una obra de arte producida en 1962 por el artista estadounidense Andy Warhol. Consiste en treinta y dos lienzos, cada uno de 50,8 cm de alto por 40,6 cm de ancho (20 x 16 pulgadas) y con una pintura de una lata de sopa Campbell —cada una de las variedades de sopa enlatada que la compañía ofrecía en aquella época—. Las pinturas individuales fueron realizadas con un proceso semimecanizado de serigrafía. El apoyo de Campbell's Soup Cans en temas de cultura popular ayudó al arte pop a instalarse como un movimiento artístico de trascendencia. Para Warhol, un ilustrador comercial que se convertiría en un exitoso autor, pintor y director de cine, esta obra constituyó su primera exposición individual en una galería de arte como artista profesional. La obra, expuesta por primera vez en la Galería Ferus de Los Ángeles, marcó el debut del arte pop en la Costa oeste de los Estados Unidos. Al principio, la combinación del proceso semimecanizado, el estilo y el tema comercial causaron molestia, ya que el evidente comercialismo mundano representaba una afrenta directa a la técnica y filosofía del expresionismo abstracto, un movimiento artístico que fue dominante durante el periodo posterior a la Segunda Guerra Mundial y que se aferraba no sólo a los valores y la estética de las «Bellas Artes», sino también a una inclinación mística. Esta controversia condujo a un gran debate acerca de la ética y los méritos que suponían tal trabajo. Los motivos de Warhol como artista fueron cuestionados, y lo continúan siendo hoy en día. La gran conmoción pública ayudó a transformar a Warhol de un experimentado ilustrador comercial de los años 1950 a un notable artista de bellas artes, y lo hizo distinguirse de otros artistas pop emergentes. Aunque la demanda comercial por sus pinturas no fue inmediata, la relación de Warhol con el tema llevó a que su nombre se convirtiera en sinónimo de las pinturas de Latas de sopa Campbell. Posteriormente, Warhol produjo una amplia variedad de obras de arte que representaban latas de sopa Campbell, así como otras obras basándose en una gran variedad de imágenes del mundo del comercio y de los medios de comunicación. El término Latas de sopa Campbell generalmente es usado en referencia a la serie original de pinturas así como a los dibujos y pinturas que Warhol realizó posteriormente y que igualmente representan latas de sopa Campbell. Debido a la popularidad que al final cobraría la serie entera, la reputación de Warhol creció hasta un punto donde no sólo era el artista pop estadounidense de mayor renombre, sino también el artista estadounidense vivo más cotizado del momento.</dbpedia-owl:abstract>
    <dbpedia-owl:abstract xml:lang="pt">Latas de sopa Campbell (cujo título original em inglês é Campbell's Soup Cans), também conhecida como 32 latas de sopa Campbell, é uma obra de arte produzida em 1962 pelo artista norte-americano Andy Warhol. Consiste em 32 quadros, cada um com 50,8 cm de altura por 40,6 cm de largura, com a pintura de uma lata de sopa Campbell — cada uma das variedades de sopa enlatada que a companhia oferecia naquela época. As pinturas individuais foram realizadas com um processo semimecanizado de serigrafia. O apoio da Campbell's Soup Cans, em temas da cultura popular, ajudou a arte pop a instalar-se como um dos principais movimentos artísticos nos Estados Unidos. Warhol, um desenhador comercial que se tornou um autor, editor, pintor e realizador de sucesso, apresentou este trabalho em 9 de Julho de 1962, na sua primeira exposição individual numa galeria como artista de belas artes na Galeria Ferus em Los Angeles, California. A exposição marcou a estreia da pop art na Costa Oeste dos Estados Unidos. A combinação do processo semimecanizado, a ausência aparente do traço do pincel e o tema comercial, causaram alguma ofensa inicial, pois a sua natureza descaradamente comercial e mundana representava um ataque directo à técnica e à filosofia do expressionismo abstrato. Nos Estados Unidos, o movimento artístico de expressionismo abstrato era o dominante durante o pós-Segunda Guerra Mundial, e tinha por base não só os valores e a estética das Belas Artes, mas também um lado místico. Esta controvérsia originou uma grande controvérsia sobre a ética e o mérito do trabalho de Warhol. Os temas de Warhol, enquanto artista, foram questionados na época, e continuam a sê-lo. O impacto que teve no público ajudou Warhol a passar de um mero desenhador comercial da década de 1950, para um artista plástico notável, e diferenciou-o dos outros artistas em ascensão. Apesar de a procura comercial pelas suas pinturas não ter sido imediata, a associação de Warhol a este trabalho fez com que o seu nome passasse a ser sinónimo das pinturas das Latas de Sopa Campbell. Ao longo da sua vida, Warhol elaborou uma grande diversidade de outras obras de arte tendo por tema as Latas de sopa Campbell durante três fases distintas da sua carreira, e produziu outros trabalhos utilizando várias imagens de contexto comercial e mediático. Hoje em dia, o tema das Latas de sopa Campbell é geralmente utilizado para fazer referência tanto ao trabalho original, como aos últimos desenhos e pinturas de Warhol onde surgem as Latas de sopa Campbell. Devido à popularidade de todo o conjunto de trabalhos semelhantes, a reputação de Warhol cresceu até ao ponto em que ele se tornou o artista norte-americano de pop art mais conceituado, e também aquele artista vivo cujas obras eram as mais valorizadas no mercado.</dbpedia-owl:abstract>
    <dbpedia-owl:author rdf:resource="http://dbpedia.org/resource/Andy_Warhol"/>
    <dbpedia-owl:museum rdf:resource="http://dbpedia.org/resource/Museum_of_Modern_Art"/>
    <dbpedia-owl:wikiPageID rdf:datatype="http://www.w3.org/2001/XMLSchema#integer">7536709</dbpedia-owl:wikiPageID>
    <dbpedia-owl:wikiPageRevisionID rdf:datatype="http://www.w3.org/2001/XMLSchema#integer">544571410</dbpedia-owl:wikiPageRevisionID>
    <rdfs:label xml:lang="fr">Campbell's Soup Cans</rdfs:label>
    <rdfs:label xml:lang="es">Latas de sopa Campbell</rdfs:label>
    <rdfs:label xml:lang="zh">金寶湯罐頭 (藝術作品)</rdfs:label>
    <rdfs:label xml:lang="pt">Latas de Sopa Campbell</rdfs:label>
    <rdfs:label xml:lang="pl">Puszki z zupą firmy Campbell</rdfs:label>
    <rdfs:label xml:lang="en">Campbell's Soup Cans</rdfs:label>
    <foaf:depiction rdf:resource="http://upload.wikimedia.org/wikipedia/commons/1/1f/Campbells_Soup_Cans_MOMA.jpg"/>
    <rdfs:comment xml:lang="fr">Campbell's Soup Cans, souvent appelée 32 boîtes de soupe Campbell, est une œuvre d'art créée en 1962 par Andy Warhol. Elle est composée de trente-deux toiles peintes, mesurant chacune 50,8x40,6 cm (20x16 inches), et représentant chacune une boîte de conserve appertisée de soupe Campbell – une de chaque variété de soupe en conserve proposée par la marque à cette époque. Les peintures individuelles ont été fabriquées avec un procédé sérigraphique semi-mécanique, dans un style non pictural.</rdfs:comment>
    <rdfs:comment xml:lang="pl">Seria obrazów Puszki z zupą firmy Campbell (ang. Campbell’s Soup Cans), nazywana czasami 32 puszkami z zupą firmy Campbell (ang. 32 Campbell’s Soup Cans), to dzieło namalowane przez Andy’ego Warhola w 1962 roku. Składają się na nie trzydzieści dwa płótna, każde o wymiarach 51 cm × 41 cm, które przedstawiają puszkę z zupą firmy Campbell we wszystkich dostępnych w tamtych czasach smakach. Pojedyncze obrazy stworzono techniką serigrafii.</rdfs:comment>
    <rdfs:comment xml:lang="es">Latas de sopa Campbell (cuyo título original en inglés es Campbell's Soup Cans), también conocida como 32 latas de sopa Campbell, es una obra de arte producida en 1962 por el artista estadounidense Andy Warhol. Consiste en treinta y dos lienzos, cada uno de 50,8 cm de alto por 40,6 cm de ancho (20 x 16 pulgadas) y con una pintura de una lata de sopa Campbell —cada una de las variedades de sopa enlatada que la compañía ofrecía en aquella época—.</rdfs:comment>
    <rdfs:comment xml:lang="pt">Latas de sopa Campbell (cujo título original em inglês é Campbell's Soup Cans), também conhecida como 32 latas de sopa Campbell, é uma obra de arte produzida em 1962 pelo artista norte-americano Andy Warhol. Consiste em 32 quadros, cada um com 50,8 cm de altura por 40,6 cm de largura, com a pintura de uma lata de sopa Campbell — cada uma das variedades de sopa enlatada que a companhia oferecia naquela época. As pinturas individuais foram realizadas com um processo semimecanizado de serigrafia.</rdfs:comment>
    <rdfs:comment xml:lang="zh">金宝汤罐头（Campbell's Soup Cans），有時被稱作32罐金宝汤罐头（32 Campbell's Soup Cans）是一幅由美國藝術家安迪·沃荷於1962年所創作的藝術作品。 作品包括三十二塊帆布，每一小塊分別的面積為20 × 16 英寸（50.8 × 40.6 厘米），上面畫著一個金寶湯罐頭，每一個為當時罐頭湯製造商旗下不同口味的產品。每一幅繪圖都使用了半機器化的絲網印刷技術，以非畫性的風格製作。《金寶罐頭湯》利用流行文化作為創作主題，並帶領著普普藝術榮登大雅之堂，打入主流的藝術運動。 對於成功地由插畫家搖身一變成為了作家、畫家與導演的安迪·沃荷來說，這個作品使他開了第一次作為美術家的個人美術館展覽。是次展覽標誌著普普藝術的種子開始在美國西岸萌芽。作品的半機器化製作過程、非畫性的風格，以至濃郁的商業主題起初曾經在美術界引起冒犯，那是由於現世的商業主義正好跟抽象表現主義的哲理觀和表現手法對著幹。二次大戰以後，抽象表現主義橫行其道，並積極提倡美術與美學以外的神秘傾向。這個衝突引起一大堆對這幅作品的價值與道德問題的爭論，安迪·沃荷作為一個藝術家的動機亦因此備受質疑，時至今日這依然是一個熱門話題。輿論令到沃荷從一位熟練的五十年代商業插畫家轉型為顯著的美術家，並使他從其他普普藝術的後起之秀明顯地分野出來。儘管對於其作品的商業需求並不是突如其來，這幅作品令他的名字跟金寶湯罐頭繪圖劃上等號。 之後，沃荷在他三個截然不同的職業生涯中再發表了一系列有關金寶湯罐頭的作品，並為他其他作品從傳媒與商業世界裡引入大量的創作素材。今天，「金寶湯罐頭主題」一般是指原本的一套作品，以及之後沃荷為金寶湯罐頭所畫的素描和繪畫。結果，這些主題相近的作品越來越受大眾歡迎，不但令沃荷名聲大噪，成為美國最著名的普普藝術家 ，更一度是最高身價的美國畫家。</rdfs:comment>
    <rdfs:comment xml:lang="en">Campbell's Soup Cans, which is sometimes referred to as 32 Campbell's Soup Cans, is a work of art produced in 1962 by Andy Warhol. It consists of thirty-two canvases, each measuring 20 inches in height × 16 inches in width and each consisting of a painting of a Campbell's Soup can—one of each of the canned soup varieties the company offered at the time. The individual paintings were produced by a printmaking method—the semi-mechanized screen printing process, using a non-painterly style.</rdfs:comment>
    <foaf:name xml:lang="en">Campbell's Soup Cans</foaf:name>
    <dbpedia-owl:thumbnail rdf:resource="http://upload.wikimedia.org/wikipedia/commons/thumb/1/1f/Campbells_Soup_Cans_MOMA.jpg/200px-Campbells_Soup_Cans_MOMA.jpg"/>
    <dbpedia-owl:wikiPageExternalLink rdf:resource="http://www.moma.org/collection/browse_results.php?object_id=79809"/>
    <dbpedia-owl:wikiPageExternalLink rdf:resource="http://smarthistory.khanacademy.org/campbells-soup-cans.html"/>
    <dbpprop:align xml:lang="en">right</dbpprop:align>
    <dbpprop:align xml:lang="en">left</dbpprop:align>
    <dbpprop:artist rdf:resource="http://dbpedia.org/resource/Andy_Warhol"/>
    <dbpprop:caption xml:lang="en">Big Torn Campbell's Soup Can , 1962. This is similar to the $11.8 Million 2006 sale and similar to the 1970 record setting sale.</dbpprop:caption>
    <dbpprop:caption xml:lang="en">Campbell's Soup with Can Opener, 1962. Another variation of the originals.</dbpprop:caption>
    <dbpprop:caption xml:lang="en">Crushed Campbell's Soup Can , 1962. Example of a damaged variation.</dbpprop:caption>
    <dbpprop:caption xml:lang="en">Small Torn Campbell's Soup Can , 1962. In May 2006 the painting sold for $11.8 million.</dbpprop:caption>
    <dbpprop:city rdf:resource="http://dbpedia.org/resource/New_York_City"/>
    <dbpprop:dimensions xml:lang="en">each for 32 canvases</dbpprop:dimensions>
    <dbpprop:direction xml:lang="en">horizontal</dbpprop:direction>
    <dbpprop:headerAlign xml:lang="en">left/right/center</dbpprop:headerAlign>
    <dbpprop:image xml:lang="en">Campbell's Soup with Can Opener.jpg</dbpprop:image>
    <dbpprop:image xml:lang="en">Crushed Campbell's Soup Can .JPG</dbpprop:image>
    <dbpprop:image xml:lang="en">Big Torn Campbell’s Soup Can , 1962.jpg</dbpprop:image>
    <dbpprop:image xml:lang="en">Small Torn Campbell’s Soup Can , 1962.jpg</dbpprop:image>
    <dbpprop:imageFile xml:lang="en">Campbells Soup Cans MOMA.jpg</dbpprop:imageFile>
    <dbpprop:museum xml:lang="en">Museum of Modern Art. Acquired through the Lillie P. Bliss Bequest</dbpprop:museum>
    <dbpprop:title xml:lang="en">Campbell's Soup Cans</dbpprop:title>
    <dbpprop:type xml:lang="en">Synthetic polymer paint on canvas</dbpprop:type>
    <dbpprop:video rdf:resource="http://smarthistory.khanacademy.org/campbells-soup-cans.html"/>
    <dbpprop:width rdf:datatype="http://www.w3.org/2001/XMLSchema#integer">142</dbpprop:width>
    <dbpprop:width rdf:datatype="http://www.w3.org/2001/XMLSchema#integer">159</dbpprop:width>
    <dbpprop:width rdf:datatype="http://www.w3.org/2001/XMLSchema#integer">150</dbpprop:width>
    <dbpprop:width rdf:datatype="http://www.w3.org/2001/XMLSchema#integer">161</dbpprop:width>
    <dbpprop:width rdf:datatype="http://www.w3.org/2001/XMLSchema#integer">210</dbpprop:width>
    <dbpprop:year rdf:datatype="http://www.w3.org/2001/XMLSchema#integer">1962</dbpprop:year>
    <foaf:isPrimaryTopicOf rdf:resource="http://en.wikipedia.org/wiki/Campbell's_Soup_Cans"/>
    <ns7:wasDerivedFrom rdf:resource="http://en.wikipedia.org/wiki/Campbell's_Soup_Cans?oldid=544571410"/>
    <dbpprop:hasPhotoCollection rdf:resource="http://wifo5-03.informatik.uni-mannheim.de/flickrwrappr/photos/Campbell's_Soup_Cans"/>
  </rdf:Description>
  <rdf:Description rdf:about="http://dbpedia.org/resource/Campbell's_Soup_Cans_(disambiguation)">
    <dbpedia-owl:wikiPageDisambiguates rdf:resource="http://dbpedia.org/resource/Campbell's_Soup_Cans"/>
  </rdf:Description>
  <rdf:Description rdf:about="http://ja.dbpedia.org/resource/キャンベルのスープ缶">
    <owl:sameAs rdf:resource="http://dbpedia.org/resource/Campbell's_Soup_Cans"/>
  </rdf:Description>
  <rdf:Description rdf:about="http://zh.dbpedia.org/resource/金寶湯罐頭_(藝術作品)">
    <owl:sameAs rdf:resource="http://dbpedia.org/resource/Campbell's_Soup_Cans"/>
  </rdf:Description>
  <rdf:Description rdf:about="http://fa.dbpedia.org/resource/قوطی‌های_سوپ_کمپبل">
    <owl:sameAs rdf:resource="http://dbpedia.org/resource/Campbell's_Soup_Cans"/>
  </rdf:Description>
  <rdf:Description rdf:about="http://he.dbpedia.org/resource/פחיות_המרק_של_קמפבל">
    <owl:sameAs rdf:resource="http://dbpedia.org/resource/Campbell's_Soup_Cans"/>
  </rdf:Description>
  <rdf:Description rdf:about="http://tr.dbpedia.org/resource/Campbell's_Soup_Cans">
    <owl:sameAs rdf:resource="http://dbpedia.org/resource/Campbell's_Soup_Cans"/>
  </rdf:Description>
  <rdf:Description rdf:about="http://wikidata.dbpedia.org/resource/Q2697937">
    <owl:sameAs rdf:resource="http://dbpedia.org/resource/Campbell's_Soup_Cans"/>
  </rdf:Description>
</rdf:RDF>
