<rdf:RDF xmlns:dbpprop="http://dbpedia.org/property/" xmlns:ns6="http://www.w3.org/ns/prov#" xmlns:foaf="http://xmlns.com/foaf/0.1/" xmlns:dbpedia-owl="http://dbpedia.org/ontology/" xmlns:dcterms="http://purl.org/dc/terms/" xmlns:owl="http://www.w3.org/2002/07/owl#" xmlns:rdfs="http://www.w3.org/2000/01/rdf-schema#" xmlns:rdf="http://www.w3.org/1999/02/22-rdf-syntax-ns#">
  <rdf:Description rdf:about="http://dbpedia.org/resource/Carafa_Chapel">
    <rdf:type rdf:resource="http://dbpedia.org/class/yago/1490sPaintings"/>
    <rdf:type rdf:resource="http://dbpedia.org/class/yago/PaintingsByFilippinoLippi"/>
    <rdf:type rdf:resource="http://dbpedia.org/class/yago/GraphicArt103453809"/>
    <rdf:type rdf:resource="http://dbpedia.org/class/yago/Artifact100021939"/>
    <rdf:type rdf:resource="http://dbpedia.org/class/yago/Art102743547"/>
    <rdf:type rdf:resource="http://dbpedia.org/class/yago/Creation103129123"/>
    <rdf:type rdf:resource="http://dbpedia.org/class/yago/1480sPaintings"/>
    <rdf:type rdf:resource="http://dbpedia.org/class/yago/Painting103876519"/>
    <rdf:type rdf:resource="http://dbpedia.org/class/yago/Whole100003553"/>
    <rdf:type rdf:resource="http://dbpedia.org/class/yago/PhysicalEntity100001930"/>
    <rdf:type rdf:resource="http://dbpedia.org/class/yago/Object100002684"/>
    <owl:sameAs rdf:resource="http://dbpedia.org/resource/Carafa_Chapel"/>
    <owl:sameAs rdf:resource="http://www.wikidata.org/entity/Q769964"/>
    <owl:sameAs rdf:resource="http://it.dbpedia.org/resource/Cappella_Carafa"/>
    <owl:sameAs rdf:resource="http://rdf.freebase.com/ns/m.0gfg74v"/>
    <owl:sameAs rdf:resource="http://yago-knowledge.org/resource/Carafa_Chapel"/>
    <dcterms:subject rdf:resource="http://dbpedia.org/resource/Category:Paintings_by_Filippino_Lippi"/>
    <dcterms:subject rdf:resource="http://dbpedia.org/resource/Category:Chapels_in_Italy"/>
    <dcterms:subject rdf:resource="http://dbpedia.org/resource/Category:1490s_paintings"/>
    <dcterms:subject rdf:resource="http://dbpedia.org/resource/Category:1480s_paintings"/>
    <dcterms:subject rdf:resource="http://dbpedia.org/resource/Category:Renaissance_architecture_in_Rome"/>
    <dbpedia-owl:abstract xml:lang="it">La Cappella Carafa si trova nella basilica di Santa Maria sopra Minerva. È celebre per il ciclo di affreschi di Filippino Lippi (1488-1493), è una delle più alte testimonianze dell'arte tardo-quattrocentesca a Roma.</dbpedia-owl:abstract>
    <dbpedia-owl:abstract xml:lang="en">The Carafa Chapel is a chapel in the church of Santa Maria sopra Minerva, Rome, Italy, known for a series of frescoes by Filippino Lippi.</dbpedia-owl:abstract>
    <dbpedia-owl:wikiPageID rdf:datatype="http://www.w3.org/2001/XMLSchema#integer">30723447</dbpedia-owl:wikiPageID>
    <dbpedia-owl:wikiPageRevisionID rdf:datatype="http://www.w3.org/2001/XMLSchema#integer">546092951</dbpedia-owl:wikiPageRevisionID>
    <rdfs:label xml:lang="it">Cappella Carafa</rdfs:label>
    <rdfs:label xml:lang="en">Carafa Chapel</rdfs:label>
    <foaf:depiction rdf:resource="http://upload.wikimedia.org/wikipedia/commons/0/05/Cappalla_carafa_01.jpg"/>
    <rdfs:comment xml:lang="en">The Carafa Chapel is a chapel in the church of Santa Maria sopra Minerva, Rome, Italy, known for a series of frescoes by Filippino Lippi.</rdfs:comment>
    <rdfs:comment xml:lang="it">La Cappella Carafa si trova nella basilica di Santa Maria sopra Minerva. È celebre per il ciclo di affreschi di Filippino Lippi (1488-1493), è una delle più alte testimonianze dell'arte tardo-quattrocentesca a Roma.</rdfs:comment>
    <dbpedia-owl:thumbnail rdf:resource="http://upload.wikimedia.org/wikipedia/commons/thumb/0/05/Cappalla_carafa_01.jpg/200px-Cappalla_carafa_01.jpg"/>
    <dbpedia-owl:wikiPageExternalLink rdf:resource="http://books.google.com/books?id=vNum-E0eXfcC&amp;pg=PA18"/>
    <foaf:isPrimaryTopicOf rdf:resource="http://en.wikipedia.org/wiki/Carafa_Chapel"/>
    <ns6:wasDerivedFrom rdf:resource="http://en.wikipedia.org/wiki/Carafa_Chapel?oldid=546092951"/>
    <dbpprop:hasPhotoCollection rdf:resource="http://wifo5-03.informatik.uni-mannheim.de/flickrwrappr/photos/Carafa_Chapel"/>
  </rdf:Description>
  <rdf:Description rdf:about="http://en.wikipedia.org/wiki/Carafa_Chapel">
    <foaf:primaryTopic rdf:resource="http://dbpedia.org/resource/Carafa_Chapel"/>
  </rdf:Description>
  <rdf:Description rdf:about="http://it.dbpedia.org/resource/Cappella_Carafa">
    <owl:sameAs rdf:resource="http://dbpedia.org/resource/Carafa_Chapel"/>
  </rdf:Description>
  <rdf:Description rdf:about="http://dbpedia.org/resource/Annunciation_with_St._Thomas_and_Cardinal_Carafa">
    <dbpedia-owl:wikiPageRedirects rdf:resource="http://dbpedia.org/resource/Carafa_Chapel"/>
  </rdf:Description>
  <rdf:Description rdf:about="http://dbpedia.org/resource/Cappella_Carafa">
    <dbpedia-owl:wikiPageRedirects rdf:resource="http://dbpedia.org/resource/Carafa_Chapel"/>
  </rdf:Description>
  <rdf:Description rdf:about="http://dbpedia.org/resource/Carafa_chapel">
    <dbpedia-owl:wikiPageRedirects rdf:resource="http://dbpedia.org/resource/Carafa_Chapel"/>
  </rdf:Description>
  <rdf:Description rdf:about="http://wikidata.dbpedia.org/resource/Q769964">
    <owl:sameAs rdf:resource="http://dbpedia.org/resource/Carafa_Chapel"/>
  </rdf:Description>
</rdf:RDF>
