<rdf:RDF xmlns:ns7="http://www.w3.org/ns/prov#" xmlns:dbpprop="http://dbpedia.org/property/" xmlns:foaf="http://xmlns.com/foaf/0.1/" xmlns:dbpedia-owl="http://dbpedia.org/ontology/" xmlns:dcterms="http://purl.org/dc/terms/" xmlns:owl="http://www.w3.org/2002/07/owl#" xmlns:rdfs="http://www.w3.org/2000/01/rdf-schema#" xmlns:rdf="http://www.w3.org/1999/02/22-rdf-syntax-ns#">
  <rdf:Description rdf:about="http://dbpedia.org/resource/Cars_(disambiguation)">
    <dbpedia-owl:wikiPageDisambiguates rdf:resource="http://dbpedia.org/resource/Cars_(painting)"/>
  </rdf:Description>
  <rdf:Description rdf:about="http://dbpedia.org/resource/Car_(disambiguation)">
    <dbpedia-owl:wikiPageDisambiguates rdf:resource="http://dbpedia.org/resource/Cars_(painting)"/>
  </rdf:Description>
  <rdf:Description rdf:about="http://dbpedia.org/resource/Cars_(painting)">
    <rdf:type rdf:resource="http://dbpedia.org/class/yago/PhysicalEntity100001930"/>
    <rdf:type rdf:resource="http://dbpedia.org/class/yago/Creation103129123"/>
    <rdf:type rdf:resource="http://dbpedia.org/class/yago/GraphicArt103453809"/>
    <rdf:type rdf:resource="http://dbpedia.org/class/yago/Whole100003553"/>
    <rdf:type rdf:resource="http://dbpedia.org/ontology/Work"/>
    <rdf:type rdf:resource="http://schema.org/CreativeWork"/>
    <rdf:type rdf:resource="http://dbpedia.org/class/yago/1987Paintings"/>
    <rdf:type rdf:resource="http://dbpedia.org/class/yago/PaintingsByAndyWarhol"/>
    <rdf:type rdf:resource="http://dbpedia.org/class/yago/Art102743547"/>
    <rdf:type rdf:resource="http://dbpedia.org/class/yago/Artifact100021939"/>
    <rdf:type rdf:resource="http://www.w3.org/2002/07/owl#Thing"/>
    <rdf:type rdf:resource="http://dbpedia.org/class/yago/Painting103876519"/>
    <rdf:type rdf:resource="http://dbpedia.org/class/yago/Object100002684"/>
    <rdf:type rdf:resource="http://dbpedia.org/class/yago/UnfinishedPaintings"/>
    <rdf:type rdf:resource="http://dbpedia.org/ontology/Artwork"/>
    <owl:sameAs rdf:resource="http://yago-knowledge.org/resource/Cars_(painting)"/>
    <owl:sameAs rdf:resource="http://dbpedia.org/resource/Cars_(painting)"/>
    <owl:sameAs rdf:resource="http://rdf.freebase.com/ns/m.0br_xl0"/>
    <owl:sameAs rdf:resource="http://www.wikidata.org/entity/Q5046851"/>
    <dcterms:subject rdf:resource="http://dbpedia.org/resource/Category:American_paintings"/>
    <dcterms:subject rdf:resource="http://dbpedia.org/resource/Category:Paintings_by_Andy_Warhol"/>
    <dcterms:subject rdf:resource="http://dbpedia.org/resource/Category:Unfinished_paintings"/>
    <dcterms:subject rdf:resource="http://dbpedia.org/resource/Category:1987_paintings"/>
    <dcterms:subject rdf:resource="http://dbpedia.org/resource/Category:Polyptychs"/>
    <dcterms:subject rdf:resource="http://dbpedia.org/resource/Category:Mercedes-Benz"/>
    <dcterms:subject rdf:resource="http://dbpedia.org/resource/Category:Painting_series"/>
    <dbpedia-owl:abstract xml:lang="en">Cars is a series of artworks by the American artist Andy Warhol, commissioned by Mercedes-Benz in 1986. A German art dealer, Hans Meyer, commissioned the first painting, of a 300SL coupe, to celebrate the 1986 centenary of the invention of the motor car. When Mercedes-Benz saw the result, it commissioned the entire series, which was to track the evolution of its designs from the Benz Patent-Motorwagen 1885, Daimler Motor Carriage (1886), and Mercedes 35 hp (1901), to the Mercedes-Benz W125, and the Mercedes-Benz C111. Now part of Mercedes-Benz's corporate art collection, Cars was unfinished at the time of Warhol's death in 1987. Warhol completed 36 silkscreen prints and 13 drawings of eight Mercedes models before his death. Warhol had planned to cover 20 models in 80 pieces. The series was based on photographs of cars, and were the first non-American designed objects that Warhol had portrayed in his work. Cars has been exhibited just twice in its entirety in public: in Tübingen in 1988, and at the Albertina, Vienna from 22 January–16 May 2010. Half of the series was shown in Milton Keynes in September 2001. Cars was Warhol's second automotive art project. In 1979 Warhol was commissioned by BMW to paint a Group 4 race version of the then elite supercar BMW M1 for the fourth installment in the BMW Art Car Project. Unlike the three artists before him, Warhol declined the use of a small scale practice model, instead opting to immediately paint directly onto the full scale automobile. It was indicated that Warhol spent only a total of 23 minutes painting the entire car. Warhol's work for Mercedes Benz and his similar commissions for Perrier have been criticized as "undistinguished glitz", with critics lamenting Warhol's "passionate avarice", accusing him of crossing the line into advertisements for their subjects.</dbpedia-owl:abstract>
    <dbpedia-owl:author rdf:resource="http://dbpedia.org/resource/Andy_Warhol"/>
    <dbpedia-owl:wikiPageID rdf:datatype="http://www.w3.org/2001/XMLSchema#integer">27115882</dbpedia-owl:wikiPageID>
    <dbpedia-owl:wikiPageRevisionID rdf:datatype="http://www.w3.org/2001/XMLSchema#integer">524912771</dbpedia-owl:wikiPageRevisionID>
    <rdfs:label xml:lang="en">Cars (painting)</rdfs:label>
    <foaf:depiction rdf:resource="http://upload.wikimedia.org/wikipedia/commons/5/50/Cars_art_work_by_Andy_Warhol_-_1986.jpeg"/>
    <rdfs:comment xml:lang="en">Cars is a series of artworks by the American artist Andy Warhol, commissioned by Mercedes-Benz in 1986. A German art dealer, Hans Meyer, commissioned the first painting, of a 300SL coupe, to celebrate the 1986 centenary of the invention of the motor car.</rdfs:comment>
    <foaf:name xml:lang="en">Mercedes-Benz Typ C 111 Versuchswagen, 1970</foaf:name>
    <dbpedia-owl:thumbnail rdf:resource="http://upload.wikimedia.org/wikipedia/commons/thumb/5/50/Cars_art_work_by_Andy_Warhol_-_1986.jpeg/200px-Cars_art_work_by_Andy_Warhol_-_1986.jpeg"/>
    <dbpprop:artist rdf:resource="http://dbpedia.org/resource/Andy_Warhol"/>
    <dbpprop:city rdf:resource="http://dbpedia.org/resource/Stuttgart"/>
    <dbpprop:city rdf:resource="http://dbpedia.org/resource/Germany"/>
    <dbpprop:imageFile xml:lang="en">Cars art work by Andy Warhol - 1986.jpeg</dbpprop:imageFile>
    <dbpprop:imageSize rdf:datatype="http://www.w3.org/2001/XMLSchema#integer">200</dbpprop:imageSize>
    <dbpprop:museum xml:lang="en">Mercedes-Benz' corporate art collection</dbpprop:museum>
    <dbpprop:title xml:lang="en">Mercedes-Benz Typ C 111 Versuchswagen, 1970</dbpprop:title>
    <dbpprop:type rdf:resource="http://dbpedia.org/resource/Screen_printing"/>
    <dbpprop:type rdf:resource="http://dbpedia.org/resource/Painting"/>
    <dbpprop:year rdf:datatype="http://www.w3.org/2001/XMLSchema#integer">1986</dbpprop:year>
    <foaf:isPrimaryTopicOf rdf:resource="http://en.wikipedia.org/wiki/Cars_(painting)"/>
    <ns7:wasDerivedFrom rdf:resource="http://en.wikipedia.org/wiki/Cars_(painting)?oldid=524912771"/>
    <dbpprop:hasPhotoCollection rdf:resource="http://wifo5-03.informatik.uni-mannheim.de/flickrwrappr/photos/Cars_(painting)"/>
  </rdf:Description>
  <rdf:Description rdf:about="http://en.wikipedia.org/wiki/Cars_(painting)">
    <foaf:primaryTopic rdf:resource="http://dbpedia.org/resource/Cars_(painting)"/>
  </rdf:Description>
  <rdf:Description rdf:about="http://wikidata.dbpedia.org/resource/Q5046851">
    <owl:sameAs rdf:resource="http://dbpedia.org/resource/Cars_(painting)"/>
  </rdf:Description>
</rdf:RDF>
