<rdf:RDF xmlns:dbpprop="http://dbpedia.org/property/" xmlns:ns6="http://www.w3.org/ns/prov#" xmlns:foaf="http://xmlns.com/foaf/0.1/" xmlns:dbpedia-owl="http://dbpedia.org/ontology/" xmlns:dcterms="http://purl.org/dc/terms/" xmlns:owl="http://www.w3.org/2002/07/owl#" xmlns:rdfs="http://www.w3.org/2000/01/rdf-schema#" xmlns:rdf="http://www.w3.org/1999/02/22-rdf-syntax-ns#">
  <rdf:Description rdf:about="http://dbpedia.org/resource/Cave_paintings_in_India">
    <rdf:type rdf:resource="http://dbpedia.org/class/yago/Whole100003553"/>
    <rdf:type rdf:resource="http://dbpedia.org/class/yago/GraphicArt103453809"/>
    <rdf:type rdf:resource="http://dbpedia.org/class/yago/FrescoPaintings"/>
    <rdf:type rdf:resource="http://dbpedia.org/class/yago/PhysicalEntity100001930"/>
    <rdf:type rdf:resource="http://dbpedia.org/class/yago/IndianPaintings"/>
    <rdf:type rdf:resource="http://dbpedia.org/class/yago/Creation103129123"/>
    <rdf:type rdf:resource="http://dbpedia.org/class/yago/Artifact100021939"/>
    <rdf:type rdf:resource="http://dbpedia.org/class/yago/Art102743547"/>
    <rdf:type rdf:resource="http://dbpedia.org/class/yago/Object100002684"/>
    <rdf:type rdf:resource="http://dbpedia.org/class/yago/Painting103876519"/>
    <owl:sameAs rdf:resource="http://www.wikidata.org/entity/Q5054966"/>
    <owl:sameAs rdf:resource="http://yago-knowledge.org/resource/Cave_paintings_in_India"/>
    <owl:sameAs rdf:resource="http://dbpedia.org/resource/Cave_paintings_in_India"/>
    <owl:sameAs rdf:resource="http://rdf.freebase.com/ns/m.07kjp70"/>
    <dcterms:subject rdf:resource="http://dbpedia.org/resource/Category:Culture_of_Maharashtra"/>
    <dcterms:subject rdf:resource="http://dbpedia.org/resource/Category:Rock_art_in_India"/>
    <dcterms:subject rdf:resource="http://dbpedia.org/resource/Category:Indian_paintings"/>
    <dcterms:subject rdf:resource="http://dbpedia.org/resource/Category:Fresco_paintings"/>
    <dbpedia-owl:abstract xml:lang="en">Almost all early painting in India survives in caves, as very few buildings from Ancient India survive, and though these were probably often painted, the work has been lost. The history of cave paintings in India range from drawings and paintings from prehistoric times, beginning around 30,000 BCE in the caves of Central India, typified by those at the Bhimbetka rock shelters to elaborate frescoes at sites such as the rock-cut artificial caves at Ajanta and Ellora, extending as late as the 8th - 10th century CE.</dbpedia-owl:abstract>
    <dbpedia-owl:wikiPageID rdf:datatype="http://www.w3.org/2001/XMLSchema#integer">24143197</dbpedia-owl:wikiPageID>
    <dbpedia-owl:wikiPageRevisionID rdf:datatype="http://www.w3.org/2001/XMLSchema#integer">518037835</dbpedia-owl:wikiPageRevisionID>
    <rdfs:label xml:lang="en">Cave paintings in India</rdfs:label>
    <foaf:depiction rdf:resource="http://upload.wikimedia.org/wikipedia/commons/5/5d/Bhimbetka_Cave_Paintings.jpg"/>
    <rdfs:comment xml:lang="en">Almost all early painting in India survives in caves, as very few buildings from Ancient India survive, and though these were probably often painted, the work has been lost.</rdfs:comment>
    <dbpedia-owl:thumbnail rdf:resource="http://upload.wikimedia.org/wikipedia/commons/thumb/5/5d/Bhimbetka_Cave_Paintings.jpg/200px-Bhimbetka_Cave_Paintings.jpg"/>
    <foaf:isPrimaryTopicOf rdf:resource="http://en.wikipedia.org/wiki/Cave_paintings_in_India"/>
    <ns6:wasDerivedFrom rdf:resource="http://en.wikipedia.org/wiki/Cave_paintings_in_India?oldid=518037835"/>
    <dbpprop:hasPhotoCollection rdf:resource="http://wifo5-03.informatik.uni-mannheim.de/flickrwrappr/photos/Cave_paintings_in_India"/>
  </rdf:Description>
  <rdf:Description rdf:about="http://en.wikipedia.org/wiki/Cave_paintings_in_India">
    <foaf:primaryTopic rdf:resource="http://dbpedia.org/resource/Cave_paintings_in_India"/>
  </rdf:Description>
  <rdf:Description rdf:about="http://wikidata.dbpedia.org/resource/Q5054966">
    <owl:sameAs rdf:resource="http://dbpedia.org/resource/Cave_paintings_in_India"/>
  </rdf:Description>
</rdf:RDF>
