<rdf:RDF xmlns:ns7="http://www.w3.org/ns/prov#" xmlns:dbpprop="http://dbpedia.org/property/" xmlns:foaf="http://xmlns.com/foaf/0.1/" xmlns:dbpedia-owl="http://dbpedia.org/ontology/" xmlns:dcterms="http://purl.org/dc/terms/" xmlns:owl="http://www.w3.org/2002/07/owl#" xmlns:rdfs="http://www.w3.org/2000/01/rdf-schema#" xmlns:rdf="http://www.w3.org/1999/02/22-rdf-syntax-ns#">
  <rdf:Description rdf:about="http://dbpedia.org/resource/Chalk_Cliffs_on_Rügen">
    <owl:sameAs rdf:resource="http://dbpedia.org/resource/Chalk_Cliffs_on_R%C3%BCgen"/>
  </rdf:Description>
  <rdf:Description rdf:about="http://en.wikipedia.org/wiki/Chalk_Cliffs_on_Rügen">
    <foaf:primaryTopic rdf:resource="http://dbpedia.org/resource/Chalk_Cliffs_on_R%C3%BCgen"/>
  </rdf:Description>
  <rdf:Description rdf:about="http://dbpedia.org/resource/Kreidefelsen_auf_R%C3%BCgen">
    <dbpedia-owl:wikiPageRedirects rdf:resource="http://dbpedia.org/resource/Chalk_Cliffs_on_R%C3%BCgen"/>
  </rdf:Description>
  <rdf:Description rdf:about="http://dbpedia.org/resource/Chalk_Cliffs_on_Rugen">
    <dbpedia-owl:wikiPageRedirects rdf:resource="http://dbpedia.org/resource/Chalk_Cliffs_on_R%C3%BCgen"/>
  </rdf:Description>
  <rdf:Description rdf:about="http://dbpedia.org/resource/Chalk_Cliffs_on_R%C3%BCgen">
    <rdf:type rdf:resource="http://dbpedia.org/class/yago/PaintingsByCasparDavidFriedrich"/>
    <rdf:type rdf:resource="http://dbpedia.org/class/yago/Art102743547"/>
    <rdf:type rdf:resource="http://dbpedia.org/class/yago/PhysicalEntity100001930"/>
    <rdf:type rdf:resource="http://www.w3.org/2002/07/owl#Thing"/>
    <rdf:type rdf:resource="http://schema.org/CreativeWork"/>
    <rdf:type rdf:resource="http://dbpedia.org/class/yago/Object100002684"/>
    <rdf:type rdf:resource="http://dbpedia.org/class/yago/Painting103876519"/>
    <rdf:type rdf:resource="http://dbpedia.org/ontology/Work"/>
    <rdf:type rdf:resource="http://dbpedia.org/class/yago/Whole100003553"/>
    <rdf:type rdf:resource="http://dbpedia.org/class/yago/Creation103129123"/>
    <rdf:type rdf:resource="http://dbpedia.org/class/yago/GraphicArt103453809"/>
    <rdf:type rdf:resource="http://dbpedia.org/class/yago/1818Paintings"/>
    <rdf:type rdf:resource="http://dbpedia.org/class/yago/Artifact100021939"/>
    <rdf:type rdf:resource="http://dbpedia.org/ontology/Artwork"/>
    <owl:sameAs rdf:resource="http://rdf.freebase.com/ns/m.04zvl32"/>
    <owl:sameAs rdf:resource="http://ru.dbpedia.org/resource/Меловые_скалы_на_острове_Рюген"/>
    <owl:sameAs rdf:resource="http://fr.dbpedia.org/resource/Falaises_de_craie_sur_l'île_de_Rügen"/>
    <owl:sameAs rdf:resource="http://www.wikidata.org/entity/Q1787143"/>
    <owl:sameAs rdf:resource="http://pl.dbpedia.org/resource/Skały_kredowe_na_Rugii"/>
    <owl:sameAs rdf:resource="http://de.dbpedia.org/resource/Kreidefelsen_auf_Rügen"/>
    <owl:sameAs rdf:resource="http://es.dbpedia.org/resource/Acantilados_blancos_en_Rügen"/>
    <owl:sameAs rdf:resource="http://dbpedia.org/resource/Chalk_Cliffs_on_R%C3%BCgen"/>
    <owl:sameAs rdf:resource="http://yago-knowledge.org/resource/Chalk_Cliffs_on_Rügen"/>
    <dcterms:subject rdf:resource="http://dbpedia.org/resource/Category:Paintings_by_Caspar_David_Friedrich"/>
    <dcterms:subject rdf:resource="http://dbpedia.org/resource/Category:1818_paintings"/>
    <dbpedia-owl:abstract xml:lang="es">Acantilados blancos en Rügen (en alemán, Kreidefelsen auf Rügen) es un conocido cuadro del pintor romántico alemán Caspar David Friedrich. Data del año 1818. Se trata de un óleo sobre tela que mide 90,5 centímetros de alto por 71 centímetros de ancho. Actualmente se conserva en la Fundación Oskar Reinhart de Winterthur. Es una de las obras más importantes del romanticismo pictórico y que lo personifica de manera duradera.</dbpedia-owl:abstract>
    <dbpedia-owl:abstract xml:lang="de">Kreidefelsen auf Rügen ist ein um 1818 entstandenes Gemälde von Caspar David Friedrich. Es zählt zu den wichtigsten Werken der Romantik und hat diese nachhaltig geprägt. Das 90,5 × 71 cm große Bild befindet sich heute im Museum Oskar Reinhart in Winterthur.</dbpedia-owl:abstract>
    <dbpedia-owl:abstract xml:lang="fr">Falaises de craie sur l'île de Rügen (connu aussi sous le nom Falaises de craie à Rügen, en allemand Kreidefelsen auf Rügen) est un tableau de Caspar David Friedrich (1774-1840) vers 1818. C’est une huile sur toile d'une dimension de 90,5 x 71cm. Dans ce tableau Friedrich (l'homme allongé) contemple le vide (la mort) et l'homme au chapeau contemple les voiles au loin (les âmes en partance pour ailleurs). Ce tableau se trouve actuellement au Jardin Musée Oskar Reinhart situé dans la ville de Winterthur (Suisse, canton de Zurich).</dbpedia-owl:abstract>
    <dbpedia-owl:abstract xml:lang="ru">«Меловые скалы на острове Рюген» — картина, написанная немецким художником Каспаром Давидом Фридрихом в 1818 году. На картине изображены двое мужчин и девушка, находящиеся на краю пропасти на меловых скалах острова Рюген. С края этой пропасти хорошо просматриватся море, что показано на картине. Далеко в море видны два паруса — символ того, что безбрежные просторы океана покорены человеком. Произведение находится в музее Оскара Рейнгарта, в швейцарском городе Винтертур.</dbpedia-owl:abstract>
    <dbpedia-owl:abstract xml:lang="pl">Skały kredowe na Rugii – obraz namalowany w 1818 roku przez niemieckiego malarza romantycznego, Caspara Davida Friedricha. Obraz powstał na podstawie szkiców wykonanych podczas podróży poślubnej artysty na Rugię. Miejsce przedstawione na obrazie nigdy nie zostało zidentyfikowane. Prawdopodobnie malarz połączył kilka różnych krajobrazów. Dzieło dowodzi znajdowania oryginalnych ujęć i subiektywnego spojrzenia na krajobraz. Stromo wznoszące się skały umożliwiają wgląd w głęboki jar i dal morską. Wąski pierwszy plan zostawia niewiele miejsca wędrowcom. Przedstawiona na obrazie kobieta chwytająca gałęzie krzewu, aby uchronić się przed upadkiem w przepaść, to Christiana Carolina, żona pejzażysty. Jej czerwona suknia symbolizuje chrześcijańską miłość i miłosierdzie. Stary mężczyzna odrzucający laskę i kapelusz oraz na czworakach spoglądający ze skraju urwiska w przepaść jest odniesieniem do rezygnacji i pokory. Jednocześnie pragnie poznania boskiej tajemnicy, ukrytej w świecie natury. Mężczyzna w tradycyjnym, niemieckim kapeluszu jest często utożsamiany z bratem artysty, Christianem. Pogrążoną w rozmyślaniach postać interpretowano też jako uosobienie nadziei. Może to być jednak autoportret Friedricha. Łódź płynąca przez Morze Bałtyckie ku nieznanemu jest alegorią podążania do wieczności – z życia na ziemi do życia w niebie. Symbolizuje długą podróż, którą człowiek musi odbyć by wstąpić do Królestwa Bożego.</dbpedia-owl:abstract>
    <dbpedia-owl:abstract xml:lang="en">Chalk Cliffs on Rügen is an oil painting of circa 1818 by the German Romantic artist Caspar David Friedrich.</dbpedia-owl:abstract>
    <dbpedia-owl:author rdf:resource="http://dbpedia.org/resource/Caspar_David_Friedrich"/>
    <dbpedia-owl:wikiPageID rdf:datatype="http://www.w3.org/2001/XMLSchema#integer">20304102</dbpedia-owl:wikiPageID>
    <dbpedia-owl:wikiPageRevisionID rdf:datatype="http://www.w3.org/2001/XMLSchema#integer">539070811</dbpedia-owl:wikiPageRevisionID>
    <rdfs:label xml:lang="de">Kreidefelsen auf Rügen</rdfs:label>
    <rdfs:label xml:lang="es">Acantilados blancos en Rügen</rdfs:label>
    <rdfs:label xml:lang="ru">Меловые скалы на острове Рюген</rdfs:label>
    <rdfs:label xml:lang="fr">Falaises de craie sur l'île de Rügen</rdfs:label>
    <rdfs:label xml:lang="pl">Skały kredowe na Rugii</rdfs:label>
    <rdfs:label xml:lang="en">Chalk Cliffs on Rügen</rdfs:label>
    <foaf:depiction rdf:resource="http://upload.wikimedia.org/wikipedia/commons/b/b2/Caspar_David_Friedrich_023.jpg"/>
    <rdfs:comment xml:lang="de">Kreidefelsen auf Rügen ist ein um 1818 entstandenes Gemälde von Caspar David Friedrich. Es zählt zu den wichtigsten Werken der Romantik und hat diese nachhaltig geprägt. Das 90,5 × 71 cm große Bild befindet sich heute im Museum Oskar Reinhart in Winterthur.</rdfs:comment>
    <rdfs:comment xml:lang="fr">Falaises de craie sur l'île de Rügen (connu aussi sous le nom Falaises de craie à Rügen, en allemand Kreidefelsen auf Rügen) est un tableau de Caspar David Friedrich (1774-1840) vers 1818. C’est une huile sur toile d'une dimension de 90,5 x 71cm. Dans ce tableau Friedrich (l'homme allongé) contemple le vide (la mort) et l'homme au chapeau contemple les voiles au loin (les âmes en partance pour ailleurs).</rdfs:comment>
    <rdfs:comment xml:lang="pl">Skały kredowe na Rugii – obraz namalowany w 1818 roku przez niemieckiego malarza romantycznego, Caspara Davida Friedricha. Obraz powstał na podstawie szkiców wykonanych podczas podróży poślubnej artysty na Rugię. Miejsce przedstawione na obrazie nigdy nie zostało zidentyfikowane. Prawdopodobnie malarz połączył kilka różnych krajobrazów. Dzieło dowodzi znajdowania oryginalnych ujęć i subiektywnego spojrzenia na krajobraz. Stromo wznoszące się skały umożliwiają wgląd w głęboki jar i dal morską.</rdfs:comment>
    <rdfs:comment xml:lang="ru">«Меловые скалы на острове Рюген» — картина, написанная немецким художником Каспаром Давидом Фридрихом в 1818 году. На картине изображены двое мужчин и девушка, находящиеся на краю пропасти на меловых скалах острова Рюген. С края этой пропасти хорошо просматриватся море, что показано на картине. Далеко в море видны два паруса — символ того, что безбрежные просторы океана покорены человеком. Произведение находится в музее Оскара Рейнгарта, в швейцарском городе Винтертур.</rdfs:comment>
    <rdfs:comment xml:lang="es">Acantilados blancos en Rügen (en alemán, Kreidefelsen auf Rügen) es un conocido cuadro del pintor romántico alemán Caspar David Friedrich. Data del año 1818. Se trata de un óleo sobre tela que mide 90,5 centímetros de alto por 71 centímetros de ancho. Actualmente se conserva en la Fundación Oskar Reinhart de Winterthur. Es una de las obras más importantes del romanticismo pictórico y que lo personifica de manera duradera.</rdfs:comment>
    <rdfs:comment xml:lang="en">Chalk Cliffs on Rügen is an oil painting of circa 1818 by the German Romantic artist Caspar David Friedrich.</rdfs:comment>
    <foaf:name xml:lang="en">Chalk Cliffs on Rügen</foaf:name>
    <dbpedia-owl:thumbnail rdf:resource="http://upload.wikimedia.org/wikipedia/commons/thumb/b/b2/Caspar_David_Friedrich_023.jpg/200px-Caspar_David_Friedrich_023.jpg"/>
    <dbpprop:artist rdf:resource="http://dbpedia.org/resource/Caspar_David_Friedrich"/>
    <dbpprop:city rdf:resource="http://dbpedia.org/resource/Winterthur"/>
    <dbpprop:height rdf:datatype="http://www.w3.org/2001/XMLSchema#double">90.5</dbpprop:height>
    <dbpprop:heightInch rdf:datatype="http://www.w3.org/2001/XMLSchema#double">35.6</dbpprop:heightInch>
    <dbpprop:imageFile xml:lang="en">Caspar David Friedrich 023.jpg</dbpprop:imageFile>
    <dbpprop:museum xml:lang="en">Museum Oskar Reinhart am Stadtgarten</dbpprop:museum>
    <dbpprop:otherLanguage xml:lang="en">German</dbpprop:otherLanguage>
    <dbpprop:otherTitle xml:lang="en">Kreidefelsen auf Rügen</dbpprop:otherTitle>
    <dbpprop:title xml:lang="en">Chalk Cliffs on Rügen</dbpprop:title>
    <dbpprop:type rdf:resource="http://dbpedia.org/resource/Oil_painting"/>
    <dbpprop:width rdf:datatype="http://www.w3.org/2001/XMLSchema#integer">71</dbpprop:width>
    <dbpprop:widthInch rdf:datatype="http://www.w3.org/2001/XMLSchema#double">27.9</dbpprop:widthInch>
    <dbpprop:year rdf:datatype="http://www.w3.org/2001/XMLSchema#integer">1818</dbpprop:year>
    <foaf:isPrimaryTopicOf rdf:resource="http://en.wikipedia.org/wiki/Chalk_Cliffs_on_Rügen"/>
    <ns7:wasDerivedFrom rdf:resource="http://en.wikipedia.org/wiki/Chalk_Cliffs_on_Rügen?oldid=539070811"/>
    <dbpprop:hasPhotoCollection rdf:resource="http://wifo5-03.informatik.uni-mannheim.de/flickrwrappr/photos/Chalk_Cliffs_on_Rügen"/>
  </rdf:Description>
</rdf:RDF>
