<rdf:RDF xmlns:ns7="http://www.w3.org/ns/prov#" xmlns:dbpprop="http://dbpedia.org/property/" xmlns:foaf="http://xmlns.com/foaf/0.1/" xmlns:dbpedia-owl="http://dbpedia.org/ontology/" xmlns:dcterms="http://purl.org/dc/terms/" xmlns:owl="http://www.w3.org/2002/07/owl#" xmlns:rdfs="http://www.w3.org/2000/01/rdf-schema#" xmlns:rdf="http://www.w3.org/1999/02/22-rdf-syntax-ns#">
  <rdf:Description rdf:about="http://dbpedia.org/resource/Charles_I_Insulted_by_Cromwell's_Soldiers">
    <rdf:type rdf:resource="http://dbpedia.org/class/yago/Art102743547"/>
    <rdf:type rdf:resource="http://dbpedia.org/ontology/Artwork"/>
    <rdf:type rdf:resource="http://dbpedia.org/class/yago/GraphicArt103453809"/>
    <rdf:type rdf:resource="http://dbpedia.org/class/yago/Artifact100021939"/>
    <rdf:type rdf:resource="http://dbpedia.org/class/yago/Painting103876519"/>
    <rdf:type rdf:resource="http://schema.org/CreativeWork"/>
    <rdf:type rdf:resource="http://dbpedia.org/class/yago/Object100002684"/>
    <rdf:type rdf:resource="http://www.w3.org/2002/07/owl#Thing"/>
    <rdf:type rdf:resource="http://dbpedia.org/class/yago/Whole100003553"/>
    <rdf:type rdf:resource="http://dbpedia.org/class/yago/PaintingsByPaulDelaroche"/>
    <rdf:type rdf:resource="http://dbpedia.org/class/yago/PhysicalEntity100001930"/>
    <rdf:type rdf:resource="http://dbpedia.org/class/yago/Creation103129123"/>
    <rdf:type rdf:resource="http://dbpedia.org/class/yago/1836Paintings"/>
    <rdf:type rdf:resource="http://dbpedia.org/ontology/Work"/>
    <owl:sameAs rdf:resource="http://yago-knowledge.org/resource/Charles_I_Insulted_by_Cromwell's_Soldiers"/>
    <owl:sameAs rdf:resource="http://www.wikidata.org/entity/Q2959421"/>
    <owl:sameAs rdf:resource="http://fr.dbpedia.org/resource/Charles_Ier_insulté_par_les_soldats_de_Cromwell"/>
    <owl:sameAs rdf:resource="http://rdf.freebase.com/ns/m.0b77csh"/>
    <owl:sameAs rdf:resource="http://dbpedia.org/resource/Charles_I_Insulted_by_Cromwell's_Soldiers"/>
    <dcterms:subject rdf:resource="http://dbpedia.org/resource/Category:Charles_I_of_England"/>
    <dcterms:subject rdf:resource="http://dbpedia.org/resource/Category:1836_paintings"/>
    <dcterms:subject rdf:resource="http://dbpedia.org/resource/Category:Paintings_by_Paul_Delaroche"/>
    <dbpedia-owl:abstract xml:lang="fr">Charles I insulté par les soldats de Cromwell est une peinture à l'huile du peintre français Paul Delaroche représentant le roi Charles I d'Angleterre se faisant railler par les soldats victorieux d'Oliver Cromwell, après la Deuxième guerre civile anglaise, peu avant son exécution en 1649. Achevée en 1836, la toile est considérée comme l'une de ses pièces maîtresse. Le tableau, élément d'une partie de la collection d'Orléans cédée après la Révolution française au 3 duc de Bridgewater, était exposée à Londres. En 1941, suite à la campagne de bombardement du Royaume-Uni par la Luftwaffe qui frappa la Bridgewater House où était exposé le tableau, on a pensé celui-ci définitivement perdu au regard des dégâts causés par l'explosion. En 2009, il est redécouvert en très bon état en Écosse, celui-ci ayant été totalement restauré après avoir été conservé après la guerre.</dbpedia-owl:abstract>
    <dbpedia-owl:abstract xml:lang="en">Charles I Insulted by Cromwell's Soldiers is an oil painting by the French artist Hippolyte Delaroche, depicting Charles I of England taunted by the victorious soldiers of Oliver Cromwell after the Second English Civil War, prior to his execution in 1649. Completed in 1836, it is thought to be one of Delaroche's greatest masterpieces. It was displayed as part of the Bridgewater Collection in London, although it was latterly thought to have been lost when, during The Blitz of 1941, a German bomb struck close to Bridgewater House, causing shrapnel damage to the canvas in the ensuing explosion. In 2009 it was rediscovered in Scotland in an unexpectedly good condition, having been rolled up and stored after the war, but recorded in the intervening years as badly damaged or destroyed. After a partial restoration it went on display in the National Gallery in London, in an exhibition re-appraising Delaroche's work. After the exhibition, it is to be fully restored.</dbpedia-owl:abstract>
    <dbpedia-owl:author rdf:resource="http://dbpedia.org/resource/Paul_Delaroche"/>
    <dbpedia-owl:museum rdf:resource="http://dbpedia.org/resource/National_Gallery"/>
    <dbpedia-owl:wikiPageID rdf:datatype="http://www.w3.org/2001/XMLSchema#integer">26192122</dbpedia-owl:wikiPageID>
    <dbpedia-owl:wikiPageRevisionID rdf:datatype="http://www.w3.org/2001/XMLSchema#integer">545859273</dbpedia-owl:wikiPageRevisionID>
    <rdfs:label xml:lang="en">Charles I Insulted by Cromwell's Soldiers</rdfs:label>
    <rdfs:label xml:lang="fr">Charles Ier insulté par les soldats de Cromwell</rdfs:label>
    <foaf:depiction rdf:resource="http://upload.wikimedia.org/wikipedia/commons/7/70/Charles_I_Insulted_by_Cromwell's_Soldiers.jpg"/>
    <rdfs:comment xml:lang="en">Charles I Insulted by Cromwell's Soldiers is an oil painting by the French artist Hippolyte Delaroche, depicting Charles I of England taunted by the victorious soldiers of Oliver Cromwell after the Second English Civil War, prior to his execution in 1649. Completed in 1836, it is thought to be one of Delaroche's greatest masterpieces.</rdfs:comment>
    <rdfs:comment xml:lang="fr">Charles I insulté par les soldats de Cromwell est une peinture à l'huile du peintre français Paul Delaroche représentant le roi Charles I d'Angleterre se faisant railler par les soldats victorieux d'Oliver Cromwell, après la Deuxième guerre civile anglaise, peu avant son exécution en 1649. Achevée en 1836, la toile est considérée comme l'une de ses pièces maîtresse.</rdfs:comment>
    <foaf:name xml:lang="en">Charles I Insulted by Cromwell's Soldiers</foaf:name>
    <dbpedia-owl:thumbnail rdf:resource="http://upload.wikimedia.org/wikipedia/commons/thumb/7/70/Charles_I_Insulted_by_Cromwell's_Soldiers.jpg/200px-Charles_I_Insulted_by_Cromwell's_Soldiers.jpg"/>
    <dbpprop:alt xml:lang="en">Charles I Insulted by Cromwell's Soldiers</dbpprop:alt>
    <dbpprop:artist rdf:resource="http://dbpedia.org/resource/Paul_Delaroche"/>
    <dbpprop:city rdf:resource="http://dbpedia.org/resource/London"/>
    <dbpprop:heightInch rdf:datatype="http://www.w3.org/2001/XMLSchema#integer">120</dbpprop:heightInch>
    <dbpprop:imageFile xml:lang="en">Charles I Insulted by Cromwell's Soldiers.jpg</dbpprop:imageFile>
    <dbpprop:imageSize rdf:datatype="http://www.w3.org/2001/XMLSchema#integer">300</dbpprop:imageSize>
    <dbpprop:museum rdf:resource="http://dbpedia.org/resource/National_Gallery"/>
    <dbpprop:title xml:lang="en">Charles I Insulted by Cromwell's Soldiers</dbpprop:title>
    <dbpprop:type rdf:resource="http://dbpedia.org/resource/Oil_painting"/>
    <dbpprop:widthInch rdf:datatype="http://www.w3.org/2001/XMLSchema#integer">156</dbpprop:widthInch>
    <foaf:isPrimaryTopicOf rdf:resource="http://en.wikipedia.org/wiki/Charles_I_Insulted_by_Cromwell's_Soldiers"/>
    <ns7:wasDerivedFrom rdf:resource="http://en.wikipedia.org/wiki/Charles_I_Insulted_by_Cromwell's_Soldiers?oldid=545859273"/>
    <dbpprop:hasPhotoCollection rdf:resource="http://wifo5-03.informatik.uni-mannheim.de/flickrwrappr/photos/Charles_I_Insulted_by_Cromwell's_Soldiers"/>
  </rdf:Description>
  <rdf:Description rdf:about="http://fr.dbpedia.org/resource/Charles_Ier_insulté_par_les_soldats_de_Cromwell">
    <owl:sameAs rdf:resource="http://dbpedia.org/resource/Charles_I_Insulted_by_Cromwell's_Soldiers"/>
  </rdf:Description>
  <rdf:Description rdf:about="http://en.wikipedia.org/wiki/Charles_I_Insulted_by_Cromwell's_Soldiers">
    <foaf:primaryTopic rdf:resource="http://dbpedia.org/resource/Charles_I_Insulted_by_Cromwell's_Soldiers"/>
  </rdf:Description>
  <rdf:Description rdf:about="http://wikidata.dbpedia.org/resource/Q2959421">
    <owl:sameAs rdf:resource="http://dbpedia.org/resource/Charles_I_Insulted_by_Cromwell's_Soldiers"/>
  </rdf:Description>
</rdf:RDF>
