<rdf:RDF xmlns:ns7="http://www.w3.org/ns/prov#" xmlns:dbpprop="http://dbpedia.org/property/" xmlns:foaf="http://xmlns.com/foaf/0.1/" xmlns:dbpedia-owl="http://dbpedia.org/ontology/" xmlns:dcterms="http://purl.org/dc/terms/" xmlns:owl="http://www.w3.org/2002/07/owl#" xmlns:rdfs="http://www.w3.org/2000/01/rdf-schema#" xmlns:rdf="http://www.w3.org/1999/02/22-rdf-syntax-ns#">
  <rdf:Description rdf:about="http://pl.dbpedia.org/resource/Zabawy_dziecięce">
    <owl:sameAs rdf:resource="http://dbpedia.org/resource/Children's_Games_(Bruegel)"/>
  </rdf:Description>
  <rdf:Description rdf:about="http://de.dbpedia.org/resource/Die_Kinderspiele">
    <owl:sameAs rdf:resource="http://dbpedia.org/resource/Children's_Games_(Bruegel)"/>
  </rdf:Description>
  <rdf:Description rdf:about="http://it.dbpedia.org/resource/Giochi_di_bambini">
    <owl:sameAs rdf:resource="http://dbpedia.org/resource/Children's_Games_(Bruegel)"/>
  </rdf:Description>
  <rdf:Description rdf:about="http://fr.dbpedia.org/resource/Les_Jeux_d’enfants">
    <owl:sameAs rdf:resource="http://dbpedia.org/resource/Children's_Games_(Bruegel)"/>
  </rdf:Description>
  <rdf:Description rdf:about="http://en.wikipedia.org/wiki/Children's_Games_(Bruegel)">
    <foaf:primaryTopic rdf:resource="http://dbpedia.org/resource/Children's_Games_(Bruegel)"/>
  </rdf:Description>
  <rdf:Description rdf:about="http://dbpedia.org/resource/Children's_Games_(Bruegel)">
    <rdf:type rdf:resource="http://dbpedia.org/class/yago/Whole100003553"/>
    <rdf:type rdf:resource="http://dbpedia.org/class/yago/Creation103129123"/>
    <rdf:type rdf:resource="http://dbpedia.org/class/yago/GraphicArt103453809"/>
    <rdf:type rdf:resource="http://dbpedia.org/class/yago/PhysicalEntity100001930"/>
    <rdf:type rdf:resource="http://dbpedia.org/class/yago/PaintingsByPieterBrueghelTheElder"/>
    <rdf:type rdf:resource="http://dbpedia.org/ontology/Artwork"/>
    <rdf:type rdf:resource="http://dbpedia.org/class/yago/Painting103876519"/>
    <rdf:type rdf:resource="http://dbpedia.org/class/yago/Artifact100021939"/>
    <rdf:type rdf:resource="http://dbpedia.org/class/yago/1560Paintings"/>
    <rdf:type rdf:resource="http://dbpedia.org/ontology/Work"/>
    <rdf:type rdf:resource="http://schema.org/CreativeWork"/>
    <rdf:type rdf:resource="http://www.w3.org/2002/07/owl#Thing"/>
    <rdf:type rdf:resource="http://dbpedia.org/class/yago/Art102743547"/>
    <rdf:type rdf:resource="http://dbpedia.org/class/yago/Object100002684"/>
    <owl:sameAs rdf:resource="http://pl.dbpedia.org/resource/Zabawy_dziecięce"/>
    <owl:sameAs rdf:resource="http://nl.dbpedia.org/resource/Kinderspelen"/>
    <owl:sameAs rdf:resource="http://it.dbpedia.org/resource/Giochi_di_bambini"/>
    <owl:sameAs rdf:resource="http://ja.dbpedia.org/resource/子供の遊戯"/>
    <owl:sameAs rdf:resource="http://rdf.freebase.com/ns/m.0j2bb5b"/>
    <owl:sameAs rdf:resource="http://de.dbpedia.org/resource/Die_Kinderspiele"/>
    <owl:sameAs rdf:resource="http://fr.dbpedia.org/resource/Les_Jeux_d’enfants"/>
    <owl:sameAs rdf:resource="http://yago-knowledge.org/resource/Children's_Games_(Bruegel)"/>
    <owl:sameAs rdf:resource="http://www.wikidata.org/entity/Q697332"/>
    <owl:sameAs rdf:resource="http://tr.dbpedia.org/resource/Çocuk_Oyunları_(tablo)"/>
    <owl:sameAs rdf:resource="http://dbpedia.org/resource/Children's_Games_(Bruegel)"/>
    <owl:sameAs rdf:resource="http://he.dbpedia.org/resource/משחקי_ילדים_(ציור)"/>
    <dcterms:subject rdf:resource="http://dbpedia.org/resource/Category:Children's_games"/>
    <dcterms:subject rdf:resource="http://dbpedia.org/resource/Category:Paintings_by_Pieter_Brueghel_the_Elder"/>
    <dcterms:subject rdf:resource="http://dbpedia.org/resource/Category:1560_paintings"/>
    <dcterms:subject rdf:resource="http://dbpedia.org/resource/Category:Collections_of_the_Kunsthistorisches_Museum"/>
    <dbpedia-owl:abstract xml:lang="en">Children's Games is an oil-on-panel by Flemish renaissance artist Pieter Bruegel the Elder, painted in 1560. It is currently held and exhibited at the Kunsthistorisches Museum in Vienna.</dbpedia-owl:abstract>
    <dbpedia-owl:abstract xml:lang="nl">Kinderspelen is een schilderij uit 1560 geschilderd door de Vlaamse schilder Pieter Bruegel de Oude. Er worden 80 verschillende kinderspelletjes getoond die vroeger in de Lage Landen gespeeld werden. Vandaag de dag bevindt het werk zich in het Kunsthistorische Museum in Wenen.</dbpedia-owl:abstract>
    <dbpedia-owl:abstract xml:lang="pl">Zabawy dziecięce – obraz olejny na desce niderlandzkiego malarza Pietera Bruegla. Tematyka obrazu stanowiła rzadkość w czasach, na które przypadło żyć Bruegelowi. Dzieciństwo w sztuce było pomijane, w życiu codziennym stanowiło etap przejściowy do dorosłości. Świat dzieci był niezauważalny, a one same były traktowane jak mali dorośli. Takie podejście jest widoczne na obrazie, gdzie wszystkie postacie noszą szaty dorosłych – dziewczynki fartuchy i czepki swoich mam, a chłopcy – spodnie, kapoty i kubraki ojców. Na obrazie brak zabawek, co nie jest problemem dla 250 przedstawionych dzieci. Do zabawy wykorzystują różne przedmioty: kawałki drewna, kości, obręcze, beczki, czyli wszystko, co poniewiera się po podwórzach. Twarze dzieci nie mają określonego wieku, często wydają się tępe i głupie. Malarz, zgodnie ze swą manierą, nie upiększał ani nie idealizował postaci, tak jak czynili to późniejsi malarze; w atmosferze zabawy brak głębszych uczuć czy zainteresowania, co według jego biografa może wynikać z bardzo trudnego dzieciństwa Bruegela. Historia sztuki nie zna drugiego dzieła, które by przedstawiało taką liczbę różnorodnych gier i zabaw najmłodszych. Uważny widz może tu rozpoznać 92 różne gry i zabawy. Wśród nich są i te zakazane dla dzieci, np. gra astragalami (kośćmi), w którą grało się na pieniądze.</dbpedia-owl:abstract>
    <dbpedia-owl:abstract xml:lang="fr">Les Jeux d’enfants est une peinture à huile peinte par Pieter Bruegel l'Ancien en 1560. Il est exposé actuellement au Kunsthistorisches Museum à Vienne.</dbpedia-owl:abstract>
    <dbpedia-owl:abstract xml:lang="it">Giochi di bambini è un dipinto a olio su tavola (118x161 cm) di Pieter Bruegel il Vecchio, datato 1560 e conservato nel Kunsthistorisches Museum di Vienna. È firmato in basso a destra " 1560".</dbpedia-owl:abstract>
    <dbpedia-owl:abstract xml:lang="de">Die Kinderspiele ist ein 1560 entstandenes Gemälde des flämischen Malers Pieter Bruegel des Älteren. Dargestellt sind 80 verschiedene Kinderspiele aus den Niederlanden des 16. Jahrhunderts. Heute befindet sich das Werk im Kunsthistorischen Museum in Wien.</dbpedia-owl:abstract>
    <dbpedia-owl:abstract xml:lang="ja">『子供の遊戯』（こどものゆうぎ）は、16世紀フランドルの画家ピーテル・ブリューゲルにより1560年に描かれた油彩画。現在、ウィーンの美術史美術館に収蔵・展示されている。</dbpedia-owl:abstract>
    <dbpedia-owl:author rdf:resource="http://dbpedia.org/resource/Pieter_Bruegel_the_Elder"/>
    <dbpedia-owl:museum rdf:resource="http://dbpedia.org/resource/Kunsthistorisches_Museum"/>
    <dbpedia-owl:wikiPageID rdf:datatype="http://www.w3.org/2001/XMLSchema#integer">34631415</dbpedia-owl:wikiPageID>
    <dbpedia-owl:wikiPageRevisionID rdf:datatype="http://www.w3.org/2001/XMLSchema#integer">541913999</dbpedia-owl:wikiPageRevisionID>
    <rdfs:label xml:lang="nl">Kinderspelen</rdfs:label>
    <rdfs:label xml:lang="pl">Zabawy dziecięce</rdfs:label>
    <rdfs:label xml:lang="en">Children's Games (Bruegel)</rdfs:label>
    <rdfs:label xml:lang="fr">Les Jeux d’enfants</rdfs:label>
    <rdfs:label xml:lang="it">Giochi di bambini</rdfs:label>
    <rdfs:label xml:lang="de">Die Kinderspiele</rdfs:label>
    <rdfs:label xml:lang="ja">子供の遊戯</rdfs:label>
    <foaf:depiction rdf:resource="http://upload.wikimedia.org/wikipedia/commons/e/e5/Pieter_Bruegel_d._Ä._041b.jpg"/>
    <rdfs:comment xml:lang="nl">Kinderspelen is een schilderij uit 1560 geschilderd door de Vlaamse schilder Pieter Bruegel de Oude. Er worden 80 verschillende kinderspelletjes getoond die vroeger in de Lage Landen gespeeld werden. Vandaag de dag bevindt het werk zich in het Kunsthistorische Museum in Wenen.</rdfs:comment>
    <rdfs:comment xml:lang="de">Die Kinderspiele ist ein 1560 entstandenes Gemälde des flämischen Malers Pieter Bruegel des Älteren. Dargestellt sind 80 verschiedene Kinderspiele aus den Niederlanden des 16. Jahrhunderts. Heute befindet sich das Werk im Kunsthistorischen Museum in Wien.</rdfs:comment>
    <rdfs:comment xml:lang="it">Giochi di bambini è un dipinto a olio su tavola (118x161 cm) di Pieter Bruegel il Vecchio, datato 1560 e conservato nel Kunsthistorisches Museum di Vienna. È firmato in basso a destra " 1560".</rdfs:comment>
    <rdfs:comment xml:lang="pl">Zabawy dziecięce – obraz olejny na desce niderlandzkiego malarza Pietera Bruegla. Tematyka obrazu stanowiła rzadkość w czasach, na które przypadło żyć Bruegelowi. Dzieciństwo w sztuce było pomijane, w życiu codziennym stanowiło etap przejściowy do dorosłości. Świat dzieci był niezauważalny, a one same były traktowane jak mali dorośli.</rdfs:comment>
    <rdfs:comment xml:lang="fr">Les Jeux d’enfants est une peinture à huile peinte par Pieter Bruegel l'Ancien en 1560. Il est exposé actuellement au Kunsthistorisches Museum à Vienne.</rdfs:comment>
    <rdfs:comment xml:lang="en">Children's Games is an oil-on-panel by Flemish renaissance artist Pieter Bruegel the Elder, painted in 1560. It is currently held and exhibited at the Kunsthistorisches Museum in Vienna.</rdfs:comment>
    <rdfs:comment xml:lang="ja">『子供の遊戯』（こどものゆうぎ）は、16世紀フランドルの画家ピーテル・ブリューゲルにより1560年に描かれた油彩画。現在、ウィーンの美術史美術館に収蔵・展示されている。</rdfs:comment>
    <foaf:name xml:lang="en">Children's Games</foaf:name>
    <dbpedia-owl:thumbnail rdf:resource="http://upload.wikimedia.org/wikipedia/commons/thumb/e/e5/Pieter_Bruegel_d._Ä._041b.jpg/200px-Pieter_Bruegel_d._Ä._041b.jpg"/>
    <dbpedia-owl:wikiPageExternalLink rdf:resource="http://www.khm.at/en/"/>
    <dbpedia-owl:wikiPageExternalLink rdf:resource="http://www.pieter-bruegel-the-elder.org"/>
    <dbpedia-owl:wikiPageExternalLink rdf:resource="http://bilddatenbank.khm.at/viewArtefact?id=321"/>
    <dbpedia-owl:wikiPageExternalLink rdf:resource="http://www.art-drawing.ru/biographies/brief-biographies/199-bruegel-peter"/>
    <dbpedia-owl:wikiPageExternalLink rdf:resource="http://www.boschbruegel.com"/>
    <dbpprop:artist rdf:resource="http://dbpedia.org/resource/Pieter_Bruegel_the_Elder"/>
    <dbpprop:city rdf:resource="http://dbpedia.org/resource/Vienna"/>
    <dbpprop:height rdf:datatype="http://www.w3.org/2001/XMLSchema#integer">118</dbpprop:height>
    <dbpprop:imageFile xml:lang="en">Pieter Bruegel d. Ä. 041b.jpg</dbpprop:imageFile>
    <dbpprop:museum rdf:resource="http://dbpedia.org/resource/Kunsthistorisches_Museum"/>
    <dbpprop:title xml:lang="en">Children's Games</dbpprop:title>
    <dbpprop:type xml:lang="en">Oil on panel</dbpprop:type>
    <dbpprop:width rdf:datatype="http://www.w3.org/2001/XMLSchema#integer">161</dbpprop:width>
    <dbpprop:year rdf:datatype="http://www.w3.org/2001/XMLSchema#integer">1560</dbpprop:year>
    <foaf:homepage rdf:resource="http://www.khm.at/en/"/>
    <foaf:isPrimaryTopicOf rdf:resource="http://en.wikipedia.org/wiki/Children's_Games_(Bruegel)"/>
    <ns7:wasDerivedFrom rdf:resource="http://en.wikipedia.org/wiki/Children's_Games_(Bruegel)?oldid=541913999"/>
    <dbpprop:hasPhotoCollection rdf:resource="http://wifo5-03.informatik.uni-mannheim.de/flickrwrappr/photos/Children's_Games_(Bruegel)"/>
  </rdf:Description>
  <rdf:Description rdf:about="http://ja.dbpedia.org/resource/子供の遊戯">
    <owl:sameAs rdf:resource="http://dbpedia.org/resource/Children's_Games_(Bruegel)"/>
  </rdf:Description>
  <rdf:Description rdf:about="http://nl.dbpedia.org/resource/Kinderspelen">
    <owl:sameAs rdf:resource="http://dbpedia.org/resource/Children's_Games_(Bruegel)"/>
  </rdf:Description>
  <rdf:Description rdf:about="http://wikidata.dbpedia.org/resource/Q697332">
    <owl:sameAs rdf:resource="http://dbpedia.org/resource/Children's_Games_(Bruegel)"/>
  </rdf:Description>
  <rdf:Description rdf:about="http://he.dbpedia.org/resource/משחקי_ילדים_(ציור)">
    <owl:sameAs rdf:resource="http://dbpedia.org/resource/Children's_Games_(Bruegel)"/>
  </rdf:Description>
  <rdf:Description rdf:about="http://tr.dbpedia.org/resource/Çocuk_Oyunları_(tablo)">
    <owl:sameAs rdf:resource="http://dbpedia.org/resource/Children's_Games_(Bruegel)"/>
  </rdf:Description>
</rdf:RDF>
