<rdf:RDF xmlns:ns7="http://www.w3.org/ns/prov#" xmlns:dbpprop="http://dbpedia.org/property/" xmlns:foaf="http://xmlns.com/foaf/0.1/" xmlns:dbpedia-owl="http://dbpedia.org/ontology/" xmlns:dcterms="http://purl.org/dc/terms/" xmlns:owl="http://www.w3.org/2002/07/owl#" xmlns:rdfs="http://www.w3.org/2000/01/rdf-schema#" xmlns:rdf="http://www.w3.org/1999/02/22-rdf-syntax-ns#">
  <rdf:Description rdf:about="http://it.dbpedia.org/resource/Cristo_di_San_Juan_de_la_Cruz">
    <owl:sameAs rdf:resource="http://dbpedia.org/resource/Christ_of_Saint_John_of_the_Cross"/>
  </rdf:Description>
  <rdf:Description rdf:about="http://pt.dbpedia.org/resource/Cristo_de_São_João_da_Cruz">
    <owl:sameAs rdf:resource="http://dbpedia.org/resource/Christ_of_Saint_John_of_the_Cross"/>
  </rdf:Description>
  <rdf:Description rdf:about="http://es.dbpedia.org/resource/Cristo_de_San_Juan_de_la_Cruz">
    <owl:sameAs rdf:resource="http://dbpedia.org/resource/Christ_of_Saint_John_of_the_Cross"/>
  </rdf:Description>
  <rdf:Description rdf:about="http://ru.dbpedia.org/resource/Христос_Святого_Иоанна_Креста">
    <owl:sameAs rdf:resource="http://dbpedia.org/resource/Christ_of_Saint_John_of_the_Cross"/>
  </rdf:Description>
  <rdf:Description rdf:about="http://dbpedia.org/resource/Christ_of_Saint_John_of_the_Cross">
    <rdf:type rdf:resource="http://dbpedia.org/class/yago/Painting103876519"/>
    <rdf:type rdf:resource="http://dbpedia.org/ontology/Artwork"/>
    <rdf:type rdf:resource="http://schema.org/CreativeWork"/>
    <rdf:type rdf:resource="http://www.w3.org/2002/07/owl#Thing"/>
    <rdf:type rdf:resource="http://dbpedia.org/class/yago/Artifact100021939"/>
    <rdf:type rdf:resource="http://dbpedia.org/ontology/Work"/>
    <rdf:type rdf:resource="http://dbpedia.org/class/yago/PaintingsDepictingJesus"/>
    <rdf:type rdf:resource="http://dbpedia.org/class/yago/PhysicalEntity100001930"/>
    <rdf:type rdf:resource="http://dbpedia.org/class/yago/1951Paintings"/>
    <rdf:type rdf:resource="http://dbpedia.org/class/yago/Whole100003553"/>
    <rdf:type rdf:resource="http://dbpedia.org/class/yago/Object100002684"/>
    <rdf:type rdf:resource="http://dbpedia.org/class/yago/GraphicArt103453809"/>
    <rdf:type rdf:resource="http://dbpedia.org/class/yago/Art102743547"/>
    <rdf:type rdf:resource="http://dbpedia.org/class/yago/PaintingsBySalvadorDal%C3%AD"/>
    <rdf:type rdf:resource="http://dbpedia.org/class/yago/Creation103129123"/>
    <owl:sameAs rdf:resource="http://it.dbpedia.org/resource/Cristo_di_San_Juan_de_la_Cruz"/>
    <owl:sameAs rdf:resource="http://www.wikidata.org/entity/Q25749"/>
    <owl:sameAs rdf:resource="http://fr.dbpedia.org/resource/Christ_de_saint_Jean_de_la_Croix"/>
    <owl:sameAs rdf:resource="http://dbpedia.org/resource/Christ_of_Saint_John_of_the_Cross"/>
    <owl:sameAs rdf:resource="http://zh.dbpedia.org/resource/十字若望的基督"/>
    <owl:sameAs rdf:resource="http://ru.dbpedia.org/resource/Христос_Святого_Иоанна_Креста"/>
    <owl:sameAs rdf:resource="http://es.dbpedia.org/resource/Cristo_de_San_Juan_de_la_Cruz"/>
    <owl:sameAs rdf:resource="http://yago-knowledge.org/resource/Christ_of_Saint_John_of_the_Cross"/>
    <owl:sameAs rdf:resource="http://rdf.freebase.com/ns/m.0cplbc"/>
    <owl:sameAs rdf:resource="http://pt.dbpedia.org/resource/Cristo_de_São_João_da_Cruz"/>
    <owl:sameAs rdf:resource="http://nl.dbpedia.org/resource/De_Christus_van_de_Heilige_Johannes_van_het_kruis"/>
    <owl:sameAs rdf:resource="http://ta.dbpedia.org/resource/சிலுவையின்_புனித_யோவானின்_கிறித்து_(ஓவியம்)"/>
    <owl:sameAs rdf:resource="http://uk.dbpedia.org/resource/Христос_святого_Іоанна_від_Хреста"/>
    <dcterms:subject rdf:resource="http://dbpedia.org/resource/Category:Paintings_by_Salvador_Dal%C3%AD"/>
    <dcterms:subject rdf:resource="http://dbpedia.org/resource/Category:Culture_in_Glasgow"/>
    <dcterms:subject rdf:resource="http://dbpedia.org/resource/Category:Crucifixion_of_Jesus_in_art"/>
    <dcterms:subject rdf:resource="http://dbpedia.org/resource/Category:1951_paintings"/>
    <dcterms:subject rdf:resource="http://dbpedia.org/resource/Category:Vandalized_works_of_art"/>
    <dbpedia-owl:abstract xml:lang="ru">«Христос Святого Иоанна Креста» (исп.  Cristo De San Juan De La Cruz) — картина испанского художника Сальвадора Дали, написанная в Порт-Лигате, Каталония в 1950—1952 гг.</dbpedia-owl:abstract>
    <dbpedia-owl:abstract xml:lang="es">Cristo de San Juan de la Cruz es un famoso cuadro del pintor español Salvador Dalí realizado en 1951. Está hecho mediante la técnica del óleo sobre lienzo, es de estilo surrealista y sus medidas son 205 x 116 cm. Se conserva en el Museo Kelvingrove, en Glasgow, Reino Unido. La originalidad de la perspectiva y la habilidad técnica a la hora de pintar el cuadro lo han hecho muy popular, hasta el punto de que en los años cincuenta, un fanático realizó un acto vandálico contra él de poca gravedad. Durante los años cincuenta, el artista volvió a recurrir varias veces al tema de la crucifixión. Un ejemplo es el Corpus hypercubus, pintado en 1954. Para pintar este cuadro se basó en las teorías contenidas en el Discurso sobre la forma cúbica del arquitecto del siglo XVI, Juan de Herrera, responsable del Monasterio de San Lorenzo de El Escorial. Dalí tomó al famoso doble de Hollywood, Russ Saunders, como modelo para pintar a Cristo, aunque hay quien afirma que el artista tomó como modelo en realidad al trapecista Diego Schmiedl.</dbpedia-owl:abstract>
    <dbpedia-owl:abstract xml:lang="en">Christ of Saint John of the Cross is a painting by Salvador Dalí made in 1951. It depicts Jesus Christ on the cross in a darkened sky floating over a body of water complete with a boat and fishermen. Although it is a depiction of the crucifixion, it is devoid of nails, blood, and a crown of thorns, because, according to Dalí, he was convinced by a dream that these features would mar his depiction of Christ. Also in a dream, the importance of depicting Christ in the extreme angle evident in the painting was revealed to him.</dbpedia-owl:abstract>
    <dbpedia-owl:abstract xml:lang="fr">Le Christ de saint Jean de la Croix est une des plus célèbres toiles du peintre Salvador Dalí. C'est une huile sur toile réalisée en 1951 de 205x116 cm qui est conservée au musée Kelvingrove, à Glasgow. L'originalité de la perspective et l'habileté technique rendirent la toile très célèbre, au point que dans les années cinquante, un fanatique tenta avec peu de succès de la vandaliser. Durant les années cinquante, l'artiste représenta plusieurs fois la scène de la crucifixion, comme dans Corpus hypercubus peint en 1954. Pour réaliser cette toile, Dali se basa sur les théories du Discours sur la forme cubique de Juan de Herrera, responsable du monastère de San Lorenzo de l'Escorial au XVI siècle.</dbpedia-owl:abstract>
    <dbpedia-owl:abstract xml:lang="zh">《十字若望的基督》（Christ of Saint John of the Cross）是萨尔瓦多·达利在1951年完成的一幅名画。这幅画描绘耶稣在十字架上，悬浮在黑暗的天空中，下方的水中有一只船和渔民. 虽然是描述基督受难，但是缺少了钉、血，和荆棘冠冕，因为，达利说，他通过一个梦，相信这些特点会丑化他描绘的基督。 这幅画被称为《十字若望的基督》，因为它的设计是基于16世纪西班牙修士十字若望的一幅图画。对耶稣的描绘，呈现一个三角形（耶稣的双臂）和一个圆（耶稣的头部）。三角形代表三位一体，圆可能是暗指柏拉图思想。达利解释说，在1950年，他做了一个宇宙梦，梦中看到这幅彩色图像。 在1950年代初，格拉斯哥公司用8200英镑，当时认为很高的价格，收购这幅画及其知识产权。1961年，画布被一名到博物馆参观的游客用砖破坏，因为这位艺术家的观点降低了这个主题。后来，它得到成功的修复。1993年，这幅画被移到该市的圣蒙哥宗教生活与艺术博物馆，2006年7月返回重新开放的凯文葛罗夫艺术博物馆。在2006年，这幅画以29％的选票，当选为苏格兰人最喜爱的绘画。 据说西班牙政府提出出价八千万英镑收购这幅绘画，但遭到拒绝。</dbpedia-owl:abstract>
    <dbpedia-owl:abstract xml:lang="pt">Cristo de São João da Cruz é uma pintura do espanhol Salvador Dalí executada em 1951. É um óleo sobre tela com as dimensões de 205 x 116 cm. Encontra-se exposta no Museu e Galeria de Arte de Kelvingrove em Glasgow. A pintura representa Jesus Cristo na cruz flutuando num céu escuro sobre um lago com um barco e pescadores, que alguns críticos apontam como sendo uma reprodução de Porto Ligat, onde o pintor tinha a sua casa. Embora seja uma representação da crucificação, é desprovido de unhas, sangue e da coroa de espinhos, porque, de acordo com Dalí, segundo um sonho que teve, essas características não fariam a sua ideia de Cristo. Também a importância de representar Cristo num ângulo extremo foi lhe também revelado num sonho.</dbpedia-owl:abstract>
    <dbpedia-owl:abstract xml:lang="it">Il Cristo di San Juan de la Cruz è un dipinto ad olio su tela di 205 × 116 cm realizzato nel 1951 dal pittore spagnolo Salvador Dalí. È conservato al Kelvingrove Art Gallery and Museum di Glasgow. Sullo sfondo si vede la spiaggia di Port Lligat, il paese dove il pittore viveva. Un Gesù Salvatore che dunque sembra volersi mostrare quasi come non veramente inchiodato alla Croce, ma piuttosto giustapposto, come soltanto sospeso ad essa. Un Cristo di una impressionante bellezza metafisica inserito in un immenso cielo scuro, portatore di un messaggio certamente suggestivo, ma anche stridente rispetto alla profondità di quello del Santo suo compatriota vissuto quattro secoli prima di lui: un Cristo, quello di Salvador Dalí, deprivato di ogni reale riferimento all'esperienza fisica e spirituale della Passione di Gesù.</dbpedia-owl:abstract>
    <dbpedia-owl:abstract xml:lang="nl">De Christus van de Heilige Johannes van het Kruis is een schilderij van de Spaanse kunstschilder Salvador Dalí. Het is in 1951 geschilderd.</dbpedia-owl:abstract>
    <dbpedia-owl:author rdf:resource="http://dbpedia.org/resource/Salvador_Dal%C3%AD"/>
    <dbpedia-owl:museum rdf:resource="http://dbpedia.org/resource/Kelvingrove_Art_Gallery_and_Museum"/>
    <dbpedia-owl:wikiPageID rdf:datatype="http://www.w3.org/2001/XMLSchema#integer">4819778</dbpedia-owl:wikiPageID>
    <dbpedia-owl:wikiPageRevisionID rdf:datatype="http://www.w3.org/2001/XMLSchema#integer">546566851</dbpedia-owl:wikiPageRevisionID>
    <rdfs:label xml:lang="fr">Christ de saint Jean de la Croix</rdfs:label>
    <rdfs:label xml:lang="en">Christ of Saint John of the Cross</rdfs:label>
    <rdfs:label xml:lang="nl">De Christus van de Heilige Johannes van het kruis</rdfs:label>
    <rdfs:label xml:lang="es">Cristo de San Juan de la Cruz</rdfs:label>
    <rdfs:label xml:lang="ru">Христос Святого Иоанна Креста</rdfs:label>
    <rdfs:label xml:lang="pt">Cristo de São João da Cruz</rdfs:label>
    <rdfs:label xml:lang="zh">十字若望的基督</rdfs:label>
    <rdfs:label xml:lang="it">Cristo di San Juan de la Cruz</rdfs:label>
    <foaf:depiction rdf:resource="http://upload.wikimedia.org/wikipedia/commons/8/8c/Christ_of_Saint_John_of_the_Cross.jpg"/>
    <rdfs:comment xml:lang="fr">Le Christ de saint Jean de la Croix est une des plus célèbres toiles du peintre Salvador Dalí. C'est une huile sur toile réalisée en 1951 de 205x116 cm qui est conservée au musée Kelvingrove, à Glasgow. L'originalité de la perspective et l'habileté technique rendirent la toile très célèbre, au point que dans les années cinquante, un fanatique tenta avec peu de succès de la vandaliser.</rdfs:comment>
    <rdfs:comment xml:lang="es">Cristo de San Juan de la Cruz es un famoso cuadro del pintor español Salvador Dalí realizado en 1951. Está hecho mediante la técnica del óleo sobre lienzo, es de estilo surrealista y sus medidas son 205 x 116 cm. Se conserva en el Museo Kelvingrove, en Glasgow, Reino Unido. La originalidad de la perspectiva y la habilidad técnica a la hora de pintar el cuadro lo han hecho muy popular, hasta el punto de que en los años cincuenta, un fanático realizó un acto vandálico contra él de poca gravedad.</rdfs:comment>
    <rdfs:comment xml:lang="pt">Cristo de São João da Cruz é uma pintura do espanhol Salvador Dalí executada em 1951. É um óleo sobre tela com as dimensões de 205 x 116 cm. Encontra-se exposta no Museu e Galeria de Arte de Kelvingrove em Glasgow. A pintura representa Jesus Cristo na cruz flutuando num céu escuro sobre um lago com um barco e pescadores, que alguns críticos apontam como sendo uma reprodução de Porto Ligat, onde o pintor tinha a sua casa.</rdfs:comment>
    <rdfs:comment xml:lang="ru">«Христос Святого Иоанна Креста» (исп.  Cristo De San Juan De La Cruz) — картина испанского художника Сальвадора Дали, написанная в Порт-Лигате, Каталония в 1950—1952 гг.</rdfs:comment>
    <rdfs:comment xml:lang="it">Il Cristo di San Juan de la Cruz è un dipinto ad olio su tela di 205 × 116 cm realizzato nel 1951 dal pittore spagnolo Salvador Dalí. È conservato al Kelvingrove Art Gallery and Museum di Glasgow. Sullo sfondo si vede la spiaggia di Port Lligat, il paese dove il pittore viveva. Un Gesù Salvatore che dunque sembra volersi mostrare quasi come non veramente inchiodato alla Croce, ma piuttosto giustapposto, come soltanto sospeso ad essa.</rdfs:comment>
    <rdfs:comment xml:lang="nl">De Christus van de Heilige Johannes van het Kruis is een schilderij van de Spaanse kunstschilder Salvador Dalí. Het is in 1951 geschilderd.</rdfs:comment>
    <rdfs:comment xml:lang="en">Christ of Saint John of the Cross is a painting by Salvador Dalí made in 1951. It depicts Jesus Christ on the cross in a darkened sky floating over a body of water complete with a boat and fishermen. Although it is a depiction of the crucifixion, it is devoid of nails, blood, and a crown of thorns, because, according to Dalí, he was convinced by a dream that these features would mar his depiction of Christ.</rdfs:comment>
    <rdfs:comment xml:lang="zh">《十字若望的基督》（Christ of Saint John of the Cross）是萨尔瓦多·达利在1951年完成的一幅名画。这幅画描绘耶稣在十字架上，悬浮在黑暗的天空中，下方的水中有一只船和渔民.</rdfs:comment>
    <foaf:name xml:lang="en">Christ of Saint John of the Cross</foaf:name>
    <dbpedia-owl:thumbnail rdf:resource="http://upload.wikimedia.org/wikipedia/commons/thumb/8/8c/Christ_of_Saint_John_of_the_Cross.jpg/200px-Christ_of_Saint_John_of_the_Cross.jpg"/>
    <dbpprop:artist rdf:resource="http://dbpedia.org/resource/Salvador_Dal%C3%AD"/>
    <dbpprop:backcolor xml:lang="en">#FBF5DF</dbpprop:backcolor>
    <dbpprop:city rdf:resource="http://dbpedia.org/resource/Glasgow"/>
    <dbpprop:height rdf:datatype="http://www.w3.org/2001/XMLSchema#integer">205</dbpprop:height>
    <dbpprop:heightInch rdf:datatype="http://www.w3.org/2001/XMLSchema#double">80.7</dbpprop:heightInch>
    <dbpprop:imageFile xml:lang="en">Christ_of_Saint_John_of_the_Cross.jpg</dbpprop:imageFile>
    <dbpprop:imageSize rdf:datatype="http://www.w3.org/2001/XMLSchema#integer">300</dbpprop:imageSize>
    <dbpprop:museum rdf:resource="http://dbpedia.org/resource/Kelvingrove_Art_Gallery_and_Museum"/>
    <dbpprop:paintingAlignment xml:lang="en">right</dbpprop:paintingAlignment>
    <dbpprop:title xml:lang="en">Christ of Saint John of the Cross</dbpprop:title>
    <dbpprop:type rdf:resource="http://dbpedia.org/resource/Oil_painting"/>
    <dbpprop:width rdf:datatype="http://www.w3.org/2001/XMLSchema#integer">116</dbpprop:width>
    <dbpprop:widthInch rdf:datatype="http://www.w3.org/2001/XMLSchema#double">45.67</dbpprop:widthInch>
    <dbpprop:year rdf:datatype="http://www.w3.org/2001/XMLSchema#integer">1951</dbpprop:year>
    <foaf:isPrimaryTopicOf rdf:resource="http://en.wikipedia.org/wiki/Christ_of_Saint_John_of_the_Cross"/>
    <ns7:wasDerivedFrom rdf:resource="http://en.wikipedia.org/wiki/Christ_of_Saint_John_of_the_Cross?oldid=546566851"/>
    <dbpprop:hasPhotoCollection rdf:resource="http://wifo5-03.informatik.uni-mannheim.de/flickrwrappr/photos/Christ_of_Saint_John_of_the_Cross"/>
  </rdf:Description>
  <rdf:Description rdf:about="http://dbpedia.org/resource/Christ_of_St._John_of_the_Cross">
    <dbpedia-owl:wikiPageRedirects rdf:resource="http://dbpedia.org/resource/Christ_of_Saint_John_of_the_Cross"/>
  </rdf:Description>
  <rdf:Description rdf:about="http://en.wikipedia.org/wiki/Christ_of_Saint_John_of_the_Cross">
    <foaf:primaryTopic rdf:resource="http://dbpedia.org/resource/Christ_of_Saint_John_of_the_Cross"/>
  </rdf:Description>
  <rdf:Description rdf:about="http://dbpedia.org/resource/Christ_of_St_John_of_the_Cross">
    <dbpedia-owl:wikiPageRedirects rdf:resource="http://dbpedia.org/resource/Christ_of_Saint_John_of_the_Cross"/>
  </rdf:Description>
  <rdf:Description rdf:about="http://dbpedia.org/resource/Christ_of_saint_john_of_the_cross">
    <dbpedia-owl:wikiPageRedirects rdf:resource="http://dbpedia.org/resource/Christ_of_Saint_John_of_the_Cross"/>
  </rdf:Description>
  <rdf:Description rdf:about="http://fr.dbpedia.org/resource/Christ_de_saint_Jean_de_la_Croix">
    <owl:sameAs rdf:resource="http://dbpedia.org/resource/Christ_of_Saint_John_of_the_Cross"/>
  </rdf:Description>
  <rdf:Description rdf:about="http://nl.dbpedia.org/resource/De_Christus_van_de_Heilige_Johannes_van_het_kruis">
    <owl:sameAs rdf:resource="http://dbpedia.org/resource/Christ_of_Saint_John_of_the_Cross"/>
  </rdf:Description>
  <rdf:Description rdf:about="http://wikidata.dbpedia.org/resource/Q25749">
    <owl:sameAs rdf:resource="http://dbpedia.org/resource/Christ_of_Saint_John_of_the_Cross"/>
  </rdf:Description>
  <rdf:Description rdf:about="http://zh.dbpedia.org/resource/十字若望的基督">
    <owl:sameAs rdf:resource="http://dbpedia.org/resource/Christ_of_Saint_John_of_the_Cross"/>
  </rdf:Description>
  <rdf:Description rdf:about="http://ta.dbpedia.org/resource/சிலுவையின்_புனித_யோவானின்_கிறித்து_(ஓவியம்)">
    <owl:sameAs rdf:resource="http://dbpedia.org/resource/Christ_of_Saint_John_of_the_Cross"/>
  </rdf:Description>
  <rdf:Description rdf:about="http://uk.dbpedia.org/resource/Христос_святого_Іоанна_від_Хреста">
    <owl:sameAs rdf:resource="http://dbpedia.org/resource/Christ_of_Saint_John_of_the_Cross"/>
  </rdf:Description>
</rdf:RDF>
