<rdf:RDF xmlns:ns7="http://www.w3.org/ns/prov#" xmlns:dbpprop="http://dbpedia.org/property/" xmlns:foaf="http://xmlns.com/foaf/0.1/" xmlns:dbpedia-owl="http://dbpedia.org/ontology/" xmlns:dcterms="http://purl.org/dc/terms/" xmlns:owl="http://www.w3.org/2002/07/owl#" xmlns:rdfs="http://www.w3.org/2000/01/rdf-schema#" xmlns:rdf="http://www.w3.org/1999/02/22-rdf-syntax-ns#">
  <rdf:Description rdf:about="http://dbpedia.org/resource/Christ_Crowned_with_Thorns_(Bosch,_El_Escorial)">
    <rdf:type rdf:resource="http://dbpedia.org/class/yago/GraphicArt103453809"/>
    <rdf:type rdf:resource="http://schema.org/CreativeWork"/>
    <rdf:type rdf:resource="http://dbpedia.org/class/yago/Creation103129123"/>
    <rdf:type rdf:resource="http://dbpedia.org/class/yago/Painting103876519"/>
    <rdf:type rdf:resource="http://www.w3.org/2002/07/owl#Thing"/>
    <rdf:type rdf:resource="http://dbpedia.org/class/yago/Art102743547"/>
    <rdf:type rdf:resource="http://dbpedia.org/class/yago/Whole100003553"/>
    <rdf:type rdf:resource="http://dbpedia.org/class/yago/Object100002684"/>
    <rdf:type rdf:resource="http://dbpedia.org/ontology/Work"/>
    <rdf:type rdf:resource="http://dbpedia.org/class/yago/Artifact100021939"/>
    <rdf:type rdf:resource="http://dbpedia.org/class/yago/PaintingsDepictingJesus"/>
    <rdf:type rdf:resource="http://dbpedia.org/class/yago/PaintingsByHieronymusBosch"/>
    <rdf:type rdf:resource="http://dbpedia.org/ontology/Artwork"/>
    <rdf:type rdf:resource="http://dbpedia.org/class/yago/PhysicalEntity100001930"/>
    <owl:sameAs rdf:resource="http://ru.dbpedia.org/resource/Увенчание_терновым_венцом_(картина_Босха,_Эскориал)"/>
    <owl:sameAs rdf:resource="http://fr.dbpedia.org/resource/Le_Couronnement_d'épines_(Bosch,_L'Escurial)"/>
    <owl:sameAs rdf:resource="http://yago-knowledge.org/resource/Christ_Crowned_with_Thorns_(Bosch,_El_Escorial)"/>
    <owl:sameAs rdf:resource="http://www.wikidata.org/entity/Q732277"/>
    <owl:sameAs rdf:resource="http://it.dbpedia.org/resource/Incoronazione_di_spine_(Bosch_Escorial)"/>
    <owl:sameAs rdf:resource="http://dbpedia.org/resource/Christ_Crowned_with_Thorns_(Bosch,_El_Escorial)"/>
    <owl:sameAs rdf:resource="http://rdf.freebase.com/ns/m.0261g6z"/>
    <dcterms:subject rdf:resource="http://dbpedia.org/resource/Category:Paintings_by_Hieronymus_Bosch"/>
    <dcterms:subject rdf:resource="http://dbpedia.org/resource/Category:Paintings_depicting_Jesus"/>
    <dbpedia-owl:abstract xml:lang="ru">«Увенчание (коронование) терновым венцом» — картина нидерландского художника Иеронима Босха. Она относится к позднему периоду творчества мастера, когда творческая сила воображения, причудливого и фантасмагорического, покидает его картины, уступив место композициям строгим и аскетичным, но всегда новаторским. Все фигуры написаны на первом плане на золотом фоне, нет никакого намёка на перспективу, и для решения пространственной проблемы художник размещает фигуры в круглом обрамлении — такая композиция, уподобленная своеобразному кадру, настолько современна, что её можно назвать кинематографической. Босх устраняет границу между зрителем и глумливой сценой поругания Христа. Христос сидит на переднем плане, глядя на зрителя, его сдвинутые брови свидетельствуют о том, что он испытывает страдания. Рукой в железной рукавице краснолицый ощеренный латник разрывает одеяние Христа; другой воин, опершись одной ногой о постамент, на котором сидит Христос, собирается ещё глубже надвинуть терновый венец на его чело; третий же, выглядывая из-за спины второго, наблюдает за действиями палачей, явно поощряя их, и этот живой и злорадный интерес контрастирует с холодным безразличием двух мужчин слева. Мучительство Христа приобретает космический масштаб благодаря тому, что вокруг самой картины в технике гризайли представлена вечная битва ангелов и демонов — нескончаемая борьба добра и зла. Босх написал ещё одну картину с таким же названием, которая в настоящее время хранится в Национальной галерее Лондона.</dbpedia-owl:abstract>
    <dbpedia-owl:abstract xml:lang="fr">Le Couronnement d'épines est un tableau du peintre néerlandais Jérôme Bosch, réalisé entre 1490 et 1500. Il est actuellement exposé au Monasterio de San Lorenzo, à San Lorenzo de El Escorial, en Espagne. Ce tableau ne doit pas être confondu avec une autre version du même peintre, Le Couronnement d'épines, exposé à la National Gallery de Londres, Royaume-Uni.</dbpedia-owl:abstract>
    <dbpedia-owl:abstract xml:lang="it">L'Incoronazione di spine è un dipinto a olio su tavola (165x195 cm) di un seguace di Hieronymus Bosch, databile al 1533 circa e conservato nel Monastero dell'Escorial.</dbpedia-owl:abstract>
    <dbpedia-owl:abstract xml:lang="en">Christ Crowned with Thorns is a painting by Hieronymus Bosch. It currently resides at the Monasterio de San Lorenzo in El Escorial. This painting is an incarnation of the original version, Christ Crowned with Thorns.</dbpedia-owl:abstract>
    <dbpedia-owl:author rdf:resource="http://dbpedia.org/resource/Hieronymus_Bosch"/>
    <dbpedia-owl:wikiPageID rdf:datatype="http://www.w3.org/2001/XMLSchema#integer">7432501</dbpedia-owl:wikiPageID>
    <dbpedia-owl:wikiPageRevisionID rdf:datatype="http://www.w3.org/2001/XMLSchema#integer">548385712</dbpedia-owl:wikiPageRevisionID>
    <rdfs:label xml:lang="ru">Увенчание терновым венцом (картина Босха, Эскориал)</rdfs:label>
    <rdfs:label xml:lang="it">Incoronazione di spine (Bosch Escorial)</rdfs:label>
    <rdfs:label xml:lang="en">Christ Crowned with Thorns (Bosch, El Escorial)</rdfs:label>
    <rdfs:label xml:lang="fr">Le Couronnement d'épines (Bosch, L'Escurial)</rdfs:label>
    <foaf:depiction rdf:resource="http://upload.wikimedia.org/wikipedia/commons/5/5a/Crowned_with_Thorns_Bosch.jpg"/>
    <rdfs:comment xml:lang="it">L'Incoronazione di spine è un dipinto a olio su tavola (165x195 cm) di un seguace di Hieronymus Bosch, databile al 1533 circa e conservato nel Monastero dell'Escorial.</rdfs:comment>
    <rdfs:comment xml:lang="en">Christ Crowned with Thorns is a painting by Hieronymus Bosch. It currently resides at the Monasterio de San Lorenzo in El Escorial. This painting is an incarnation of the original version, Christ Crowned with Thorns.</rdfs:comment>
    <rdfs:comment xml:lang="ru">«Увенчание (коронование) терновым венцом» — картина нидерландского художника Иеронима Босха. Она относится к позднему периоду творчества мастера, когда творческая сила воображения, причудливого и фантасмагорического, покидает его картины, уступив место композициям строгим и аскетичным, но всегда новаторским.</rdfs:comment>
    <rdfs:comment xml:lang="fr">Le Couronnement d'épines est un tableau du peintre néerlandais Jérôme Bosch, réalisé entre 1490 et 1500. Il est actuellement exposé au Monasterio de San Lorenzo, à San Lorenzo de El Escorial, en Espagne. Ce tableau ne doit pas être confondu avec une autre version du même peintre, Le Couronnement d'épines, exposé à la National Gallery de Londres, Royaume-Uni.</rdfs:comment>
    <foaf:name xml:lang="en">Christ Crowned with Thorns</foaf:name>
    <dbpedia-owl:thumbnail rdf:resource="http://upload.wikimedia.org/wikipedia/commons/thumb/5/5a/Crowned_with_Thorns_Bosch.jpg/200px-Crowned_with_Thorns_Bosch.jpg"/>
    <dbpprop:artist xml:lang="en">Hieronymus Bosch</dbpprop:artist>
    <dbpprop:auto xml:lang="en">yes</dbpprop:auto>
    <dbpprop:date xml:lang="en">December 2009</dbpprop:date>
    <dbpprop:height rdf:datatype="http://www.w3.org/2001/XMLSchema#integer">165</dbpprop:height>
    <dbpprop:imageFile xml:lang="en">Crowned with Thorns Bosch.jpg</dbpprop:imageFile>
    <dbpprop:museum xml:lang="en">Monasterio de San Lorenzo</dbpprop:museum>
    <dbpprop:title xml:lang="en">Christ Crowned with Thorns</dbpprop:title>
    <dbpprop:type xml:lang="en">Oil on panel</dbpprop:type>
    <dbpprop:width rdf:datatype="http://www.w3.org/2001/XMLSchema#integer">195</dbpprop:width>
    <foaf:isPrimaryTopicOf rdf:resource="http://en.wikipedia.org/wiki/Christ_Crowned_with_Thorns_(Bosch,_El_Escorial)"/>
    <ns7:wasDerivedFrom rdf:resource="http://en.wikipedia.org/wiki/Christ_Crowned_with_Thorns_(Bosch,_El_Escorial)?oldid=548385712"/>
    <dbpprop:hasPhotoCollection rdf:resource="http://wifo5-03.informatik.uni-mannheim.de/flickrwrappr/photos/Christ_Crowned_with_Thorns_(Bosch,_El_Escorial)"/>
  </rdf:Description>
  <rdf:Description rdf:about="http://fr.dbpedia.org/resource/Le_Couronnement_d'épines_(Bosch,_L'Escurial)">
    <owl:sameAs rdf:resource="http://dbpedia.org/resource/Christ_Crowned_with_Thorns_(Bosch,_El_Escorial)"/>
  </rdf:Description>
  <rdf:Description rdf:about="http://it.dbpedia.org/resource/Incoronazione_di_spine_(Bosch_Escorial)">
    <owl:sameAs rdf:resource="http://dbpedia.org/resource/Christ_Crowned_with_Thorns_(Bosch,_El_Escorial)"/>
  </rdf:Description>
  <rdf:Description rdf:about="http://ru.dbpedia.org/resource/Увенчание_терновым_венцом_(картина_Босха,_Эскориал)">
    <owl:sameAs rdf:resource="http://dbpedia.org/resource/Christ_Crowned_with_Thorns_(Bosch,_El_Escorial)"/>
  </rdf:Description>
  <rdf:Description rdf:about="http://en.wikipedia.org/wiki/Christ_Crowned_with_Thorns_(Bosch,_El_Escorial)">
    <foaf:primaryTopic rdf:resource="http://dbpedia.org/resource/Christ_Crowned_with_Thorns_(Bosch,_El_Escorial)"/>
  </rdf:Description>
  <rdf:Description rdf:about="http://dbpedia.org/resource/Christ_Crowned_with_Thorns_(El_Escorial_version)">
    <dbpedia-owl:wikiPageRedirects rdf:resource="http://dbpedia.org/resource/Christ_Crowned_with_Thorns_(Bosch,_El_Escorial)"/>
  </rdf:Description>
  <rdf:Description rdf:about="http://wikidata.dbpedia.org/resource/Q732277">
    <owl:sameAs rdf:resource="http://dbpedia.org/resource/Christ_Crowned_with_Thorns_(Bosch,_El_Escorial)"/>
  </rdf:Description>
</rdf:RDF>
