<rdf:RDF xmlns:ns7="http://www.w3.org/ns/prov#" xmlns:dbpprop="http://dbpedia.org/property/" xmlns:foaf="http://xmlns.com/foaf/0.1/" xmlns:dbpedia-owl="http://dbpedia.org/ontology/" xmlns:dcterms="http://purl.org/dc/terms/" xmlns:owl="http://www.w3.org/2002/07/owl#" xmlns:rdfs="http://www.w3.org/2000/01/rdf-schema#" xmlns:rdf="http://www.w3.org/1999/02/22-rdf-syntax-ns#">
  <rdf:Description rdf:about="http://dbpedia.org/resource/Christ_Driving_the_Money_Changers_from_the_Temple_(El_Greco,_Washington)">
    <rdf:type rdf:resource="http://dbpedia.org/class/yago/PaintingsByElGreco"/>
    <rdf:type rdf:resource="http://dbpedia.org/class/yago/1568Paintings"/>
    <rdf:type rdf:resource="http://dbpedia.org/class/yago/PhysicalEntity100001930"/>
    <rdf:type rdf:resource="http://dbpedia.org/class/yago/GraphicArt103453809"/>
    <rdf:type rdf:resource="http://dbpedia.org/class/yago/Creation103129123"/>
    <rdf:type rdf:resource="http://dbpedia.org/ontology/Work"/>
    <rdf:type rdf:resource="http://dbpedia.org/class/yago/Artifact100021939"/>
    <rdf:type rdf:resource="http://dbpedia.org/ontology/Artwork"/>
    <rdf:type rdf:resource="http://dbpedia.org/class/yago/Painting103876519"/>
    <rdf:type rdf:resource="http://schema.org/CreativeWork"/>
    <rdf:type rdf:resource="http://www.w3.org/2002/07/owl#Thing"/>
    <rdf:type rdf:resource="http://dbpedia.org/class/yago/Art102743547"/>
    <rdf:type rdf:resource="http://dbpedia.org/class/yago/Whole100003553"/>
    <rdf:type rdf:resource="http://dbpedia.org/class/yago/Object100002684"/>
    <owl:sameAs rdf:resource="http://dbpedia.org/resource/Christ_Driving_the_Money_Changers_from_the_Temple_(El_Greco,_Washington)"/>
    <owl:sameAs rdf:resource="http://es.dbpedia.org/resource/La_expulsión_de_los_mercaderes_(El_Greco,_Washington)"/>
    <owl:sameAs rdf:resource="http://yago-knowledge.org/resource/Christ_Driving_the_Money_Changers_from_the_Temple_(El_Greco,_Washington)"/>
    <owl:sameAs rdf:resource="http://www.wikidata.org/entity/Q5108852"/>
    <owl:sameAs rdf:resource="http://rdf.freebase.com/ns/m.0h55_ks"/>
    <dcterms:subject rdf:resource="http://dbpedia.org/resource/Category:Collections_of_the_National_Gallery_of_Art"/>
    <dcterms:subject rdf:resource="http://dbpedia.org/resource/Category:1568_paintings"/>
    <dcterms:subject rdf:resource="http://dbpedia.org/resource/Category:Paintings_by_El_Greco"/>
    <dbpedia-owl:abstract xml:lang="en">Christ Driving the Money Changers from the Temple is a 1568 Christian art painting by El Greco, now in the National Gallery of Art in Washington, D.C. , in the United States. It depicts the Cleansing of the Temple, an event in the Life of Christ. There exist three other copies of the painting and also a faithful reproduction in the National Gallery in London, which has recently been considered as authentic by scholars in the field of visual arts. Two versions and that other on loan from Madri are titled Purification of the Temple. The one at the National Gallery in Washington is called Christ Cleansing the Temple. The painting which bears this actual title belongs to the Minneapolis Institute of Arts and it is somewhat different from all the other versions of this legendary scene.</dbpedia-owl:abstract>
    <dbpedia-owl:abstract xml:lang="es">La purificación del templo o La expulsión de los mercaderes es una obra de El Greco, realizada en 1568. Se exhibe en la Galería Nacional de Arte, de Washington D. C. El Greco usará esta temática varias veces más en su carrera, por lo que resulta una de las formas más estudiadas para apreciar la evolución de su estilo artístico.</dbpedia-owl:abstract>
    <dbpedia-owl:author rdf:resource="http://dbpedia.org/resource/El_Greco"/>
    <dbpedia-owl:museum rdf:resource="http://dbpedia.org/resource/National_Gallery_of_Art"/>
    <dbpedia-owl:wikiPageID rdf:datatype="http://www.w3.org/2001/XMLSchema#integer">32998068</dbpedia-owl:wikiPageID>
    <dbpedia-owl:wikiPageRevisionID rdf:datatype="http://www.w3.org/2001/XMLSchema#integer">546216435</dbpedia-owl:wikiPageRevisionID>
    <rdfs:label xml:lang="en">Christ Driving the Money Changers from the Temple (El Greco, Washington)</rdfs:label>
    <rdfs:label xml:lang="es">La expulsión de los mercaderes (El Greco, Washington)</rdfs:label>
    <foaf:depiction rdf:resource="http://upload.wikimedia.org/wikipedia/commons/0/05/El_Greco_059.jpg"/>
    <rdfs:comment xml:lang="en">Christ Driving the Money Changers from the Temple is a 1568 Christian art painting by El Greco, now in the National Gallery of Art in Washington, D.C. , in the United States. It depicts the Cleansing of the Temple, an event in the Life of Christ. There exist three other copies of the painting and also a faithful reproduction in the National Gallery in London, which has recently been considered as authentic by scholars in the field of visual arts.</rdfs:comment>
    <rdfs:comment xml:lang="es">La purificación del templo o La expulsión de los mercaderes es una obra de El Greco, realizada en 1568. Se exhibe en la Galería Nacional de Arte, de Washington D. C. El Greco usará esta temática varias veces más en su carrera, por lo que resulta una de las formas más estudiadas para apreciar la evolución de su estilo artístico.</rdfs:comment>
    <foaf:name xml:lang="en">Christ Driving the Money Changers from the Temple</foaf:name>
    <dbpedia-owl:thumbnail rdf:resource="http://upload.wikimedia.org/wikipedia/commons/thumb/0/05/El_Greco_059.jpg/200px-El_Greco_059.jpg"/>
    <dbpprop:artist rdf:resource="http://dbpedia.org/resource/El_Greco"/>
    <dbpprop:city rdf:resource="http://dbpedia.org/resource/Washington,_D.C."/>
    <dbpprop:height rdf:datatype="http://www.w3.org/2001/XMLSchema#integer">65</dbpprop:height>
    <dbpprop:imageFile xml:lang="en">El Greco 059.jpg</dbpprop:imageFile>
    <dbpprop:imageSize rdf:datatype="http://www.w3.org/2001/XMLSchema#integer">360</dbpprop:imageSize>
    <dbpprop:museum rdf:resource="http://dbpedia.org/resource/National_Gallery_of_Art"/>
    <dbpprop:title xml:lang="en">Christ Driving the Money Changers from the Temple</dbpprop:title>
    <dbpprop:type rdf:resource="http://dbpedia.org/resource/Oil_painting"/>
    <dbpprop:width rdf:datatype="http://www.w3.org/2001/XMLSchema#integer">83</dbpprop:width>
    <dbpprop:year rdf:datatype="http://www.w3.org/2001/XMLSchema#integer">1568</dbpprop:year>
    <foaf:isPrimaryTopicOf rdf:resource="http://en.wikipedia.org/wiki/Christ_Driving_the_Money_Changers_from_the_Temple_(El_Greco,_Washington)"/>
    <ns7:wasDerivedFrom rdf:resource="http://en.wikipedia.org/wiki/Christ_Driving_the_Money_Changers_from_the_Temple_(El_Greco,_Washington)?oldid=546216435"/>
    <dbpprop:hasPhotoCollection rdf:resource="http://wifo5-03.informatik.uni-mannheim.de/flickrwrappr/photos/Christ_Driving_the_Money_Changers_from_the_Temple_(El_Greco,_Washington)"/>
  </rdf:Description>
  <rdf:Description rdf:about="http://es.dbpedia.org/resource/La_expulsión_de_los_mercaderes_(El_Greco,_Washington)">
    <owl:sameAs rdf:resource="http://dbpedia.org/resource/Christ_Driving_the_Money_Changers_from_the_Temple_(El_Greco,_Washington)"/>
  </rdf:Description>
  <rdf:Description rdf:about="http://en.wikipedia.org/wiki/Christ_Driving_the_Money_Changers_from_the_Temple_(El_Greco,_Washington)">
    <foaf:primaryTopic rdf:resource="http://dbpedia.org/resource/Christ_Driving_the_Money_Changers_from_the_Temple_(El_Greco,_Washington)"/>
  </rdf:Description>
  <rdf:Description rdf:about="http://wikidata.dbpedia.org/resource/Q5108852">
    <owl:sameAs rdf:resource="http://dbpedia.org/resource/Christ_Driving_the_Money_Changers_from_the_Temple_(El_Greco,_Washington)"/>
  </rdf:Description>
</rdf:RDF>
