<rdf:RDF xmlns:ns7="http://www.w3.org/ns/prov#" xmlns:dbpprop="http://dbpedia.org/property/" xmlns:foaf="http://xmlns.com/foaf/0.1/" xmlns:dbpedia-owl="http://dbpedia.org/ontology/" xmlns:dcterms="http://purl.org/dc/terms/" xmlns:owl="http://www.w3.org/2002/07/owl#" xmlns:rdfs="http://www.w3.org/2000/01/rdf-schema#" xmlns:rdf="http://www.w3.org/1999/02/22-rdf-syntax-ns#">
  <rdf:Description rdf:about="http://dbpedia.org/resource/Christ_in_the_House_of_His_Parents">
    <rdf:type rdf:resource="http://dbpedia.org/ontology/Artwork"/>
    <rdf:type rdf:resource="http://www.w3.org/2002/07/owl#Thing"/>
    <rdf:type rdf:resource="http://dbpedia.org/class/yago/Pre-RaphaelitePaintings"/>
    <rdf:type rdf:resource="http://dbpedia.org/class/yago/PaintingsOfTheVirginMary"/>
    <rdf:type rdf:resource="http://dbpedia.org/class/yago/Object100002684"/>
    <rdf:type rdf:resource="http://dbpedia.org/class/yago/Painting103876519"/>
    <rdf:type rdf:resource="http://dbpedia.org/class/yago/PaintingsByJohnEverettMillais"/>
    <rdf:type rdf:resource="http://schema.org/CreativeWork"/>
    <rdf:type rdf:resource="http://dbpedia.org/ontology/Work"/>
    <rdf:type rdf:resource="http://dbpedia.org/class/yago/PhysicalEntity100001930"/>
    <rdf:type rdf:resource="http://dbpedia.org/class/yago/PaintingsDepictingJesus"/>
    <rdf:type rdf:resource="http://dbpedia.org/class/yago/1850Paintings"/>
    <rdf:type rdf:resource="http://dbpedia.org/class/yago/Artifact100021939"/>
    <rdf:type rdf:resource="http://dbpedia.org/class/yago/Creation103129123"/>
    <rdf:type rdf:resource="http://dbpedia.org/class/yago/Art102743547"/>
    <rdf:type rdf:resource="http://dbpedia.org/class/yago/Whole100003553"/>
    <rdf:type rdf:resource="http://dbpedia.org/class/yago/GraphicArt103453809"/>
    <owl:sameAs rdf:resource="http://ru.dbpedia.org/resource/Христос_в_родительском_доме"/>
    <owl:sameAs rdf:resource="http://pl.dbpedia.org/resource/Chrystus_w_domu_rodziców"/>
    <owl:sameAs rdf:resource="http://yago-knowledge.org/resource/Christ_in_the_House_of_His_Parents"/>
    <owl:sameAs rdf:resource="http://dbpedia.org/resource/Christ_in_the_House_of_His_Parents"/>
    <owl:sameAs rdf:resource="http://th.dbpedia.org/resource/พระเยซูในโรงช่างของพ่อ_(มิเล)"/>
    <owl:sameAs rdf:resource="http://www.wikidata.org/entity/Q960157"/>
    <owl:sameAs rdf:resource="http://hu.dbpedia.org/resource/Krisztus_szülei_házában"/>
    <owl:sameAs rdf:resource="http://rdf.freebase.com/ns/m.0268v1d"/>
    <owl:sameAs rdf:resource="http://sv.dbpedia.org/resource/Jesus_i_sina_föräldrars_hus"/>
    <owl:sameAs rdf:resource="http://he.dbpedia.org/resource/ישו_בבית_הוריו"/>
    <dcterms:subject rdf:resource="http://dbpedia.org/resource/Category:1850_paintings"/>
    <dcterms:subject rdf:resource="http://dbpedia.org/resource/Category:Paintings_of_the_Virgin_Mary"/>
    <dcterms:subject rdf:resource="http://dbpedia.org/resource/Category:Paintings_by_John_Everett_Millais"/>
    <dcterms:subject rdf:resource="http://dbpedia.org/resource/Category:Paintings_depicting_Jesus"/>
    <dbpedia-owl:abstract xml:lang="sv">Jesus i sina föräldrars hus (1849–50) är en målning av John Everett Millais som skildrar Jesu familj i i Josefs snickarverkstad. Målningen var mycket kontroversiell när den först ställdes ut och fick många negativa recensioner, bland annat av Charles Dickens. Den gjorde det tidigare dunkla prerafaelitiska brödraskapet berömt och var en bidragande orsak till debatten om realism inom konsten.</dbpedia-owl:abstract>
    <dbpedia-owl:abstract xml:lang="en">Christ in the House of His Parents (1849–50) is a painting by John Everett Millais depicting the Holy Family in Saint Joseph's carpentry workshop. The painting was extremely controversial when first exhibited, prompting many negative reviews, most notably one written by Charles Dickens. It catapulted the previously obscure Pre-Raphaelite Brotherhood to notoriety and was a major contributor to the debate about Realism in the arts. It is currently housed in the Tate Britain in London.</dbpedia-owl:abstract>
    <dbpedia-owl:abstract xml:lang="ru">«Христос в родительском доме» (англ.  Christ In The House Of His Parents) или «Христос в плотницкой мастерской» — картина английского художника Джона Эверетта Милле, созданная в 1850 году и в том же году появившаяся на выставке в Королевской Академии художеств. В своё время это полотно вызвало большой резонанс в обществе и подверглось резкой критике за излишний реализм.</dbpedia-owl:abstract>
    <dbpedia-owl:abstract xml:lang="pl">Chrystus w domu rodziców – obraz olejny autorstwa Johna Everetta Millaisa powstały w latach 1849–50 i przechowywany od 1921 w Tate Britain. Dzieło wystawiane jest pod nazwą Christ In The House Of His Parents. Było to pierwsze płótno Millaisa sygnowane „P. R. B. ”, tajnym symbolem bractwa prerafaelitów.</dbpedia-owl:abstract>
    <dbpedia-owl:author rdf:resource="http://dbpedia.org/resource/John_Everett_Millais"/>
    <dbpedia-owl:museum rdf:resource="http://dbpedia.org/resource/Tate_Britain"/>
    <dbpedia-owl:wikiPageID rdf:datatype="http://www.w3.org/2001/XMLSchema#integer">7684921</dbpedia-owl:wikiPageID>
    <dbpedia-owl:wikiPageRevisionID rdf:datatype="http://www.w3.org/2001/XMLSchema#integer">547447998</dbpedia-owl:wikiPageRevisionID>
    <rdfs:label xml:lang="sv">Jesus i sina föräldrars hus</rdfs:label>
    <rdfs:label xml:lang="en">Christ in the House of His Parents</rdfs:label>
    <rdfs:label xml:lang="pl">Chrystus w domu rodziców</rdfs:label>
    <rdfs:label xml:lang="ru">Христос в родительском доме</rdfs:label>
    <foaf:depiction rdf:resource="http://upload.wikimedia.org/wikipedia/commons/7/7b/John_Everett_Millais_-_Christ_in_the_House_of_His_Parents_(%60The_Carpenter's_Shop')_-_Google_Art_Project.jpg"/>
    <rdfs:comment xml:lang="pl">Chrystus w domu rodziców – obraz olejny autorstwa Johna Everetta Millaisa powstały w latach 1849–50 i przechowywany od 1921 w Tate Britain. Dzieło wystawiane jest pod nazwą Christ In The House Of His Parents. Było to pierwsze płótno Millaisa sygnowane „P. R. B. ”, tajnym symbolem bractwa prerafaelitów.</rdfs:comment>
    <rdfs:comment xml:lang="sv">Jesus i sina föräldrars hus (1849–50) är en målning av John Everett Millais som skildrar Jesu familj i i Josefs snickarverkstad. Målningen var mycket kontroversiell när den först ställdes ut och fick många negativa recensioner, bland annat av Charles Dickens. Den gjorde det tidigare dunkla prerafaelitiska brödraskapet berömt och var en bidragande orsak till debatten om realism inom konsten.</rdfs:comment>
    <rdfs:comment xml:lang="en">Christ in the House of His Parents (1849–50) is a painting by John Everett Millais depicting the Holy Family in Saint Joseph's carpentry workshop. The painting was extremely controversial when first exhibited, prompting many negative reviews, most notably one written by Charles Dickens. It catapulted the previously obscure Pre-Raphaelite Brotherhood to notoriety and was a major contributor to the debate about Realism in the arts. It is currently housed in the Tate Britain in London.</rdfs:comment>
    <rdfs:comment xml:lang="ru">«Христос в родительском доме» (англ.  Christ In The House Of His Parents) или «Христос в плотницкой мастерской» — картина английского художника Джона Эверетта Милле, созданная в 1850 году и в том же году появившаяся на выставке в Королевской Академии художеств. В своё время это полотно вызвало большой резонанс в обществе и подверглось резкой критике за излишний реализм.</rdfs:comment>
    <foaf:name xml:lang="en">Christ in the House of His Parents</foaf:name>
    <dbpedia-owl:thumbnail rdf:resource="http://upload.wikimedia.org/wikipedia/commons/thumb/7/7b/John_Everett_Millais_-_Christ_in_the_House_of_His_Parents_(%60The_Carpenter's_Shop')_-_Google_Art_Project.jpg/200px-John_Everett_Millais_-_Christ_in_the_House_of_His_Parents_(%60The_Carpenter's_Shop')_-_Google_Art_Project.jpg"/>
    <dbpedia-owl:wikiPageExternalLink rdf:resource="http://smarthistory.khanacademy.org/sir-john-everett-millais-christ-in-the-house-of-his-parents.html"/>
    <dbpprop:align xml:lang="en">right</dbpprop:align>
    <dbpprop:artist rdf:resource="http://dbpedia.org/resource/John_Everett_Millais"/>
    <dbpprop:city rdf:resource="http://dbpedia.org/resource/London"/>
    <dbpprop:height rdf:datatype="http://www.w3.org/2001/XMLSchema#double">86.4</dbpprop:height>
    <dbpprop:imageFile xml:lang="en">John Everett Millais - Christ in the House of His Parents  - Google Art Project.jpg</dbpprop:imageFile>
    <dbpprop:museum rdf:resource="http://dbpedia.org/resource/Tate_Britain"/>
    <dbpprop:title xml:lang="en">Christ in the House of His Parents</dbpprop:title>
    <dbpprop:type rdf:resource="http://dbpedia.org/resource/Oil_painting"/>
    <dbpprop:video xml:lang="en">Sir John Everett Millais's Christ in the House of His Parents, Smarthistory</dbpprop:video>
    <dbpprop:width rdf:datatype="http://www.w3.org/2001/XMLSchema#integer">210</dbpprop:width>
    <dbpprop:width rdf:datatype="http://www.w3.org/2001/XMLSchema#double">139.7</dbpprop:width>
    <dbpprop:year rdf:datatype="http://www.w3.org/2001/XMLSchema#integer">1849</dbpprop:year>
    <foaf:isPrimaryTopicOf rdf:resource="http://en.wikipedia.org/wiki/Christ_in_the_House_of_His_Parents"/>
    <ns7:wasDerivedFrom rdf:resource="http://en.wikipedia.org/wiki/Christ_in_the_House_of_His_Parents?oldid=547447998"/>
    <dbpprop:hasPhotoCollection rdf:resource="http://wifo5-03.informatik.uni-mannheim.de/flickrwrappr/photos/Christ_in_the_House_of_His_Parents"/>
    <dbpprop:headerimage rdf:datatype="http://www.w3.org/2001/XMLSchema#integer">210</dbpprop:headerimage>
  </rdf:Description>
  <rdf:Description rdf:about="http://pl.dbpedia.org/resource/Chrystus_w_domu_rodziców">
    <owl:sameAs rdf:resource="http://dbpedia.org/resource/Christ_in_the_House_of_His_Parents"/>
  </rdf:Description>
  <rdf:Description rdf:about="http://dbpedia.org/resource/Christ_in_the_House_of_his_Parents">
    <dbpedia-owl:wikiPageRedirects rdf:resource="http://dbpedia.org/resource/Christ_in_the_House_of_His_Parents"/>
  </rdf:Description>
  <rdf:Description rdf:about="http://dbpedia.org/resource/John_Everett_Millais">
    <dbpprop:works rdf:resource="http://dbpedia.org/resource/Christ_in_the_House_of_His_Parents"/>
  </rdf:Description>
  <rdf:Description rdf:about="http://ru.dbpedia.org/resource/Христос_в_родительском_доме">
    <owl:sameAs rdf:resource="http://dbpedia.org/resource/Christ_in_the_House_of_His_Parents"/>
  </rdf:Description>
  <rdf:Description rdf:about="http://en.wikipedia.org/wiki/Christ_in_the_House_of_His_Parents">
    <foaf:primaryTopic rdf:resource="http://dbpedia.org/resource/Christ_in_the_House_of_His_Parents"/>
  </rdf:Description>
  <rdf:Description rdf:about="http://dbpedia.org/resource/Christ_In_The_House_Of_His_Parents">
    <dbpedia-owl:wikiPageRedirects rdf:resource="http://dbpedia.org/resource/Christ_in_the_House_of_His_Parents"/>
  </rdf:Description>
  <rdf:Description rdf:about="http://dbpedia.org/resource/Christ_in_the_house_of_his_parents">
    <dbpedia-owl:wikiPageRedirects rdf:resource="http://dbpedia.org/resource/Christ_in_the_House_of_His_Parents"/>
  </rdf:Description>
  <rdf:Description rdf:about="http://wikidata.dbpedia.org/resource/Q960157">
    <owl:sameAs rdf:resource="http://dbpedia.org/resource/Christ_in_the_House_of_His_Parents"/>
  </rdf:Description>
  <rdf:Description rdf:about="http://he.dbpedia.org/resource/ישו_בבית_הוריו">
    <owl:sameAs rdf:resource="http://dbpedia.org/resource/Christ_in_the_House_of_His_Parents"/>
  </rdf:Description>
  <rdf:Description rdf:about="http://hu.dbpedia.org/resource/Krisztus_szülei_házában">
    <owl:sameAs rdf:resource="http://dbpedia.org/resource/Christ_in_the_House_of_His_Parents"/>
  </rdf:Description>
  <rdf:Description rdf:about="http://sv.dbpedia.org/resource/Jesus_i_sina_föräldrars_hus">
    <owl:sameAs rdf:resource="http://dbpedia.org/resource/Christ_in_the_House_of_His_Parents"/>
  </rdf:Description>
  <rdf:Description rdf:about="http://th.dbpedia.org/resource/พระเยซูในโรงช่างของพ่อ_(มิเล)">
    <owl:sameAs rdf:resource="http://dbpedia.org/resource/Christ_in_the_House_of_His_Parents"/>
  </rdf:Description>
</rdf:RDF>
