<rdf:RDF xmlns:ns7="http://www.w3.org/ns/prov#" xmlns:dbpprop="http://dbpedia.org/property/" xmlns:foaf="http://xmlns.com/foaf/0.1/" xmlns:dbpedia-owl="http://dbpedia.org/ontology/" xmlns:dcterms="http://purl.org/dc/terms/" xmlns:owl="http://www.w3.org/2002/07/owl#" xmlns:rdfs="http://www.w3.org/2000/01/rdf-schema#" xmlns:rdf="http://www.w3.org/1999/02/22-rdf-syntax-ns#">
  <rdf:Description rdf:about="http://dbpedia.org/resource/Christ_Child_with_a_Walking_Frame">
    <rdf:type rdf:resource="http://dbpedia.org/class/yago/1480sPaintings"/>
    <rdf:type rdf:resource="http://dbpedia.org/class/yago/PaintingsDepictingJesus"/>
    <rdf:type rdf:resource="http://dbpedia.org/class/yago/Painting103876519"/>
    <rdf:type rdf:resource="http://dbpedia.org/ontology/Work"/>
    <rdf:type rdf:resource="http://www.w3.org/2002/07/owl#Thing"/>
    <rdf:type rdf:resource="http://dbpedia.org/class/yago/GraphicArt103453809"/>
    <rdf:type rdf:resource="http://schema.org/CreativeWork"/>
    <rdf:type rdf:resource="http://dbpedia.org/class/yago/PaintingsByHieronymusBosch"/>
    <rdf:type rdf:resource="http://dbpedia.org/ontology/Artwork"/>
    <rdf:type rdf:resource="http://dbpedia.org/class/yago/Art102743547"/>
    <rdf:type rdf:resource="http://dbpedia.org/class/yago/PaintingsOfTheKunsthistorischesMuseum"/>
    <rdf:type rdf:resource="http://dbpedia.org/class/yago/Whole100003553"/>
    <rdf:type rdf:resource="http://dbpedia.org/class/yago/PhysicalEntity100001930"/>
    <rdf:type rdf:resource="http://dbpedia.org/class/yago/Object100002684"/>
    <rdf:type rdf:resource="http://dbpedia.org/class/yago/Artifact100021939"/>
    <rdf:type rdf:resource="http://dbpedia.org/class/yago/Creation103129123"/>
    <owl:sameAs rdf:resource="http://www.wikidata.org/entity/Q5108662"/>
    <owl:sameAs rdf:resource="http://dbpedia.org/resource/Christ_Child_with_a_Walking_Frame"/>
    <owl:sameAs rdf:resource="http://rdf.freebase.com/ns/m.02620p6"/>
    <owl:sameAs rdf:resource="http://yago-knowledge.org/resource/Christ_Child_with_a_Walking_Frame"/>
    <dcterms:subject rdf:resource="http://dbpedia.org/resource/Category:Paintings_depicting_Jesus"/>
    <dcterms:subject rdf:resource="http://dbpedia.org/resource/Category:Paintings_of_the_Kunsthistorisches_Museum"/>
    <dcterms:subject rdf:resource="http://dbpedia.org/resource/Category:Paintings_by_Hieronymus_Bosch"/>
    <dcterms:subject rdf:resource="http://dbpedia.org/resource/Category:1480s_paintings"/>
    <dbpedia-owl:abstract xml:lang="en">Christ Child with a Walking Frame is a painting by Hieronymus Bosch. Measuring 28 centimetres (11 inches) in diameter, it is at the Kunsthistorisches Museum (Museum of Art History), Vienna, Austria. Christ Child With a Walking Frame is painted on the reverse of Christ Carrying the Cross.</dbpedia-owl:abstract>
    <dbpedia-owl:author rdf:resource="http://dbpedia.org/resource/Hieronymus_Bosch"/>
    <dbpedia-owl:museum rdf:resource="http://dbpedia.org/resource/Kunsthistorisches_Museum"/>
    <dbpedia-owl:wikiPageID rdf:datatype="http://www.w3.org/2001/XMLSchema#integer">7447930</dbpedia-owl:wikiPageID>
    <dbpedia-owl:wikiPageRevisionID rdf:datatype="http://www.w3.org/2001/XMLSchema#integer">548385683</dbpedia-owl:wikiPageRevisionID>
    <rdfs:label xml:lang="en">Christ Child with a Walking Frame</rdfs:label>
    <foaf:depiction rdf:resource="http://upload.wikimedia.org/wikipedia/commons/5/57/Hieronymus_Bosch_101.jpg"/>
    <rdfs:comment xml:lang="en">Christ Child with a Walking Frame is a painting by Hieronymus Bosch. Measuring 28 centimetres (11 inches) in diameter, it is at the Kunsthistorisches Museum (Museum of Art History), Vienna, Austria. Christ Child With a Walking Frame is painted on the reverse of Christ Carrying the Cross.</rdfs:comment>
    <foaf:name xml:lang="en">Christ Child with a Walking Frame</foaf:name>
    <dbpedia-owl:thumbnail rdf:resource="http://upload.wikimedia.org/wikipedia/commons/thumb/5/57/Hieronymus_Bosch_101.jpg/200px-Hieronymus_Bosch_101.jpg"/>
    <dbpprop:artist xml:lang="en">Hieronymus Bosch</dbpprop:artist>
    <dbpprop:imageFile xml:lang="en">Hieronymus Bosch 101.jpg</dbpprop:imageFile>
    <dbpprop:imageSize rdf:datatype="http://www.w3.org/2001/XMLSchema#integer">100</dbpprop:imageSize>
    <dbpprop:museum rdf:resource="http://dbpedia.org/resource/Kunsthistorisches_Museum"/>
    <dbpprop:title xml:lang="en">Christ Child with a Walking Frame</dbpprop:title>
    <dbpprop:type xml:lang="en">oil on panel</dbpprop:type>
    <dbpprop:year rdf:datatype="http://dbpedia.org/datatype/second">1480.0</dbpprop:year>
    <foaf:isPrimaryTopicOf rdf:resource="http://en.wikipedia.org/wiki/Christ_Child_with_a_Walking_Frame"/>
    <ns7:wasDerivedFrom rdf:resource="http://en.wikipedia.org/wiki/Christ_Child_with_a_Walking_Frame?oldid=548385683"/>
    <dbpprop:hasPhotoCollection rdf:resource="http://wifo5-03.informatik.uni-mannheim.de/flickrwrappr/photos/Christ_Child_with_a_Walking_Frame"/>
  </rdf:Description>
  <rdf:Description rdf:about="http://en.wikipedia.org/wiki/Christ_Child_with_a_Walking_Frame">
    <foaf:primaryTopic rdf:resource="http://dbpedia.org/resource/Christ_Child_with_a_Walking_Frame"/>
  </rdf:Description>
  <rdf:Description rdf:about="http://dbpedia.org/resource/Christ_child_with_a_walking_frame">
    <dbpedia-owl:wikiPageRedirects rdf:resource="http://dbpedia.org/resource/Christ_Child_with_a_Walking_Frame"/>
  </rdf:Description>
  <rdf:Description rdf:about="http://wikidata.dbpedia.org/resource/Q5108662">
    <owl:sameAs rdf:resource="http://dbpedia.org/resource/Christ_Child_with_a_Walking_Frame"/>
  </rdf:Description>
</rdf:RDF>
