<rdf:RDF xmlns:dbpprop="http://dbpedia.org/property/" xmlns:ns6="http://www.w3.org/ns/prov#" xmlns:foaf="http://xmlns.com/foaf/0.1/" xmlns:dbpedia-owl="http://dbpedia.org/ontology/" xmlns:dcterms="http://purl.org/dc/terms/" xmlns:owl="http://www.w3.org/2002/07/owl#" xmlns:rdfs="http://www.w3.org/2000/01/rdf-schema#" xmlns:rdf="http://www.w3.org/1999/02/22-rdf-syntax-ns#">
  <rdf:Description rdf:about="http://es.dbpedia.org/resource/La_expulsión_de_los_mercaderes_(El_Greco,_Nueva_York)">
    <owl:sameAs rdf:resource="http://dbpedia.org/resource/Christ_Driving_the_Money_Changers_from_the_Temple_(El_Greco,_New_York)"/>
  </rdf:Description>
  <rdf:Description rdf:about="http://en.wikipedia.org/wiki/Christ_Driving_the_Money_Changers_from_the_Temple_(El_Greco,_New_York)">
    <foaf:primaryTopic rdf:resource="http://dbpedia.org/resource/Christ_Driving_the_Money_Changers_from_the_Temple_(El_Greco,_New_York)"/>
  </rdf:Description>
  <rdf:Description rdf:about="http://dbpedia.org/resource/Purification_of_the_Temple_(El_Greco,_New_York)">
    <dbpedia-owl:wikiPageRedirects rdf:resource="http://dbpedia.org/resource/Christ_Driving_the_Money_Changers_from_the_Temple_(El_Greco,_New_York)"/>
  </rdf:Description>
  <rdf:Description rdf:about="http://dbpedia.org/resource/Christ_Driving_the_Money_Changers_from_the_Temple_(El_Greco,_New_York)">
    <rdf:type rdf:resource="http://dbpedia.org/class/yago/PhysicalEntity100001930"/>
    <rdf:type rdf:resource="http://dbpedia.org/class/yago/PaintingsByElGreco"/>
    <rdf:type rdf:resource="http://dbpedia.org/class/yago/GraphicArt103453809"/>
    <rdf:type rdf:resource="http://dbpedia.org/class/yago/PaintingsDepictingJesus"/>
    <rdf:type rdf:resource="http://dbpedia.org/class/yago/Painting103876519"/>
    <rdf:type rdf:resource="http://dbpedia.org/class/yago/Art102743547"/>
    <rdf:type rdf:resource="http://dbpedia.org/class/yago/1590sPaintings"/>
    <rdf:type rdf:resource="http://dbpedia.org/class/yago/Creation103129123"/>
    <rdf:type rdf:resource="http://dbpedia.org/class/yago/Whole100003553"/>
    <rdf:type rdf:resource="http://dbpedia.org/class/yago/Artifact100021939"/>
    <rdf:type rdf:resource="http://dbpedia.org/class/yago/Object100002684"/>
    <rdf:type rdf:resource="http://dbpedia.org/class/yago/PaintingsOfTheFrickCollection"/>
    <owl:sameAs rdf:resource="http://www.wikidata.org/entity/Q5108849"/>
    <owl:sameAs rdf:resource="http://dbpedia.org/resource/Christ_Driving_the_Money_Changers_from_the_Temple_(El_Greco,_New_York)"/>
    <owl:sameAs rdf:resource="http://yago-knowledge.org/resource/Christ_Driving_the_Money_Changers_from_the_Temple_(El_Greco,_New_York)"/>
    <owl:sameAs rdf:resource="http://es.dbpedia.org/resource/La_expulsión_de_los_mercaderes_(El_Greco,_Nueva_York)"/>
    <owl:sameAs rdf:resource="http://rdf.freebase.com/ns/m.0h555gj"/>
    <dcterms:subject rdf:resource="http://dbpedia.org/resource/Category:Paintings_of_the_Frick_Collection"/>
    <dcterms:subject rdf:resource="http://dbpedia.org/resource/Category:Paintings_by_El_Greco"/>
    <dcterms:subject rdf:resource="http://dbpedia.org/resource/Category:1590s_paintings"/>
    <dcterms:subject rdf:resource="http://dbpedia.org/resource/Category:Paintings_depicting_Jesus"/>
    <dbpedia-owl:abstract xml:lang="es">La expulsión de los mercaderes es una obra de El Greco, realizada entre 1595 y 1600 durante su último período toledano. Se conserva en la Colección Frick de Nueva York.</dbpedia-owl:abstract>
    <dbpedia-owl:abstract xml:lang="en">Christ Driving the Money Changers from the Temple is a 1595-1600 Christian art painting by El Greco, now in the Frick Collection. It depicts the Cleansing of the Temple, an event in the Life of Christ.</dbpedia-owl:abstract>
    <dbpedia-owl:wikiPageID rdf:datatype="http://www.w3.org/2001/XMLSchema#integer">32997994</dbpedia-owl:wikiPageID>
    <dbpedia-owl:wikiPageRevisionID rdf:datatype="http://www.w3.org/2001/XMLSchema#integer">546216129</dbpedia-owl:wikiPageRevisionID>
    <rdfs:label xml:lang="en">Christ Driving the Money Changers from the Temple (El Greco, New York)</rdfs:label>
    <rdfs:label xml:lang="es">La expulsión de los mercaderes (El Greco, Nueva York)</rdfs:label>
    <foaf:depiction rdf:resource="http://upload.wikimedia.org/wikipedia/commons/6/6b/El_Greco_016.jpg"/>
    <rdfs:comment xml:lang="es">La expulsión de los mercaderes es una obra de El Greco, realizada entre 1595 y 1600 durante su último período toledano. Se conserva en la Colección Frick de Nueva York.</rdfs:comment>
    <rdfs:comment xml:lang="en">Christ Driving the Money Changers from the Temple is a 1595-1600 Christian art painting by El Greco, now in the Frick Collection. It depicts the Cleansing of the Temple, an event in the Life of Christ.</rdfs:comment>
    <dbpedia-owl:thumbnail rdf:resource="http://upload.wikimedia.org/wikipedia/commons/thumb/6/6b/El_Greco_016.jpg/200px-El_Greco_016.jpg"/>
    <foaf:isPrimaryTopicOf rdf:resource="http://en.wikipedia.org/wiki/Christ_Driving_the_Money_Changers_from_the_Temple_(El_Greco,_New_York)"/>
    <ns6:wasDerivedFrom rdf:resource="http://en.wikipedia.org/wiki/Christ_Driving_the_Money_Changers_from_the_Temple_(El_Greco,_New_York)?oldid=546216129"/>
    <dbpprop:hasPhotoCollection rdf:resource="http://wifo5-03.informatik.uni-mannheim.de/flickrwrappr/photos/Christ_Driving_the_Money_Changers_from_the_Temple_(El_Greco,_New_York)"/>
  </rdf:Description>
  <rdf:Description rdf:about="http://wikidata.dbpedia.org/resource/Q5108849">
    <owl:sameAs rdf:resource="http://dbpedia.org/resource/Christ_Driving_the_Money_Changers_from_the_Temple_(El_Greco,_New_York)"/>
  </rdf:Description>
</rdf:RDF>
