<rdf:RDF xmlns:ns7="http://www.w3.org/ns/prov#" xmlns:dbpprop="http://dbpedia.org/property/" xmlns:foaf="http://xmlns.com/foaf/0.1/" xmlns:dbpedia-owl="http://dbpedia.org/ontology/" xmlns:dcterms="http://purl.org/dc/terms/" xmlns:owl="http://www.w3.org/2002/07/owl#" xmlns:rdfs="http://www.w3.org/2000/01/rdf-schema#" xmlns:rdf="http://www.w3.org/1999/02/22-rdf-syntax-ns#">
  <rdf:Description rdf:about="http://it.dbpedia.org/resource/Cristo_tra_quattro_angeli_con_gli_strumenti_della_Passione">
    <owl:sameAs rdf:resource="http://dbpedia.org/resource/Christ_between_Four_Angels"/>
  </rdf:Description>
  <rdf:Description rdf:about="http://dbpedia.org/resource/Christ_between_Four_Angels">
    <rdf:type rdf:resource="http://dbpedia.org/class/yago/1496Paintings"/>
    <rdf:type rdf:resource="http://dbpedia.org/class/yago/Artifact100021939"/>
    <rdf:type rdf:resource="http://dbpedia.org/class/yago/Object100002684"/>
    <rdf:type rdf:resource="http://dbpedia.org/class/yago/Painting103876519"/>
    <rdf:type rdf:resource="http://dbpedia.org/class/yago/PhysicalEntity100001930"/>
    <rdf:type rdf:resource="http://dbpedia.org/class/yago/Creation103129123"/>
    <rdf:type rdf:resource="http://dbpedia.org/class/yago/Art102743547"/>
    <rdf:type rdf:resource="http://dbpedia.org/class/yago/PaintingsDepictingJesus"/>
    <rdf:type rdf:resource="http://dbpedia.org/ontology/Work"/>
    <rdf:type rdf:resource="http://dbpedia.org/class/yago/GraphicArt103453809"/>
    <rdf:type rdf:resource="http://www.w3.org/2002/07/owl#Thing"/>
    <rdf:type rdf:resource="http://dbpedia.org/ontology/Artwork"/>
    <rdf:type rdf:resource="http://dbpedia.org/class/yago/Whole100003553"/>
    <rdf:type rdf:resource="http://dbpedia.org/class/yago/PaintingsByCarpaccio"/>
    <rdf:type rdf:resource="http://schema.org/CreativeWork"/>
    <owl:sameAs rdf:resource="http://dbpedia.org/resource/Christ_between_Four_Angels"/>
    <owl:sameAs rdf:resource="http://yago-knowledge.org/resource/Christ_between_Four_Angels"/>
    <owl:sameAs rdf:resource="http://it.dbpedia.org/resource/Cristo_tra_quattro_angeli_con_gli_strumenti_della_Passione"/>
    <owl:sameAs rdf:resource="http://rdf.freebase.com/ns/m.0fqqqjk"/>
    <owl:sameAs rdf:resource="http://www.wikidata.org/entity/Q3697673"/>
    <dcterms:subject rdf:resource="http://dbpedia.org/resource/Category:1496_paintings"/>
    <dcterms:subject rdf:resource="http://dbpedia.org/resource/Category:Paintings_by_Carpaccio"/>
    <dcterms:subject rdf:resource="http://dbpedia.org/resource/Category:Paintings_depicting_Jesus"/>
    <dbpedia-owl:abstract xml:lang="it">Cristo tra quattro angeli con gli strumenti della Passione è un dipinto olio su tavola (162x163 cm) di Vittore Carpaccio, firmato e datato 1496 e conservato nei Civici musei e gallerie di storia e arte di Udine.</dbpedia-owl:abstract>
    <dbpedia-owl:abstract xml:lang="en">The Christ between Four Angels and the Instruments of the Passion is a painting by the Italian Renaissance master Vittore Carpaccio, executed in 1496 and now housed in the Civici musei e gallerie di storia e arte of Udine, northern Italy. The work was painted for the church of St. Peter Martyr of Udine. It was acquired by the Austrians after the Napoleonic Wars, and assigned to the Hofmuseum in Vienna in 1838. It was given back to Italy in 1919.</dbpedia-owl:abstract>
    <dbpedia-owl:author rdf:resource="http://dbpedia.org/resource/Vittore_Carpaccio"/>
    <dbpedia-owl:wikiPageID rdf:datatype="http://www.w3.org/2001/XMLSchema#integer">29964683</dbpedia-owl:wikiPageID>
    <dbpedia-owl:wikiPageRevisionID rdf:datatype="http://www.w3.org/2001/XMLSchema#integer">546053341</dbpedia-owl:wikiPageRevisionID>
    <rdfs:label xml:lang="it">Cristo tra quattro angeli con gli strumenti della Passione</rdfs:label>
    <rdfs:label xml:lang="en">Christ between Four Angels</rdfs:label>
    <foaf:depiction rdf:resource="http://upload.wikimedia.org/wikipedia/commons/2/2a/Vittore_carpaccio,_cristo_tra_quattro_angeli_con_gli_strumenti_della_Passione,_1496,_udine.jpg"/>
    <rdfs:comment xml:lang="it">Cristo tra quattro angeli con gli strumenti della Passione è un dipinto olio su tavola (162x163 cm) di Vittore Carpaccio, firmato e datato 1496 e conservato nei Civici musei e gallerie di storia e arte di Udine.</rdfs:comment>
    <rdfs:comment xml:lang="en">The Christ between Four Angels and the Instruments of the Passion is a painting by the Italian Renaissance master Vittore Carpaccio, executed in 1496 and now housed in the Civici musei e gallerie di storia e arte of Udine, northern Italy. The work was painted for the church of St. Peter Martyr of Udine. It was acquired by the Austrians after the Napoleonic Wars, and assigned to the Hofmuseum in Vienna in 1838. It was given back to Italy in 1919.</rdfs:comment>
    <foaf:name xml:lang="en">Christ between Four Angels and the Instruments of the Passion</foaf:name>
    <dbpedia-owl:thumbnail rdf:resource="http://upload.wikimedia.org/wikipedia/commons/thumb/2/2a/Vittore_carpaccio,_cristo_tra_quattro_angeli_con_gli_strumenti_della_Passione,_1496,_udine.jpg/200px-Vittore_carpaccio,_cristo_tra_quattro_angeli_con_gli_strumenti_della_Passione,_1496,_udine.jpg"/>
    <dbpedia-owl:wikiPageExternalLink rdf:resource="http://www.comune.udine.it/opencms/opencms/release/ComuneUdine/cittavicina/cultura/it/musei/Civici_Musei_e_Gallerie_di_Storia_ed_Arte/pinacoteca/salaIII.htm"/>
    <dbpprop:artist rdf:resource="http://dbpedia.org/resource/Vittore_Carpaccio"/>
    <dbpprop:city rdf:resource="http://dbpedia.org/resource/Udine"/>
    <dbpprop:height rdf:datatype="http://www.w3.org/2001/XMLSchema#integer">162</dbpprop:height>
    <dbpprop:imageFile xml:lang="en">Vittore carpaccio, cristo tra quattro angeli con gli strumenti della Passione, 1496, udine.jpg</dbpprop:imageFile>
    <dbpprop:imageSize rdf:datatype="http://www.w3.org/2001/XMLSchema#integer">320</dbpprop:imageSize>
    <dbpprop:museum xml:lang="en">Civic Museum and Galleries  of History and Art</dbpprop:museum>
    <dbpprop:title xml:lang="en">Christ between Four Angels and the Instruments of the Passion</dbpprop:title>
    <dbpprop:type xml:lang="en">Oil on panel</dbpprop:type>
    <dbpprop:width rdf:datatype="http://www.w3.org/2001/XMLSchema#integer">163</dbpprop:width>
    <dbpprop:year rdf:datatype="http://www.w3.org/2001/XMLSchema#integer">1496</dbpprop:year>
    <foaf:isPrimaryTopicOf rdf:resource="http://en.wikipedia.org/wiki/Christ_between_Four_Angels"/>
    <ns7:wasDerivedFrom rdf:resource="http://en.wikipedia.org/wiki/Christ_between_Four_Angels?oldid=546053341"/>
    <dbpprop:hasPhotoCollection rdf:resource="http://wifo5-03.informatik.uni-mannheim.de/flickrwrappr/photos/Christ_between_Four_Angels"/>
  </rdf:Description>
  <rdf:Description rdf:about="http://en.wikipedia.org/wiki/Christ_between_Four_Angels">
    <foaf:primaryTopic rdf:resource="http://dbpedia.org/resource/Christ_between_Four_Angels"/>
  </rdf:Description>
  <rdf:Description rdf:about="http://dbpedia.org/resource/Christ_Between_Four_Angels">
    <dbpedia-owl:wikiPageRedirects rdf:resource="http://dbpedia.org/resource/Christ_between_Four_Angels"/>
  </rdf:Description>
  <rdf:Description rdf:about="http://dbpedia.org/resource/Christ_Between_Four_Angels_and_the_Instruments_of_the_Passion">
    <dbpedia-owl:wikiPageRedirects rdf:resource="http://dbpedia.org/resource/Christ_between_Four_Angels"/>
  </rdf:Description>
  <rdf:Description rdf:about="http://dbpedia.org/resource/Christ_and_the_Instruments_of_the_Passion">
    <dbpedia-owl:wikiPageRedirects rdf:resource="http://dbpedia.org/resource/Christ_between_Four_Angels"/>
  </rdf:Description>
  <rdf:Description rdf:about="http://wikidata.dbpedia.org/resource/Q3697673">
    <owl:sameAs rdf:resource="http://dbpedia.org/resource/Christ_between_Four_Angels"/>
  </rdf:Description>
</rdf:RDF>
