<rdf:RDF xmlns:ns7="http://www.w3.org/ns/prov#" xmlns:dbpprop="http://dbpedia.org/property/" xmlns:foaf="http://xmlns.com/foaf/0.1/" xmlns:dbpedia-owl="http://dbpedia.org/ontology/" xmlns:dcterms="http://purl.org/dc/terms/" xmlns:owl="http://www.w3.org/2002/07/owl#" xmlns:rdfs="http://www.w3.org/2000/01/rdf-schema#" xmlns:rdf="http://www.w3.org/1999/02/22-rdf-syntax-ns#">
  <rdf:Description rdf:about="http://dbpedia.org/resource/Chula_series">
    <rdf:type rdf:resource="http://dbpedia.org/ontology/Artwork"/>
    <rdf:type rdf:resource="http://dbpedia.org/class/yago/Object100002684"/>
    <rdf:type rdf:resource="http://dbpedia.org/class/yago/1885Paintings"/>
    <rdf:type rdf:resource="http://schema.org/CreativeWork"/>
    <rdf:type rdf:resource="http://dbpedia.org/ontology/Work"/>
    <rdf:type rdf:resource="http://dbpedia.org/class/yago/Whole100003553"/>
    <rdf:type rdf:resource="http://dbpedia.org/class/yago/Painting103876519"/>
    <rdf:type rdf:resource="http://dbpedia.org/class/yago/Art102743547"/>
    <rdf:type rdf:resource="http://dbpedia.org/class/yago/Artifact100021939"/>
    <rdf:type rdf:resource="http://dbpedia.org/class/yago/GraphicArt103453809"/>
    <rdf:type rdf:resource="http://www.w3.org/2002/07/owl#Thing"/>
    <rdf:type rdf:resource="http://dbpedia.org/class/yago/PhysicalEntity100001930"/>
    <rdf:type rdf:resource="http://dbpedia.org/class/yago/Creation103129123"/>
    <rdf:type rdf:resource="http://dbpedia.org/class/yago/PaintingsByJuanLuna"/>
    <owl:sameAs rdf:resource="http://dbpedia.org/resource/Chula_series"/>
    <owl:sameAs rdf:resource="http://rdf.freebase.com/ns/m.0bmcn40"/>
    <owl:sameAs rdf:resource="http://www.wikidata.org/entity/Q5116090"/>
    <owl:sameAs rdf:resource="http://yago-knowledge.org/resource/Chula_series"/>
    <dcterms:subject rdf:resource="http://dbpedia.org/resource/Category:1885_paintings"/>
    <dcterms:subject rdf:resource="http://dbpedia.org/resource/Category:Paintings_by_Juan_Luna"/>
    <dbpedia-owl:abstract xml:lang="en">The Chula series or Chula studies is a succession of paintings created by Filipino painter and hero Juan Luna about the so-called "chulas" or working class women of Madrid, Spain. Luna is well known for illustrating “striking and commercially lucrative” depictions of "women of the streets" of Madrid. Exemplars of these are Luna’s Una Chula I ("A Chula" No. 1) and Una Chula II ("A Chula" No. 2) paintings.</dbpedia-owl:abstract>
    <dbpedia-owl:author rdf:resource="http://dbpedia.org/resource/Juan_Luna"/>
    <dbpedia-owl:wikiPageID rdf:datatype="http://www.w3.org/2001/XMLSchema#integer">26771128</dbpedia-owl:wikiPageID>
    <dbpedia-owl:wikiPageRevisionID rdf:datatype="http://www.w3.org/2001/XMLSchema#integer">529351620</dbpedia-owl:wikiPageRevisionID>
    <rdfs:label xml:lang="en">Chula series</rdfs:label>
    <foaf:depiction rdf:resource="http://upload.wikimedia.org/wikipedia/commons/a/aa/Chula_by_Juan_Luna.jpg"/>
    <rdfs:comment xml:lang="en">The Chula series or Chula studies is a succession of paintings created by Filipino painter and hero Juan Luna about the so-called "chulas" or working class women of Madrid, Spain. Luna is well known for illustrating “striking and commercially lucrative” depictions of "women of the streets" of Madrid. Exemplars of these are Luna’s Una Chula I ("A Chula" No. 1) and Una Chula II ("A Chula" No. 2) paintings.</rdfs:comment>
    <foaf:name xml:lang="en">Una Chula II</foaf:name>
    <foaf:name xml:lang="en">Chula series:</foaf:name>
    <dbpedia-owl:thumbnail rdf:resource="http://upload.wikimedia.org/wikipedia/commons/thumb/a/aa/Chula_by_Juan_Luna.jpg/200px-Chula_by_Juan_Luna.jpg"/>
    <dbpedia-owl:wikiPageExternalLink rdf:resource="http://books.google.com/books?id=W3tjWD-ngC4C&amp;pg=PA44&amp;lpg=PA44&amp;dq=chula+by+juan+luna&amp;source=bl&amp;ots=xXqEPwZTpb&amp;sig=1n6KipKT-FaWMoNnAKL5tJLNblo&amp;hl=en&amp;ei=V6yyS86LJ4OC8gaJ0bzCAQ&amp;sa=X&amp;oi=book_result&amp;ct=result&amp;resnum=7&amp;ved=0CBoQ6AEwBg#"/>
    <dbpprop:artist xml:lang="en">Juan Luna</dbpprop:artist>
    <dbpprop:museum xml:lang="en">Lopez Memorial Museum</dbpprop:museum>
    <dbpprop:title xml:lang="en">Una Chula II</dbpprop:title>
    <dbpprop:title xml:lang="en">Chula series:</dbpprop:title>
    <dbpprop:year rdf:datatype="http://www.w3.org/2001/XMLSchema#integer">1885</dbpprop:year>
    <foaf:isPrimaryTopicOf rdf:resource="http://en.wikipedia.org/wiki/Chula_series"/>
    <ns7:wasDerivedFrom rdf:resource="http://en.wikipedia.org/wiki/Chula_series?oldid=529351620"/>
    <dbpprop:hasPhotoCollection rdf:resource="http://wifo5-03.informatik.uni-mannheim.de/flickrwrappr/photos/Chula_series"/>
  </rdf:Description>
  <rdf:Description rdf:about="http://dbpedia.org/resource/Chula">
    <dbpedia-owl:wikiPageDisambiguates rdf:resource="http://dbpedia.org/resource/Chula_series"/>
  </rdf:Description>
  <rdf:Description rdf:about="http://dbpedia.org/resource/Chula_I">
    <dbpedia-owl:wikiPageRedirects rdf:resource="http://dbpedia.org/resource/Chula_series"/>
  </rdf:Description>
  <rdf:Description rdf:about="http://dbpedia.org/resource/Chula_studies">
    <dbpedia-owl:wikiPageRedirects rdf:resource="http://dbpedia.org/resource/Chula_series"/>
  </rdf:Description>
  <rdf:Description rdf:about="http://dbpedia.org/resource/Chula_study">
    <dbpedia-owl:wikiPageRedirects rdf:resource="http://dbpedia.org/resource/Chula_series"/>
  </rdf:Description>
  <rdf:Description rdf:about="http://dbpedia.org/resource/Una_Chula_I">
    <dbpedia-owl:wikiPageRedirects rdf:resource="http://dbpedia.org/resource/Chula_series"/>
  </rdf:Description>
  <rdf:Description rdf:about="http://dbpedia.org/resource/Una_Chula_II">
    <dbpedia-owl:wikiPageRedirects rdf:resource="http://dbpedia.org/resource/Chula_series"/>
  </rdf:Description>
  <rdf:Description rdf:about="http://en.wikipedia.org/wiki/Chula_series">
    <foaf:primaryTopic rdf:resource="http://dbpedia.org/resource/Chula_series"/>
  </rdf:Description>
  <rdf:Description rdf:about="http://wikidata.dbpedia.org/resource/Q5116090">
    <owl:sameAs rdf:resource="http://dbpedia.org/resource/Chula_series"/>
  </rdf:Description>
</rdf:RDF>
