<rdf:RDF xmlns:ns7="http://www.w3.org/ns/prov#" xmlns:dbpprop="http://dbpedia.org/property/" xmlns:foaf="http://xmlns.com/foaf/0.1/" xmlns:dbpedia-owl="http://dbpedia.org/ontology/" xmlns:dcterms="http://purl.org/dc/terms/" xmlns:owl="http://www.w3.org/2002/07/owl#" xmlns:rdfs="http://www.w3.org/2000/01/rdf-schema#" xmlns:rdf="http://www.w3.org/1999/02/22-rdf-syntax-ns#">
  <rdf:Description rdf:about="http://it.dbpedia.org/resource/Circoncisione_di_Gesù_(Parmigianino)">
    <owl:sameAs rdf:resource="http://dbpedia.org/resource/Circumcision_of_Jesus_(Parmigianino)"/>
  </rdf:Description>
  <rdf:Description rdf:about="http://dbpedia.org/resource/Circumcision_of_Jesus_(Parmigianino)">
    <rdf:type rdf:resource="http://dbpedia.org/class/yago/Object100002684"/>
    <rdf:type rdf:resource="http://dbpedia.org/class/yago/Creation103129123"/>
    <rdf:type rdf:resource="http://www.w3.org/2002/07/owl#Thing"/>
    <rdf:type rdf:resource="http://dbpedia.org/class/yago/Artifact100021939"/>
    <rdf:type rdf:resource="http://dbpedia.org/class/yago/1520sPaintings"/>
    <rdf:type rdf:resource="http://dbpedia.org/class/yago/Painting103876519"/>
    <rdf:type rdf:resource="http://dbpedia.org/ontology/Work"/>
    <rdf:type rdf:resource="http://dbpedia.org/class/yago/PaintingsByParmigianino"/>
    <rdf:type rdf:resource="http://schema.org/CreativeWork"/>
    <rdf:type rdf:resource="http://dbpedia.org/class/yago/Whole100003553"/>
    <rdf:type rdf:resource="http://dbpedia.org/ontology/Artwork"/>
    <rdf:type rdf:resource="http://dbpedia.org/class/yago/GraphicArt103453809"/>
    <rdf:type rdf:resource="http://dbpedia.org/class/yago/PhysicalEntity100001930"/>
    <rdf:type rdf:resource="http://dbpedia.org/class/yago/Art102743547"/>
    <owl:sameAs rdf:resource="http://it.dbpedia.org/resource/Circoncisione_di_Gesù_(Parmigianino)"/>
    <owl:sameAs rdf:resource="http://dbpedia.org/resource/Circumcision_of_Jesus_(Parmigianino)"/>
    <owl:sameAs rdf:resource="http://rdf.freebase.com/ns/m.0h68j6v"/>
    <owl:sameAs rdf:resource="http://yago-knowledge.org/resource/Circumcision_of_Jesus_(Parmigianino)"/>
    <owl:sameAs rdf:resource="http://www.wikidata.org/entity/Q282277"/>
    <dcterms:subject rdf:resource="http://dbpedia.org/resource/Category:1520s_paintings"/>
    <dcterms:subject rdf:resource="http://dbpedia.org/resource/Category:Collections_of_the_Detroit_Institute_of_Arts"/>
    <dcterms:subject rdf:resource="http://dbpedia.org/resource/Category:Paintings_by_Parmigianino"/>
    <dbpedia-owl:abstract xml:lang="en">The Circumcision of Jesus is a painting by the Italian Mannerist artist Parmigianino, executed around 1523 and housed in the Detroit Institute of Arts, United States.</dbpedia-owl:abstract>
    <dbpedia-owl:abstract xml:lang="it">La Circoncisione di Gesù è un dipinto a olio su tavola (42x31,4 cm) del Parmigianino, databile al 1523 circa e conservato nell'Institute of Arts di Detroit.</dbpedia-owl:abstract>
    <dbpedia-owl:author rdf:resource="http://dbpedia.org/resource/Parmigianino"/>
    <dbpedia-owl:museum rdf:resource="http://dbpedia.org/resource/Detroit_Institute_of_Arts"/>
    <dbpedia-owl:wikiPageID rdf:datatype="http://www.w3.org/2001/XMLSchema#integer">33124820</dbpedia-owl:wikiPageID>
    <dbpedia-owl:wikiPageRevisionID rdf:datatype="http://www.w3.org/2001/XMLSchema#integer">539381529</dbpedia-owl:wikiPageRevisionID>
    <rdfs:label xml:lang="en">Circumcision of Jesus (Parmigianino)</rdfs:label>
    <rdfs:label xml:lang="it">Circoncisione di Gesù (Parmigianino)</rdfs:label>
    <foaf:depiction rdf:resource="http://upload.wikimedia.org/wikipedia/commons/d/dd/Parmigianino,_circoncisione.jpg"/>
    <rdfs:comment xml:lang="it">La Circoncisione di Gesù è un dipinto a olio su tavola (42x31,4 cm) del Parmigianino, databile al 1523 circa e conservato nell'Institute of Arts di Detroit.</rdfs:comment>
    <rdfs:comment xml:lang="en">The Circumcision of Jesus is a painting by the Italian Mannerist artist Parmigianino, executed around 1523 and housed in the Detroit Institute of Arts, United States.</rdfs:comment>
    <foaf:name xml:lang="en">Circumcision of Jesus</foaf:name>
    <dbpedia-owl:thumbnail rdf:resource="http://upload.wikimedia.org/wikipedia/commons/thumb/d/dd/Parmigianino,_circoncisione.jpg/200px-Parmigianino,_circoncisione.jpg"/>
    <dbpedia-owl:wikiPageExternalLink rdf:resource="http://www.dia.org/object-info/a4aebb94-a0aa-455f-bf4e-df46dd10d8ff.aspx?position=1"/>
    <dbpprop:artist rdf:resource="http://dbpedia.org/resource/Parmigianino"/>
    <dbpprop:height rdf:datatype="http://www.w3.org/2001/XMLSchema#integer">42</dbpprop:height>
    <dbpprop:imageFile xml:lang="en">Parmigianino,_circoncisione.jpg</dbpprop:imageFile>
    <dbpprop:museum rdf:resource="http://dbpedia.org/resource/Detroit_Institute_of_Arts"/>
    <dbpprop:title xml:lang="en">Circumcision of Jesus</dbpprop:title>
    <dbpprop:type rdf:resource="http://dbpedia.org/resource/Oil_painting"/>
    <dbpprop:width rdf:datatype="http://www.w3.org/2001/XMLSchema#double">31.4</dbpprop:width>
    <dbpprop:year xml:lang="en">c. 1523</dbpprop:year>
    <foaf:isPrimaryTopicOf rdf:resource="http://en.wikipedia.org/wiki/Circumcision_of_Jesus_(Parmigianino)"/>
    <ns7:wasDerivedFrom rdf:resource="http://en.wikipedia.org/wiki/Circumcision_of_Jesus_(Parmigianino)?oldid=539381529"/>
    <dbpprop:hasPhotoCollection rdf:resource="http://wifo5-03.informatik.uni-mannheim.de/flickrwrappr/photos/Circumcision_of_Jesus_(Parmigianino)"/>
  </rdf:Description>
  <rdf:Description rdf:about="http://en.wikipedia.org/wiki/Circumcision_of_Jesus_(Parmigianino)">
    <foaf:primaryTopic rdf:resource="http://dbpedia.org/resource/Circumcision_of_Jesus_(Parmigianino)"/>
  </rdf:Description>
  <rdf:Description rdf:about="http://wikidata.dbpedia.org/resource/Q282277">
    <owl:sameAs rdf:resource="http://dbpedia.org/resource/Circumcision_of_Jesus_(Parmigianino)"/>
  </rdf:Description>
</rdf:RDF>
