<rdf:RDF xmlns:dbpprop="http://dbpedia.org/property/" xmlns:ns6="http://www.w3.org/ns/prov#" xmlns:foaf="http://xmlns.com/foaf/0.1/" xmlns:dbpedia-owl="http://dbpedia.org/ontology/" xmlns:dcterms="http://purl.org/dc/terms/" xmlns:owl="http://www.w3.org/2002/07/owl#" xmlns:rdfs="http://www.w3.org/2000/01/rdf-schema#" xmlns:rdf="http://www.w3.org/1999/02/22-rdf-syntax-ns#">
  <rdf:Description rdf:about="http://dbpedia.org/resource/Cliff_dwellers">
    <dbpedia-owl:wikiPageDisambiguates rdf:resource="http://dbpedia.org/resource/Cliff_Dwellers_(painting)"/>
  </rdf:Description>
  <rdf:Description rdf:about="http://dbpedia.org/resource/Cliff_Dwellers_(painting)">
    <rdf:type rdf:resource="http://dbpedia.org/class/yago/Whole100003553"/>
    <rdf:type rdf:resource="http://dbpedia.org/class/yago/Artifact100021939"/>
    <rdf:type rdf:resource="http://dbpedia.org/class/yago/PhysicalEntity100001930"/>
    <rdf:type rdf:resource="http://dbpedia.org/class/yago/1913Paintings"/>
    <rdf:type rdf:resource="http://dbpedia.org/class/yago/Object100002684"/>
    <rdf:type rdf:resource="http://dbpedia.org/class/yago/ModernPaintings"/>
    <rdf:type rdf:resource="http://dbpedia.org/class/yago/Creation103129123"/>
    <rdf:type rdf:resource="http://dbpedia.org/class/yago/Painting103876519"/>
    <rdf:type rdf:resource="http://dbpedia.org/class/yago/GraphicArt103453809"/>
    <rdf:type rdf:resource="http://dbpedia.org/class/yago/Art102743547"/>
    <owl:sameAs rdf:resource="http://www.wikidata.org/entity/Q5132589"/>
    <owl:sameAs rdf:resource="http://rdf.freebase.com/ns/m.02wy4n3"/>
    <owl:sameAs rdf:resource="http://yago-knowledge.org/resource/Cliff_Dwellers_(painting)"/>
    <owl:sameAs rdf:resource="http://dbpedia.org/resource/Cliff_Dwellers_(painting)"/>
    <dcterms:subject rdf:resource="http://dbpedia.org/resource/Category:1913_paintings"/>
    <dcterms:subject rdf:resource="http://dbpedia.org/resource/Category:Modern_paintings"/>
    <dbpedia-owl:abstract xml:lang="en">Cliff Dwellers (1913) is a painting by George Bellows. It is an oil on canvas painting, 40¼ by 42⅛ inches. Bellows exhibited the work in the 1913 Armory Show, which he helped organize. The painting is currently in the collection of the Los Angeles County Museum of Art. In Cliff Dwellers, George Bellows captures the colorful crowd on New York City’s Lower East Side. It appears to be a hot summer day. People spill out of tenement buildings onto the streets, stoops, and fire escapes. Laundry flaps overhead and a street vendor hawks his goods from his pushcart in the midst of all the traffic. In the background, a trolley car heads toward Vesey Street. The painting, made in 1913, suggests the new face of New York. Between 1870 and 1915, the city’s population grew from one-and-a-half to five million, largely due to immigration. Many of the new arrivals—Italian, Jewish, Irish, and Chinese—crowded into tenement houses on the Lower East Side—the area north of the Brooklyn Bridge, south of Houston Street, and east of the Bowery. Among them were thousands of Eastern European Jews, who found temporary or permanent shelter along streets such as East Broadway, the setting for Cliff Dwellers. The city had never seen this kind of density before. New York Realists were called by critics as the "revolutionary black gang" and the "apostles of ugliness. " A critic, referring to their depictions also conferred them the pejorative label Ashcan School which became the standard term for this first important American art movement of the 20th century.</dbpedia-owl:abstract>
    <dbpedia-owl:wikiPageID rdf:datatype="http://www.w3.org/2001/XMLSchema#integer">12616995</dbpedia-owl:wikiPageID>
    <dbpedia-owl:wikiPageRevisionID rdf:datatype="http://www.w3.org/2001/XMLSchema#integer">526736021</dbpedia-owl:wikiPageRevisionID>
    <rdfs:label xml:lang="en">Cliff Dwellers (painting)</rdfs:label>
    <foaf:depiction rdf:resource="http://upload.wikimedia.org/wikipedia/commons/d/dd/Bellows_CliffDwellers.jpg"/>
    <rdfs:comment xml:lang="en">Cliff Dwellers (1913) is a painting by George Bellows. It is an oil on canvas painting, 40¼ by 42⅛ inches. Bellows exhibited the work in the 1913 Armory Show, which he helped organize. The painting is currently in the collection of the Los Angeles County Museum of Art. In Cliff Dwellers, George Bellows captures the colorful crowd on New York City’s Lower East Side. It appears to be a hot summer day. People spill out of tenement buildings onto the streets, stoops, and fire escapes.</rdfs:comment>
    <dbpedia-owl:thumbnail rdf:resource="http://upload.wikimedia.org/wikipedia/commons/thumb/d/dd/Bellows_CliffDwellers.jpg/200px-Bellows_CliffDwellers.jpg"/>
    <foaf:isPrimaryTopicOf rdf:resource="http://en.wikipedia.org/wiki/Cliff_Dwellers_(painting)"/>
    <ns6:wasDerivedFrom rdf:resource="http://en.wikipedia.org/wiki/Cliff_Dwellers_(painting)?oldid=526736021"/>
    <dbpprop:hasPhotoCollection rdf:resource="http://wifo5-03.informatik.uni-mannheim.de/flickrwrappr/photos/Cliff_Dwellers_(painting)"/>
  </rdf:Description>
  <rdf:Description rdf:about="http://en.wikipedia.org/wiki/Cliff_Dwellers_(painting)">
    <foaf:primaryTopic rdf:resource="http://dbpedia.org/resource/Cliff_Dwellers_(painting)"/>
  </rdf:Description>
  <rdf:Description rdf:about="http://wikidata.dbpedia.org/resource/Q5132589">
    <owl:sameAs rdf:resource="http://dbpedia.org/resource/Cliff_Dwellers_(painting)"/>
  </rdf:Description>
</rdf:RDF>
