<rdf:RDF xmlns:ns7="http://www.w3.org/ns/prov#" xmlns:dbpprop="http://dbpedia.org/property/" xmlns:foaf="http://xmlns.com/foaf/0.1/" xmlns:dbpedia-owl="http://dbpedia.org/ontology/" xmlns:dcterms="http://purl.org/dc/terms/" xmlns:owl="http://www.w3.org/2002/07/owl#" xmlns:rdfs="http://www.w3.org/2000/01/rdf-schema#" xmlns:rdf="http://www.w3.org/1999/02/22-rdf-syntax-ns#">
  <rdf:Description rdf:about="http://dbpedia.org/resource/Columbus_Breaking_the_Egg">
    <rdf:type rdf:resource="http://dbpedia.org/class/yago/Engravings"/>
    <rdf:type rdf:resource="http://dbpedia.org/class/yago/Whole100003553"/>
    <rdf:type rdf:resource="http://schema.org/CreativeWork"/>
    <rdf:type rdf:resource="http://dbpedia.org/class/yago/Oeuvre103841417"/>
    <rdf:type rdf:resource="http://dbpedia.org/class/yago/Creation103129123"/>
    <rdf:type rdf:resource="http://dbpedia.org/class/yago/PhysicalEntity100001930"/>
    <rdf:type rdf:resource="http://dbpedia.org/class/yago/Artifact100021939"/>
    <rdf:type rdf:resource="http://dbpedia.org/class/yago/GraphicArt103453809"/>
    <rdf:type rdf:resource="http://dbpedia.org/class/yago/Product104007894"/>
    <rdf:type rdf:resource="http://dbpedia.org/class/yago/Painting103876519"/>
    <rdf:type rdf:resource="http://dbpedia.org/class/yago/Engraving103289268"/>
    <rdf:type rdf:resource="http://dbpedia.org/class/yago/Print104003597"/>
    <rdf:type rdf:resource="http://dbpedia.org/class/yago/Art102743547"/>
    <rdf:type rdf:resource="http://dbpedia.org/ontology/Artwork"/>
    <rdf:type rdf:resource="http://dbpedia.org/ontology/Work"/>
    <rdf:type rdf:resource="http://dbpedia.org/class/yago/EndProduct103287178"/>
    <rdf:type rdf:resource="http://dbpedia.org/class/yago/1752Works"/>
    <rdf:type rdf:resource="http://www.w3.org/2002/07/owl#Thing"/>
    <rdf:type rdf:resource="http://dbpedia.org/class/yago/Object100002684"/>
    <rdf:type rdf:resource="http://dbpedia.org/class/yago/PaintingsByWilliamHogarth"/>
    <owl:sameAs rdf:resource="http://rdf.freebase.com/ns/m.03y06r3"/>
    <owl:sameAs rdf:resource="http://dbpedia.org/resource/Columbus_Breaking_the_Egg"/>
    <owl:sameAs rdf:resource="http://www.wikidata.org/entity/Q5150006"/>
    <owl:sameAs rdf:resource="http://yago-knowledge.org/resource/Columbus_Breaking_the_Egg"/>
    <dcterms:subject rdf:resource="http://dbpedia.org/resource/Category:Works_by_William_Hogarth"/>
    <dcterms:subject rdf:resource="http://dbpedia.org/resource/Category:Engravings"/>
    <dcterms:subject rdf:resource="http://dbpedia.org/resource/Category:Christopher_Columbus"/>
    <dcterms:subject rdf:resource="http://dbpedia.org/resource/Category:1752_works"/>
    <dbpedia-owl:abstract xml:lang="en">Columbus Breaking the Egg is a 1752 engraving by English artist William Hogarth. Issued as the subscription ticket for his treatise on art, The Analysis of Beauty, it depicts an apocryphal tale concerning Christopher Columbus's response to detractors of his discovery of the New World. Hogarth uses the story as a parallel to what he considered his own discoveries in art.</dbpedia-owl:abstract>
    <dbpedia-owl:author rdf:resource="http://dbpedia.org/resource/William_Hogarth"/>
    <dbpedia-owl:wikiPageID rdf:datatype="http://www.w3.org/2001/XMLSchema#integer">16397153</dbpedia-owl:wikiPageID>
    <dbpedia-owl:wikiPageRevisionID rdf:datatype="http://www.w3.org/2001/XMLSchema#integer">510844994</dbpedia-owl:wikiPageRevisionID>
    <rdfs:label xml:lang="en">Columbus Breaking the Egg</rdfs:label>
    <foaf:depiction rdf:resource="http://upload.wikimedia.org/wikipedia/commons/a/a5/Columbus_Breaking_the_Egg'_(Christopher_Columbus)_by_William_Hogarth.jpg"/>
    <rdfs:comment xml:lang="en">Columbus Breaking the Egg is a 1752 engraving by English artist William Hogarth. Issued as the subscription ticket for his treatise on art, The Analysis of Beauty, it depicts an apocryphal tale concerning Christopher Columbus's response to detractors of his discovery of the New World. Hogarth uses the story as a parallel to what he considered his own discoveries in art.</rdfs:comment>
    <foaf:name xml:lang="en">Columbus Breaking the Egg</foaf:name>
    <dbpedia-owl:thumbnail rdf:resource="http://upload.wikimedia.org/wikipedia/commons/thumb/a/a5/Columbus_Breaking_the_Egg'_(Christopher_Columbus)_by_William_Hogarth.jpg/200px-Columbus_Breaking_the_Egg'_(Christopher_Columbus)_by_William_Hogarth.jpg"/>
    <dbpprop:artist rdf:resource="http://dbpedia.org/resource/William_Hogarth"/>
    <dbpprop:imageFile xml:lang="en">Columbus Breaking the Egg'  by William Hogarth.jpg</dbpprop:imageFile>
    <dbpprop:title xml:lang="en">Columbus Breaking the Egg</dbpprop:title>
    <dbpprop:type rdf:resource="http://dbpedia.org/resource/Engraving"/>
    <dbpprop:year rdf:datatype="http://www.w3.org/2001/XMLSchema#integer">1752</dbpprop:year>
    <foaf:isPrimaryTopicOf rdf:resource="http://en.wikipedia.org/wiki/Columbus_Breaking_the_Egg"/>
    <ns7:wasDerivedFrom rdf:resource="http://en.wikipedia.org/wiki/Columbus_Breaking_the_Egg?oldid=510844994"/>
    <dbpprop:hasPhotoCollection rdf:resource="http://wifo5-03.informatik.uni-mannheim.de/flickrwrappr/photos/Columbus_Breaking_the_Egg"/>
  </rdf:Description>
  <rdf:Description rdf:about="http://en.wikipedia.org/wiki/Columbus_Breaking_the_Egg">
    <foaf:primaryTopic rdf:resource="http://dbpedia.org/resource/Columbus_Breaking_the_Egg"/>
  </rdf:Description>
  <rdf:Description rdf:about="http://dbpedia.org/resource/Columbus_breaking_the_egg">
    <dbpedia-owl:wikiPageRedirects rdf:resource="http://dbpedia.org/resource/Columbus_Breaking_the_Egg"/>
  </rdf:Description>
  <rdf:Description rdf:about="http://wikidata.dbpedia.org/resource/Q5150006">
    <owl:sameAs rdf:resource="http://dbpedia.org/resource/Columbus_Breaking_the_Egg"/>
  </rdf:Description>
</rdf:RDF>
