<rdf:RDF xmlns:ns7="http://www.w3.org/ns/prov#" xmlns:dbpprop="http://dbpedia.org/property/" xmlns:foaf="http://xmlns.com/foaf/0.1/" xmlns:dbpedia-owl="http://dbpedia.org/ontology/" xmlns:dcterms="http://purl.org/dc/terms/" xmlns:owl="http://www.w3.org/2002/07/owl#" xmlns:rdfs="http://www.w3.org/2000/01/rdf-schema#" xmlns:rdf="http://www.w3.org/1999/02/22-rdf-syntax-ns#">
  <rdf:Description rdf:about="http://en.wikipedia.org/wiki/Congress_Voting_Independence">
    <foaf:primaryTopic rdf:resource="http://dbpedia.org/resource/Congress_Voting_Independence"/>
  </rdf:Description>
  <rdf:Description rdf:about="http://dbpedia.org/resource/Congress_Voting_Independence">
    <rdf:type rdf:resource="http://schema.org/CreativeWork"/>
    <rdf:type rdf:resource="http://dbpedia.org/class/yago/Painting103876519"/>
    <rdf:type rdf:resource="http://dbpedia.org/class/yago/Artifact100021939"/>
    <rdf:type rdf:resource="http://dbpedia.org/class/yago/Art102743547"/>
    <rdf:type rdf:resource="http://dbpedia.org/ontology/Artwork"/>
    <rdf:type rdf:resource="http://dbpedia.org/class/yago/PhysicalEntity100001930"/>
    <rdf:type rdf:resource="http://dbpedia.org/class/yago/Object100002684"/>
    <rdf:type rdf:resource="http://dbpedia.org/class/yago/1780sPaintings"/>
    <rdf:type rdf:resource="http://dbpedia.org/class/yago/GraphicArt103453809"/>
    <rdf:type rdf:resource="http://www.w3.org/2002/07/owl#Thing"/>
    <rdf:type rdf:resource="http://dbpedia.org/ontology/Work"/>
    <rdf:type rdf:resource="http://dbpedia.org/class/yago/Creation103129123"/>
    <rdf:type rdf:resource="http://dbpedia.org/class/yago/AmericanPaintings"/>
    <rdf:type rdf:resource="http://dbpedia.org/class/yago/Whole100003553"/>
    <owl:sameAs rdf:resource="http://de.dbpedia.org/resource/Congress_Voting_Independence"/>
    <owl:sameAs rdf:resource="http://www.wikidata.org/entity/Q176923"/>
    <owl:sameAs rdf:resource="http://rdf.freebase.com/ns/m.0b75s1c"/>
    <owl:sameAs rdf:resource="http://yago-knowledge.org/resource/Congress_Voting_Independence"/>
    <owl:sameAs rdf:resource="http://dbpedia.org/resource/Congress_Voting_Independence"/>
    <dcterms:subject rdf:resource="http://dbpedia.org/resource/Category:1780s_paintings"/>
    <dcterms:subject rdf:resource="http://dbpedia.org/resource/Category:American_paintings"/>
    <dbpedia-owl:abstract xml:lang="de">Congress Voting Independence ist ein Gemälde von Robert Edge Pine. Es stellt das Innere der Independence Hall in Philadelphia dar, mit den Porträts von den meisten der Unterzeichner der Unabhängigkeitserklärung. Der Künstler arbeitete von 1784 bis zu seinem Tod im Jahre 1788 an dem Gemälde. Das Bild war zu diesem Zeitpunkt unvollendet. Es befindet sich derzeit in der Independence Hall in Philadelphia.</dbpedia-owl:abstract>
    <dbpedia-owl:abstract xml:lang="en">Congress Voting Independence is a painting by Robert Edge Pine showing the interior of Independence Hall, Philadelphia, and contains the portraits of most of the signers of the United States Declaration of Independence. The artist worked on the painting from 1784 until his death in 1788. The painting is unfinished. It currently is held in Independence Hall, Philadelphia.</dbpedia-owl:abstract>
    <dbpedia-owl:author rdf:resource="http://dbpedia.org/resource/Robert_Edge_Pine"/>
    <dbpedia-owl:museum rdf:resource="http://dbpedia.org/resource/Independence_Hall"/>
    <dbpedia-owl:wikiPageID rdf:datatype="http://www.w3.org/2001/XMLSchema#integer">26246410</dbpedia-owl:wikiPageID>
    <dbpedia-owl:wikiPageRevisionID rdf:datatype="http://www.w3.org/2001/XMLSchema#integer">545847538</dbpedia-owl:wikiPageRevisionID>
    <rdfs:label xml:lang="en">Congress Voting Independence</rdfs:label>
    <rdfs:label xml:lang="de">Congress Voting Independence</rdfs:label>
    <foaf:depiction rdf:resource="http://upload.wikimedia.org/wikipedia/commons/0/0d/Congress_voting_independence.jpg"/>
    <rdfs:comment xml:lang="de">Congress Voting Independence ist ein Gemälde von Robert Edge Pine. Es stellt das Innere der Independence Hall in Philadelphia dar, mit den Porträts von den meisten der Unterzeichner der Unabhängigkeitserklärung. Der Künstler arbeitete von 1784 bis zu seinem Tod im Jahre 1788 an dem Gemälde. Das Bild war zu diesem Zeitpunkt unvollendet. Es befindet sich derzeit in der Independence Hall in Philadelphia.</rdfs:comment>
    <rdfs:comment xml:lang="en">Congress Voting Independence is a painting by Robert Edge Pine showing the interior of Independence Hall, Philadelphia, and contains the portraits of most of the signers of the United States Declaration of Independence. The artist worked on the painting from 1784 until his death in 1788. The painting is unfinished. It currently is held in Independence Hall, Philadelphia.</rdfs:comment>
    <foaf:name xml:lang="en">Congress Voting Independence</foaf:name>
    <dbpedia-owl:thumbnail rdf:resource="http://upload.wikimedia.org/wikipedia/commons/thumb/0/0d/Congress_voting_independence.jpg/200px-Congress_voting_independence.jpg"/>
    <dbpedia-owl:wikiPageExternalLink rdf:resource="http://www.loc.gov/exhibits/declara/declara4.html"/>
    <dbpedia-owl:wikiPageExternalLink rdf:resource="http://www.nps.gov/history/museum/exhibits/revwar/image_gal/indeimg/congress.html"/>
    <dbpprop:artist rdf:resource="http://dbpedia.org/resource/Robert_Edge_Pine"/>
    <dbpprop:city rdf:resource="http://dbpedia.org/resource/Philadelphia"/>
    <dbpprop:imageFile xml:lang="en">Congress_voting_independence.jpg</dbpprop:imageFile>
    <dbpprop:imageSize rdf:datatype="http://www.w3.org/2001/XMLSchema#integer">350</dbpprop:imageSize>
    <dbpprop:museum rdf:resource="http://dbpedia.org/resource/Independence_Hall"/>
    <dbpprop:title xml:lang="en">Congress Voting Independence</dbpprop:title>
    <dbpprop:year xml:lang="en">c. 1784 - 1788</dbpprop:year>
    <foaf:isPrimaryTopicOf rdf:resource="http://en.wikipedia.org/wiki/Congress_Voting_Independence"/>
    <ns7:wasDerivedFrom rdf:resource="http://en.wikipedia.org/wiki/Congress_Voting_Independence?oldid=545847538"/>
    <dbpprop:hasPhotoCollection rdf:resource="http://wifo5-03.informatik.uni-mannheim.de/flickrwrappr/photos/Congress_Voting_Independence"/>
  </rdf:Description>
  <rdf:Description rdf:about="http://de.dbpedia.org/resource/Congress_Voting_Independence">
    <owl:sameAs rdf:resource="http://dbpedia.org/resource/Congress_Voting_Independence"/>
  </rdf:Description>
  <rdf:Description rdf:about="http://dbpedia.org/resource/Congress_voting_independence">
    <dbpedia-owl:wikiPageRedirects rdf:resource="http://dbpedia.org/resource/Congress_Voting_Independence"/>
  </rdf:Description>
  <rdf:Description rdf:about="http://wikidata.dbpedia.org/resource/Q176923">
    <owl:sameAs rdf:resource="http://dbpedia.org/resource/Congress_Voting_Independence"/>
  </rdf:Description>
</rdf:RDF>
