<rdf:RDF xmlns:dbpprop="http://dbpedia.org/property/" xmlns:ns6="http://www.w3.org/ns/prov#" xmlns:foaf="http://xmlns.com/foaf/0.1/" xmlns:dbpedia-owl="http://dbpedia.org/ontology/" xmlns:dcterms="http://purl.org/dc/terms/" xmlns:owl="http://www.w3.org/2002/07/owl#" xmlns:rdfs="http://www.w3.org/2000/01/rdf-schema#" xmlns:rdf="http://www.w3.org/1999/02/22-rdf-syntax-ns#">
  <rdf:Description rdf:about="http://dbpedia.org/resource/Connemara_Girl">
    <rdf:type rdf:resource="http://dbpedia.org/class/yago/Art102743547"/>
    <rdf:type rdf:resource="http://dbpedia.org/class/yago/IrishPaintings"/>
    <rdf:type rdf:resource="http://dbpedia.org/class/yago/Artifact100021939"/>
    <rdf:type rdf:resource="http://dbpedia.org/class/yago/PhysicalEntity100001930"/>
    <rdf:type rdf:resource="http://dbpedia.org/class/yago/Whole100003553"/>
    <rdf:type rdf:resource="http://dbpedia.org/class/yago/Painting103876519"/>
    <rdf:type rdf:resource="http://dbpedia.org/class/yago/GraphicArt103453809"/>
    <rdf:type rdf:resource="http://dbpedia.org/class/yago/Object100002684"/>
    <rdf:type rdf:resource="http://dbpedia.org/class/yago/1865Paintings"/>
    <rdf:type rdf:resource="http://dbpedia.org/class/yago/Creation103129123"/>
    <owl:sameAs rdf:resource="http://www.wikidata.org/entity/Q5161764"/>
    <owl:sameAs rdf:resource="http://dbpedia.org/resource/Connemara_Girl"/>
    <owl:sameAs rdf:resource="http://da.dbpedia.org/resource/Pige_fra_Connemara"/>
    <owl:sameAs rdf:resource="http://rdf.freebase.com/ns/m.03cpjsh"/>
    <owl:sameAs rdf:resource="http://yago-knowledge.org/resource/Connemara_Girl"/>
    <dcterms:subject rdf:resource="http://dbpedia.org/resource/Category:Irish_paintings"/>
    <dcterms:subject rdf:resource="http://dbpedia.org/resource/Category:House_of_Burke"/>
    <dcterms:subject rdf:resource="http://dbpedia.org/resource/Category:1865_paintings"/>
    <dcterms:subject rdf:resource="http://dbpedia.org/resource/Category:Collection_of_the_National_Gallery_of_Ireland"/>
    <dbpedia-owl:abstract xml:lang="en">Connemara Girl is an 1865 painting by the Irish artist Augustus Nicholas Burke (July 28, 1838 – 1891). One of the most identifiable paintings in Ireland, it depicts a young, barefoot goat-herder girl carrying a bundle near the shore. It is one of many paintings Burke created of daily life around his native Connemara. It hangs in the National Gallery of Ireland and is one of the more popular paintings despite its simple subject matter.</dbpedia-owl:abstract>
    <dbpedia-owl:wikiPageID rdf:datatype="http://www.w3.org/2001/XMLSchema#integer">13963037</dbpedia-owl:wikiPageID>
    <dbpedia-owl:wikiPageRevisionID rdf:datatype="http://www.w3.org/2001/XMLSchema#integer">545013758</dbpedia-owl:wikiPageRevisionID>
    <rdfs:label xml:lang="en">Connemara Girl</rdfs:label>
    <foaf:depiction rdf:resource="http://upload.wikimedia.org/wikipedia/commons/9/9d/Connemara_Girl.jpg"/>
    <rdfs:comment xml:lang="en">Connemara Girl is an 1865 painting by the Irish artist Augustus Nicholas Burke (July 28, 1838 – 1891). One of the most identifiable paintings in Ireland, it depicts a young, barefoot goat-herder girl carrying a bundle near the shore. It is one of many paintings Burke created of daily life around his native Connemara. It hangs in the National Gallery of Ireland and is one of the more popular paintings despite its simple subject matter.</rdfs:comment>
    <dbpedia-owl:thumbnail rdf:resource="http://upload.wikimedia.org/wikipedia/commons/thumb/9/9d/Connemara_Girl.jpg/200px-Connemara_Girl.jpg"/>
    <foaf:isPrimaryTopicOf rdf:resource="http://en.wikipedia.org/wiki/Connemara_Girl"/>
    <ns6:wasDerivedFrom rdf:resource="http://en.wikipedia.org/wiki/Connemara_Girl?oldid=545013758"/>
    <dbpprop:hasPhotoCollection rdf:resource="http://wifo5-03.informatik.uni-mannheim.de/flickrwrappr/photos/Connemara_Girl"/>
  </rdf:Description>
  <rdf:Description rdf:about="http://en.wikipedia.org/wiki/Connemara_Girl">
    <foaf:primaryTopic rdf:resource="http://dbpedia.org/resource/Connemara_Girl"/>
  </rdf:Description>
  <rdf:Description rdf:about="http://wikidata.dbpedia.org/resource/Q5161764">
    <owl:sameAs rdf:resource="http://dbpedia.org/resource/Connemara_Girl"/>
  </rdf:Description>
  <rdf:Description rdf:about="http://da.dbpedia.org/resource/Pige_fra_Connemara">
    <owl:sameAs rdf:resource="http://dbpedia.org/resource/Connemara_Girl"/>
  </rdf:Description>
</rdf:RDF>
