<rdf:RDF xmlns:ns7="http://www.w3.org/ns/prov#" xmlns:dbpprop="http://dbpedia.org/property/" xmlns:foaf="http://xmlns.com/foaf/0.1/" xmlns:dbpedia-owl="http://dbpedia.org/ontology/" xmlns:dcterms="http://purl.org/dc/terms/" xmlns:owl="http://www.w3.org/2002/07/owl#" xmlns:rdfs="http://www.w3.org/2000/01/rdf-schema#" xmlns:rdf="http://www.w3.org/1999/02/22-rdf-syntax-ns#">
  <rdf:Description rdf:about="http://dbpedia.org/resource/Contarini_Madonna">
    <rdf:type rdf:resource="http://dbpedia.org/class/yago/PaintingsByGiovanniBellini"/>
    <rdf:type rdf:resource="http://dbpedia.org/class/yago/PhysicalEntity100001930"/>
    <rdf:type rdf:resource="http://dbpedia.org/class/yago/1470sWorks"/>
    <rdf:type rdf:resource="http://dbpedia.org/class/yago/Painting103876519"/>
    <rdf:type rdf:resource="http://schema.org/CreativeWork"/>
    <rdf:type rdf:resource="http://dbpedia.org/class/yago/Product104007894"/>
    <rdf:type rdf:resource="http://dbpedia.org/class/yago/EndProduct103287178"/>
    <rdf:type rdf:resource="http://dbpedia.org/ontology/Work"/>
    <rdf:type rdf:resource="http://dbpedia.org/class/yago/Oeuvre103841417"/>
    <rdf:type rdf:resource="http://dbpedia.org/class/yago/Object100002684"/>
    <rdf:type rdf:resource="http://dbpedia.org/class/yago/Artifact100021939"/>
    <rdf:type rdf:resource="http://dbpedia.org/class/yago/PaintingsOfTheVirginMary"/>
    <rdf:type rdf:resource="http://dbpedia.org/class/yago/PaintingsDepictingJesus"/>
    <rdf:type rdf:resource="http://www.w3.org/2002/07/owl#Thing"/>
    <rdf:type rdf:resource="http://dbpedia.org/class/yago/Art102743547"/>
    <rdf:type rdf:resource="http://dbpedia.org/class/yago/Creation103129123"/>
    <rdf:type rdf:resource="http://dbpedia.org/class/yago/Whole100003553"/>
    <rdf:type rdf:resource="http://dbpedia.org/ontology/Artwork"/>
    <rdf:type rdf:resource="http://dbpedia.org/class/yago/GraphicArt103453809"/>
    <owl:sameAs rdf:resource="http://dbpedia.org/resource/Contarini_Madonna"/>
    <owl:sameAs rdf:resource="http://it.dbpedia.org/resource/Madonna_Contarini"/>
    <owl:sameAs rdf:resource="http://yago-knowledge.org/resource/Contarini_Madonna"/>
    <owl:sameAs rdf:resource="http://rdf.freebase.com/ns/m.0gx1bc9"/>
    <owl:sameAs rdf:resource="http://no.dbpedia.org/resource/Madonna_Contarini"/>
    <owl:sameAs rdf:resource="http://www.wikidata.org/entity/Q1762826"/>
    <dcterms:subject rdf:resource="http://dbpedia.org/resource/Category:Paintings_by_Giovanni_Bellini"/>
    <dcterms:subject rdf:resource="http://dbpedia.org/resource/Category:Paintings_of_the_Madonna_and_Child"/>
    <dcterms:subject rdf:resource="http://dbpedia.org/resource/Category:1470s_works"/>
    <dcterms:subject rdf:resource="http://dbpedia.org/resource/Category:Collections_of_the_Gallerie_dell'Accademia"/>
    <dbpedia-owl:abstract xml:lang="en">The Contarini Madonna is an oil painting by the Italian Renaissance master Giovanni Bellini, dating from c. 1475-1480 now in the Accademia Gallery in Venice.</dbpedia-owl:abstract>
    <dbpedia-owl:abstract xml:lang="it">La Madonna Contarini (Madonna col Bambino benedicente) è un dipinto olio su tavola (78x56 cm) di Giovanni Bellini, databile al 1475-1480 e conservato nelle Gallerie dell'Accademia.</dbpedia-owl:abstract>
    <dbpedia-owl:author rdf:resource="http://dbpedia.org/resource/Giovanni_Bellini"/>
    <dbpedia-owl:museum rdf:resource="http://dbpedia.org/resource/Accademia"/>
    <dbpedia-owl:wikiPageID rdf:datatype="http://www.w3.org/2001/XMLSchema#integer">32136683</dbpedia-owl:wikiPageID>
    <dbpedia-owl:wikiPageRevisionID rdf:datatype="http://www.w3.org/2001/XMLSchema#integer">546123504</dbpedia-owl:wikiPageRevisionID>
    <rdfs:label xml:lang="it">Madonna Contarini</rdfs:label>
    <rdfs:label xml:lang="en">Contarini Madonna</rdfs:label>
    <foaf:depiction rdf:resource="http://upload.wikimedia.org/wikipedia/commons/e/e6/Giovanni_bellini,_madonna_contarini.jpg"/>
    <rdfs:comment xml:lang="it">La Madonna Contarini (Madonna col Bambino benedicente) è un dipinto olio su tavola (78x56 cm) di Giovanni Bellini, databile al 1475-1480 e conservato nelle Gallerie dell'Accademia.</rdfs:comment>
    <rdfs:comment xml:lang="en">The Contarini Madonna is an oil painting by the Italian Renaissance master Giovanni Bellini, dating from c. 1475-1480 now in the Accademia Gallery in Venice.</rdfs:comment>
    <foaf:name xml:lang="en">Contarini Madonna</foaf:name>
    <dbpedia-owl:thumbnail rdf:resource="http://upload.wikimedia.org/wikipedia/commons/thumb/e/e6/Giovanni_bellini,_madonna_contarini.jpg/200px-Giovanni_bellini,_madonna_contarini.jpg"/>
    <dbpprop:artist rdf:resource="http://dbpedia.org/resource/Giovanni_Bellini"/>
    <dbpprop:city rdf:resource="http://dbpedia.org/resource/Venice"/>
    <dbpprop:height rdf:datatype="http://www.w3.org/2001/XMLSchema#integer">78</dbpprop:height>
    <dbpprop:imageFile xml:lang="en">Giovanni bellini, madonna contarini.jpg</dbpprop:imageFile>
    <dbpprop:imageSize rdf:datatype="http://www.w3.org/2001/XMLSchema#integer">310</dbpprop:imageSize>
    <dbpprop:museum xml:lang="en">Accademia</dbpprop:museum>
    <dbpprop:paintingAlignment xml:lang="en">right</dbpprop:paintingAlignment>
    <dbpprop:title xml:lang="en">Contarini Madonna</dbpprop:title>
    <dbpprop:type xml:lang="en">Oil on panel</dbpprop:type>
    <dbpprop:width rdf:datatype="http://www.w3.org/2001/XMLSchema#integer">256</dbpprop:width>
    <dbpprop:year xml:lang="en">c. 1475-1480</dbpprop:year>
    <foaf:isPrimaryTopicOf rdf:resource="http://en.wikipedia.org/wiki/Contarini_Madonna"/>
    <ns7:wasDerivedFrom rdf:resource="http://en.wikipedia.org/wiki/Contarini_Madonna?oldid=546123504"/>
    <dbpprop:hasPhotoCollection rdf:resource="http://wifo5-03.informatik.uni-mannheim.de/flickrwrappr/photos/Contarini_Madonna"/>
  </rdf:Description>
  <rdf:Description rdf:about="http://en.wikipedia.org/wiki/Contarini_Madonna">
    <foaf:primaryTopic rdf:resource="http://dbpedia.org/resource/Contarini_Madonna"/>
  </rdf:Description>
  <rdf:Description rdf:about="http://it.dbpedia.org/resource/Madonna_Contarini">
    <owl:sameAs rdf:resource="http://dbpedia.org/resource/Contarini_Madonna"/>
  </rdf:Description>
  <rdf:Description rdf:about="http://wikidata.dbpedia.org/resource/Q1762826">
    <owl:sameAs rdf:resource="http://dbpedia.org/resource/Contarini_Madonna"/>
  </rdf:Description>
  <rdf:Description rdf:about="http://no.dbpedia.org/resource/Madonna_Contarini">
    <owl:sameAs rdf:resource="http://dbpedia.org/resource/Contarini_Madonna"/>
  </rdf:Description>
</rdf:RDF>
