<rdf:RDF xmlns:ns7="http://www.w3.org/ns/prov#" xmlns:dbpprop="http://dbpedia.org/property/" xmlns:foaf="http://xmlns.com/foaf/0.1/" xmlns:dbpedia-owl="http://dbpedia.org/ontology/" xmlns:dcterms="http://purl.org/dc/terms/" xmlns:owl="http://www.w3.org/2002/07/owl#" xmlns:rdfs="http://www.w3.org/2000/01/rdf-schema#" xmlns:rdf="http://www.w3.org/1999/02/22-rdf-syntax-ns#">
  <rdf:Description rdf:about="http://dbpedia.org/resource/Convent_Thoughts">
    <rdf:type rdf:resource="http://www.w3.org/2002/07/owl#Thing"/>
    <rdf:type rdf:resource="http://dbpedia.org/class/yago/Artifact100021939"/>
    <rdf:type rdf:resource="http://dbpedia.org/ontology/Work"/>
    <rdf:type rdf:resource="http://dbpedia.org/class/yago/Whole100003553"/>
    <rdf:type rdf:resource="http://dbpedia.org/class/yago/Painting103876519"/>
    <rdf:type rdf:resource="http://schema.org/CreativeWork"/>
    <rdf:type rdf:resource="http://dbpedia.org/class/yago/Object100002684"/>
    <rdf:type rdf:resource="http://dbpedia.org/class/yago/GraphicArt103453809"/>
    <rdf:type rdf:resource="http://dbpedia.org/class/yago/1851Paintings"/>
    <rdf:type rdf:resource="http://dbpedia.org/class/yago/Creation103129123"/>
    <rdf:type rdf:resource="http://dbpedia.org/ontology/Artwork"/>
    <rdf:type rdf:resource="http://dbpedia.org/class/yago/Art102743547"/>
    <rdf:type rdf:resource="http://dbpedia.org/class/yago/PhysicalEntity100001930"/>
    <rdf:type rdf:resource="http://dbpedia.org/class/yago/Pre-RaphaelitePaintings"/>
    <owl:sameAs rdf:resource="http://yago-knowledge.org/resource/Convent_Thoughts"/>
    <owl:sameAs rdf:resource="http://www.wikidata.org/entity/Q5166162"/>
    <owl:sameAs rdf:resource="http://dbpedia.org/resource/Convent_Thoughts"/>
    <owl:sameAs rdf:resource="http://rdf.freebase.com/ns/m.02q6y_j"/>
    <dcterms:subject rdf:resource="http://dbpedia.org/resource/Category:1851_paintings"/>
    <dcterms:subject rdf:resource="http://dbpedia.org/resource/Category:Pre-Raphaelite_paintings"/>
    <dbpedia-owl:abstract xml:lang="en">Convent Thoughts is a painting by the Pre-Raphaelite painter Charles Allston Collins which was created between 1850 and 1851. Collins sent it to the Royal Academy of Arts in 1851 where it was exhibited. The painting shows a nun contemplating a passion flower symbolising the crucifixion of Christ. She is standing in a walled garden full of minutely detailed flowers. In her left hand she holds an illuminated missal, held not as though she had been reading it but so as to show us the Annunciation and the Crucifixion. Her costume shows that she is a novice, presumably meditating on her final vows. The flowers were painted in the Oxford garden of Thomas Combe, an early collector of Pre-Raphaelite paintings. Combe bought the painting; in 1894 he bequeathed his art collection to the Ashmolean Museum, Oxford and Convent Thoughts remains in the Museum's collection to the present day. Although Collins was never formally a member of the Pre-Raphaelite Brotherhood, he was in sympathy with their aims and painted in their immensely detailed style. Convent Thoughts has a place in the history of Pre-Raphaelitism, because the tide of opinion, initially hostile, was to some extent turned by a letter to The Times on 13 May 1851 from the influential critic John Ruskin praising the Pre-Raphaelite paintings at the Academy exhibition, in particular Convent Thoughts, about which he wrote: "I happen to have a special acquaintance with the water plant Alisma Plantago ... and as I never saw it so thoroughly or so well drawn, I must take leave to remonstrate with you, when you say sweepingly that these men 'sacrifice truth as well as feeling to eccentricity. ' For as a mere botanical study of the Water Lily and Alisma, as well as of the common lily and several other garden flowers, this picture would be invaluable to me, and I heartily wish it were mine. " In a curious footnote to this story, it has recently been pointed out that there is in fact no Alisma Plantago in the picture.</dbpedia-owl:abstract>
    <dbpedia-owl:author rdf:resource="http://dbpedia.org/resource/Charles_Allston_Collins"/>
    <dbpedia-owl:museum rdf:resource="http://dbpedia.org/resource/Ashmolean_Museum"/>
    <dbpedia-owl:wikiPageID rdf:datatype="http://www.w3.org/2001/XMLSchema#integer">10265911</dbpedia-owl:wikiPageID>
    <dbpedia-owl:wikiPageRevisionID rdf:datatype="http://www.w3.org/2001/XMLSchema#integer">492042719</dbpedia-owl:wikiPageRevisionID>
    <rdfs:label xml:lang="en">Convent Thoughts</rdfs:label>
    <foaf:depiction rdf:resource="http://upload.wikimedia.org/wikipedia/commons/f/f2/ConventThoughtsCollins.jpg"/>
    <rdfs:comment xml:lang="en">Convent Thoughts is a painting by the Pre-Raphaelite painter Charles Allston Collins which was created between 1850 and 1851. Collins sent it to the Royal Academy of Arts in 1851 where it was exhibited. The painting shows a nun contemplating a passion flower symbolising the crucifixion of Christ. She is standing in a walled garden full of minutely detailed flowers.</rdfs:comment>
    <foaf:name xml:lang="en">Convent Thoughts</foaf:name>
    <dbpedia-owl:thumbnail rdf:resource="http://upload.wikimedia.org/wikipedia/commons/thumb/f/f2/ConventThoughtsCollins.jpg/200px-ConventThoughtsCollins.jpg"/>
    <dbpprop:artist rdf:resource="http://dbpedia.org/resource/Charles_Allston_Collins"/>
    <dbpprop:backcolor xml:lang="en">#FBF5DF</dbpprop:backcolor>
    <dbpprop:city rdf:resource="http://dbpedia.org/resource/Oxford"/>
    <dbpprop:height rdf:datatype="http://www.w3.org/2001/XMLSchema#integer">84</dbpprop:height>
    <dbpprop:imageFile xml:lang="en">ConventThoughtsCollins.jpg</dbpprop:imageFile>
    <dbpprop:imageSize rdf:datatype="http://www.w3.org/2001/XMLSchema#integer">250</dbpprop:imageSize>
    <dbpprop:museum rdf:resource="http://dbpedia.org/resource/Ashmolean_Museum"/>
    <dbpprop:paintingAlignment xml:lang="en">right</dbpprop:paintingAlignment>
    <dbpprop:title xml:lang="en">Convent Thoughts</dbpprop:title>
    <dbpprop:type rdf:resource="http://dbpedia.org/resource/Oil_painting"/>
    <dbpprop:width rdf:datatype="http://www.w3.org/2001/XMLSchema#integer">59</dbpprop:width>
    <dbpprop:year rdf:datatype="http://www.w3.org/2001/XMLSchema#integer">1850</dbpprop:year>
    <foaf:isPrimaryTopicOf rdf:resource="http://en.wikipedia.org/wiki/Convent_Thoughts"/>
    <ns7:wasDerivedFrom rdf:resource="http://en.wikipedia.org/wiki/Convent_Thoughts?oldid=492042719"/>
    <dbpprop:hasPhotoCollection rdf:resource="http://wifo5-03.informatik.uni-mannheim.de/flickrwrappr/photos/Convent_Thoughts"/>
  </rdf:Description>
  <rdf:Description rdf:about="http://en.wikipedia.org/wiki/Convent_Thoughts">
    <foaf:primaryTopic rdf:resource="http://dbpedia.org/resource/Convent_Thoughts"/>
  </rdf:Description>
  <rdf:Description rdf:about="http://wikidata.dbpedia.org/resource/Q5166162">
    <owl:sameAs rdf:resource="http://dbpedia.org/resource/Convent_Thoughts"/>
  </rdf:Description>
</rdf:RDF>
