<rdf:RDF xmlns:ns7="http://www.w3.org/ns/prov#" xmlns:dbpprop="http://dbpedia.org/property/" xmlns:foaf="http://xmlns.com/foaf/0.1/" xmlns:dbpedia-owl="http://dbpedia.org/ontology/" xmlns:dcterms="http://purl.org/dc/terms/" xmlns:owl="http://www.w3.org/2002/07/owl#" xmlns:rdfs="http://www.w3.org/2000/01/rdf-schema#" xmlns:rdf="http://www.w3.org/1999/02/22-rdf-syntax-ns#">
  <rdf:Description rdf:about="http://en.wikipedia.org/wiki/Copies_by_Vincent_van_Gogh">
    <foaf:primaryTopic rdf:resource="http://dbpedia.org/resource/Copies_by_Vincent_van_Gogh"/>
  </rdf:Description>
  <rdf:Description rdf:about="http://dbpedia.org/resource/Copies_after_Millet,_and_others">
    <dbpedia-owl:wikiPageRedirects rdf:resource="http://dbpedia.org/resource/Copies_by_Vincent_van_Gogh"/>
  </rdf:Description>
  <rdf:Description rdf:about="http://dbpedia.org/resource/Copies_by_Vincent_van_Gogh">
    <rdf:type rdf:resource="http://dbpedia.org/ontology/Work"/>
    <rdf:type rdf:resource="http://dbpedia.org/class/yago/Art102743547"/>
    <rdf:type rdf:resource="http://dbpedia.org/class/yago/PaintingsByVincentVanGogh"/>
    <rdf:type rdf:resource="http://dbpedia.org/class/yago/PhysicalEntity100001930"/>
    <rdf:type rdf:resource="http://dbpedia.org/class/yago/VincentVanGoghPaintingsOfParis"/>
    <rdf:type rdf:resource="http://dbpedia.org/class/yago/1889Paintings"/>
    <rdf:type rdf:resource="http://schema.org/CreativeWork"/>
    <rdf:type rdf:resource="http://dbpedia.org/ontology/Artwork"/>
    <rdf:type rdf:resource="http://dbpedia.org/class/yago/Painting103876519"/>
    <rdf:type rdf:resource="http://dbpedia.org/class/yago/VincentVanGoghPaintingsOfSaint-R%C3%A9my"/>
    <rdf:type rdf:resource="http://dbpedia.org/class/yago/1890Paintings"/>
    <rdf:type rdf:resource="http://dbpedia.org/class/yago/Creation103129123"/>
    <rdf:type rdf:resource="http://dbpedia.org/class/yago/Artifact100021939"/>
    <rdf:type rdf:resource="http://dbpedia.org/class/yago/Object100002684"/>
    <rdf:type rdf:resource="http://dbpedia.org/class/yago/GraphicArt103453809"/>
    <rdf:type rdf:resource="http://www.w3.org/2002/07/owl#Thing"/>
    <rdf:type rdf:resource="http://dbpedia.org/class/yago/Whole100003553"/>
    <owl:sameAs rdf:resource="http://www.wikidata.org/entity/Q5168586"/>
    <owl:sameAs rdf:resource="http://rdf.freebase.com/ns/m.0g4n45"/>
    <owl:sameAs rdf:resource="http://yago-knowledge.org/resource/Copies_by_Vincent_van_Gogh"/>
    <owl:sameAs rdf:resource="http://dbpedia.org/resource/Copies_by_Vincent_van_Gogh"/>
    <dcterms:subject rdf:resource="http://dbpedia.org/resource/Category:Vincent_van_Gogh_paintings_of_Paris"/>
    <dcterms:subject rdf:resource="http://dbpedia.org/resource/Category:1889_paintings"/>
    <dcterms:subject rdf:resource="http://dbpedia.org/resource/Category:Paintings_by_Vincent_van_Gogh"/>
    <dcterms:subject rdf:resource="http://dbpedia.org/resource/Category:Vincent_van_Gogh_paintings_of_Saint-R%C3%A9my"/>
    <dcterms:subject rdf:resource="http://dbpedia.org/resource/Category:Series_of_Vincent_van_Gogh_paintings"/>
    <dcterms:subject rdf:resource="http://dbpedia.org/resource/Category:1890_paintings"/>
    <dbpedia-owl:abstract xml:lang="en">Copies by Vincent van Gogh, form an important group of paintings executed by Vincent van Gogh between 1887 and early 1890. While at Saint-Paul asylum in Saint-Rémy-de-Provence, France where Van Gogh admitted himself, he strived to have subjects during the cold winter months. Seeking to be reinvigorated artistically, Van Gogh did more than 30 copies of works by some of his favorite artists. About twenty-one of the works were copies after, or inspired by Jean-François Millet. Rather than replicate, Van Gogh sought to translate the subjects and composition through his perspective, color, and technique. Spiritual meaning and emotional comfort were expressed through symbolism and color. His brother Theo van Gogh (art dealer) would call the pieces in the series some of his best work.</dbpedia-owl:abstract>
    <dbpedia-owl:author rdf:resource="http://dbpedia.org/resource/Vincent_van_Gogh"/>
    <dbpedia-owl:museum rdf:resource="http://dbpedia.org/resource/Mus%C3%A9e_d'Orsay"/>
    <dbpedia-owl:wikiPageID rdf:datatype="http://www.w3.org/2001/XMLSchema#integer">6419070</dbpedia-owl:wikiPageID>
    <dbpedia-owl:wikiPageRevisionID rdf:datatype="http://www.w3.org/2001/XMLSchema#integer">532970228</dbpedia-owl:wikiPageRevisionID>
    <rdfs:label xml:lang="en">Copies by Vincent van Gogh</rdfs:label>
    <foaf:depiction rdf:resource="http://upload.wikimedia.org/wikipedia/commons/7/79/Noon,_rest_from_work_-_Van_Gogh.jpeg"/>
    <rdfs:comment xml:lang="en">Copies by Vincent van Gogh, form an important group of paintings executed by Vincent van Gogh between 1887 and early 1890. While at Saint-Paul asylum in Saint-Rémy-de-Provence, France where Van Gogh admitted himself, he strived to have subjects during the cold winter months. Seeking to be reinvigorated artistically, Van Gogh did more than 30 copies of works by some of his favorite artists. About twenty-one of the works were copies after, or inspired by Jean-François Millet.</rdfs:comment>
    <foaf:name xml:lang="en">Noon - Rest from Work (after Millet)</foaf:name>
    <dbpedia-owl:thumbnail rdf:resource="http://upload.wikimedia.org/wikipedia/commons/thumb/7/79/Noon,_rest_from_work_-_Van_Gogh.jpeg/200px-Noon,_rest_from_work_-_Van_Gogh.jpeg"/>
    <dbpprop:alt xml:lang="en">The Siesta</dbpprop:alt>
    <dbpprop:artist rdf:resource="http://dbpedia.org/resource/Vincent_van_Gogh"/>
    <dbpprop:city rdf:resource="http://dbpedia.org/resource/Paris"/>
    <dbpprop:imageFile xml:lang="en">Noon, rest from work - Van Gogh.jpeg</dbpprop:imageFile>
    <dbpprop:imageSize rdf:datatype="http://www.w3.org/2001/XMLSchema#integer">300</dbpprop:imageSize>
    <dbpprop:italicTitle xml:lang="en">no</dbpprop:italicTitle>
    <dbpprop:museum rdf:resource="http://dbpedia.org/resource/Mus%C3%A9e_d'Orsay"/>
    <dbpprop:paintingAlignment xml:lang="en">right</dbpprop:paintingAlignment>
    <dbpprop:title xml:lang="en">Noon - Rest from Work</dbpprop:title>
    <dbpprop:type rdf:resource="http://dbpedia.org/resource/Oil_painting"/>
    <dbpprop:year rdf:datatype="http://www.w3.org/2001/XMLSchema#integer">1890</dbpprop:year>
    <foaf:isPrimaryTopicOf rdf:resource="http://en.wikipedia.org/wiki/Copies_by_Vincent_van_Gogh"/>
    <ns7:wasDerivedFrom rdf:resource="http://en.wikipedia.org/wiki/Copies_by_Vincent_van_Gogh?oldid=532970228"/>
    <dbpprop:hasPhotoCollection rdf:resource="http://wifo5-03.informatik.uni-mannheim.de/flickrwrappr/photos/Copies_by_Vincent_van_Gogh"/>
  </rdf:Description>
  <rdf:Description rdf:about="http://wikidata.dbpedia.org/resource/Q5168586">
    <owl:sameAs rdf:resource="http://dbpedia.org/resource/Copies_by_Vincent_van_Gogh"/>
  </rdf:Description>
</rdf:RDF>
