<rdf:RDF xmlns:ns7="http://www.w3.org/ns/prov#" xmlns:dbpprop="http://dbpedia.org/property/" xmlns:foaf="http://xmlns.com/foaf/0.1/" xmlns:dbpedia-owl="http://dbpedia.org/ontology/" xmlns:dcterms="http://purl.org/dc/terms/" xmlns:owl="http://www.w3.org/2002/07/owl#" xmlns:rdfs="http://www.w3.org/2000/01/rdf-schema#" xmlns:rdf="http://www.w3.org/1999/02/22-rdf-syntax-ns#">
  <rdf:Description rdf:about="http://it.dbpedia.org/resource/Fiordalisi_(Osipov)">
    <owl:sameAs rdf:resource="http://dbpedia.org/resource/Cornflowers_(painting)"/>
  </rdf:Description>
  <rdf:Description rdf:about="http://dbpedia.org/resource/Cornflowers_(painting)">
    <rdf:type rdf:resource="http://dbpedia.org/class/yago/Art102743547"/>
    <rdf:type rdf:resource="http://dbpedia.org/ontology/Artwork"/>
    <rdf:type rdf:resource="http://dbpedia.org/class/yago/Creation103129123"/>
    <rdf:type rdf:resource="http://dbpedia.org/class/yago/RussianPaintings"/>
    <rdf:type rdf:resource="http://dbpedia.org/class/yago/PaintingsBySergeiIvanovichOsipov"/>
    <rdf:type rdf:resource="http://dbpedia.org/class/yago/GraphicArt103453809"/>
    <rdf:type rdf:resource="http://dbpedia.org/class/yago/PhysicalEntity100001930"/>
    <rdf:type rdf:resource="http://dbpedia.org/class/yago/SovietPaintings"/>
    <rdf:type rdf:resource="http://dbpedia.org/class/yago/1976Paintings"/>
    <rdf:type rdf:resource="http://www.w3.org/2002/07/owl#Thing"/>
    <rdf:type rdf:resource="http://dbpedia.org/class/yago/Object100002684"/>
    <rdf:type rdf:resource="http://schema.org/CreativeWork"/>
    <rdf:type rdf:resource="http://dbpedia.org/class/yago/Whole100003553"/>
    <rdf:type rdf:resource="http://dbpedia.org/class/yago/Painting103876519"/>
    <rdf:type rdf:resource="http://dbpedia.org/ontology/Work"/>
    <rdf:type rdf:resource="http://dbpedia.org/class/yago/Artifact100021939"/>
    <owl:sameAs rdf:resource="http://rdf.freebase.com/ns/m.0gyvjj8"/>
    <owl:sameAs rdf:resource="http://es.dbpedia.org/resource/Acianos_(Ósipov)"/>
    <owl:sameAs rdf:resource="http://www.wikidata.org/entity/Q3745805"/>
    <owl:sameAs rdf:resource="http://dbpedia.org/resource/Cornflowers_(painting)"/>
    <owl:sameAs rdf:resource="http://yago-knowledge.org/resource/Cornflowers_(painting)"/>
    <owl:sameAs rdf:resource="http://it.dbpedia.org/resource/Fiordalisi_(Osipov)"/>
    <dcterms:subject rdf:resource="http://dbpedia.org/resource/Category:Russian_paintings"/>
    <dcterms:subject rdf:resource="http://dbpedia.org/resource/Category:Paintings_by_Sergei_Ivanovich_Osipov"/>
    <dcterms:subject rdf:resource="http://dbpedia.org/resource/Category:Soviet_art"/>
    <dcterms:subject rdf:resource="http://dbpedia.org/resource/Category:1976_paintings"/>
    <dcterms:subject rdf:resource="http://dbpedia.org/resource/Category:Soviet_paintings"/>
    <dbpedia-owl:abstract xml:lang="it">Fiordalisi - noto anche come «Natura morta con fiordalisi» - è uno dei dipinti più famosi del pittore sovietico russo Sergej Osipov (1915-1985).</dbpedia-owl:abstract>
    <dbpedia-owl:abstract xml:lang="en">Cornflowers is a painting by the Russian artist Sergei Ivanovich Osipov (1915–1985), executed in 1976 and related to his most famous works in the genre of still life.</dbpedia-owl:abstract>
    <dbpedia-owl:author rdf:resource="http://dbpedia.org/resource/Sergei_Ivanovich_Osipov"/>
    <dbpedia-owl:museum rdf:resource="http://dbpedia.org/resource/Private_collection"/>
    <dbpedia-owl:wikiPageID rdf:datatype="http://www.w3.org/2001/XMLSchema#integer">32359377</dbpedia-owl:wikiPageID>
    <dbpedia-owl:wikiPageRevisionID rdf:datatype="http://www.w3.org/2001/XMLSchema#integer">545992695</dbpedia-owl:wikiPageRevisionID>
    <rdfs:label xml:lang="it">Fiordalisi (Osipov)</rdfs:label>
    <rdfs:label xml:lang="en">Cornflowers (painting)</rdfs:label>
    <foaf:depiction rdf:resource="http://upload.wikimedia.org/wikipedia/commons/d/d4/Osipov-Cornflowers-7oci10bw.jpg"/>
    <rdfs:comment xml:lang="it">Fiordalisi - noto anche come «Natura morta con fiordalisi» - è uno dei dipinti più famosi del pittore sovietico russo Sergej Osipov (1915-1985).</rdfs:comment>
    <rdfs:comment xml:lang="en">Cornflowers is a painting by the Russian artist Sergei Ivanovich Osipov (1915–1985), executed in 1976 and related to his most famous works in the genre of still life.</rdfs:comment>
    <foaf:name xml:lang="en">Cornflowers</foaf:name>
    <dbpedia-owl:thumbnail rdf:resource="http://upload.wikimedia.org/wikipedia/commons/thumb/d/d4/Osipov-Cornflowers-7oci10bw.jpg/200px-Osipov-Cornflowers-7oci10bw.jpg"/>
    <dbpedia-owl:wikiPageExternalLink rdf:resource="http://www.leningradartist.com/osipov_r.htm"/>
    <dbpedia-owl:wikiPageExternalLink rdf:resource="http://www.leningradartist.com/bo91b.jpg"/>
    <dbpedia-owl:wikiPageExternalLink rdf:resource="http://www.leningradartist.com/still-life-at-the-leningrad-table_r.html"/>
    <dbpedia-owl:wikiPageExternalLink rdf:resource="http://www.leningradartist.com/7oci10b.jpg"/>
    <dbpprop:artist rdf:resource="http://dbpedia.org/resource/Sergei_Ivanovich_Osipov"/>
    <dbpprop:backcolor xml:lang="en">#FBF5DF</dbpprop:backcolor>
    <dbpprop:city rdf:resource="http://dbpedia.org/resource/Russia"/>
    <dbpprop:height rdf:datatype="http://www.w3.org/2001/XMLSchema#integer">70</dbpprop:height>
    <dbpprop:heightInch rdf:datatype="http://www.w3.org/2001/XMLSchema#integer">28</dbpprop:heightInch>
    <dbpprop:imageFile xml:lang="en">Osipov-Cornflowers-7oci10bw.jpg</dbpprop:imageFile>
    <dbpprop:imageSize rdf:datatype="http://www.w3.org/2001/XMLSchema#integer">260</dbpprop:imageSize>
    <dbpprop:museum rdf:resource="http://dbpedia.org/resource/Private_collection"/>
    <dbpprop:paintingAlignment xml:lang="en">right</dbpprop:paintingAlignment>
    <dbpprop:title xml:lang="en">Cornflowers</dbpprop:title>
    <dbpprop:type rdf:resource="http://dbpedia.org/resource/Oil_painting"/>
    <dbpprop:width rdf:datatype="http://www.w3.org/2001/XMLSchema#integer">60</dbpprop:width>
    <dbpprop:widthInch rdf:datatype="http://www.w3.org/2001/XMLSchema#integer">24</dbpprop:widthInch>
    <dbpprop:year rdf:datatype="http://www.w3.org/2001/XMLSchema#integer">1976</dbpprop:year>
    <foaf:isPrimaryTopicOf rdf:resource="http://en.wikipedia.org/wiki/Cornflowers_(painting)"/>
    <ns7:wasDerivedFrom rdf:resource="http://en.wikipedia.org/wiki/Cornflowers_(painting)?oldid=545992695"/>
    <dbpprop:hasPhotoCollection rdf:resource="http://wifo5-03.informatik.uni-mannheim.de/flickrwrappr/photos/Cornflowers_(painting)"/>
  </rdf:Description>
  <rdf:Description rdf:about="http://en.wikipedia.org/wiki/Cornflowers_(painting)">
    <foaf:primaryTopic rdf:resource="http://dbpedia.org/resource/Cornflowers_(painting)"/>
  </rdf:Description>
  <rdf:Description rdf:about="http://es.dbpedia.org/resource/Acianos_(Ósipov)">
    <owl:sameAs rdf:resource="http://dbpedia.org/resource/Cornflowers_(painting)"/>
  </rdf:Description>
  <rdf:Description rdf:about="http://wikidata.dbpedia.org/resource/Q3745805">
    <owl:sameAs rdf:resource="http://dbpedia.org/resource/Cornflowers_(painting)"/>
  </rdf:Description>
</rdf:RDF>
