<rdf:RDF xmlns:ns7="http://www.w3.org/ns/prov#" xmlns:dbpprop="http://dbpedia.org/property/" xmlns:foaf="http://xmlns.com/foaf/0.1/" xmlns:dbpedia-owl="http://dbpedia.org/ontology/" xmlns:dcterms="http://purl.org/dc/terms/" xmlns:owl="http://www.w3.org/2002/07/owl#" xmlns:rdfs="http://www.w3.org/2000/01/rdf-schema#" xmlns:rdf="http://www.w3.org/1999/02/22-rdf-syntax-ns#">
  <rdf:Description rdf:about="http://it.dbpedia.org/resource/Incoronazione_della_Vergine_(Lorenzo_Monaco)">
    <owl:sameAs rdf:resource="http://dbpedia.org/resource/Coronation_of_the_Virgin_(Lorenzo_Monaco)"/>
  </rdf:Description>
  <rdf:Description rdf:about="http://dbpedia.org/resource/Coronation_of_the_Virgin_(Lorenzo_Monaco)">
    <rdf:type rdf:resource="http://dbpedia.org/ontology/Artwork"/>
    <rdf:type rdf:resource="http://dbpedia.org/class/yago/Artifact100021939"/>
    <rdf:type rdf:resource="http://dbpedia.org/class/yago/1414Paintings"/>
    <rdf:type rdf:resource="http://dbpedia.org/ontology/Work"/>
    <rdf:type rdf:resource="http://dbpedia.org/class/yago/Whole100003553"/>
    <rdf:type rdf:resource="http://dbpedia.org/class/yago/GraphicArt103453809"/>
    <rdf:type rdf:resource="http://dbpedia.org/class/yago/Painting103876519"/>
    <rdf:type rdf:resource="http://dbpedia.org/class/yago/PhysicalEntity100001930"/>
    <rdf:type rdf:resource="http://dbpedia.org/class/yago/Creation103129123"/>
    <rdf:type rdf:resource="http://dbpedia.org/class/yago/Art102743547"/>
    <rdf:type rdf:resource="http://dbpedia.org/class/yago/LorenzoMonacoPaintings"/>
    <rdf:type rdf:resource="http://www.w3.org/2002/07/owl#Thing"/>
    <rdf:type rdf:resource="http://dbpedia.org/class/yago/Object100002684"/>
    <rdf:type rdf:resource="http://schema.org/CreativeWork"/>
    <owl:sameAs rdf:resource="http://www.wikidata.org/entity/Q3797775"/>
    <owl:sameAs rdf:resource="http://yago-knowledge.org/resource/Coronation_of_the_Virgin_(Lorenzo_Monaco)"/>
    <owl:sameAs rdf:resource="http://dbpedia.org/resource/Coronation_of_the_Virgin_(Lorenzo_Monaco)"/>
    <owl:sameAs rdf:resource="http://rdf.freebase.com/ns/m.0fq0vkt"/>
    <owl:sameAs rdf:resource="http://it.dbpedia.org/resource/Incoronazione_della_Vergine_(Lorenzo_Monaco)"/>
    <dcterms:subject rdf:resource="http://dbpedia.org/resource/Category:1414_paintings"/>
    <dcterms:subject rdf:resource="http://dbpedia.org/resource/Category:Lorenzo_Monaco_paintings"/>
    <dcterms:subject rdf:resource="http://dbpedia.org/resource/Category:Collections_of_the_Uffizi"/>
    <dbpedia-owl:abstract xml:lang="en">The Coronation of the Virgin is a tempera on panel polyptych by the Italian late Gothic artist Lorenzo Monaco, centred on the subject of the Coronation of the Virgin. Once in the Camaldolese monastery of Santa Maria degli Angeli, it is now housed in the Uffizi Gallery in Florence. It is dated February 1413 which, in the Florentine calendary (which began in March), corresponded to 1414.</dbpedia-owl:abstract>
    <dbpedia-owl:abstract xml:lang="it">L'Incoronazione della Vergine è un grande polittico a tempera e oro su tavola (506x447,5 cm) di Lorenzo Monaco, datato al 1414 e conservato agli Uffizi di Firenze.</dbpedia-owl:abstract>
    <dbpedia-owl:author rdf:resource="http://dbpedia.org/resource/Lorenzo_Monaco"/>
    <dbpedia-owl:museum rdf:resource="http://dbpedia.org/resource/Uffizi"/>
    <dbpedia-owl:wikiPageID rdf:datatype="http://www.w3.org/2001/XMLSchema#integer">29784799</dbpedia-owl:wikiPageID>
    <dbpedia-owl:wikiPageRevisionID rdf:datatype="http://www.w3.org/2001/XMLSchema#integer">546047228</dbpedia-owl:wikiPageRevisionID>
    <rdfs:label xml:lang="it">Incoronazione della Vergine (Lorenzo Monaco)</rdfs:label>
    <rdfs:label xml:lang="en">Coronation of the Virgin (Lorenzo Monaco)</rdfs:label>
    <foaf:depiction rdf:resource="http://upload.wikimedia.org/wikipedia/commons/2/2a/Monaco_coronation.jpg"/>
    <rdfs:comment xml:lang="it">L'Incoronazione della Vergine è un grande polittico a tempera e oro su tavola (506x447,5 cm) di Lorenzo Monaco, datato al 1414 e conservato agli Uffizi di Firenze.</rdfs:comment>
    <rdfs:comment xml:lang="en">The Coronation of the Virgin is a tempera on panel polyptych by the Italian late Gothic artist Lorenzo Monaco, centred on the subject of the Coronation of the Virgin. Once in the Camaldolese monastery of Santa Maria degli Angeli, it is now housed in the Uffizi Gallery in Florence. It is dated February 1413 which, in the Florentine calendary (which began in March), corresponded to 1414.</rdfs:comment>
    <foaf:name xml:lang="en">The Coronation of the Virgin</foaf:name>
    <dbpedia-owl:thumbnail rdf:resource="http://upload.wikimedia.org/wikipedia/commons/thumb/2/2a/Monaco_coronation.jpg/200px-Monaco_coronation.jpg"/>
    <dbpprop:artist rdf:resource="http://dbpedia.org/resource/Lorenzo_Monaco"/>
    <dbpprop:city rdf:resource="http://dbpedia.org/resource/Florence"/>
    <dbpprop:height rdf:datatype="http://www.w3.org/2001/XMLSchema#integer">506</dbpprop:height>
    <dbpprop:imageFile xml:lang="en">Monaco coronation.jpg</dbpprop:imageFile>
    <dbpprop:imageSize rdf:datatype="http://www.w3.org/2001/XMLSchema#integer">350</dbpprop:imageSize>
    <dbpprop:museum rdf:resource="http://dbpedia.org/resource/Uffizi"/>
    <dbpprop:title xml:lang="en">The Coronation of the Virgin</dbpprop:title>
    <dbpprop:type rdf:resource="http://dbpedia.org/resource/Tempera"/>
    <dbpprop:width rdf:datatype="http://www.w3.org/2001/XMLSchema#double">447.5</dbpprop:width>
    <dbpprop:year rdf:datatype="http://www.w3.org/2001/XMLSchema#integer">1414</dbpprop:year>
    <foaf:isPrimaryTopicOf rdf:resource="http://en.wikipedia.org/wiki/Coronation_of_the_Virgin_(Lorenzo_Monaco)"/>
    <ns7:wasDerivedFrom rdf:resource="http://en.wikipedia.org/wiki/Coronation_of_the_Virgin_(Lorenzo_Monaco)?oldid=546047228"/>
    <dbpprop:hasPhotoCollection rdf:resource="http://wifo5-03.informatik.uni-mannheim.de/flickrwrappr/photos/Coronation_of_the_Virgin_(Lorenzo_Monaco)"/>
  </rdf:Description>
  <rdf:Description rdf:about="http://en.wikipedia.org/wiki/Coronation_of_the_Virgin_(Lorenzo_Monaco)">
    <foaf:primaryTopic rdf:resource="http://dbpedia.org/resource/Coronation_of_the_Virgin_(Lorenzo_Monaco)"/>
  </rdf:Description>
  <rdf:Description rdf:about="http://dbpedia.org/resource/Coronation_of_the_Virgin_(Monaco)">
    <dbpedia-owl:wikiPageRedirects rdf:resource="http://dbpedia.org/resource/Coronation_of_the_Virgin_(Lorenzo_Monaco)"/>
  </rdf:Description>
  <rdf:Description rdf:about="http://wikidata.dbpedia.org/resource/Q3797775">
    <owl:sameAs rdf:resource="http://dbpedia.org/resource/Coronation_of_the_Virgin_(Lorenzo_Monaco)"/>
  </rdf:Description>
</rdf:RDF>
