<rdf:RDF xmlns:ns7="http://www.w3.org/ns/prov#" xmlns:dbpprop="http://dbpedia.org/property/" xmlns:foaf="http://xmlns.com/foaf/0.1/" xmlns:dbpedia-owl="http://dbpedia.org/ontology/" xmlns:dcterms="http://purl.org/dc/terms/" xmlns:owl="http://www.w3.org/2002/07/owl#" xmlns:rdfs="http://www.w3.org/2000/01/rdf-schema#" xmlns:rdf="http://www.w3.org/1999/02/22-rdf-syntax-ns#">
  <rdf:Description rdf:about="http://en.wikipedia.org/wiki/Coronation_of_the_Virgin_(Fra_Angelico,_Uffizi)">
    <foaf:primaryTopic rdf:resource="http://dbpedia.org/resource/Coronation_of_the_Virgin_(Fra_Angelico,_Uffizi)"/>
  </rdf:Description>
  <rdf:Description rdf:about="http://it.dbpedia.org/resource/Incoronazione_della_Vergine_(Angelico_Uffizi)">
    <owl:sameAs rdf:resource="http://dbpedia.org/resource/Coronation_of_the_Virgin_(Fra_Angelico,_Uffizi)"/>
  </rdf:Description>
  <rdf:Description rdf:about="http://pl.dbpedia.org/resource/Koronacja_Matki_Boskiej_z_aniołami_i_świętymi">
    <owl:sameAs rdf:resource="http://dbpedia.org/resource/Coronation_of_the_Virgin_(Fra_Angelico,_Uffizi)"/>
  </rdf:Description>
  <rdf:Description rdf:about="http://dbpedia.org/resource/Coronation_of_the_Virgin_(Fra_Angelico,_Uffizi)">
    <rdf:type rdf:resource="http://dbpedia.org/class/yago/Object100002684"/>
    <rdf:type rdf:resource="http://dbpedia.org/class/yago/Art102743547"/>
    <rdf:type rdf:resource="http://dbpedia.org/ontology/Artwork"/>
    <rdf:type rdf:resource="http://dbpedia.org/class/yago/PaintingsByFraAngelico"/>
    <rdf:type rdf:resource="http://dbpedia.org/class/yago/1430sPaintings"/>
    <rdf:type rdf:resource="http://dbpedia.org/class/yago/Painting103876519"/>
    <rdf:type rdf:resource="http://www.w3.org/2002/07/owl#Thing"/>
    <rdf:type rdf:resource="http://dbpedia.org/class/yago/Creation103129123"/>
    <rdf:type rdf:resource="http://dbpedia.org/class/yago/Whole100003553"/>
    <rdf:type rdf:resource="http://dbpedia.org/class/yago/GraphicArt103453809"/>
    <rdf:type rdf:resource="http://dbpedia.org/class/yago/PhysicalEntity100001930"/>
    <rdf:type rdf:resource="http://dbpedia.org/class/yago/Artifact100021939"/>
    <rdf:type rdf:resource="http://dbpedia.org/ontology/Work"/>
    <rdf:type rdf:resource="http://schema.org/CreativeWork"/>
    <owl:sameAs rdf:resource="http://pl.dbpedia.org/resource/Koronacja_Matki_Boskiej_z_aniołami_i_świętymi"/>
    <owl:sameAs rdf:resource="http://pt.dbpedia.org/resource/Coroação_da_Virgem_(Fra_Angelico,_Uffizi)"/>
    <owl:sameAs rdf:resource="http://rdf.freebase.com/ns/m.0fq14__"/>
    <owl:sameAs rdf:resource="http://yago-knowledge.org/resource/Coronation_of_the_Virgin_(Fra_Angelico,_Uffizi)"/>
    <owl:sameAs rdf:resource="http://www.wikidata.org/entity/Q3797771"/>
    <owl:sameAs rdf:resource="http://it.dbpedia.org/resource/Incoronazione_della_Vergine_(Angelico_Uffizi)"/>
    <owl:sameAs rdf:resource="http://dbpedia.org/resource/Coronation_of_the_Virgin_(Fra_Angelico,_Uffizi)"/>
    <dcterms:subject rdf:resource="http://dbpedia.org/resource/Category:1430s_paintings"/>
    <dcterms:subject rdf:resource="http://dbpedia.org/resource/Category:Collections_of_the_Uffizi"/>
    <dcterms:subject rdf:resource="http://dbpedia.org/resource/Category:Paintings_by_Fra_Angelico"/>
    <dbpedia-owl:abstract xml:lang="pt">Coroação da Virgem é uma pintura do episódio da Coroação da Virgem feita pelo mestre pintor italiano do início da Renascença, Fra Angelico, feita por volta de 1432. Encontra-se hoje na Galleria degli Uffizi em Florença. O artista executou outra Coroação da Virgem (c. 1434-1435), que hoje está exposta no Museu do Louvre em Paris.</dbpedia-owl:abstract>
    <dbpedia-owl:abstract xml:lang="pl">Koronacja Matki Boskiej z aniołami i świętymi - obraz włoskiego malarza religijnego wczesnego renesansu, namalowany w 1432 roku.</dbpedia-owl:abstract>
    <dbpedia-owl:abstract xml:lang="en">The Coronation of the Virgin is a painting of the Coronation of the Virgin by the Italian early Renaissance painter Fra Angelico, executed around 1432. It is now in the Uffizi Gallery of Florence. The artist executed another Coronation of the Virgin (c. 1434-1435), now in the Louvre in Paris.</dbpedia-owl:abstract>
    <dbpedia-owl:abstract xml:lang="it">L'Incoronazione della Vergine di Beato Angelico è una tempera su tavola (112x114 cm) conservata agli Uffizi e databile al 1432 circa. Dello stesso autore esiste anche un'altra Incoronazione della Vergine al Louvre, databile al 1434-1435.</dbpedia-owl:abstract>
    <dbpedia-owl:author rdf:resource="http://dbpedia.org/resource/Fra_Angelico"/>
    <dbpedia-owl:museum rdf:resource="http://dbpedia.org/resource/Uffizi"/>
    <dbpedia-owl:wikiPageID rdf:datatype="http://www.w3.org/2001/XMLSchema#integer">29818135</dbpedia-owl:wikiPageID>
    <dbpedia-owl:wikiPageRevisionID rdf:datatype="http://www.w3.org/2001/XMLSchema#integer">546047895</dbpedia-owl:wikiPageRevisionID>
    <rdfs:label xml:lang="pl">Koronacja Matki Boskiej z aniołami i świętymi</rdfs:label>
    <rdfs:label xml:lang="it">Incoronazione della Vergine (Angelico Uffizi)</rdfs:label>
    <rdfs:label xml:lang="pt">Coroação da Virgem (Fra Angelico, Uffizi)</rdfs:label>
    <rdfs:label xml:lang="en">Coronation of the Virgin (Fra Angelico, Uffizi)</rdfs:label>
    <foaf:depiction rdf:resource="http://upload.wikimedia.org/wikipedia/commons/8/83/Fra_Angelico_081.jpg"/>
    <rdfs:comment xml:lang="en">The Coronation of the Virgin is a painting of the Coronation of the Virgin by the Italian early Renaissance painter Fra Angelico, executed around 1432. It is now in the Uffizi Gallery of Florence. The artist executed another Coronation of the Virgin (c. 1434-1435), now in the Louvre in Paris.</rdfs:comment>
    <rdfs:comment xml:lang="pt">Coroação da Virgem é uma pintura do episódio da Coroação da Virgem feita pelo mestre pintor italiano do início da Renascença, Fra Angelico, feita por volta de 1432. Encontra-se hoje na Galleria degli Uffizi em Florença. O artista executou outra Coroação da Virgem (c. 1434-1435), que hoje está exposta no Museu do Louvre em Paris.</rdfs:comment>
    <rdfs:comment xml:lang="pl">Koronacja Matki Boskiej z aniołami i świętymi - obraz włoskiego malarza religijnego wczesnego renesansu, namalowany w 1432 roku.</rdfs:comment>
    <rdfs:comment xml:lang="it">L'Incoronazione della Vergine di Beato Angelico è una tempera su tavola (112x114 cm) conservata agli Uffizi e databile al 1432 circa. Dello stesso autore esiste anche un'altra Incoronazione della Vergine al Louvre, databile al 1434-1435.</rdfs:comment>
    <foaf:name xml:lang="en">Coronation of the Virgin</foaf:name>
    <dbpedia-owl:thumbnail rdf:resource="http://upload.wikimedia.org/wikipedia/commons/thumb/8/83/Fra_Angelico_081.jpg/200px-Fra_Angelico_081.jpg"/>
    <dbpprop:artist rdf:resource="http://dbpedia.org/resource/Fra_Angelico"/>
    <dbpprop:city rdf:resource="http://dbpedia.org/resource/Florence"/>
    <dbpprop:height rdf:datatype="http://www.w3.org/2001/XMLSchema#integer">112</dbpprop:height>
    <dbpprop:imageFile xml:lang="en">Fra Angelico 081.jpg</dbpprop:imageFile>
    <dbpprop:imageSize rdf:datatype="http://www.w3.org/2001/XMLSchema#integer">300</dbpprop:imageSize>
    <dbpprop:museum rdf:resource="http://dbpedia.org/resource/Uffizi"/>
    <dbpprop:title xml:lang="en">Coronation of the Virgin</dbpprop:title>
    <dbpprop:type rdf:resource="http://dbpedia.org/resource/Tempera"/>
    <dbpprop:width rdf:datatype="http://www.w3.org/2001/XMLSchema#integer">114</dbpprop:width>
    <dbpprop:year xml:lang="en">c. 1432</dbpprop:year>
    <foaf:isPrimaryTopicOf rdf:resource="http://en.wikipedia.org/wiki/Coronation_of_the_Virgin_(Fra_Angelico,_Uffizi)"/>
    <ns7:wasDerivedFrom rdf:resource="http://en.wikipedia.org/wiki/Coronation_of_the_Virgin_(Fra_Angelico,_Uffizi)?oldid=546047895"/>
    <dbpprop:hasPhotoCollection rdf:resource="http://wifo5-03.informatik.uni-mannheim.de/flickrwrappr/photos/Coronation_of_the_Virgin_(Fra_Angelico,_Uffizi)"/>
  </rdf:Description>
  <rdf:Description rdf:about="http://dbpedia.org/resource/Coronation_of_Virgin_(Angelico,_Florence)">
    <dbpedia-owl:wikiPageRedirects rdf:resource="http://dbpedia.org/resource/Coronation_of_the_Virgin_(Fra_Angelico,_Uffizi)"/>
  </rdf:Description>
  <rdf:Description rdf:about="http://dbpedia.org/resource/Coronation_of_the_Virgin_(Angelico,_Uffizi)">
    <dbpedia-owl:wikiPageRedirects rdf:resource="http://dbpedia.org/resource/Coronation_of_the_Virgin_(Fra_Angelico,_Uffizi)"/>
  </rdf:Description>
  <rdf:Description rdf:about="http://dbpedia.org/resource/Coronation_of_the_Virgin_(Fra_Angelico,_Florence)">
    <dbpedia-owl:wikiPageRedirects rdf:resource="http://dbpedia.org/resource/Coronation_of_the_Virgin_(Fra_Angelico,_Uffizi)"/>
  </rdf:Description>
  <rdf:Description rdf:about="http://pt.dbpedia.org/resource/Coroação_da_Virgem_(Fra_Angelico,_Uffizi)">
    <owl:sameAs rdf:resource="http://dbpedia.org/resource/Coronation_of_the_Virgin_(Fra_Angelico,_Uffizi)"/>
  </rdf:Description>
  <rdf:Description rdf:about="http://wikidata.dbpedia.org/resource/Q3797771">
    <owl:sameAs rdf:resource="http://dbpedia.org/resource/Coronation_of_the_Virgin_(Fra_Angelico,_Uffizi)"/>
  </rdf:Description>
</rdf:RDF>
