<rdf:RDF xmlns:dbpprop="http://dbpedia.org/property/" xmlns:ns6="http://www.w3.org/ns/prov#" xmlns:foaf="http://xmlns.com/foaf/0.1/" xmlns:dbpedia-owl="http://dbpedia.org/ontology/" xmlns:dcterms="http://purl.org/dc/terms/" xmlns:owl="http://www.w3.org/2002/07/owl#" xmlns:rdfs="http://www.w3.org/2000/01/rdf-schema#" xmlns:rdf="http://www.w3.org/1999/02/22-rdf-syntax-ns#">
  <rdf:Description rdf:about="http://en.wikipedia.org/wiki/Cortona_Triptych">
    <foaf:primaryTopic rdf:resource="http://dbpedia.org/resource/Cortona_Triptych"/>
  </rdf:Description>
  <rdf:Description rdf:about="http://dbpedia.org/resource/Cortona_Triptych">
    <rdf:type rdf:resource="http://dbpedia.org/class/yago/GraphicArt103453809"/>
    <rdf:type rdf:resource="http://dbpedia.org/class/yago/PaintingsByFraAngelico"/>
    <rdf:type rdf:resource="http://dbpedia.org/class/yago/Creation103129123"/>
    <rdf:type rdf:resource="http://dbpedia.org/class/yago/Artifact100021939"/>
    <rdf:type rdf:resource="http://dbpedia.org/class/yago/PhysicalEntity100001930"/>
    <rdf:type rdf:resource="http://dbpedia.org/class/yago/Painting103876519"/>
    <rdf:type rdf:resource="http://dbpedia.org/class/yago/Art102743547"/>
    <rdf:type rdf:resource="http://dbpedia.org/class/yago/1430sPaintings"/>
    <rdf:type rdf:resource="http://dbpedia.org/class/yago/Whole100003553"/>
    <rdf:type rdf:resource="http://dbpedia.org/class/yago/PaintingsOfTheVirginMary"/>
    <rdf:type rdf:resource="http://dbpedia.org/class/yago/Object100002684"/>
    <owl:sameAs rdf:resource="http://www.wikidata.org/entity/Q24531"/>
    <owl:sameAs rdf:resource="http://fr.dbpedia.org/resource/Triptyque_de_Cortone"/>
    <owl:sameAs rdf:resource="http://rdf.freebase.com/ns/m.0dryrxz"/>
    <owl:sameAs rdf:resource="http://it.dbpedia.org/resource/Trittico_di_Cortona"/>
    <owl:sameAs rdf:resource="http://pt.dbpedia.org/resource/Tríptico_de_Cortona"/>
    <owl:sameAs rdf:resource="http://yago-knowledge.org/resource/Cortona_Triptych"/>
    <owl:sameAs rdf:resource="http://dbpedia.org/resource/Cortona_Triptych"/>
    <dcterms:subject rdf:resource="http://dbpedia.org/resource/Category:Paintings_of_the_Madonna_and_Child"/>
    <dcterms:subject rdf:resource="http://dbpedia.org/resource/Category:1430s_paintings"/>
    <dcterms:subject rdf:resource="http://dbpedia.org/resource/Category:Paintings_by_Fra_Angelico"/>
    <dbpedia-owl:abstract xml:lang="fr">Le Triptyque de Cortone ou Trittico di Cortona est une peinture à tempera sur bois réalisée par Fra Angelico en 1436-1437, conservée au Musée diocésain, à Cortone.</dbpedia-owl:abstract>
    <dbpedia-owl:abstract xml:lang="en">The Cortona Triptych is a depiction of the Madonna and Child with saints, by Fra Angelico now at the Diocesan Museum, Cortona, Italy. It dates to 1436-1437. The triptych was originally painted for the church of San Domenico in Cortona, and belonged to the Dominicans. It was painted in Fiesole, and then shipped to Cortona, probably just before Fra Angelico painted the Perugia Altarpiece in 1437, with which this work shares many common elements. The predella depicts the story of Saint Dominic along with other saints: Saint Peter The dream of Innocent III, Saint Michael the Archangel Resurrection of Napoleone Orsini Saint Vincent, Martyr Saint Dominic with the Friars, being served by the Angels and Death of St. Dominic Saint Thomas Aquinas The predella of the triptych</dbpedia-owl:abstract>
    <dbpedia-owl:abstract xml:lang="pt">O Tríptico de Cortona é uma pintura de Fra Angelico, que representa a Madona com o Menino acompanhados por santos, e que hoje está no Museu Diocesano em Cortona, Itália. O tríptico foi originalmente pintado para a igreja de San Domenico em Cortona, e pertencia aos dominicanos. Foi pintado em Fiesole e enviado para Cortona, provavelmente antes de Fra Angelico ter pintado a Pala di Fiesole em 1437, obra com a qual tem muitas características comuns. No centro há uma «maestà entronizada» acompanhada por santos nos painéis laterais. No alto, na cimalha, há dois tondi com o Anjo da Anunciação, Anunciação da Virgem, e ao centro uma Crucifixão. A predela mostra a história de vários santos: São Pedro, o sonho do Papa Inocêncio III, São Miguel Arcanjo, uma ressurreição de Napoleone Orsini, São Vicente Mártir, São Domingos com os frades, servido por anjos, a morte de São Domingos, e São Tomás de Aquino.</dbpedia-owl:abstract>
    <dbpedia-owl:abstract xml:lang="it">Il Trittico di Cortona è un dipinto di Beato Angelico, tempera su tavola (218x240 cm), databile al 1436-1437 e conservato nel Museo Diocesano di Cortona.</dbpedia-owl:abstract>
    <dbpedia-owl:wikiPageID rdf:datatype="http://www.w3.org/2001/XMLSchema#integer">29329552</dbpedia-owl:wikiPageID>
    <dbpedia-owl:wikiPageRevisionID rdf:datatype="http://www.w3.org/2001/XMLSchema#integer">546024315</dbpedia-owl:wikiPageRevisionID>
    <rdfs:label xml:lang="pt">Tríptico de Cortona</rdfs:label>
    <rdfs:label xml:lang="it">Trittico di Cortona</rdfs:label>
    <rdfs:label xml:lang="fr">Triptyque de Cortone</rdfs:label>
    <rdfs:label xml:lang="en">Cortona Triptych</rdfs:label>
    <foaf:depiction rdf:resource="http://upload.wikimedia.org/wikipedia/commons/3/3e/Angelico,_cortona_poliptych_01.jpg"/>
    <rdfs:comment xml:lang="fr">Le Triptyque de Cortone ou Trittico di Cortona est une peinture à tempera sur bois réalisée par Fra Angelico en 1436-1437, conservée au Musée diocésain, à Cortone.</rdfs:comment>
    <rdfs:comment xml:lang="en">The Cortona Triptych is a depiction of the Madonna and Child with saints, by Fra Angelico now at the Diocesan Museum, Cortona, Italy. It dates to 1436-1437. The triptych was originally painted for the church of San Domenico in Cortona, and belonged to the Dominicans. It was painted in Fiesole, and then shipped to Cortona, probably just before Fra Angelico painted the Perugia Altarpiece in 1437, with which this work shares many common elements.</rdfs:comment>
    <rdfs:comment xml:lang="pt">O Tríptico de Cortona é uma pintura de Fra Angelico, que representa a Madona com o Menino acompanhados por santos, e que hoje está no Museu Diocesano em Cortona, Itália. O tríptico foi originalmente pintado para a igreja de San Domenico em Cortona, e pertencia aos dominicanos. Foi pintado em Fiesole e enviado para Cortona, provavelmente antes de Fra Angelico ter pintado a Pala di Fiesole em 1437, obra com a qual tem muitas características comuns.</rdfs:comment>
    <rdfs:comment xml:lang="it">Il Trittico di Cortona è un dipinto di Beato Angelico, tempera su tavola (218x240 cm), databile al 1436-1437 e conservato nel Museo Diocesano di Cortona.</rdfs:comment>
    <dbpedia-owl:thumbnail rdf:resource="http://upload.wikimedia.org/wikipedia/commons/thumb/3/3e/Angelico,_cortona_poliptych_01.jpg/200px-Angelico,_cortona_poliptych_01.jpg"/>
    <dbpedia-owl:wikiPageExternalLink rdf:resource="http://www.cortonaweb.net/musei/diocesano.php"/>
    <foaf:isPrimaryTopicOf rdf:resource="http://en.wikipedia.org/wiki/Cortona_Triptych"/>
    <ns6:wasDerivedFrom rdf:resource="http://en.wikipedia.org/wiki/Cortona_Triptych?oldid=546024315"/>
    <dbpprop:hasPhotoCollection rdf:resource="http://wifo5-03.informatik.uni-mannheim.de/flickrwrappr/photos/Cortona_Triptych"/>
  </rdf:Description>
  <rdf:Description rdf:about="http://it.dbpedia.org/resource/Trittico_di_Cortona">
    <owl:sameAs rdf:resource="http://dbpedia.org/resource/Cortona_Triptych"/>
  </rdf:Description>
  <rdf:Description rdf:about="http://fr.dbpedia.org/resource/Triptyque_de_Cortone">
    <owl:sameAs rdf:resource="http://dbpedia.org/resource/Cortona_Triptych"/>
  </rdf:Description>
  <rdf:Description rdf:about="http://pt.dbpedia.org/resource/Tríptico_de_Cortona">
    <owl:sameAs rdf:resource="http://dbpedia.org/resource/Cortona_Triptych"/>
  </rdf:Description>
  <rdf:Description rdf:about="http://wikidata.dbpedia.org/resource/Q24531">
    <owl:sameAs rdf:resource="http://dbpedia.org/resource/Cortona_Triptych"/>
  </rdf:Description>
</rdf:RDF>
