<rdf:RDF xmlns:ns7="http://www.w3.org/ns/prov#" xmlns:dbpprop="http://dbpedia.org/property/" xmlns:foaf="http://xmlns.com/foaf/0.1/" xmlns:dbpedia-owl="http://dbpedia.org/ontology/" xmlns:dcterms="http://purl.org/dc/terms/" xmlns:owl="http://www.w3.org/2002/07/owl#" xmlns:rdfs="http://www.w3.org/2000/01/rdf-schema#" xmlns:rdf="http://www.w3.org/1999/02/22-rdf-syntax-ns#">
  <rdf:Description rdf:about="http://dbpedia.org/resource/Cromwell,_Protector_of_the_Vaudois">
    <rdf:type rdf:resource="http://dbpedia.org/ontology/Work"/>
    <rdf:type rdf:resource="http://dbpedia.org/class/yago/Art102743547"/>
    <rdf:type rdf:resource="http://dbpedia.org/class/yago/GraphicArt103453809"/>
    <rdf:type rdf:resource="http://dbpedia.org/class/yago/Painting103876519"/>
    <rdf:type rdf:resource="http://dbpedia.org/class/yago/Artifact100021939"/>
    <rdf:type rdf:resource="http://schema.org/CreativeWork"/>
    <rdf:type rdf:resource="http://dbpedia.org/class/yago/Whole100003553"/>
    <rdf:type rdf:resource="http://www.w3.org/2002/07/owl#Thing"/>
    <rdf:type rdf:resource="http://dbpedia.org/class/yago/Object100002684"/>
    <rdf:type rdf:resource="http://dbpedia.org/class/yago/Pre-RaphaelitePaintings"/>
    <rdf:type rdf:resource="http://dbpedia.org/ontology/Artwork"/>
    <rdf:type rdf:resource="http://dbpedia.org/class/yago/1877Paintings"/>
    <rdf:type rdf:resource="http://dbpedia.org/class/yago/PaintingsByFordMadoxBrown"/>
    <rdf:type rdf:resource="http://dbpedia.org/class/yago/PhysicalEntity100001930"/>
    <rdf:type rdf:resource="http://dbpedia.org/class/yago/Creation103129123"/>
    <owl:sameAs rdf:resource="http://www.wikidata.org/entity/Q5187657"/>
    <owl:sameAs rdf:resource="http://dbpedia.org/resource/Cromwell,_Protector_of_the_Vaudois"/>
    <owl:sameAs rdf:resource="http://yago-knowledge.org/resource/Cromwell,_Protector_of_the_Vaudois"/>
    <owl:sameAs rdf:resource="http://rdf.freebase.com/ns/m.02qcg92"/>
    <dcterms:subject rdf:resource="http://dbpedia.org/resource/Category:Paintings_by_Ford_Madox_Brown"/>
    <dcterms:subject rdf:resource="http://dbpedia.org/resource/Category:Oliver_Cromwell"/>
    <dcterms:subject rdf:resource="http://dbpedia.org/resource/Category:1877_paintings"/>
    <dbpedia-owl:abstract xml:lang="en">Cromwell, Protector of the Vaudois (1877) is a painting by Ford Madox Brown which depicts Oliver Cromwell in conversation with John Milton dictating a letter to Andrew Marvell protesting at the Piedmont Easter massacre (1655), an attack on the Vaudois (Waldenses), a persecuted Protestant sect in Piedmont, northern Italy. It was Brown's second Cromwell painting, following Cromwell on his Farm (1875).</dbpedia-owl:abstract>
    <dbpedia-owl:author rdf:resource="http://dbpedia.org/resource/Ford_Madox_Brown"/>
    <dbpedia-owl:museum rdf:resource="http://dbpedia.org/resource/Manchester_Art_Gallery"/>
    <dbpedia-owl:wikiPageID rdf:datatype="http://www.w3.org/2001/XMLSchema#integer">10419857</dbpedia-owl:wikiPageID>
    <dbpedia-owl:wikiPageRevisionID rdf:datatype="http://www.w3.org/2001/XMLSchema#integer">497715344</dbpedia-owl:wikiPageRevisionID>
    <rdfs:label xml:lang="en">Cromwell, Protector of the Vaudois</rdfs:label>
    <foaf:depiction rdf:resource="http://upload.wikimedia.org/wikipedia/commons/1/13/Vaudois.JPG"/>
    <rdfs:comment xml:lang="en">Cromwell, Protector of the Vaudois (1877) is a painting by Ford Madox Brown which depicts Oliver Cromwell in conversation with John Milton dictating a letter to Andrew Marvell protesting at the Piedmont Easter massacre (1655), an attack on the Vaudois (Waldenses), a persecuted Protestant sect in Piedmont, northern Italy. It was Brown's second Cromwell painting, following Cromwell on his Farm (1875).</rdfs:comment>
    <foaf:name xml:lang="en">Cromwell, Protector of the Vaudois</foaf:name>
    <dbpedia-owl:thumbnail rdf:resource="http://upload.wikimedia.org/wikipedia/commons/thumb/1/13/Vaudois.JPG/200px-Vaudois.JPG"/>
    <dbpedia-owl:wikiPageExternalLink rdf:resource="http://www.gasl.org/refbib/Carlyle__Cromwell.pdf"/>
    <dbpedia-owl:wikiPageExternalLink rdf:resource="http://www.bartleby.com/4/312.html"/>
    <dbpprop:artist rdf:resource="http://dbpedia.org/resource/Ford_Madox_Brown"/>
    <dbpprop:backcolor xml:lang="en">#FBF5DF</dbpprop:backcolor>
    <dbpprop:city rdf:resource="http://dbpedia.org/resource/Manchester"/>
    <dbpprop:city rdf:resource="http://dbpedia.org/resource/England"/>
    <dbpprop:imageFile xml:lang="en">vaudois.JPG</dbpprop:imageFile>
    <dbpprop:imageSize rdf:datatype="http://www.w3.org/2001/XMLSchema#integer">350</dbpprop:imageSize>
    <dbpprop:museum rdf:resource="http://dbpedia.org/resource/Manchester_Art_Gallery"/>
    <dbpprop:paintingAlignment xml:lang="en">right</dbpprop:paintingAlignment>
    <dbpprop:title xml:lang="en">Cromwell, Protector of the Vaudois</dbpprop:title>
    <dbpprop:type rdf:resource="http://dbpedia.org/resource/Oil_painting"/>
    <dbpprop:year rdf:datatype="http://www.w3.org/2001/XMLSchema#integer">1877</dbpprop:year>
    <foaf:isPrimaryTopicOf rdf:resource="http://en.wikipedia.org/wiki/Cromwell,_Protector_of_the_Vaudois"/>
    <ns7:wasDerivedFrom rdf:resource="http://en.wikipedia.org/wiki/Cromwell,_Protector_of_the_Vaudois?oldid=497715344"/>
    <dbpprop:hasPhotoCollection rdf:resource="http://wifo5-03.informatik.uni-mannheim.de/flickrwrappr/photos/Cromwell,_Protector_of_the_Vaudois"/>
  </rdf:Description>
  <rdf:Description rdf:about="http://en.wikipedia.org/wiki/Cromwell,_Protector_of_the_Vaudois">
    <foaf:primaryTopic rdf:resource="http://dbpedia.org/resource/Cromwell,_Protector_of_the_Vaudois"/>
  </rdf:Description>
  <rdf:Description rdf:about="http://wikidata.dbpedia.org/resource/Q5187657">
    <owl:sameAs rdf:resource="http://dbpedia.org/resource/Cromwell,_Protector_of_the_Vaudois"/>
  </rdf:Description>
</rdf:RDF>
