<rdf:RDF xmlns:ns7="http://www.w3.org/ns/prov#" xmlns:dbpprop="http://dbpedia.org/property/" xmlns:foaf="http://xmlns.com/foaf/0.1/" xmlns:dbpedia-owl="http://dbpedia.org/ontology/" xmlns:dcterms="http://purl.org/dc/terms/" xmlns:owl="http://www.w3.org/2002/07/owl#" xmlns:rdfs="http://www.w3.org/2000/01/rdf-schema#" xmlns:rdf="http://www.w3.org/1999/02/22-rdf-syntax-ns#">
  <rdf:Description rdf:about="http://en.wikipedia.org/wiki/Cromwell_on_his_Farm">
    <foaf:primaryTopic rdf:resource="http://dbpedia.org/resource/Cromwell_on_his_Farm"/>
  </rdf:Description>
  <rdf:Description rdf:about="http://dbpedia.org/resource/Cromwell_on_his_Farm">
    <rdf:type rdf:resource="http://dbpedia.org/class/yago/GraphicArt103453809"/>
    <rdf:type rdf:resource="http://dbpedia.org/class/yago/Art102743547"/>
    <rdf:type rdf:resource="http://dbpedia.org/ontology/Artwork"/>
    <rdf:type rdf:resource="http://schema.org/CreativeWork"/>
    <rdf:type rdf:resource="http://dbpedia.org/class/yago/Whole100003553"/>
    <rdf:type rdf:resource="http://dbpedia.org/class/yago/PaintingsByFordMadoxBrown"/>
    <rdf:type rdf:resource="http://dbpedia.org/class/yago/Painting103876519"/>
    <rdf:type rdf:resource="http://dbpedia.org/class/yago/1874Paintings"/>
    <rdf:type rdf:resource="http://www.w3.org/2002/07/owl#Thing"/>
    <rdf:type rdf:resource="http://dbpedia.org/class/yago/Object100002684"/>
    <rdf:type rdf:resource="http://dbpedia.org/ontology/Work"/>
    <rdf:type rdf:resource="http://dbpedia.org/class/yago/Pre-RaphaelitePaintings"/>
    <rdf:type rdf:resource="http://dbpedia.org/class/yago/PhysicalEntity100001930"/>
    <rdf:type rdf:resource="http://dbpedia.org/class/yago/Artifact100021939"/>
    <rdf:type rdf:resource="http://dbpedia.org/class/yago/Creation103129123"/>
    <owl:sameAs rdf:resource="http://rdf.freebase.com/ns/m.02qcst8"/>
    <owl:sameAs rdf:resource="http://dbpedia.org/resource/Cromwell_on_his_Farm"/>
    <owl:sameAs rdf:resource="http://www.wikidata.org/entity/Q5187680"/>
    <owl:sameAs rdf:resource="http://yago-knowledge.org/resource/Cromwell_on_his_Farm"/>
    <dcterms:subject rdf:resource="http://dbpedia.org/resource/Category:Paintings_by_Ford_Madox_Brown"/>
    <dcterms:subject rdf:resource="http://dbpedia.org/resource/Category:1874_paintings"/>
    <dcterms:subject rdf:resource="http://dbpedia.org/resource/Category:Collections_of_the_Lady_Lever_Art_Gallery"/>
    <dcterms:subject rdf:resource="http://dbpedia.org/resource/Category:Animals_in_art"/>
    <dcterms:subject rdf:resource="http://dbpedia.org/resource/Category:Oliver_Cromwell"/>
    <dbpedia-owl:abstract xml:lang="en">Cromwell on his Farm (1874) is a painting by Ford Madox Brown which depicts Oliver Cromwell observing a bonfire on his farm and thinking of a passage in the Book of Psalms: "Lord, how long wilt thy hide thyself - forever? And shall thy wrath burn like fire?" (Psalm 89). The words are inscribed on the painting's frame along with a quotation from one of Cromwell's speeches, in which he describes his life before entering into politics: "living neither in any considerable height, nor yet in obscurity, I did endeavour to discharge the duty of an honest man."</dbpedia-owl:abstract>
    <dbpedia-owl:author rdf:resource="http://dbpedia.org/resource/Ford_Madox_Brown"/>
    <dbpedia-owl:museum rdf:resource="http://dbpedia.org/resource/Lady_Lever_Art_Gallery"/>
    <dbpedia-owl:wikiPageID rdf:datatype="http://www.w3.org/2001/XMLSchema#integer">10428943</dbpedia-owl:wikiPageID>
    <dbpedia-owl:wikiPageRevisionID rdf:datatype="http://www.w3.org/2001/XMLSchema#integer">497715094</dbpedia-owl:wikiPageRevisionID>
    <rdfs:label xml:lang="en">Cromwell on his Farm</rdfs:label>
    <foaf:depiction rdf:resource="http://upload.wikimedia.org/wikipedia/commons/6/61/Cromwell_on_His_Farm.jpg"/>
    <rdfs:comment xml:lang="en">Cromwell on his Farm (1874) is a painting by Ford Madox Brown which depicts Oliver Cromwell observing a bonfire on his farm and thinking of a passage in the Book of Psalms: "Lord, how long wilt thy hide thyself - forever? And shall thy wrath burn like fire?" (Psalm 89).</rdfs:comment>
    <foaf:name xml:lang="en">Cromwell on his Farm</foaf:name>
    <dbpedia-owl:thumbnail rdf:resource="http://upload.wikimedia.org/wikipedia/commons/thumb/6/61/Cromwell_on_His_Farm.jpg/200px-Cromwell_on_His_Farm.jpg"/>
    <dbpedia-owl:wikiPageExternalLink rdf:resource="http://www.gasl.org/refbib/Carlyle__Cromwell.pdf"/>
    <dbpprop:artist rdf:resource="http://dbpedia.org/resource/Ford_Madox_Brown"/>
    <dbpprop:backcolor xml:lang="en">#FBF5DF</dbpprop:backcolor>
    <dbpprop:city rdf:resource="http://dbpedia.org/resource/Port_Sunlight"/>
    <dbpprop:height rdf:datatype="http://www.w3.org/2001/XMLSchema#integer">143</dbpprop:height>
    <dbpprop:imageFile xml:lang="en">Cromwell on His Farm.jpg</dbpprop:imageFile>
    <dbpprop:imageSize rdf:datatype="http://www.w3.org/2001/XMLSchema#integer">250</dbpprop:imageSize>
    <dbpprop:museum rdf:resource="http://dbpedia.org/resource/Lady_Lever_Art_Gallery"/>
    <dbpprop:paintingAlignment xml:lang="en">right</dbpprop:paintingAlignment>
    <dbpprop:title xml:lang="en">Cromwell on his Farm</dbpprop:title>
    <dbpprop:type rdf:resource="http://dbpedia.org/resource/Oil_painting"/>
    <dbpprop:width rdf:datatype="http://www.w3.org/2001/XMLSchema#double">103.4</dbpprop:width>
    <dbpprop:year rdf:datatype="http://www.w3.org/2001/XMLSchema#integer">1874</dbpprop:year>
    <foaf:isPrimaryTopicOf rdf:resource="http://en.wikipedia.org/wiki/Cromwell_on_his_Farm"/>
    <ns7:wasDerivedFrom rdf:resource="http://en.wikipedia.org/wiki/Cromwell_on_his_Farm?oldid=497715094"/>
    <dbpprop:hasPhotoCollection rdf:resource="http://wifo5-03.informatik.uni-mannheim.de/flickrwrappr/photos/Cromwell_on_his_Farm"/>
  </rdf:Description>
  <rdf:Description rdf:about="http://wikidata.dbpedia.org/resource/Q5187680">
    <owl:sameAs rdf:resource="http://dbpedia.org/resource/Cromwell_on_his_Farm"/>
  </rdf:Description>
</rdf:RDF>
