<rdf:RDF xmlns:ns7="http://www.w3.org/ns/prov#" xmlns:dbpprop="http://dbpedia.org/property/" xmlns:foaf="http://xmlns.com/foaf/0.1/" xmlns:dbpedia-owl="http://dbpedia.org/ontology/" xmlns:dcterms="http://purl.org/dc/terms/" xmlns:owl="http://www.w3.org/2002/07/owl#" xmlns:rdfs="http://www.w3.org/2000/01/rdf-schema#" xmlns:rdf="http://www.w3.org/1999/02/22-rdf-syntax-ns#">
  <rdf:Description rdf:about="http://dbpedia.org/resource/Crucifixion_(Mantegna)">
    <rdf:type rdf:resource="http://dbpedia.org/class/yago/Painting103876519"/>
    <rdf:type rdf:resource="http://dbpedia.org/class/yago/Artifact100021939"/>
    <rdf:type rdf:resource="http://www.w3.org/2002/07/owl#Thing"/>
    <rdf:type rdf:resource="http://dbpedia.org/class/yago/GraphicArt103453809"/>
    <rdf:type rdf:resource="http://dbpedia.org/class/yago/Creation103129123"/>
    <rdf:type rdf:resource="http://dbpedia.org/ontology/Artwork"/>
    <rdf:type rdf:resource="http://dbpedia.org/class/yago/Whole100003553"/>
    <rdf:type rdf:resource="http://dbpedia.org/class/yago/PaintingsOfTheLouvre"/>
    <rdf:type rdf:resource="http://dbpedia.org/ontology/Work"/>
    <rdf:type rdf:resource="http://dbpedia.org/class/yago/PhysicalEntity100001930"/>
    <rdf:type rdf:resource="http://dbpedia.org/class/yago/Object100002684"/>
    <rdf:type rdf:resource="http://dbpedia.org/class/yago/PaintingsByAndreaMantegna"/>
    <rdf:type rdf:resource="http://schema.org/CreativeWork"/>
    <rdf:type rdf:resource="http://dbpedia.org/class/yago/Art102743547"/>
    <rdf:type rdf:resource="http://dbpedia.org/class/yago/1450sPaintings"/>
    <owl:sameAs rdf:resource="http://yago-knowledge.org/resource/Crucifixion_(Mantegna)"/>
    <owl:sameAs rdf:resource="http://dbpedia.org/resource/Crucifixion_(Mantegna)"/>
    <owl:sameAs rdf:resource="http://rdf.freebase.com/ns/m.0hzrrmn"/>
    <owl:sameAs rdf:resource="http://www.wikidata.org/entity/Q5189809"/>
    <dcterms:subject rdf:resource="http://dbpedia.org/resource/Category:Crucifixion_of_Jesus_in_art"/>
    <dcterms:subject rdf:resource="http://dbpedia.org/resource/Category:1450s_paintings"/>
    <dcterms:subject rdf:resource="http://dbpedia.org/resource/Category:Paintings_by_Andrea_Mantegna"/>
    <dcterms:subject rdf:resource="http://dbpedia.org/resource/Category:Paintings_of_the_Louvre"/>
    <dbpedia-owl:abstract xml:lang="en">The Crucifixion is a panel in the central part of the predella (see image below) of a large altar piece painted by Andrea Mantegna between 1457 and 1459 for the high altar of San Zeno, Verona. It was commissioned by Gregorio Correr, the abbot of that monastery.</dbpedia-owl:abstract>
    <dbpedia-owl:author rdf:resource="http://dbpedia.org/resource/Andrea_Mantegna"/>
    <dbpedia-owl:museum rdf:resource="http://dbpedia.org/resource/The_Louvre"/>
    <dbpedia-owl:wikiPageID rdf:datatype="http://www.w3.org/2001/XMLSchema#integer">34320487</dbpedia-owl:wikiPageID>
    <dbpedia-owl:wikiPageRevisionID rdf:datatype="http://www.w3.org/2001/XMLSchema#integer">493344094</dbpedia-owl:wikiPageRevisionID>
    <rdfs:label xml:lang="en">Crucifixion (Mantegna)</rdfs:label>
    <foaf:depiction rdf:resource="http://upload.wikimedia.org/wikipedia/commons/d/d9/Andrea_Mantegna_029.jpg"/>
    <rdfs:comment xml:lang="en">The Crucifixion is a panel in the central part of the predella (see image below) of a large altar piece painted by Andrea Mantegna between 1457 and 1459 for the high altar of San Zeno, Verona. It was commissioned by Gregorio Correr, the abbot of that monastery.</rdfs:comment>
    <foaf:name xml:lang="en">The Crucifixion</foaf:name>
    <dbpedia-owl:thumbnail rdf:resource="http://upload.wikimedia.org/wikipedia/commons/thumb/d/d9/Andrea_Mantegna_029.jpg/200px-Andrea_Mantegna_029.jpg"/>
    <dbpedia-owl:wikiPageExternalLink rdf:resource="http://allart.biz/photos/image/andrea_mantegna_19_Crucifixion.html"/>
    <dbpedia-owl:wikiPageExternalLink rdf:resource="http://www.artbible.info/art/large/26.html"/>
    <dbpedia-owl:wikiPageExternalLink rdf:resource="http://www.andreamantegna.org/painting-mantegna-Crucifixion,from%20%20the%20San%20Zeno%20Altarpiece-30424.htm"/>
    <dbpedia-owl:wikiPageExternalLink rdf:resource="http://www.wga.hu/frames-e.html?/bio/m/mantegna/biograph.html"/>
    <dbpprop:artist rdf:resource="http://dbpedia.org/resource/Andrea_Mantegna"/>
    <dbpprop:city rdf:resource="http://dbpedia.org/resource/Paris"/>
    <dbpprop:height rdf:datatype="http://www.w3.org/2001/XMLSchema#integer">67</dbpprop:height>
    <dbpprop:imageFile xml:lang="en">Andrea Mantegna 029.jpg</dbpprop:imageFile>
    <dbpprop:museum rdf:resource="http://dbpedia.org/resource/The_Louvre"/>
    <dbpprop:title xml:lang="en">The Crucifixion</dbpprop:title>
    <dbpprop:type xml:lang="en">Oil on panel</dbpprop:type>
    <dbpprop:width rdf:datatype="http://www.w3.org/2001/XMLSchema#integer">93</dbpprop:width>
    <dbpprop:year rdf:datatype="http://www.w3.org/2001/XMLSchema#integer">1457</dbpprop:year>
    <foaf:isPrimaryTopicOf rdf:resource="http://en.wikipedia.org/wiki/Crucifixion_(Mantegna)"/>
    <ns7:wasDerivedFrom rdf:resource="http://en.wikipedia.org/wiki/Crucifixion_(Mantegna)?oldid=493344094"/>
    <dbpprop:hasPhotoCollection rdf:resource="http://wifo5-03.informatik.uni-mannheim.de/flickrwrappr/photos/Crucifixion_(Mantegna)"/>
  </rdf:Description>
  <rdf:Description rdf:about="http://dbpedia.org/resource/Crucifixion_(disambiguation)">
    <dbpedia-owl:wikiPageDisambiguates rdf:resource="http://dbpedia.org/resource/Crucifixion_(Mantegna)"/>
  </rdf:Description>
  <rdf:Description rdf:about="http://en.wikipedia.org/wiki/Crucifixion_(Mantegna)">
    <foaf:primaryTopic rdf:resource="http://dbpedia.org/resource/Crucifixion_(Mantegna)"/>
  </rdf:Description>
  <rdf:Description rdf:about="http://wikidata.dbpedia.org/resource/Q5189809">
    <owl:sameAs rdf:resource="http://dbpedia.org/resource/Crucifixion_(Mantegna)"/>
  </rdf:Description>
</rdf:RDF>
