<rdf:RDF xmlns:ns7="http://www.w3.org/ns/prov#" xmlns:dbpprop="http://dbpedia.org/property/" xmlns:foaf="http://xmlns.com/foaf/0.1/" xmlns:dbpedia-owl="http://dbpedia.org/ontology/" xmlns:dcterms="http://purl.org/dc/terms/" xmlns:owl="http://www.w3.org/2002/07/owl#" xmlns:rdfs="http://www.w3.org/2000/01/rdf-schema#" xmlns:rdf="http://www.w3.org/1999/02/22-rdf-syntax-ns#">
  <rdf:Description rdf:about="http://dbpedia.org/resource/Crucifixion_(Corpus_Hypercubus)">
    <rdf:type rdf:resource="http://dbpedia.org/ontology/Artwork"/>
    <rdf:type rdf:resource="http://www.w3.org/2002/07/owl#Thing"/>
    <rdf:type rdf:resource="http://dbpedia.org/class/yago/PhysicalEntity100001930"/>
    <rdf:type rdf:resource="http://dbpedia.org/class/yago/Painting103876519"/>
    <rdf:type rdf:resource="http://dbpedia.org/class/yago/Creation103129123"/>
    <rdf:type rdf:resource="http://dbpedia.org/ontology/Work"/>
    <rdf:type rdf:resource="http://schema.org/CreativeWork"/>
    <rdf:type rdf:resource="http://dbpedia.org/class/yago/Object100002684"/>
    <rdf:type rdf:resource="http://dbpedia.org/class/yago/PaintingsDepictingJesus"/>
    <rdf:type rdf:resource="http://dbpedia.org/class/yago/Artifact100021939"/>
    <rdf:type rdf:resource="http://dbpedia.org/class/yago/GraphicArt103453809"/>
    <rdf:type rdf:resource="http://dbpedia.org/class/yago/1954Paintings"/>
    <rdf:type rdf:resource="http://dbpedia.org/class/yago/Whole100003553"/>
    <rdf:type rdf:resource="http://dbpedia.org/class/yago/PaintingsBySalvadorDal%C3%AD"/>
    <rdf:type rdf:resource="http://dbpedia.org/class/yago/Art102743547"/>
    <owl:sameAs rdf:resource="http://fr.dbpedia.org/resource/Corpus_hypercubus"/>
    <owl:sameAs rdf:resource="http://la.dbpedia.org/resource/Crucifixio_(Corpus_Hypercubus)"/>
    <owl:sameAs rdf:resource="http://es.dbpedia.org/resource/Crucifixión_(Dalí)"/>
    <owl:sameAs rdf:resource="http://dbpedia.org/resource/Crucifixion_(Corpus_Hypercubus)"/>
    <owl:sameAs rdf:resource="http://www.wikidata.org/entity/Q2583260"/>
    <owl:sameAs rdf:resource="http://no.dbpedia.org/resource/Korsfestelse_(Corpus_Hypercubus)"/>
    <owl:sameAs rdf:resource="http://pl.dbpedia.org/resource/Corpus_Hypercubus"/>
    <owl:sameAs rdf:resource="http://uk.dbpedia.org/resource/Розп'яття_або_Гіперкубічне_тіло"/>
    <owl:sameAs rdf:resource="http://it.dbpedia.org/resource/Corpus_Hypercubus"/>
    <owl:sameAs rdf:resource="http://ru.dbpedia.org/resource/Распятие_или_Гиперкубическое_тело"/>
    <owl:sameAs rdf:resource="http://yago-knowledge.org/resource/Crucifixion_(Corpus_Hypercubus)"/>
    <owl:sameAs rdf:resource="http://rdf.freebase.com/ns/m.03d581t"/>
    <dcterms:subject rdf:resource="http://dbpedia.org/resource/Category:Crucifixion_of_Jesus_in_art"/>
    <dcterms:subject rdf:resource="http://dbpedia.org/resource/Category:1954_paintings"/>
    <dcterms:subject rdf:resource="http://dbpedia.org/resource/Category:Paintings_of_the_Metropolitan_Museum_of_Art"/>
    <dcterms:subject rdf:resource="http://dbpedia.org/resource/Category:Paintings_by_Salvador_Dal%C3%AD"/>
    <dbpedia-owl:abstract xml:lang="es">Crucifixión, conocido también como Corpus hypercubus, es un cuadro realizado por el pintor español Salvador Dalí en 1954. Está pintado mediante la técnica del óleo sobre lienzo, sus medidas son 194,5 x 124 cm y se conserva en el Museo Metropolitano de Arte de Nueva York. En él aparece Cristo con un cuerpo atlético y en tensión levitando en la cruz. Gala, la mujer de Dalí, está retratada a sus pies contemplándolo expectante; su tratamiento y sus ropas recuerdan a Zurbarán y Murillo. Al fondo aparece el pueblo gerundense de Cadaqués, el que fuera lugar de veraneo de Dalí y donde ahora está la Casa Museo Salvador Dalí. Sobre este cuadro, en el que emplea un claroscuro barroco, Dalí ha dicho: Pinté un cruz hipercúbica en la que el cuerpo de Cristo se convierte metafísicamente en el noveno cubo, siguiendo los preceptos del discurso sobre la forma cúbica de Juan Herrera, constructor de El Escorial, inspirado en Ramón Llull.</dbpedia-owl:abstract>
    <dbpedia-owl:abstract xml:lang="it">Corpus Hypercubus è un dipinto ad olio su tela di 58,4 × 73,7 cm realizzato nel 1954 dal pittore Salvador Dalí. Il quadro raffigura una Crocifissione ed è conservato al Metropolitan Museum of Art di New York. Il titolo della tela fa riferimento al fatto che la figura di Cristo non è inchiodata all'usuale croce, ma è magicamente sospesa nell'aria, accostata ad una struttura fatta da otto cubi che simulano la forma della croce, ma che in realtà esprimono la rappresentazione dello sviluppo, nello spazio tridimensionale, di un solido che si studia nella geometria della "quarta dimensione": l'ipercubo. Si tratta di un solido (avente come "facce" otto cubi) che non è possibile vedere, essendoci preclusa la quarta dimensione, ma solo intuire. L'analogia con lo sviluppo delle facce di cubo su di un piano, può aiutare a comprendere la raffigurazione. Si tratta di una delle diverse opere in cui l'artista catalano, si accosta ai temi dell'arte sacra e, contemporaneamente, si avvale della fascinazione enigmatica di strutture geometriche. Il linguaggio pittorico surreale si esprime attraverso la figura della Madonna che ci appare in primo piano con un'acconciatura moderna dei capelli (e non importa se riconosciamo o meno in lei il volto di Gala), con lussuosi mantelli dalle tinte metalliche, mentre sullo sfondo di uno sterminato pavimento a scacchiera si intravede un cupo paesaggio notturno; tutto questo porta ad un modo inconsueto e suggestivo di rappresentare lo straordinario evento della morte di Cristo, evento che subito ci appare, nello stesso tempo, umano e metafisico. La croce, data dalla dispiegazione tridimensionale di un ipercubo, si staglia in alto nel buio del cielo, proiettando la sua ombra sopra la fredda geometria del pavimento, quasi a sottolineare, assieme alla irriducibilità delle diverse dimensioni spaziali, la inintelligibile distanza tra il naturale ed il soprannaturale.</dbpedia-owl:abstract>
    <dbpedia-owl:abstract xml:lang="fr">Corpus hypercubus est un tableau peint en 1954 par Salvador Dalí ; il représente Jésus crucifié sur le patron tridimensionnel d'un hypercube. Gala (la femme de Salvador Dalí) est représentée en bas à gauche, debout, regardant vers Jésus. En arrière plan, la baie de Port Lligat. Le tableau est au Metropolitan Museum of Art de New York.</dbpedia-owl:abstract>
    <dbpedia-owl:abstract xml:lang="ru">«Распятие или Гиперкубическое тело», также известна под названием «Corpus Hypercubus» — картина испанского художника Сальвадора Дали, написанная в 1954 году. Изображает распятого Иисуса Христа на развертке гиперкуба. Внизу слева жена Дали Гала. На заднем плане залив Портлигат. Картина хранится в Музее Метрополитен в Нью-Йорке.</dbpedia-owl:abstract>
    <dbpedia-owl:abstract xml:lang="pl">Corpus Hypercubus – olejny obraz Salvadora Dalego, znany również jako Ukrzyżowanie lub Christus Hypercubus, ukończony w 1954 r. Obraz przedstawia Chrystusa ukrzyżowanego na siatce hipersześcianu. Jest to jedna z prac katalońskiego artysty podejmujący motyw sakralny, połączony z fascynacją artysty wyjątkową strukturą geometryczną. Na obrazie Madonna jest przedstawiona jako Gala – żona Daliego, zaś tłem całości jest hiszpańska zatoka Port Lligat.</dbpedia-owl:abstract>
    <dbpedia-owl:abstract xml:lang="en">Crucifixion (Corpus Hypercubus) is a 1954 oil-on-canvas painting by Salvador Dali which depicts the Crucifixion of Jesus, though it deviates from traditional portrayals of the Crucifixion by depicting Christ on the polyhedron net of a hypercube and adding elements of Surrealism. It is one of his most well known paintings from the later period of his career.</dbpedia-owl:abstract>
    <dbpedia-owl:author rdf:resource="http://dbpedia.org/resource/Salvador_Dal%C3%AD"/>
    <dbpedia-owl:museum rdf:resource="http://dbpedia.org/resource/Metropolitan_Museum_of_Art"/>
    <dbpedia-owl:museum rdf:resource="http://dbpedia.org/resource/New_York_City"/>
    <dbpedia-owl:wikiPageID rdf:datatype="http://www.w3.org/2001/XMLSchema#integer">14495130</dbpedia-owl:wikiPageID>
    <dbpedia-owl:wikiPageRevisionID rdf:datatype="http://www.w3.org/2001/XMLSchema#integer">544670189</dbpedia-owl:wikiPageRevisionID>
    <rdfs:label xml:lang="fr">Corpus hypercubus</rdfs:label>
    <rdfs:label xml:lang="pl">Corpus Hypercubus</rdfs:label>
    <rdfs:label xml:lang="ru">Распятие или Гиперкубическое тело</rdfs:label>
    <rdfs:label xml:lang="es">Crucifixión (Dalí)</rdfs:label>
    <rdfs:label xml:lang="it">Corpus Hypercubus</rdfs:label>
    <rdfs:label xml:lang="en">Crucifixion (Corpus Hypercubus)</rdfs:label>
    <foaf:depiction rdf:resource="http://upload.wikimedia.org/wikipedia/commons/0/09/Dali_Crucifixion_hypercube.jpg"/>
    <rdfs:comment xml:lang="ru">«Распятие или Гиперкубическое тело», также известна под названием «Corpus Hypercubus» — картина испанского художника Сальвадора Дали, написанная в 1954 году. Изображает распятого Иисуса Христа на развертке гиперкуба. Внизу слева жена Дали Гала. На заднем плане залив Портлигат. Картина хранится в Музее Метрополитен в Нью-Йорке.</rdfs:comment>
    <rdfs:comment xml:lang="es">Crucifixión, conocido también como Corpus hypercubus, es un cuadro realizado por el pintor español Salvador Dalí en 1954. Está pintado mediante la técnica del óleo sobre lienzo, sus medidas son 194,5 x 124 cm y se conserva en el Museo Metropolitano de Arte de Nueva York. En él aparece Cristo con un cuerpo atlético y en tensión levitando en la cruz. Gala, la mujer de Dalí, está retratada a sus pies contemplándolo expectante; su tratamiento y sus ropas recuerdan a Zurbarán y Murillo.</rdfs:comment>
    <rdfs:comment xml:lang="it">Corpus Hypercubus è un dipinto ad olio su tela di 58,4 × 73,7 cm realizzato nel 1954 dal pittore Salvador Dalí. Il quadro raffigura una Crocifissione ed è conservato al Metropolitan Museum of Art di New York.</rdfs:comment>
    <rdfs:comment xml:lang="en">Crucifixion (Corpus Hypercubus) is a 1954 oil-on-canvas painting by Salvador Dali which depicts the Crucifixion of Jesus, though it deviates from traditional portrayals of the Crucifixion by depicting Christ on the polyhedron net of a hypercube and adding elements of Surrealism. It is one of his most well known paintings from the later period of his career.</rdfs:comment>
    <rdfs:comment xml:lang="pl">Corpus Hypercubus – olejny obraz Salvadora Dalego, znany również jako Ukrzyżowanie lub Christus Hypercubus, ukończony w 1954 r. Obraz przedstawia Chrystusa ukrzyżowanego na siatce hipersześcianu. Jest to jedna z prac katalońskiego artysty podejmujący motyw sakralny, połączony z fascynacją artysty wyjątkową strukturą geometryczną. Na obrazie Madonna jest przedstawiona jako Gala – żona Daliego, zaś tłem całości jest hiszpańska zatoka Port Lligat.</rdfs:comment>
    <rdfs:comment xml:lang="fr">Corpus hypercubus est un tableau peint en 1954 par Salvador Dalí ; il représente Jésus crucifié sur le patron tridimensionnel d'un hypercube. Gala (la femme de Salvador Dalí) est représentée en bas à gauche, debout, regardant vers Jésus. En arrière plan, la baie de Port Lligat. Le tableau est au Metropolitan Museum of Art de New York.</rdfs:comment>
    <foaf:name xml:lang="en">Crucifixion (Corpus Hypercubus)</foaf:name>
    <dbpedia-owl:thumbnail rdf:resource="http://upload.wikimedia.org/wikipedia/commons/thumb/0/09/Dali_Crucifixion_hypercube.jpg/200px-Dali_Crucifixion_hypercube.jpg"/>
    <dbpprop:artist rdf:resource="http://dbpedia.org/resource/Salvador_Dal%C3%AD"/>
    <dbpprop:height rdf:datatype="http://www.w3.org/2001/XMLSchema#double">194.3</dbpprop:height>
    <dbpprop:imageFile xml:lang="en">Dali Crucifixion hypercube.jpg</dbpprop:imageFile>
    <dbpprop:museum rdf:resource="http://dbpedia.org/resource/New_York_City"/>
    <dbpprop:museum rdf:resource="http://dbpedia.org/resource/Metropolitan_Museum_of_Art"/>
    <dbpprop:title xml:lang="en">Crucifixion</dbpprop:title>
    <dbpprop:type rdf:resource="http://dbpedia.org/resource/Oil_painting"/>
    <dbpprop:width rdf:datatype="http://www.w3.org/2001/XMLSchema#double">123.8</dbpprop:width>
    <dbpprop:year rdf:datatype="http://www.w3.org/2001/XMLSchema#integer">1954</dbpprop:year>
    <foaf:isPrimaryTopicOf rdf:resource="http://en.wikipedia.org/wiki/Crucifixion_(Corpus_Hypercubus)"/>
    <ns7:wasDerivedFrom rdf:resource="http://en.wikipedia.org/wiki/Crucifixion_(Corpus_Hypercubus)?oldid=544670189"/>
    <dbpprop:hasPhotoCollection rdf:resource="http://wifo5-03.informatik.uni-mannheim.de/flickrwrappr/photos/Crucifixion_(Corpus_Hypercubus)"/>
  </rdf:Description>
  <rdf:Description rdf:about="http://it.dbpedia.org/resource/Corpus_Hypercubus">
    <owl:sameAs rdf:resource="http://dbpedia.org/resource/Crucifixion_(Corpus_Hypercubus)"/>
  </rdf:Description>
  <rdf:Description rdf:about="http://ru.dbpedia.org/resource/Распятие_или_Гиперкубическое_тело">
    <owl:sameAs rdf:resource="http://dbpedia.org/resource/Crucifixion_(Corpus_Hypercubus)"/>
  </rdf:Description>
  <rdf:Description rdf:about="http://dbpedia.org/resource/Crucifixion_(disambiguation)">
    <dbpedia-owl:wikiPageDisambiguates rdf:resource="http://dbpedia.org/resource/Crucifixion_(Corpus_Hypercubus)"/>
  </rdf:Description>
  <rdf:Description rdf:about="http://pl.dbpedia.org/resource/Corpus_Hypercubus">
    <owl:sameAs rdf:resource="http://dbpedia.org/resource/Crucifixion_(Corpus_Hypercubus)"/>
  </rdf:Description>
  <rdf:Description rdf:about="http://en.wikipedia.org/wiki/Crucifixion_(Corpus_Hypercubus)">
    <foaf:primaryTopic rdf:resource="http://dbpedia.org/resource/Crucifixion_(Corpus_Hypercubus)"/>
  </rdf:Description>
  <rdf:Description rdf:about="http://dbpedia.org/resource/Corpus_Hypercubus">
    <dbpedia-owl:wikiPageRedirects rdf:resource="http://dbpedia.org/resource/Crucifixion_(Corpus_Hypercubus)"/>
  </rdf:Description>
  <rdf:Description rdf:about="http://fr.dbpedia.org/resource/Corpus_hypercubus">
    <owl:sameAs rdf:resource="http://dbpedia.org/resource/Crucifixion_(Corpus_Hypercubus)"/>
  </rdf:Description>
  <rdf:Description rdf:about="http://es.dbpedia.org/resource/Crucifixión_(Dalí)">
    <owl:sameAs rdf:resource="http://dbpedia.org/resource/Crucifixion_(Corpus_Hypercubus)"/>
  </rdf:Description>
  <rdf:Description rdf:about="http://wikidata.dbpedia.org/resource/Q2583260">
    <owl:sameAs rdf:resource="http://dbpedia.org/resource/Crucifixion_(Corpus_Hypercubus)"/>
  </rdf:Description>
  <rdf:Description rdf:about="http://la.dbpedia.org/resource/Crucifixio_(Corpus_Hypercubus)">
    <owl:sameAs rdf:resource="http://dbpedia.org/resource/Crucifixion_(Corpus_Hypercubus)"/>
  </rdf:Description>
  <rdf:Description rdf:about="http://no.dbpedia.org/resource/Korsfestelse_(Corpus_Hypercubus)">
    <owl:sameAs rdf:resource="http://dbpedia.org/resource/Crucifixion_(Corpus_Hypercubus)"/>
  </rdf:Description>
  <rdf:Description rdf:about="http://uk.dbpedia.org/resource/Розп'яття_або_Гіперкубічне_тіло">
    <owl:sameAs rdf:resource="http://dbpedia.org/resource/Crucifixion_(Corpus_Hypercubus)"/>
  </rdf:Description>
</rdf:RDF>
