<rdf:RDF xmlns:dbpprop="http://dbpedia.org/property/" xmlns:ns6="http://www.w3.org/ns/prov#" xmlns:foaf="http://xmlns.com/foaf/0.1/" xmlns:dbpedia-owl="http://dbpedia.org/ontology/" xmlns:dcterms="http://purl.org/dc/terms/" xmlns:owl="http://www.w3.org/2002/07/owl#" xmlns:rdfs="http://www.w3.org/2000/01/rdf-schema#" xmlns:rdf="http://www.w3.org/1999/02/22-rdf-syntax-ns#">
  <rdf:Description rdf:about="http://dbpedia.org/resource/Crucifixion_(disambiguation)">
    <dbpedia-owl:wikiPageDisambiguates rdf:resource="http://dbpedia.org/resource/Crucifixion_(Bellini)"/>
  </rdf:Description>
  <rdf:Description rdf:about="http://dbpedia.org/resource/Crucifixion_(Bellini)">
    <rdf:type rdf:resource="http://dbpedia.org/class/yago/Object100002684"/>
    <rdf:type rdf:resource="http://dbpedia.org/class/yago/Artifact100021939"/>
    <rdf:type rdf:resource="http://dbpedia.org/class/yago/Painting103876519"/>
    <rdf:type rdf:resource="http://dbpedia.org/class/yago/15th-centuryPaintings"/>
    <rdf:type rdf:resource="http://dbpedia.org/class/yago/Whole100003553"/>
    <rdf:type rdf:resource="http://dbpedia.org/class/yago/PhysicalEntity100001930"/>
    <rdf:type rdf:resource="http://dbpedia.org/class/yago/GraphicArt103453809"/>
    <rdf:type rdf:resource="http://dbpedia.org/class/yago/Creation103129123"/>
    <rdf:type rdf:resource="http://dbpedia.org/class/yago/PaintingsByGiovanniBellini"/>
    <rdf:type rdf:resource="http://dbpedia.org/class/yago/Art102743547"/>
    <owl:sameAs rdf:resource="http://yago-knowledge.org/resource/Crucifixion_(Bellini)"/>
    <owl:sameAs rdf:resource="http://it.dbpedia.org/resource/Crocifissione_di_San_Salvador"/>
    <owl:sameAs rdf:resource="http://rdf.freebase.com/ns/m.04121r1"/>
    <owl:sameAs rdf:resource="http://dbpedia.org/resource/Crucifixion_(Bellini)"/>
    <owl:sameAs rdf:resource="http://no.dbpedia.org/resource/Korsfestelse_(Bellini)"/>
    <owl:sameAs rdf:resource="http://www.wikidata.org/entity/Q5189807"/>
    <dcterms:subject rdf:resource="http://dbpedia.org/resource/Category:Crucifixion_of_Jesus_in_art"/>
    <dcterms:subject rdf:resource="http://dbpedia.org/resource/Category:Paintings_by_Giovanni_Bellini"/>
    <dcterms:subject rdf:resource="http://dbpedia.org/resource/Category:1500s_paintings"/>
    <dbpedia-owl:abstract xml:lang="en">Crucifixion is a painting by the Venetian master Giovanni Bellini, created between 1501 and 1503. It is painted in tempera on panel and is 54.5 by 30cm. The painting is in the Civico Museo Correr in Venice.</dbpedia-owl:abstract>
    <dbpedia-owl:abstract xml:lang="it">La Crocifissione di San Salvador è un dipinto tempera su tavola (55x30 cm) di Giovanni Bellini, databile al 1455-1460 circa e conservato nel Museo Correr di Venezia.</dbpedia-owl:abstract>
    <dbpedia-owl:wikiPageID rdf:datatype="http://www.w3.org/2001/XMLSchema#integer">16915789</dbpedia-owl:wikiPageID>
    <dbpedia-owl:wikiPageRevisionID rdf:datatype="http://www.w3.org/2001/XMLSchema#integer">545303285</dbpedia-owl:wikiPageRevisionID>
    <rdfs:label xml:lang="en">Crucifixion (Bellini)</rdfs:label>
    <rdfs:label xml:lang="it">Crocifissione di San Salvador</rdfs:label>
    <foaf:depiction rdf:resource="http://upload.wikimedia.org/wikipedia/commons/9/99/Crocifisione_di_prato,_giovanni_bellini.jpg"/>
    <rdfs:comment xml:lang="en">Crucifixion is a painting by the Venetian master Giovanni Bellini, created between 1501 and 1503. It is painted in tempera on panel and is 54.5 by 30cm. The painting is in the Civico Museo Correr in Venice.</rdfs:comment>
    <rdfs:comment xml:lang="it">La Crocifissione di San Salvador è un dipinto tempera su tavola (55x30 cm) di Giovanni Bellini, databile al 1455-1460 circa e conservato nel Museo Correr di Venezia.</rdfs:comment>
    <dbpedia-owl:thumbnail rdf:resource="http://upload.wikimedia.org/wikipedia/commons/thumb/9/99/Crocifisione_di_prato,_giovanni_bellini.jpg/200px-Crocifisione_di_prato,_giovanni_bellini.jpg"/>
    <foaf:isPrimaryTopicOf rdf:resource="http://en.wikipedia.org/wiki/Crucifixion_(Bellini)"/>
    <ns6:wasDerivedFrom rdf:resource="http://en.wikipedia.org/wiki/Crucifixion_(Bellini)?oldid=545303285"/>
    <dbpprop:hasPhotoCollection rdf:resource="http://wifo5-03.informatik.uni-mannheim.de/flickrwrappr/photos/Crucifixion_(Bellini)"/>
  </rdf:Description>
  <rdf:Description rdf:about="http://en.wikipedia.org/wiki/Crucifixion_(Bellini)">
    <foaf:primaryTopic rdf:resource="http://dbpedia.org/resource/Crucifixion_(Bellini)"/>
  </rdf:Description>
  <rdf:Description rdf:about="http://it.dbpedia.org/resource/Crocifissione_di_San_Salvador">
    <owl:sameAs rdf:resource="http://dbpedia.org/resource/Crucifixion_(Bellini)"/>
  </rdf:Description>
  <rdf:Description rdf:about="http://wikidata.dbpedia.org/resource/Q5189807">
    <owl:sameAs rdf:resource="http://dbpedia.org/resource/Crucifixion_(Bellini)"/>
  </rdf:Description>
  <rdf:Description rdf:about="http://no.dbpedia.org/resource/Korsfestelse_(Bellini)">
    <owl:sameAs rdf:resource="http://dbpedia.org/resource/Crucifixion_(Bellini)"/>
  </rdf:Description>
</rdf:RDF>
