<rdf:RDF xmlns:ns7="http://www.w3.org/ns/prov#" xmlns:dbpprop="http://dbpedia.org/property/" xmlns:foaf="http://xmlns.com/foaf/0.1/" xmlns:dbpedia-owl="http://dbpedia.org/ontology/" xmlns:dcterms="http://purl.org/dc/terms/" xmlns:owl="http://www.w3.org/2002/07/owl#" xmlns:rdfs="http://www.w3.org/2000/01/rdf-schema#" xmlns:rdf="http://www.w3.org/1999/02/22-rdf-syntax-ns#">
  <rdf:Description rdf:about="http://dbpedia.org/resource/Crucifixion_(disambiguation)">
    <dbpedia-owl:wikiPageDisambiguates rdf:resource="http://dbpedia.org/resource/Crucifixion_(Titian)"/>
  </rdf:Description>
  <rdf:Description rdf:about="http://en.wikipedia.org/wiki/Crucifixion_(Titian)">
    <foaf:primaryTopic rdf:resource="http://dbpedia.org/resource/Crucifixion_(Titian)"/>
  </rdf:Description>
  <rdf:Description rdf:about="http://dbpedia.org/resource/Crucifixion_(Titian)">
    <rdf:type rdf:resource="http://dbpedia.org/class/yago/Painting103876519"/>
    <rdf:type rdf:resource="http://dbpedia.org/class/yago/PaintingsByTitian"/>
    <rdf:type rdf:resource="http://dbpedia.org/class/yago/Creation103129123"/>
    <rdf:type rdf:resource="http://dbpedia.org/ontology/Work"/>
    <rdf:type rdf:resource="http://dbpedia.org/class/yago/Artifact100021939"/>
    <rdf:type rdf:resource="http://dbpedia.org/class/yago/Art102743547"/>
    <rdf:type rdf:resource="http://dbpedia.org/class/yago/Whole100003553"/>
    <rdf:type rdf:resource="http://dbpedia.org/class/yago/PaintingsDepictingJesus"/>
    <rdf:type rdf:resource="http://dbpedia.org/class/yago/PhysicalEntity100001930"/>
    <rdf:type rdf:resource="http://dbpedia.org/ontology/Artwork"/>
    <rdf:type rdf:resource="http://dbpedia.org/class/yago/GraphicArt103453809"/>
    <rdf:type rdf:resource="http://schema.org/CreativeWork"/>
    <rdf:type rdf:resource="http://www.w3.org/2002/07/owl#Thing"/>
    <rdf:type rdf:resource="http://dbpedia.org/class/yago/Object100002684"/>
    <owl:sameAs rdf:resource="http://rdf.freebase.com/ns/m.0b74k7b"/>
    <owl:sameAs rdf:resource="http://yago-knowledge.org/resource/Crucifixion_(Titian)"/>
    <owl:sameAs rdf:resource="http://www.wikidata.org/entity/Q5189812"/>
    <owl:sameAs rdf:resource="http://dbpedia.org/resource/Crucifixion_(Titian)"/>
    <dcterms:subject rdf:resource="http://dbpedia.org/resource/Category:1558_paintings"/>
    <dcterms:subject rdf:resource="http://dbpedia.org/resource/Category:Crucifixion_of_Jesus_in_art"/>
    <dcterms:subject rdf:resource="http://dbpedia.org/resource/Category:Paintings_by_Titian"/>
    <dbpedia-owl:abstract xml:lang="en">The Crucifixion is a life sized painting by the Venetian artist Titian, completed in 1558 and presently hanging in the sanctuary of the church of San Domenico, Ancona. Jesus Christ is shown crucified, with Saint Mary and Saint John standing either side of the cross in the Stabat Mater tradition. The kneeling figure is of Saint Dominic. The canvas was completed during Titian’s fifth decade of painting, and is one of the works marking a shift toward his extensive exploration of tragedy and human suffering.</dbpedia-owl:abstract>
    <dbpedia-owl:author rdf:resource="http://dbpedia.org/resource/Titian"/>
    <dbpedia-owl:wikiPageID rdf:datatype="http://www.w3.org/2001/XMLSchema#integer">26317692</dbpedia-owl:wikiPageID>
    <dbpedia-owl:wikiPageRevisionID rdf:datatype="http://www.w3.org/2001/XMLSchema#integer">525242398</dbpedia-owl:wikiPageRevisionID>
    <rdfs:label xml:lang="en">Crucifixion (Titian)</rdfs:label>
    <foaf:depiction rdf:resource="http://upload.wikimedia.org/wikipedia/commons/6/69/Titian_1558_Ancona_Crucifixion.jpg"/>
    <rdfs:comment xml:lang="en">The Crucifixion is a life sized painting by the Venetian artist Titian, completed in 1558 and presently hanging in the sanctuary of the church of San Domenico, Ancona. Jesus Christ is shown crucified, with Saint Mary and Saint John standing either side of the cross in the Stabat Mater tradition. The kneeling figure is of Saint Dominic.</rdfs:comment>
    <foaf:name xml:lang="en">Crucifixion</foaf:name>
    <dbpedia-owl:thumbnail rdf:resource="http://upload.wikimedia.org/wikipedia/commons/thumb/6/69/Titian_1558_Ancona_Crucifixion.jpg/200px-Titian_1558_Ancona_Crucifixion.jpg"/>
    <dbpprop:artist rdf:resource="http://dbpedia.org/resource/Titian"/>
    <dbpprop:city rdf:resource="http://dbpedia.org/resource/Ancona"/>
    <dbpprop:height rdf:datatype="http://www.w3.org/2001/XMLSchema#integer">371</dbpprop:height>
    <dbpprop:imageFile xml:lang="en">Titian 1558 Ancona Crucifixion.jpg</dbpprop:imageFile>
    <dbpprop:title xml:lang="en">Crucifixion</dbpprop:title>
    <dbpprop:type rdf:resource="http://dbpedia.org/resource/Oil_painting"/>
    <dbpprop:width rdf:datatype="http://www.w3.org/2001/XMLSchema#integer">197</dbpprop:width>
    <dbpprop:year rdf:datatype="http://www.w3.org/2001/XMLSchema#integer">1558</dbpprop:year>
    <foaf:isPrimaryTopicOf rdf:resource="http://en.wikipedia.org/wiki/Crucifixion_(Titian)"/>
    <ns7:wasDerivedFrom rdf:resource="http://en.wikipedia.org/wiki/Crucifixion_(Titian)?oldid=525242398"/>
    <dbpprop:hasPhotoCollection rdf:resource="http://wifo5-03.informatik.uni-mannheim.de/flickrwrappr/photos/Crucifixion_(Titian)"/>
  </rdf:Description>
  <rdf:Description rdf:about="http://wikidata.dbpedia.org/resource/Q5189812">
    <owl:sameAs rdf:resource="http://dbpedia.org/resource/Crucifixion_(Titian)"/>
  </rdf:Description>
</rdf:RDF>
