<rdf:RDF xmlns:dbpprop="http://dbpedia.org/property/" xmlns:ns6="http://www.w3.org/ns/prov#" xmlns:foaf="http://xmlns.com/foaf/0.1/" xmlns:dbpedia-owl="http://dbpedia.org/ontology/" xmlns:dcterms="http://purl.org/dc/terms/" xmlns:owl="http://www.w3.org/2002/07/owl#" xmlns:rdfs="http://www.w3.org/2000/01/rdf-schema#" xmlns:rdf="http://www.w3.org/1999/02/22-rdf-syntax-ns#">
  <rdf:Description rdf:about="http://dbpedia.org/resource/Crucifixion,_seen_from_the_Cross_(James_Tissot)">
    <rdf:type rdf:resource="http://dbpedia.org/class/yago/Art102743547"/>
    <rdf:type rdf:resource="http://dbpedia.org/class/yago/Whole100003553"/>
    <rdf:type rdf:resource="http://dbpedia.org/class/yago/Artifact100021939"/>
    <rdf:type rdf:resource="http://dbpedia.org/class/yago/GraphicArt103453809"/>
    <rdf:type rdf:resource="http://dbpedia.org/class/yago/19th-centuryPaintings"/>
    <rdf:type rdf:resource="http://dbpedia.org/class/yago/Creation103129123"/>
    <rdf:type rdf:resource="http://dbpedia.org/class/yago/PhysicalEntity100001930"/>
    <rdf:type rdf:resource="http://dbpedia.org/class/yago/Object100002684"/>
    <rdf:type rdf:resource="http://dbpedia.org/class/yago/Painting103876519"/>
    <owl:sameAs rdf:resource="http://he.dbpedia.org/resource/הצליבה,_מבט_מן_הצלב"/>
    <owl:sameAs rdf:resource="http://dbpedia.org/resource/Crucifixion,_seen_from_the_Cross_(James_Tissot)"/>
    <owl:sameAs rdf:resource="http://www.wikidata.org/entity/Q5189805"/>
    <owl:sameAs rdf:resource="http://yago-knowledge.org/resource/Crucifixion,_seen_from_the_Cross_(James_Tissot)"/>
    <owl:sameAs rdf:resource="http://rdf.freebase.com/ns/m.0gg4yy6"/>
    <dcterms:subject rdf:resource="http://dbpedia.org/resource/Category:19th-century_paintings"/>
    <dcterms:subject rdf:resource="http://dbpedia.org/resource/Category:Crucifixion_of_Jesus_in_art"/>
    <dbpedia-owl:abstract xml:lang="en">The Crucifixion, seen from the Cross is a c. 1890 watercolor painting with an unusual depiction of the Crucifixion of Jesus, by the French painter James Tissot. The approach used in the work is unusual in that it shows the Crucifixion from the perspective of Jesus. It is part of the series The Life of Jesus Christ, a series of 350 watercolors completed by Tissot after extensive travels in the Middle East to study details of contemporary life there, which he used in the paintings. Prints were also published of the compositions. The whole watercolor series, completed between 1886-1894, was acquired by the Brooklyn Museum in New York in 1900.</dbpedia-owl:abstract>
    <dbpedia-owl:wikiPageID rdf:datatype="http://www.w3.org/2001/XMLSchema#integer">30952663</dbpedia-owl:wikiPageID>
    <dbpedia-owl:wikiPageRevisionID rdf:datatype="http://www.w3.org/2001/XMLSchema#integer">546110131</dbpedia-owl:wikiPageRevisionID>
    <rdfs:label xml:lang="en">Crucifixion, seen from the Cross (James Tissot)</rdfs:label>
    <foaf:depiction rdf:resource="http://upload.wikimedia.org/wikipedia/commons/7/7f/Asseenfromthecross-vi.jpg"/>
    <rdfs:comment xml:lang="en">The Crucifixion, seen from the Cross is a c. 1890 watercolor painting with an unusual depiction of the Crucifixion of Jesus, by the French painter James Tissot. The approach used in the work is unusual in that it shows the Crucifixion from the perspective of Jesus. It is part of the series The Life of Jesus Christ, a series of 350 watercolors completed by Tissot after extensive travels in the Middle East to study details of contemporary life there, which he used in the paintings.</rdfs:comment>
    <dbpedia-owl:thumbnail rdf:resource="http://upload.wikimedia.org/wikipedia/commons/thumb/7/7f/Asseenfromthecross-vi.jpg/200px-Asseenfromthecross-vi.jpg"/>
    <dbpedia-owl:wikiPageExternalLink rdf:resource="http://www.artbible.info/art/large/495.html"/>
    <dbpedia-owl:wikiPageExternalLink rdf:resource="http://www.brooklynmuseum.org/exhibitions/james_tissot/"/>
    <foaf:isPrimaryTopicOf rdf:resource="http://en.wikipedia.org/wiki/Crucifixion,_seen_from_the_Cross_(James_Tissot)"/>
    <ns6:wasDerivedFrom rdf:resource="http://en.wikipedia.org/wiki/Crucifixion,_seen_from_the_Cross_(James_Tissot)?oldid=546110131"/>
    <dbpprop:hasPhotoCollection rdf:resource="http://wifo5-03.informatik.uni-mannheim.de/flickrwrappr/photos/Crucifixion,_seen_from_the_Cross_(James_Tissot)"/>
  </rdf:Description>
  <rdf:Description rdf:about="http://dbpedia.org/resource/Crucifixion_(disambiguation)">
    <dbpedia-owl:wikiPageDisambiguates rdf:resource="http://dbpedia.org/resource/Crucifixion,_seen_from_the_Cross_(James_Tissot)"/>
  </rdf:Description>
  <rdf:Description rdf:about="http://en.wikipedia.org/wiki/Crucifixion,_seen_from_the_Cross_(James_Tissot)">
    <foaf:primaryTopic rdf:resource="http://dbpedia.org/resource/Crucifixion,_seen_from_the_Cross_(James_Tissot)"/>
  </rdf:Description>
  <rdf:Description rdf:about="http://dbpedia.org/resource/Crucifixion,_seen_from_the_Cross_(James_Tissot.)">
    <dbpedia-owl:wikiPageRedirects rdf:resource="http://dbpedia.org/resource/Crucifixion,_seen_from_the_Cross_(James_Tissot)"/>
  </rdf:Description>
  <rdf:Description rdf:about="http://wikidata.dbpedia.org/resource/Q5189805">
    <owl:sameAs rdf:resource="http://dbpedia.org/resource/Crucifixion,_seen_from_the_Cross_(James_Tissot)"/>
  </rdf:Description>
  <rdf:Description rdf:about="http://he.dbpedia.org/resource/הצליבה,_מבט_מן_הצלב">
    <owl:sameAs rdf:resource="http://dbpedia.org/resource/Crucifixion,_seen_from_the_Cross_(James_Tissot)"/>
  </rdf:Description>
</rdf:RDF>
