<rdf:RDF xmlns:dbpprop="http://dbpedia.org/property/" xmlns:ns6="http://www.w3.org/ns/prov#" xmlns:foaf="http://xmlns.com/foaf/0.1/" xmlns:dbpedia-owl="http://dbpedia.org/ontology/" xmlns:dcterms="http://purl.org/dc/terms/" xmlns:owl="http://www.w3.org/2002/07/owl#" xmlns:rdfs="http://www.w3.org/2000/01/rdf-schema#" xmlns:rdf="http://www.w3.org/1999/02/22-rdf-syntax-ns#">
  <rdf:Description rdf:about="http://dbpedia.org/resource/Crucifixion_(disambiguation)">
    <dbpedia-owl:wikiPageDisambiguates rdf:resource="http://dbpedia.org/resource/Crucifixion_Diptych_(van_der_Weyden)"/>
  </rdf:Description>
  <rdf:Description rdf:about="http://dbpedia.org/resource/Crucifixion_Diptych_(van_der_Weyden)">
    <rdf:type rdf:resource="http://dbpedia.org/class/yago/Diptychs"/>
    <rdf:type rdf:resource="http://dbpedia.org/class/yago/Whole100003553"/>
    <rdf:type rdf:resource="http://dbpedia.org/class/yago/GraphicArt103453809"/>
    <rdf:type rdf:resource="http://dbpedia.org/class/yago/PaintingsOfThePhiladelphiaMuseumOfArt"/>
    <rdf:type rdf:resource="http://dbpedia.org/class/yago/Art102743547"/>
    <rdf:type rdf:resource="http://dbpedia.org/class/yago/PhysicalEntity100001930"/>
    <rdf:type rdf:resource="http://dbpedia.org/class/yago/Artifact100021939"/>
    <rdf:type rdf:resource="http://dbpedia.org/class/yago/PaintingsByRogierVanDerWeyden"/>
    <rdf:type rdf:resource="http://dbpedia.org/class/yago/1460sPaintings"/>
    <rdf:type rdf:resource="http://dbpedia.org/class/yago/Object100002684"/>
    <rdf:type rdf:resource="http://dbpedia.org/class/yago/Creation103129123"/>
    <rdf:type rdf:resource="http://dbpedia.org/class/yago/Diptych103204810"/>
    <rdf:type rdf:resource="http://dbpedia.org/class/yago/PaintingsDepictingJesus"/>
    <rdf:type rdf:resource="http://dbpedia.org/class/yago/Painting103876519"/>
    <owl:sameAs rdf:resource="http://www.wikidata.org/entity/Q5189814"/>
    <owl:sameAs rdf:resource="http://dbpedia.org/resource/Crucifixion_Diptych_(van_der_Weyden)"/>
    <owl:sameAs rdf:resource="http://yago-knowledge.org/resource/Crucifixion_Diptych_(van_der_Weyden)"/>
    <owl:sameAs rdf:resource="http://rdf.freebase.com/ns/m.0jt2957"/>
    <dcterms:subject rdf:resource="http://dbpedia.org/resource/Category:1460s_paintings"/>
    <dcterms:subject rdf:resource="http://dbpedia.org/resource/Category:Paintings_of_the_Philadelphia_Museum_of_Art"/>
    <dcterms:subject rdf:resource="http://dbpedia.org/resource/Category:Crucifixion_of_Jesus_in_art"/>
    <dcterms:subject rdf:resource="http://dbpedia.org/resource/Category:Paintings_by_Rogier_van_der_Weyden"/>
    <dcterms:subject rdf:resource="http://dbpedia.org/resource/Category:Diptychs"/>
    <dbpedia-owl:abstract xml:lang="en">Crucifixion Diptych — also known as Philadelphia Diptych, Calvary Diptych, Christ on the Cross with the Virgin and St. John, or The Crucifixion with the Virgin and Saint John the Evangelist Mourning — is a diptych completed c. 1460 by the Early Netherlandish artist Rogier van der Weyden, today in the Philadelphia Museum of Art. The panels are noted for their technical skill, visceral impact and for possessing a physicality and directness unusual for Netherlandish art of the time. The Philadelphia Museum of Art describes pair as the "greatest Old Master painting in the Museum. " The painting's provenance prior to the mid-19th century is unknown. Its extreme starkness has led art historians to theorize that it was created as a devotional work, possibly for a Carthusian monastery. It is not known if the panels comprised a self-contained diptych, two-thirds of a triptych, or originally were a single panel. Some art historians have mentioned that the work seems unbalanced overall and lacking symmetry (which might indicate a missing panel or panels). Recent scholarship proposes that the panels functioned as the outer shutters of a carved altarpiece.</dbpedia-owl:abstract>
    <dbpedia-owl:wikiPageID rdf:datatype="http://www.w3.org/2001/XMLSchema#integer">33410361</dbpedia-owl:wikiPageID>
    <dbpedia-owl:wikiPageRevisionID rdf:datatype="http://www.w3.org/2001/XMLSchema#integer">545343578</dbpedia-owl:wikiPageRevisionID>
    <rdfs:label xml:lang="en">Crucifixion Diptych (van der Weyden)</rdfs:label>
    <foaf:depiction rdf:resource="http://upload.wikimedia.org/wikipedia/commons/a/a9/Crucifixion_Diptych_(Rogier_van_der_Weyden).jpg"/>
    <rdfs:comment xml:lang="en">Crucifixion Diptych — also known as Philadelphia Diptych, Calvary Diptych, Christ on the Cross with the Virgin and St. John, or The Crucifixion with the Virgin and Saint John the Evangelist Mourning — is a diptych completed c. 1460 by the Early Netherlandish artist Rogier van der Weyden, today in the Philadelphia Museum of Art. The panels are noted for their technical skill, visceral impact and for possessing a physicality and directness unusual for Netherlandish art of the time.</rdfs:comment>
    <dbpedia-owl:thumbnail rdf:resource="http://upload.wikimedia.org/wikipedia/commons/thumb/a/a9/Crucifixion_Diptych_(Rogier_van_der_Weyden).jpg/200px-Crucifixion_Diptych_(Rogier_van_der_Weyden).jpg"/>
    <dbpedia-owl:wikiPageExternalLink rdf:resource="http://digital.library.unt.edu/ark:/67531/metadc5245/m1/1/high_res_d/thesis.pdf"/>
    <dbpedia-owl:wikiPageExternalLink rdf:resource="http://books.google.com/books?id=0z5AAAAAYAAJ&amp;pg=PP9&amp;dq=Catalogue+of+a+collection+of+paintings+and+some+art+objects+volume+II&amp;hl=en#v=onepage&amp;q=weyden&amp;f=false"/>
    <dbpedia-owl:wikiPageExternalLink rdf:resource="http://www.hnanews.org/hna/conferences/baltimore/papers/tucker.html"/>
    <dbpedia-owl:wikiPageExternalLink rdf:resource="http://www.jstor.org/pss/887538"/>
    <foaf:isPrimaryTopicOf rdf:resource="http://en.wikipedia.org/wiki/Crucifixion_Diptych_(van_der_Weyden)"/>
    <ns6:wasDerivedFrom rdf:resource="http://en.wikipedia.org/wiki/Crucifixion_Diptych_(van_der_Weyden)?oldid=545343578"/>
    <dbpprop:hasPhotoCollection rdf:resource="http://wifo5-03.informatik.uni-mannheim.de/flickrwrappr/photos/Crucifixion_Diptych_(van_der_Weyden)"/>
  </rdf:Description>
  <rdf:Description rdf:about="http://en.wikipedia.org/wiki/Crucifixion_Diptych_(van_der_Weyden)">
    <foaf:primaryTopic rdf:resource="http://dbpedia.org/resource/Crucifixion_Diptych_(van_der_Weyden)"/>
  </rdf:Description>
  <rdf:Description rdf:about="http://dbpedia.org/resource/Crucifixion_Diptych">
    <dbpedia-owl:wikiPageRedirects rdf:resource="http://dbpedia.org/resource/Crucifixion_Diptych_(van_der_Weyden)"/>
  </rdf:Description>
  <rdf:Description rdf:about="http://dbpedia.org/resource/Crucifixion_Diptych_(Rogier_van_der_Weyden)">
    <dbpedia-owl:wikiPageRedirects rdf:resource="http://dbpedia.org/resource/Crucifixion_Diptych_(van_der_Weyden)"/>
  </rdf:Description>
  <rdf:Description rdf:about="http://wikidata.dbpedia.org/resource/Q5189814">
    <owl:sameAs rdf:resource="http://dbpedia.org/resource/Crucifixion_Diptych_(van_der_Weyden)"/>
  </rdf:Description>
</rdf:RDF>
