<rdf:RDF xmlns:ns7="http://www.w3.org/ns/prov#" xmlns:dbpprop="http://dbpedia.org/property/" xmlns:foaf="http://xmlns.com/foaf/0.1/" xmlns:dbpedia-owl="http://dbpedia.org/ontology/" xmlns:dcterms="http://purl.org/dc/terms/" xmlns:owl="http://www.w3.org/2002/07/owl#" xmlns:rdfs="http://www.w3.org/2000/01/rdf-schema#" xmlns:rdf="http://www.w3.org/1999/02/22-rdf-syntax-ns#">
  <rdf:Description rdf:about="http://dbpedia.org/resource/Crucifixion_(disambiguation)">
    <dbpedia-owl:wikiPageDisambiguates rdf:resource="http://dbpedia.org/resource/Crucifixion_(Masaccio)"/>
  </rdf:Description>
  <rdf:Description rdf:about="http://dbpedia.org/resource/Crucifixion_(Masaccio)">
    <rdf:type rdf:resource="http://dbpedia.org/class/yago/PaintingsDepictingJesus"/>
    <rdf:type rdf:resource="http://schema.org/CreativeWork"/>
    <rdf:type rdf:resource="http://dbpedia.org/class/yago/PaintingsByMasaccio"/>
    <rdf:type rdf:resource="http://dbpedia.org/class/yago/Creation103129123"/>
    <rdf:type rdf:resource="http://dbpedia.org/class/yago/GraphicArt103453809"/>
    <rdf:type rdf:resource="http://dbpedia.org/class/yago/1426Paintings"/>
    <rdf:type rdf:resource="http://dbpedia.org/class/yago/Object100002684"/>
    <rdf:type rdf:resource="http://dbpedia.org/class/yago/Painting103876519"/>
    <rdf:type rdf:resource="http://dbpedia.org/class/yago/Artifact100021939"/>
    <rdf:type rdf:resource="http://dbpedia.org/class/yago/Art102743547"/>
    <rdf:type rdf:resource="http://dbpedia.org/class/yago/PaintingsAboutDeath"/>
    <rdf:type rdf:resource="http://dbpedia.org/class/yago/PhysicalEntity100001930"/>
    <rdf:type rdf:resource="http://dbpedia.org/ontology/Artwork"/>
    <rdf:type rdf:resource="http://dbpedia.org/class/yago/Whole100003553"/>
    <rdf:type rdf:resource="http://dbpedia.org/ontology/Work"/>
    <rdf:type rdf:resource="http://www.w3.org/2002/07/owl#Thing"/>
    <owl:sameAs rdf:resource="http://yago-knowledge.org/resource/Crucifixion_(Masaccio)"/>
    <owl:sameAs rdf:resource="http://es.dbpedia.org/resource/Crucifixión_(Masaccio)"/>
    <owl:sameAs rdf:resource="http://www.wikidata.org/entity/Q1054459"/>
    <owl:sameAs rdf:resource="http://rdf.freebase.com/ns/m.08kxgn"/>
    <owl:sameAs rdf:resource="http://pl.dbpedia.org/resource/Ukrzyżowanie_(obraz_Masaccia)"/>
    <owl:sameAs rdf:resource="http://it.dbpedia.org/resource/Crocifissione_(Masaccio)"/>
    <owl:sameAs rdf:resource="http://dbpedia.org/resource/Crucifixion_(Masaccio)"/>
    <dcterms:subject rdf:resource="http://dbpedia.org/resource/Category:Paintings_by_Masaccio"/>
    <dcterms:subject rdf:resource="http://dbpedia.org/resource/Category:Collections_of_the_National_Museum_of_Capodimonte"/>
    <dcterms:subject rdf:resource="http://dbpedia.org/resource/Category:1426_paintings"/>
    <dcterms:subject rdf:resource="http://dbpedia.org/resource/Category:Crucifixion_of_Jesus_in_art"/>
    <dbpedia-owl:abstract xml:lang="pl">Ukrzyżowanie – obraz Masaccia z 1426 przechowywany obecnie w Museo Nazionale di Capodimonte w Neapolu. Ukrzyżowanie stanowiło część ołtarza przeznaczonego dla kościoła Santa Maria del Carmine w Pizie. 19 lutego 1426 Masaccio zgodził się na wykonanie pracy. Honorarium ustalono na 80 florenów. Wypłata pieniędzy nastąpiła 26 grudnia 1426, a zatem wówczas dzieło było już gotowe. Do dziś zachowało się 11 fragmentów ołtarza rozproszonych w wielu muzeach. Obraz przedstawia na złotym tle scenę Ukrzyżowania. Z krzyża wyrasta drzewo zgodnie z symboliką krzyża jako drzewa życia. Po krzyżem stoją Matka Boża, Jan Ewangelista, a klęczy Maria Magdalena w czerwonej szacie z ramionami rozłożonymi w geście rozpaczy. Cała scena została przedstawiona z obniżonej perspektywy. Ukrzyżowanie Masaccio było inspiracją dla obrazu pod tym samym tytułem namalowanego ok. 1448 przez Piera della Francesca.</dbpedia-owl:abstract>
    <dbpedia-owl:abstract xml:lang="en">Crucifixion is a painting by the Italian Renaissance artist Masaccio. A chapel in Santa Maria del Carmine in Pisa commissioned an altarpiece from Masaccio on February 19, 1426 for the sum of 80 florins. Payment for the work was recorded on December 26 of that year. The altarpiece was dismantled and dispersed in the 18th century, but an attempted reconstruction was made possible due to a detailed description of the work by Vasari. Eleven pieces have been found as of 2010, and they are insufficient to reliably reconstruct the whole work. The Crucifixion is one of the surviving panels connected with the Pisa Altarpiece. The Crucifixion was placed above the central panel of the altarpiece, which represented the Virgin enthroned with the baby Jesus on her lap, flanked by 2 pairs of angels. Although the panel unnaturalistically represents the narrative against a gold background (a medieval formula for representing sacred scenes), Masaccio creates an effect of reality by depicting the event from below, as the viewer standing before the altar truly saw it. In this way, he attempts to tie the viewer to the scene, to make the sacred accessible to the ordinary Christian. This is not the crucifixion in the mosaic of the dormition</dbpedia-owl:abstract>
    <dbpedia-owl:abstract xml:lang="es">La Crucifixión es un cuadro realizado por el pintor italiano renacentista Masaccio. Se conserva actualmente en el Museo de Capodimonte de Nápoles en Italia. El 19 de febrero de 1426 Masaccio consintió en pintar un retablo para una capilla en la iglesia del Carmine en Pisa por la suma de 80 florines; le había sido encargado por Giuliano di Colino para su capilla en esa iglesia. La carpinterís fue obra de Antonio di Biagio. El 26 de diciembre del mismo año la obra debió estar acabada puesto que en tal fecha consta realizado el pago. Vasari ofreció una descripción detallada de la obra, formando la base para su recuperación, identificación e intento de reconstrucción de la obra, que se había desmantelado y dispersado en el siglo XVIII. Según Luis Monreal Tejada, la dispersión obedece a una remodelación de la iglesia del Carmine ocurrida en el siglo XVI. Sólo se han identificado once piezas y no bastan para ofrecer una reconstrucción fiable del trabajo en su conjunto. La Crucifixión es uno de los once paneles relacionados con el Políptico de Pisa. Según Vasari, esta Crucifixión estaría en la parte superior central del retablo, como coronamiento, por encima de la Virgen en trono. Otras piezas del retablo sería una Virgen con el Niño y la Adoración de los Reyes. Representa la escena de la crucifixión de Jesús, tal y como es referida en el Evangelio de Juan (Juan 19:26-27, con la Virgen a la derecha de Cristo y San Juan a su izquierda. La figura suplicante a los pies de la Cruz representa a María Magdalena, y varios autores creen que fue añadida posteriormente. Presenta todavía rasgos arcaicos, relacionados con el gótico internacional, como el fondo de oro. Como la tabla estaba destinada a ocupar un lugar muy elevado como remate central del retablo, la figura de Cristo fue pintada de forma que se corrigiesen las alteraciones ópticas que se producirían al quedar la obra tan alta en relación con el espectador. Masaccio se esfuerza en construir figuras con emociones humanas, preocupándose menos por los detalles accesorios. Individualiza así a cada personaje. Usa la luz para valorar la anatomía. "El interés por la perspectiva científica le conduce a ensayar audaces escorzos, por ejemplo en la figura de Cristo, cuyo cuello queda oculto -en virtud del punto de vista adoptado- por el relieve del tórax" .</dbpedia-owl:abstract>
    <dbpedia-owl:abstract xml:lang="it">La Crocifissione è un dipinto tempera su tavola di Masaccio, facente parte dello smembrato e in parte disperso Polittico di Pisa, del quale costituiva il comparto centrale superiore. L'opera misura 83x63 cm, risale al 1426 ed è oggi conservata al Museo di Capodimonte a Napoli.</dbpedia-owl:abstract>
    <dbpedia-owl:author rdf:resource="http://dbpedia.org/resource/Masaccio"/>
    <dbpedia-owl:museum rdf:resource="http://dbpedia.org/resource/Naples"/>
    <dbpedia-owl:wikiPageID rdf:datatype="http://www.w3.org/2001/XMLSchema#integer">3018972</dbpedia-owl:wikiPageID>
    <dbpedia-owl:wikiPageRevisionID rdf:datatype="http://www.w3.org/2001/XMLSchema#integer">548512257</dbpedia-owl:wikiPageRevisionID>
    <rdfs:label xml:lang="it">Crocifissione (Masaccio)</rdfs:label>
    <rdfs:label xml:lang="en">Crucifixion (Masaccio)</rdfs:label>
    <rdfs:label xml:lang="pl">Ukrzyżowanie (obraz Masaccia)</rdfs:label>
    <rdfs:label xml:lang="es">Crucifixión (Masaccio)</rdfs:label>
    <foaf:depiction rdf:resource="http://upload.wikimedia.org/wikipedia/commons/a/ac/Crucifix_Masaccio.jpg"/>
    <rdfs:comment xml:lang="en">Crucifixion is a painting by the Italian Renaissance artist Masaccio. A chapel in Santa Maria del Carmine in Pisa commissioned an altarpiece from Masaccio on February 19, 1426 for the sum of 80 florins. Payment for the work was recorded on December 26 of that year. The altarpiece was dismantled and dispersed in the 18th century, but an attempted reconstruction was made possible due to a detailed description of the work by Vasari.</rdfs:comment>
    <rdfs:comment xml:lang="es">La Crucifixión es un cuadro realizado por el pintor italiano renacentista Masaccio. Se conserva actualmente en el Museo de Capodimonte de Nápoles en Italia. El 19 de febrero de 1426 Masaccio consintió en pintar un retablo para una capilla en la iglesia del Carmine en Pisa por la suma de 80 florines; le había sido encargado por Giuliano di Colino para su capilla en esa iglesia. La carpinterís fue obra de Antonio di Biagio.</rdfs:comment>
    <rdfs:comment xml:lang="it">La Crocifissione è un dipinto tempera su tavola di Masaccio, facente parte dello smembrato e in parte disperso Polittico di Pisa, del quale costituiva il comparto centrale superiore. L'opera misura 83x63 cm, risale al 1426 ed è oggi conservata al Museo di Capodimonte a Napoli.</rdfs:comment>
    <rdfs:comment xml:lang="pl">Ukrzyżowanie – obraz Masaccia z 1426 przechowywany obecnie w Museo Nazionale di Capodimonte w Neapolu. Ukrzyżowanie stanowiło część ołtarza przeznaczonego dla kościoła Santa Maria del Carmine w Pizie. 19 lutego 1426 Masaccio zgodził się na wykonanie pracy. Honorarium ustalono na 80 florenów. Wypłata pieniędzy nastąpiła 26 grudnia 1426, a zatem wówczas dzieło było już gotowe. Do dziś zachowało się 11 fragmentów ołtarza rozproszonych w wielu muzeach.</rdfs:comment>
    <foaf:name xml:lang="en">Crucifixion</foaf:name>
    <dbpedia-owl:thumbnail rdf:resource="http://upload.wikimedia.org/wikipedia/commons/thumb/a/ac/Crucifix_Masaccio.jpg/200px-Crucifix_Masaccio.jpg"/>
    <dbpprop:artist xml:lang="en">Masaccio</dbpprop:artist>
    <dbpprop:height rdf:datatype="http://www.w3.org/2001/XMLSchema#integer">83</dbpprop:height>
    <dbpprop:imageFile xml:lang="en">crucifix_Masaccio.jpg</dbpprop:imageFile>
    <dbpprop:museum xml:lang="en">Museo di Capodimonte, Naples</dbpprop:museum>
    <dbpprop:title xml:lang="en">Crucifixion</dbpprop:title>
    <dbpprop:type xml:lang="en">panel</dbpprop:type>
    <dbpprop:width rdf:datatype="http://www.w3.org/2001/XMLSchema#integer">300</dbpprop:width>
    <dbpprop:year xml:lang="en">circa 1426</dbpprop:year>
    <foaf:isPrimaryTopicOf rdf:resource="http://en.wikipedia.org/wiki/Crucifixion_(Masaccio)"/>
    <ns7:wasDerivedFrom rdf:resource="http://en.wikipedia.org/wiki/Crucifixion_(Masaccio)?oldid=548512257"/>
    <dbpprop:hasPhotoCollection rdf:resource="http://wifo5-03.informatik.uni-mannheim.de/flickrwrappr/photos/Crucifixion_(Masaccio)"/>
  </rdf:Description>
  <rdf:Description rdf:about="http://it.dbpedia.org/resource/Crocifissione_(Masaccio)">
    <owl:sameAs rdf:resource="http://dbpedia.org/resource/Crucifixion_(Masaccio)"/>
  </rdf:Description>
  <rdf:Description rdf:about="http://pl.dbpedia.org/resource/Ukrzyżowanie_(obraz_Masaccia)">
    <owl:sameAs rdf:resource="http://dbpedia.org/resource/Crucifixion_(Masaccio)"/>
  </rdf:Description>
  <rdf:Description rdf:about="http://es.dbpedia.org/resource/Crucifixión_(Masaccio)">
    <owl:sameAs rdf:resource="http://dbpedia.org/resource/Crucifixion_(Masaccio)"/>
  </rdf:Description>
  <rdf:Description rdf:about="http://en.wikipedia.org/wiki/Crucifixion_(Masaccio)">
    <foaf:primaryTopic rdf:resource="http://dbpedia.org/resource/Crucifixion_(Masaccio)"/>
  </rdf:Description>
  <rdf:Description rdf:about="http://wikidata.dbpedia.org/resource/Q1054459">
    <owl:sameAs rdf:resource="http://dbpedia.org/resource/Crucifixion_(Masaccio)"/>
  </rdf:Description>
</rdf:RDF>
