<rdf:RDF xmlns:ns7="http://www.w3.org/ns/prov#" xmlns:dbpprop="http://dbpedia.org/property/" xmlns:foaf="http://xmlns.com/foaf/0.1/" xmlns:dbpedia-owl="http://dbpedia.org/ontology/" xmlns:dcterms="http://purl.org/dc/terms/" xmlns:owl="http://www.w3.org/2002/07/owl#" xmlns:rdfs="http://www.w3.org/2000/01/rdf-schema#" xmlns:rdf="http://www.w3.org/1999/02/22-rdf-syntax-ns#">
  <rdf:Description rdf:about="http://dbpedia.org/resource/The_Extraction_of_the_Stone_of_Madness_(The_Cure_of_Folly)">
    <dbpedia-owl:wikiPageRedirects rdf:resource="http://dbpedia.org/resource/Cutting_the_Stone"/>
  </rdf:Description>
  <rdf:Description rdf:about="http://es.dbpedia.org/resource/Extracción_de_la_piedra_de_la_locura_(El_Bosco)">
    <owl:sameAs rdf:resource="http://dbpedia.org/resource/Cutting_the_Stone"/>
  </rdf:Description>
  <rdf:Description rdf:about="http://pl.dbpedia.org/resource/Leczenie_głupoty">
    <owl:sameAs rdf:resource="http://dbpedia.org/resource/Cutting_the_Stone"/>
  </rdf:Description>
  <rdf:Description rdf:about="http://dbpedia.org/resource/Cutting_the_Stone">
    <rdf:type rdf:resource="http://dbpedia.org/class/yago/Art102743547"/>
    <rdf:type rdf:resource="http://dbpedia.org/class/yago/PaintingsByHieronymusBosch"/>
    <rdf:type rdf:resource="http://dbpedia.org/class/yago/Whole100003553"/>
    <rdf:type rdf:resource="http://dbpedia.org/class/yago/Object100002684"/>
    <rdf:type rdf:resource="http://dbpedia.org/class/yago/1494Paintings"/>
    <rdf:type rdf:resource="http://schema.org/CreativeWork"/>
    <rdf:type rdf:resource="http://dbpedia.org/class/yago/Painting103876519"/>
    <rdf:type rdf:resource="http://dbpedia.org/class/yago/Creation103129123"/>
    <rdf:type rdf:resource="http://dbpedia.org/class/yago/GraphicArt103453809"/>
    <rdf:type rdf:resource="http://dbpedia.org/ontology/Work"/>
    <rdf:type rdf:resource="http://dbpedia.org/ontology/Artwork"/>
    <rdf:type rdf:resource="http://dbpedia.org/class/yago/Artifact100021939"/>
    <rdf:type rdf:resource="http://dbpedia.org/class/yago/PhysicalEntity100001930"/>
    <rdf:type rdf:resource="http://www.w3.org/2002/07/owl#Thing"/>
    <owl:sameAs rdf:resource="http://nl.dbpedia.org/resource/De_keisnijding_(Madrid)"/>
    <owl:sameAs rdf:resource="http://dbpedia.org/resource/Cutting_the_Stone"/>
    <owl:sameAs rdf:resource="http://pt.dbpedia.org/resource/A_Extracção_da_Pedra_da_Loucura"/>
    <owl:sameAs rdf:resource="http://rdf.freebase.com/ns/m.07bp0l"/>
    <owl:sameAs rdf:resource="http://ru.dbpedia.org/resource/Извлечение_камня_глупости_(картина_Босха)"/>
    <owl:sameAs rdf:resource="http://yago-knowledge.org/resource/Cutting_the_Stone"/>
    <owl:sameAs rdf:resource="http://fr.dbpedia.org/resource/La_Lithotomie"/>
    <owl:sameAs rdf:resource="http://pl.dbpedia.org/resource/Leczenie_głupoty"/>
    <owl:sameAs rdf:resource="http://www.wikidata.org/entity/Q2270768"/>
    <owl:sameAs rdf:resource="http://uk.dbpedia.org/resource/Видалення_каменю_глупоти_(Босх)"/>
    <owl:sameAs rdf:resource="http://es.dbpedia.org/resource/Extracción_de_la_piedra_de_la_locura_(El_Bosco)"/>
    <owl:sameAs rdf:resource="http://it.dbpedia.org/resource/Estrazione_della_pietra_della_follia"/>
    <owl:sameAs rdf:resource="http://tr.dbpedia.org/resource/Deliliğin_Tedavisi"/>
    <dcterms:subject rdf:resource="http://dbpedia.org/resource/Category:Paintings_by_Hieronymus_Bosch"/>
    <dcterms:subject rdf:resource="http://dbpedia.org/resource/Category:1494_paintings"/>
    <dbpedia-owl:abstract xml:lang="en">Cutting the Stone, also called The Extraction of the Stone of Madness or The Cure of Folly, is a painting by Hieronymus Bosch in the Museo del Prado in Madrid, completed around 1494 or later. The painting depicts the extraction of the stone of madness, a "keye" (in English a "stone" or "bulb") from a patient's head, using trepanation by a man wearing a funnel hat. In the painting Bosch has exchanged the traditional "stone" as the object of extraction with the bulb of a flower. Another flower is on the table. The Gothic inscription reads Meester snyt die keye rasMyne name Is lubbert Das . Lubbert Das was a comical (foolish) character in Dutch literature.</dbpedia-owl:abstract>
    <dbpedia-owl:abstract xml:lang="pt">A Extracção da Pedra da Loucura 250px Autor Hieronymus Bosch Data c. 1475-1480 Técnica Óleo sobre madeira Dimensões 48 cm × 35 cm Localização Museu do Prado, Madrid, Espanha A Extracção da Pedra da Loucura é uma das obras pictóricas pertencentes à primeira etapa do pintor holandês Hieronymus Bosch, realizada entre 1475 e 1480, e incluída num conjunto de gravuras satíricas e burlescas que na altura se realizavam nos Países Baixos. É um óleo sobre madeira, de 48 x 35 cmaj. Actualmente encontra-se no Museu do Prado, em Madrid. Hieronymus Bosch mostra a loucura e a credulidade humanas. O que se representa em A Extracção da Pedra da Loucura é uma espécie de operação cirúrgica que se realizava durante a Idade Média, e que segundo os testemunhos escritos sobre ela, consistia na extirpação de uma pedra que causava a loucura do homem. Acreditava-se que os loucos eram aqueles que tinham uma pedra na cabeça. Na obra aparece um falso médico que em vez de um barrete usa um funil na cabeça (símbolo da estupidez), extrai a pedra da cabeça de um indivíduo que olha em direcção a quem vê o quadro, ainda que em realidade o que está a extrair é uma flor, uma tulipa. A su a bolsa de dinheiro é atravessada por um punhal, símbolo do seu delito. É usado como uma crítica contra os que acreditam estar em posse do saber mas que, afinal, são mais ignorantes que aqueles a quem pretendem curar da sua «loucura». Um frade e uma freira estão presentes também na cena; a religiosa tem um livro ferrado em cima da cabeça: isto pode ser uma espécie de alegoria à superstição e à ignorância, de que se acusava fortemente o clero. Esta figura feminina pode ser entendida igualmente como uma bruxa com o livro dos conjuros sobre a cabeça. O frade sustém um cântaro de vinho. O tema do quadro juntamente com o formato circular em que se realiza poderia remeter de certo modo a um espelho, e assim parece atirar ao mundo a imagem da sua própria estupidez ao desejar superá-la deste modo tão erróneo. A legenda que aparece escrita no quadro diz Meester snyt die Keye ras, myne name is lubbert das, que significa Mestre, extrai-me a pedra, meu nome é Lubber Das. Lubber Das era um personagem satírico da literatura holandesa que representava a estupidez. A representação do frade como ébrio e a freira como ignorante poderia apontar para o anticlericalismo de Hieronymus Bosch, influenciado pelas correntes religiosas prerreformistas na Flandres, como a devotio moderna, que defendia a comunhão directa com Deus sem a intervenção da Igreja oficial. Referências Carrassat, P.F.R. , Maestros de la pintura, Spes Editorial, S.L. , 2005. ISBN 84-8332-597-7</dbpedia-owl:abstract>
    <dbpedia-owl:abstract xml:lang="pl">Leczenie głupoty – niesygnowany obraz niderlandzkiego przedstawiciela późnej generacji prymitywistów niderlandzkich Hieronima Boscha. Dzieło datowane jest na okres po 1494 roku, obecnie (2011) znajduje się w hiszpańskim narodowym Muzeum Prado w Madrycie. Tło obrazu odnosi się do hipotetycznej procedury medycznej wykonywanej przez europejskich znachorów w XV wieku polegającej na trepanacji czaszki chorego na głupotę (także szaleństwo) i wydobycie z jej środka kamienia szaleństwa, uważanego za przyczynę szaleństwa lub opóźnienia umysłowego pacjenta. W górnej i dolnej części obrazu widnieje dekoracyjny napis zapisany pismem gotyckim w języku flamandzkim: 20pxMeester snijt die keye ras, Mijne name Is lubbert das. znaczy on: 20pxMistrzu usuń kamień szybko, Moje imię to lubbert das. Stwierdzenie "lubbert das", było często używanym określeniem na odznaczających się nadzwyczajną głupotą komicznych bohaterów dawnej literatury holenderskiej. Hieronim Bosch przedstawił w swoim obrazie człowieka poddawanego takiemu zabiegowi. Pacjent siedzi na krześle poddając się praktykom znachora-chirurga, noszącego na głowie lejek. Powszechnie uważa się, że jest mało prawdopodobne, by ów lejek symbolizował mądrość; sądzi się raczej, że jest on symbolem głupoty. W tamtych czasach uważano, że choroby umysłowe są spowodowane brakiem płynu w mózgu, płynu uważanego za olej, który można łatwo wlać to komory czaszkowej przy pomocy lejka, takowy olej znajduje się w dzbanie przywieszonym do pasa chirurga-szarlatana. Tuż obok pacjenta przy kamiennym stoliku stoją dwie postacie: duchowny trzymający dzbanek z winem, oraz zakonnica z księgą na głowie – ta postać symbolizuje prawdopodobnie do mądrość i rozsądek. Obydwoje jednak przyzwalająco obserwują znachorskie praktyki. Usuwany kamień jest w rzeczywistości kwiatem, co ma symbolizować nadmierne żądze seksualne, z których widocznie ów nieszczęśnik był leczony; cięty kwiat był wówczas popularnym symbolem rozpusty i miłości. Z punktu widzenia techniki malarskiej w obrazie uwagę zwraca rozległy płaski pejzaż z wysokim horyzontem, oraz różnicowanie walorów barwy żółtej, zielonej i brązowej. Cała scena jest zawarta w kole, otoczone ciemnymi przestrzeniami na rogach. Obraz niejednokrotnie zmieniał właścicieli. Był w posiadaniu biskupa Utrechtu w l. 1516-1524, Filipa Burgundzkiego, znanego mecenasa sztuki, a w 1524 roku został zanotowany podczas inwentaryzacji w zamku Duurstede. Następnie w 1570 roku trafił do króla Hiszpanii Filipa II.</dbpedia-owl:abstract>
    <dbpedia-owl:abstract xml:lang="fr">La Lithothomie, également appelé La Cure de la folie ou plus rarement L'Extraction (ou Excision) de la pierre de folie, est un tableau du peintre néerlandais Jérôme Bosch. Huile sur panneau de 48 × 35 cm, il est réalisé vers 1494 ou plus tard. Le tableau est actuellement exposé au musée du Prado à Madrid. Le tableau illustre une lithotomie ou extraction de la pierre de folie (en), une « keye » (en néerlandais moderne kei ; que l'on peut traduire en français par « pierre » ou « bulbe ») de la tête d'un patient, réalisée au moyen d'une trépanation par un homme portant un entonnoir renversé sur sa tête. Dans ce tableau, Bosch a remplacé la « pierre » qui est traditionnellement l'objet de l'extraction par un bulbe de fleur. Une autre fleur est posée sur la table. À travers ce tableau, Jérôme Bosch se moque de l'ignorance et de la tromperie faites au malade. En opposant le bien et le mal, l’innocent face à l'homme malhonnête, la scène de genre prend ainsi une connotation morale.</dbpedia-owl:abstract>
    <dbpedia-owl:abstract xml:lang="it">L'Estrazione della pietra della follia è un dipinto a olio su tavola (48x35 cm) di Hieronymus Bosch, databile al 1494 circa e conservato nel Museo del Prado di Madrid.</dbpedia-owl:abstract>
    <dbpedia-owl:abstract xml:lang="ru">«Извлечение камня глупости» («Операция глупости») — картина, приписываемая нидерландскому художнику Иерониму Босху. Эта картина представляет фольклорную линию в творчестве художника. На первый взгляд, здесь изображена обычная, правда, опасная операция, которую хирург почему-то проводит под открытым небом, водрузив себе на голову воронку. Вероятно, здесь высмеивается персонаж ярмарочного фарса — простачок или муж-рогоносец (книга, положенная на голову женщине, понималась как «руководство» для жуликов и обманщиков). Перевёрнутую воронку, надетую на голову хирурга, объясняли как намёк на рассеянность учёного мужа, но в контексте фарса она, скорее всего, служит признаком обмана. По другой версии, закрытая книга на голове монахини и воронка хирурга, соответственно, символизируют, что знание бесполезно, когда имеешь дело с глупостью, и что врачевание подобного рода — шарлатанство. Голландское выражение «иметь камень в голове» означало «быть глупым, безумным, с головой не на месте». Сюжет удаления «камня глупости» прослеживается в голландских гравюрах, живописи и литературе вплоть до XVII в. Орнаментальная надпись вверху и внизу гласит: «Мастер, удали камень. Меня зовут Лубберт Дас». Во времена Босха существовало поверье: сумасшедшего можно исцелить, если извлечь из его головы камни глупости. Лубберт — имя нарицательное, обозначающее слабоумного. На картине, вопреки ожиданиям, извлекается не камень, а цветок, ещё один цветок лежит на столе. Установлено, что это тюльпаны, а в средневековой символике тюльпан подразумевал глупую доверчивость. В авторстве Босха можно было бы усомниться, если бы не характерный пейзаж на заднем плане.</dbpedia-owl:abstract>
    <dbpedia-owl:abstract xml:lang="es">La Extracción de la piedra de la locura es una de las obras pictóricas pertenecientes a la primera etapa del pintor holandés El Bosco, realizada entre el 1475 y 1480, e incluida en un conjunto de grabados satíricos y burlescos que por entonces se realizaban en los Países Bajos. Es un óleo sobre tabla, de 48 x 35 cm. En la actualidad se encuentra en el Museo del Prado, Madrid. El Bosco muestra la locura y la credulidad humanas. Lo que se representa en La extracción de la piedra de la locura es una especie de operación quirúrgica que se realizaba durante la Edad Media, y que según los testimonios escritos sobre ella consistía en la extirpación de una piedra que causaba la necedad del hombre. Se creía que los locos eran aquellos que tienen una piedra en la cabeza. En la obra aparece un falso doctor que en vez de un birrete lleva un embudo en la cabeza (símbolo de la estupidez), extrae la piedra de la cabeza de un individuo mayor y grueso que mira hacia nosotros, aunque en realidad lo que está extrayendo es una flor, un tulipán. Su bolsa de dinero es atravesada por un puñal, símbolo de su estafa. Es usado como expresa crítica contra los que creen estar en posesión del saber pero que, al final, son más ignorantes que aquellos a los que pretende sanar de su «locura». Un fraile y una monja están presentes también en la escena; la religiosa lleva un libro cerrado en la cabeza, esto puede ser una especie de alegoría a la superstición y a la ignorancia de las que se acusaba fuertemente al clero; esta figura femenina puede ser entendida igualmente como una bruja con el libro de los conjuros sobre la cabeza; el fraile sostiene un cántaro de vino. El tema del cuadro unido al formato circular en que se realiza podría remitir en cierto modo a un espejo, y así parece arrojar al mundo la imagen de su propia estupidez al desear superarla de este modo tan erróneo. La leyenda que aparece escrita en el cuadro dice Meester snyt die Keye ras, myne name is lubbert das, que significa Maestro, extráigame la piedra, mi nombre es Lubber Das. Lubber Das era un personaje satírico de la literatura holandesa que representaba la estupidez. Viene a decir «mi nombre es tonto» La representación del fraile como borracho y la monja como ignorante podría apuntar al anticlericalismo del Bosco, influido por las corrientes religiosas prerreformistas en Flandes, como la devotio moderna, que defendían la comunión directa con Dios sin la intervención de la Iglesia oficial, a la vista del mal ejemplo de los eclesiásticos.</dbpedia-owl:abstract>
    <dbpedia-owl:author rdf:resource="http://dbpedia.org/resource/Hieronymus_Bosch"/>
    <dbpedia-owl:museum rdf:resource="http://dbpedia.org/resource/Museo_del_Prado"/>
    <dbpedia-owl:wikiPageID rdf:datatype="http://www.w3.org/2001/XMLSchema#integer">2418164</dbpedia-owl:wikiPageID>
    <dbpedia-owl:wikiPageRevisionID rdf:datatype="http://www.w3.org/2001/XMLSchema#integer">548385895</dbpedia-owl:wikiPageRevisionID>
    <rdfs:label xml:lang="es">Extracción de la piedra de la locura (El Bosco)</rdfs:label>
    <rdfs:label xml:lang="en">Cutting the Stone</rdfs:label>
    <rdfs:label xml:lang="ru">Извлечение камня глупости (картина Босха)</rdfs:label>
    <rdfs:label xml:lang="pl">Leczenie głupoty</rdfs:label>
    <rdfs:label xml:lang="pt">A Extracção da Pedra da Loucura</rdfs:label>
    <rdfs:label xml:lang="it">Estrazione della pietra della follia</rdfs:label>
    <rdfs:label xml:lang="fr">La Lithotomie</rdfs:label>
    <foaf:depiction rdf:resource="http://upload.wikimedia.org/wikipedia/commons/b/b1/Cutting_the_Stone_(Bosch).jpg"/>
    <rdfs:comment xml:lang="pt">A Extracção da Pedra da Loucura 250px Autor Hieronymus Bosch Data c. 1475-1480 Técnica Óleo sobre madeira Dimensões 48 cm × 35 cm Localização Museu do Prado, Madrid, Espanha A Extracção da Pedra da Loucura é uma das obras pictóricas pertencentes à primeira etapa do pintor holandês Hieronymus Bosch, realizada entre 1475 e 1480, e incluída num conjunto de gravuras satíricas e burlescas que na altura se realizavam nos Países Baixos. É um óleo sobre madeira, de 48 x 35 cmaj.</rdfs:comment>
    <rdfs:comment xml:lang="es">La Extracción de la piedra de la locura es una de las obras pictóricas pertenecientes a la primera etapa del pintor holandés El Bosco, realizada entre el 1475 y 1480, e incluida en un conjunto de grabados satíricos y burlescos que por entonces se realizaban en los Países Bajos. Es un óleo sobre tabla, de 48 x 35 cm. En la actualidad se encuentra en el Museo del Prado, Madrid. El Bosco muestra la locura y la credulidad humanas.</rdfs:comment>
    <rdfs:comment xml:lang="pl">Leczenie głupoty – niesygnowany obraz niderlandzkiego przedstawiciela późnej generacji prymitywistów niderlandzkich Hieronima Boscha. Dzieło datowane jest na okres po 1494 roku, obecnie (2011) znajduje się w hiszpańskim narodowym Muzeum Prado w Madrycie.</rdfs:comment>
    <rdfs:comment xml:lang="en">Cutting the Stone, also called The Extraction of the Stone of Madness or The Cure of Folly, is a painting by Hieronymus Bosch in the Museo del Prado in Madrid, completed around 1494 or later. The painting depicts the extraction of the stone of madness, a "keye" (in English a "stone" or "bulb") from a patient's head, using trepanation by a man wearing a funnel hat. In the painting Bosch has exchanged the traditional "stone" as the object of extraction with the bulb of a flower.</rdfs:comment>
    <rdfs:comment xml:lang="ru">«Извлечение камня глупости» («Операция глупости») — картина, приписываемая нидерландскому художнику Иерониму Босху. Эта картина представляет фольклорную линию в творчестве художника. На первый взгляд, здесь изображена обычная, правда, опасная операция, которую хирург почему-то проводит под открытым небом, водрузив себе на голову воронку.</rdfs:comment>
    <rdfs:comment xml:lang="fr">La Lithothomie, également appelé La Cure de la folie ou plus rarement L'Extraction (ou Excision) de la pierre de folie, est un tableau du peintre néerlandais Jérôme Bosch. Huile sur panneau de 48 × 35 cm, il est réalisé vers 1494 ou plus tard. Le tableau est actuellement exposé au musée du Prado à Madrid.</rdfs:comment>
    <rdfs:comment xml:lang="it">L'Estrazione della pietra della follia è un dipinto a olio su tavola (48x35 cm) di Hieronymus Bosch, databile al 1494 circa e conservato nel Museo del Prado di Madrid.</rdfs:comment>
    <foaf:name xml:lang="en">Cutting the Stone</foaf:name>
    <dbpedia-owl:thumbnail rdf:resource="http://upload.wikimedia.org/wikipedia/commons/thumb/b/b1/Cutting_the_Stone_(Bosch).jpg/200px-Cutting_the_Stone_(Bosch).jpg"/>
    <dbpedia-owl:wikiPageExternalLink rdf:resource="http://books.google.com/books?id=o-5VpyGAHSgC&amp;printsec=frontcover&amp;source=gbs_navlinks_s#v=onepage&amp;q=&amp;f=false"/>
    <dbpprop:artist rdf:resource="http://dbpedia.org/resource/Hieronymus_Bosch"/>
    <dbpprop:city rdf:resource="http://dbpedia.org/resource/Madrid"/>
    <dbpprop:height rdf:datatype="http://www.w3.org/2001/XMLSchema#integer">48</dbpprop:height>
    <dbpprop:imageFile xml:lang="en">Cutting the Stone .jpg</dbpprop:imageFile>
    <dbpprop:museum rdf:resource="http://dbpedia.org/resource/Museo_del_Prado"/>
    <dbpprop:title xml:lang="en">Cutting the Stone</dbpprop:title>
    <dbpprop:type rdf:resource="http://dbpedia.org/resource/Oil_painting"/>
    <dbpprop:width rdf:datatype="http://www.w3.org/2001/XMLSchema#integer">35</dbpprop:width>
    <dbpprop:year xml:lang="en">c. 1494 or later</dbpprop:year>
    <foaf:isPrimaryTopicOf rdf:resource="http://en.wikipedia.org/wiki/Cutting_the_Stone"/>
    <ns7:wasDerivedFrom rdf:resource="http://en.wikipedia.org/wiki/Cutting_the_Stone?oldid=548385895"/>
    <dbpprop:hasPhotoCollection rdf:resource="http://wifo5-03.informatik.uni-mannheim.de/flickrwrappr/photos/Cutting_the_Stone"/>
  </rdf:Description>
  <rdf:Description rdf:about="http://en.wikipedia.org/wiki/Cutting_the_Stone">
    <foaf:primaryTopic rdf:resource="http://dbpedia.org/resource/Cutting_the_Stone"/>
  </rdf:Description>
  <rdf:Description rdf:about="http://fr.dbpedia.org/resource/La_Lithotomie">
    <owl:sameAs rdf:resource="http://dbpedia.org/resource/Cutting_the_Stone"/>
  </rdf:Description>
  <rdf:Description rdf:about="http://ru.dbpedia.org/resource/Извлечение_камня_глупости_(картина_Босха)">
    <owl:sameAs rdf:resource="http://dbpedia.org/resource/Cutting_the_Stone"/>
  </rdf:Description>
  <rdf:Description rdf:about="http://dbpedia.org/resource/The_Cure_of_Folly">
    <dbpedia-owl:wikiPageRedirects rdf:resource="http://dbpedia.org/resource/Cutting_the_Stone"/>
  </rdf:Description>
  <rdf:Description rdf:about="http://dbpedia.org/resource/The_Extraction_of_the_Stone_of_Fools_(The_Cure_of_Folly)">
    <dbpedia-owl:wikiPageRedirects rdf:resource="http://dbpedia.org/resource/Cutting_the_Stone"/>
  </rdf:Description>
  <rdf:Description rdf:about="http://it.dbpedia.org/resource/Estrazione_della_pietra_della_follia">
    <owl:sameAs rdf:resource="http://dbpedia.org/resource/Cutting_the_Stone"/>
  </rdf:Description>
  <rdf:Description rdf:about="http://pt.dbpedia.org/resource/A_Extracção_da_Pedra_da_Loucura">
    <owl:sameAs rdf:resource="http://dbpedia.org/resource/Cutting_the_Stone"/>
  </rdf:Description>
  <rdf:Description rdf:about="http://nl.dbpedia.org/resource/De_keisnijding_(Madrid)">
    <owl:sameAs rdf:resource="http://dbpedia.org/resource/Cutting_the_Stone"/>
  </rdf:Description>
  <rdf:Description rdf:about="http://wikidata.dbpedia.org/resource/Q2270768">
    <owl:sameAs rdf:resource="http://dbpedia.org/resource/Cutting_the_Stone"/>
  </rdf:Description>
  <rdf:Description rdf:about="http://tr.dbpedia.org/resource/Deliliğin_Tedavisi">
    <owl:sameAs rdf:resource="http://dbpedia.org/resource/Cutting_the_Stone"/>
  </rdf:Description>
  <rdf:Description rdf:about="http://uk.dbpedia.org/resource/Видалення_каменю_глупоти_(Босх)">
    <owl:sameAs rdf:resource="http://dbpedia.org/resource/Cutting_the_Stone"/>
  </rdf:Description>
</rdf:RDF>
