<rdf:RDF xmlns:ns7="http://www.w3.org/ns/prov#" xmlns:dbpprop="http://dbpedia.org/property/" xmlns:foaf="http://xmlns.com/foaf/0.1/" xmlns:dbpedia-owl="http://dbpedia.org/ontology/" xmlns:dcterms="http://purl.org/dc/terms/" xmlns:owl="http://www.w3.org/2002/07/owl#" xmlns:rdfs="http://www.w3.org/2000/01/rdf-schema#" xmlns:rdf="http://www.w3.org/1999/02/22-rdf-syntax-ns#">
  <rdf:Description rdf:about="http://dbpedia.org/resource/Dana%C3%AB_(Rembrandt_painting)">
    <rdf:type rdf:resource="http://dbpedia.org/ontology/Work"/>
    <rdf:type rdf:resource="http://www.w3.org/2002/07/owl#Thing"/>
    <rdf:type rdf:resource="http://dbpedia.org/class/yago/PaintingsByRembrandt"/>
    <rdf:type rdf:resource="http://dbpedia.org/class/yago/Artifact100021939"/>
    <rdf:type rdf:resource="http://dbpedia.org/class/yago/Creation103129123"/>
    <rdf:type rdf:resource="http://dbpedia.org/class/yago/WorkOfArt104601690"/>
    <rdf:type rdf:resource="http://dbpedia.org/class/yago/1636Paintings"/>
    <rdf:type rdf:resource="http://dbpedia.org/class/yago/PhysicalEntity100001930"/>
    <rdf:type rdf:resource="http://dbpedia.org/class/yago/Painting103876519"/>
    <rdf:type rdf:resource="http://dbpedia.org/class/yago/VandalizedWorksOfArt"/>
    <rdf:type rdf:resource="http://dbpedia.org/class/yago/GraphicArt103453809"/>
    <rdf:type rdf:resource="http://dbpedia.org/class/yago/PaintingsDepictingGreekMyths"/>
    <rdf:type rdf:resource="http://dbpedia.org/class/yago/Art102743547"/>
    <rdf:type rdf:resource="http://dbpedia.org/class/yago/Object100002684"/>
    <rdf:type rdf:resource="http://dbpedia.org/class/yago/PaintingsOfTheHermitage"/>
    <rdf:type rdf:resource="http://schema.org/CreativeWork"/>
    <rdf:type rdf:resource="http://dbpedia.org/ontology/Artwork"/>
    <rdf:type rdf:resource="http://dbpedia.org/class/yago/Whole100003553"/>
    <owl:sameAs rdf:resource="http://nl.dbpedia.org/resource/Danaë_(Rembrandt)"/>
    <owl:sameAs rdf:resource="http://dbpedia.org/resource/Dana%C3%AB_(Rembrandt_painting)"/>
    <owl:sameAs rdf:resource="http://yago-knowledge.org/resource/Danaë_(Rembrandt_painting)"/>
    <owl:sameAs rdf:resource="http://ru.dbpedia.org/resource/Даная_(картина_Рембрандта)"/>
    <owl:sameAs rdf:resource="http://ja.dbpedia.org/resource/ダナエ_(レンブラントの絵画)"/>
    <owl:sameAs rdf:resource="http://es.dbpedia.org/resource/Dánae_(Rembrandt)"/>
    <owl:sameAs rdf:resource="http://www.wikidata.org/entity/Q2294441"/>
    <owl:sameAs rdf:resource="http://rdf.freebase.com/ns/m.0g2fsb"/>
    <owl:sameAs rdf:resource="http://pl.dbpedia.org/resource/Danae_(obraz_Rembrandta)"/>
    <owl:sameAs rdf:resource="http://it.dbpedia.org/resource/Danae_(Rembrandt)"/>
    <dcterms:subject rdf:resource="http://dbpedia.org/resource/Category:Paintings_by_Rembrandt"/>
    <dcterms:subject rdf:resource="http://dbpedia.org/resource/Category:Vandalized_works_of_art"/>
    <dcterms:subject rdf:resource="http://dbpedia.org/resource/Category:Paintings_of_the_Hermitage_Museum"/>
    <dcterms:subject rdf:resource="http://dbpedia.org/resource/Category:1636_paintings"/>
    <dcterms:subject rdf:resource="http://dbpedia.org/resource/Category:Paintings_depicting_Greek_myths"/>
    <dbpedia-owl:abstract xml:lang="it">Danae è un dipinto ad olio su tela di cm 185 x 203 realizzato nel 1636, ma rimaneggiato successivamente, dal pittore Rembrandt Harmenszoon Van Rijn. È conservato al Museo dell'Ermitage di San Pietroburgo. L'opera è firmata e datata "REMB(…) F 1(…)6". Danae era stata rinchiusa dal padre Acrisio in seguito alla profezia che lo vedeva morto per mano del nipote. Zeus, però, trasformatosi in pioggia d'oro - secondo altre versioni, in monete d'oro - riuscì a raggiungere la fanciulla: dalla loro unione nacque Perseo, che uccise il nonno in un torneo. Rembrandt rappresenta la giovane sul suo letto, illuminata da una luce dorata, che potrebbe alludere alla purezza dell'amore divino, concetto rafforzato dalla presenza dell'amorino alla testa del letto, simbolo di castità. Nel 1985 il quadro fu deturpato con dell'acido.</dbpedia-owl:abstract>
    <dbpedia-owl:abstract xml:lang="ja">『ダナエ』（蘭: Danaë、露: Даная）は、オランダ黄金時代の画家レンブラント・ファン・レインが1636年に描いた絵画である。フランスの裕福な貿易商で美術コレクターのピエール・クロザ が18世紀に自身のコレクションに加えた作品で、現在はサンクトペテルブルクのエルミタージュ美術館が所蔵している。この絵画はレンブラントが初めて手がけた等身大ヌード画であり、彼の最高傑作の一つとも見なされているが、作品のサイズが大きかったためになかなか売却できずに長くレンブラントの手元にあったと考えられている。</dbpedia-owl:abstract>
    <dbpedia-owl:abstract xml:lang="nl">Danaë is een schilderij van Rembrandt van Rijn. Het bevindt zich in de Hermitage in Sint-Petersburg, Rusland. Het is een levensgrote afbeelding van Danaë uit de Griekse mythologie, de moeder van Perseus. Ze wordt vermoedelijk juist op het moment afgebeeld dat Zeus haar bezoekt in de vorm van goudstof. Het is een van Rembrandts mooiste schilderijen, maar het was waarschijnlijk door de grote afmetingen niet gemakkelijk te verkopen. Rembrandts vrouw Saskia van Uylenburgh heeft model gestaan voor het schilderij. Later heeft Rembrandt het gezicht veranderd (om het op Geertje Dircx te laten gelijken?). In 1985 gooide een psychiatrisch patiënt zwavelzuur over het kunstwerk en bewerkte het met een mes. De restauratie begon onmiddellijk en duurde tot 1997.</dbpedia-owl:abstract>
    <dbpedia-owl:abstract xml:lang="pl">Danae – obraz Rembrandta, który powstał w roku 1636; później kilkakrotnie był przemalowywany przez Rembrandta. Znajdował się w słynnej kolekcji Pierre'a Crozata, która w 1772 roku została zakupiona przez Katarzynę II za pośrednictwem Denisa Diderota. Od tego czasu obraz znajduje się w Ermitażu w Sankt Petersburgu. Dzieło przedstawia mityczną piękność, Danae. Inspirowany jest obrazami Tycjana. 15 czerwca 1985 roku został oblany kwasem i pocięty nożem przez szaleńca. Praktycznie cała środkowa część została poważnie uszkodzona, w związku z czym obraz wycofano z ekspozycji i uznano za zniszczony. Jednakże żmudne i długotrwałe prace konserwatorskie pozwoliły na odrestaurowanie dzieła i ponowne udostępnienie go publiczności w 1998 roku.</dbpedia-owl:abstract>
    <dbpedia-owl:abstract xml:lang="en">Danaë is Rembrandt's painting from the collection of Pierre Crozat which from the 18th century resides in the Hermitage Museum, St. Petersburg, Russia. It is a life-sized depiction of the character Danaë from Greek mythology, the mother of Perseus. She is presumably depicted as welcoming Zeus, who impregnated her in the form of a shower of gold. Given that this is one of Rembrandt's most magnificent paintings, it is not out of the question that he cherished it, but it also may have been difficult to sell because of its eight-by-ten-foot size. Although the artist's wife Saskia was the original model for Danaë, Rembrandt later changed the figure's face to that of his mistress Geertje Dircx.</dbpedia-owl:abstract>
    <dbpedia-owl:abstract xml:lang="ru">«Даная» — картина Рембрандта из коллекции Эрмитажа, написанная по мотивам древнегреческого мифа о Данае, матери Персея. Когда царь древнегреческого города Аргоса узнал о пророчестве, согласно которому ему суждено умереть от руки сына Данаи, своей дочери, он заключил её в подземелье и приставил к ней служанку. Бог Зевс, однако, проник к Данае в виде золотого дождя, после чего она родила сына Персея. Классический сюжет картины — явление Зевса в виде золотого дождя к находящейся в заключении женщине. К этому сюжету обращались такие знаменитые художники как Тициан, Корреджо, Госсарт, Климт.</dbpedia-owl:abstract>
    <dbpedia-owl:abstract xml:lang="es">Dánae es una pintura al óleo sobre lienzo realizada en 1636 pero modificada posteriormente del pintor Rembrandt. Se conserva en el Museo del Hermitage de San Petersburgo y está firmada y fechada así: "Remb (... ) F 1 (... ) 6. " Según la mitología griega, decepcionado por carecer de herederos varones, Acrisio consultó un oráculo para saber si esto cambiaría. El oráculo le dijo que fuese al fin de la Tierra donde sería asesinado por el hijo de su hija. Para que esta no tuviese hijos, Acrisio la encerró en una torre de bronce (o en una cueva, según la versión). Pero aun así, Zeus la alcanzó transformado en ducha o lluvia de oro y la dejó embarazada. Poco después nació su hijo Perseo, quién sin saberlo terminaría matando a su abuelo en un torneo. Rembrandt representa a la joven en su cama, iluminada por una luz dorada, lo que podría aludir a la pureza del amor divino, un concepto reforzado por la presencia de un amorcillo en la cabecera de la cama, símbolo de la castidad. En 1985 el cuadro fue desfigurado con ácido.</dbpedia-owl:abstract>
    <dbpedia-owl:author rdf:resource="http://dbpedia.org/resource/Rembrandt"/>
    <dbpedia-owl:museum rdf:resource="http://dbpedia.org/resource/Hermitage_Museum"/>
    <dbpedia-owl:wikiPageID rdf:datatype="http://www.w3.org/2001/XMLSchema#integer">6359954</dbpedia-owl:wikiPageID>
    <dbpedia-owl:wikiPageRevisionID rdf:datatype="http://www.w3.org/2001/XMLSchema#integer">544494965</dbpedia-owl:wikiPageRevisionID>
    <rdfs:label xml:lang="it">Danae (Rembrandt)</rdfs:label>
    <rdfs:label xml:lang="pl">Danae (obraz Rembrandta)</rdfs:label>
    <rdfs:label xml:lang="ru">Даная (картина Рембрандта)</rdfs:label>
    <rdfs:label xml:lang="nl">Danaë (Rembrandt)</rdfs:label>
    <rdfs:label xml:lang="en">Danaë (Rembrandt painting)</rdfs:label>
    <rdfs:label xml:lang="es">Dánae (Rembrandt)</rdfs:label>
    <rdfs:label xml:lang="ja">ダナエ (レンブラントの絵画)</rdfs:label>
    <foaf:depiction rdf:resource="http://upload.wikimedia.org/wikipedia/commons/8/88/Rembrandt_Harmensz._van_Rijn_026.jpg"/>
    <rdfs:comment xml:lang="nl">Danaë is een schilderij van Rembrandt van Rijn. Het bevindt zich in de Hermitage in Sint-Petersburg, Rusland. Het is een levensgrote afbeelding van Danaë uit de Griekse mythologie, de moeder van Perseus. Ze wordt vermoedelijk juist op het moment afgebeeld dat Zeus haar bezoekt in de vorm van goudstof. Het is een van Rembrandts mooiste schilderijen, maar het was waarschijnlijk door de grote afmetingen niet gemakkelijk te verkopen.</rdfs:comment>
    <rdfs:comment xml:lang="en">Danaë is Rembrandt's painting from the collection of Pierre Crozat which from the 18th century resides in the Hermitage Museum, St. Petersburg, Russia. It is a life-sized depiction of the character Danaë from Greek mythology, the mother of Perseus. She is presumably depicted as welcoming Zeus, who impregnated her in the form of a shower of gold.</rdfs:comment>
    <rdfs:comment xml:lang="ru">«Даная» — картина Рембрандта из коллекции Эрмитажа, написанная по мотивам древнегреческого мифа о Данае, матери Персея. Когда царь древнегреческого города Аргоса узнал о пророчестве, согласно которому ему суждено умереть от руки сына Данаи, своей дочери, он заключил её в подземелье и приставил к ней служанку. Бог Зевс, однако, проник к Данае в виде золотого дождя, после чего она родила сына Персея.</rdfs:comment>
    <rdfs:comment xml:lang="it">Danae è un dipinto ad olio su tela di cm 185 x 203 realizzato nel 1636, ma rimaneggiato successivamente, dal pittore Rembrandt Harmenszoon Van Rijn. È conservato al Museo dell'Ermitage di San Pietroburgo. L'opera è firmata e datata "REMB(…) F 1(…)6". Danae era stata rinchiusa dal padre Acrisio in seguito alla profezia che lo vedeva morto per mano del nipote.</rdfs:comment>
    <rdfs:comment xml:lang="ja">『ダナエ』（蘭: Danaë、露: Даная）は、オランダ黄金時代の画家レンブラント・ファン・レインが1636年に描いた絵画である。フランスの裕福な貿易商で美術コレクターのピエール・クロザ が18世紀に自身のコレクションに加えた作品で、現在はサンクトペテルブルクのエルミタージュ美術館が所蔵している。この絵画はレンブラントが初めて手がけた等身大ヌード画であり、彼の最高傑作の一つとも見なされているが、作品のサイズが大きかったためになかなか売却できずに長くレンブラントの手元にあったと考えられている。</rdfs:comment>
    <rdfs:comment xml:lang="pl">Danae – obraz Rembrandta, który powstał w roku 1636; później kilkakrotnie był przemalowywany przez Rembrandta. Znajdował się w słynnej kolekcji Pierre'a Crozata, która w 1772 roku została zakupiona przez Katarzynę II za pośrednictwem Denisa Diderota. Od tego czasu obraz znajduje się w Ermitażu w Sankt Petersburgu. Dzieło przedstawia mityczną piękność, Danae. Inspirowany jest obrazami Tycjana. 15 czerwca 1985 roku został oblany kwasem i pocięty nożem przez szaleńca.</rdfs:comment>
    <rdfs:comment xml:lang="es">Dánae es una pintura al óleo sobre lienzo realizada en 1636 pero modificada posteriormente del pintor Rembrandt. Se conserva en el Museo del Hermitage de San Petersburgo y está firmada y fechada así: "Remb (... ) F 1 (... ) 6. " Según la mitología griega, decepcionado por carecer de herederos varones, Acrisio consultó un oráculo para saber si esto cambiaría. El oráculo le dijo que fuese al fin de la Tierra donde sería asesinado por el hijo de su hija.</rdfs:comment>
    <foaf:name xml:lang="en">Danaë</foaf:name>
    <dbpedia-owl:thumbnail rdf:resource="http://upload.wikimedia.org/wikipedia/commons/thumb/8/88/Rembrandt_Harmensz._van_Rijn_026.jpg/200px-Rembrandt_Harmensz._van_Rijn_026.jpg"/>
    <dbpedia-owl:wikiPageExternalLink rdf:resource="http://www.hermitagemuseum.org/html_En/05/hm5_1_48.html"/>
    <dbpedia-owl:wikiPageExternalLink rdf:resource="http://www.viaartis.org/en/Rembrandt/PIC_Rembrandt-HERx1636.php"/>
    <dbpprop:artist rdf:resource="http://dbpedia.org/resource/Rembrandt"/>
    <dbpprop:city rdf:resource="http://dbpedia.org/resource/Saint_Petersburg"/>
    <dbpprop:height rdf:datatype="http://www.w3.org/2001/XMLSchema#integer">185</dbpprop:height>
    <dbpprop:imageFile xml:lang="en">Rembrandt_Harmensz._van_Rijn_026.jpg</dbpprop:imageFile>
    <dbpprop:museum rdf:resource="http://dbpedia.org/resource/Hermitage_Museum"/>
    <dbpprop:title xml:lang="en">Danaë</dbpprop:title>
    <dbpprop:width rdf:datatype="http://www.w3.org/2001/XMLSchema#integer">203</dbpprop:width>
    <dbpprop:year rdf:datatype="http://www.w3.org/2001/XMLSchema#integer">1636</dbpprop:year>
    <foaf:isPrimaryTopicOf rdf:resource="http://en.wikipedia.org/wiki/Danaë_(Rembrandt_painting)"/>
    <ns7:wasDerivedFrom rdf:resource="http://en.wikipedia.org/wiki/Danaë_(Rembrandt_painting)?oldid=544494965"/>
    <dbpprop:hasPhotoCollection rdf:resource="http://wifo5-03.informatik.uni-mannheim.de/flickrwrappr/photos/Danaë_(Rembrandt_painting)"/>
  </rdf:Description>
  <rdf:Description rdf:about="http://en.wikipedia.org/wiki/Danaë_(Rembrandt_painting)">
    <foaf:primaryTopic rdf:resource="http://dbpedia.org/resource/Dana%C3%AB_(Rembrandt_painting)"/>
  </rdf:Description>
  <rdf:Description rdf:about="http://dbpedia.org/resource/Danaë_(Rembrandt_painting)">
    <owl:sameAs rdf:resource="http://dbpedia.org/resource/Dana%C3%AB_(Rembrandt_painting)"/>
  </rdf:Description>
  <rdf:Description rdf:about="http://dbpedia.org/resource/Vandalism_of_Rembrandt_painting_Dana%C3%AB">
    <dbpedia-owl:wikiPageRedirects rdf:resource="http://dbpedia.org/resource/Dana%C3%AB_(Rembrandt_painting)"/>
  </rdf:Description>
  <rdf:Description rdf:about="http://dbpedia.org/resource/Dana%C3%AB_(Rembrandt)">
    <dbpedia-owl:wikiPageRedirects rdf:resource="http://dbpedia.org/resource/Dana%C3%AB_(Rembrandt_painting)"/>
  </rdf:Description>
  <rdf:Description rdf:about="http://dbpedia.org/resource/Danae_(painting)">
    <dbpedia-owl:wikiPageRedirects rdf:resource="http://dbpedia.org/resource/Dana%C3%AB_(Rembrandt_painting)"/>
  </rdf:Description>
  <rdf:Description rdf:about="http://dbpedia.org/resource/Dana%C3%AB_(disambiguation)">
    <dbpedia-owl:wikiPageDisambiguates rdf:resource="http://dbpedia.org/resource/Dana%C3%AB_(Rembrandt_painting)"/>
  </rdf:Description>
  <rdf:Description rdf:about="http://dbpedia.org/resource/Danae_(Rembrandt)">
    <dbpedia-owl:wikiPageRedirects rdf:resource="http://dbpedia.org/resource/Dana%C3%AB_(Rembrandt_painting)"/>
  </rdf:Description>
  <rdf:Description rdf:about="http://dbpedia.org/resource/Danae_(Rembrandt_painting)">
    <dbpedia-owl:wikiPageRedirects rdf:resource="http://dbpedia.org/resource/Dana%C3%AB_(Rembrandt_painting)"/>
  </rdf:Description>
</rdf:RDF>
