<rdf:RDF xmlns:ns7="http://www.w3.org/ns/prov#" xmlns:dbpprop="http://dbpedia.org/property/" xmlns:foaf="http://xmlns.com/foaf/0.1/" xmlns:dbpedia-owl="http://dbpedia.org/ontology/" xmlns:dcterms="http://purl.org/dc/terms/" xmlns:owl="http://www.w3.org/2002/07/owl#" xmlns:rdfs="http://www.w3.org/2000/01/rdf-schema#" xmlns:rdf="http://www.w3.org/1999/02/22-rdf-syntax-ns#">
  <rdf:Description rdf:about="http://en.wikipedia.org/wiki/Danaë_(Klimt_painting)">
    <foaf:primaryTopic rdf:resource="http://dbpedia.org/resource/Dana%C3%AB_(Klimt_painting)"/>
  </rdf:Description>
  <rdf:Description rdf:about="http://dbpedia.org/resource/Dana%C3%AB_(Klimt)">
    <dbpedia-owl:wikiPageRedirects rdf:resource="http://dbpedia.org/resource/Dana%C3%AB_(Klimt_painting)"/>
  </rdf:Description>
  <rdf:Description rdf:about="http://dbpedia.org/resource/Danae_(Klimt_painting)">
    <dbpedia-owl:wikiPageRedirects rdf:resource="http://dbpedia.org/resource/Dana%C3%AB_(Klimt_painting)"/>
  </rdf:Description>
  <rdf:Description rdf:about="http://dbpedia.org/resource/Dana%C3%AB_(disambiguation)">
    <dbpedia-owl:wikiPageDisambiguates rdf:resource="http://dbpedia.org/resource/Dana%C3%AB_(Klimt_painting)"/>
  </rdf:Description>
  <rdf:Description rdf:about="http://dbpedia.org/resource/Danaë_(Klimt_painting)">
    <owl:sameAs rdf:resource="http://dbpedia.org/resource/Dana%C3%AB_(Klimt_painting)"/>
  </rdf:Description>
  <rdf:Description rdf:about="http://dbpedia.org/resource/Dana%C3%AB_(Klimt_painting)">
    <rdf:type rdf:resource="http://dbpedia.org/class/yago/Artifact100021939"/>
    <rdf:type rdf:resource="http://dbpedia.org/ontology/Artwork"/>
    <rdf:type rdf:resource="http://dbpedia.org/class/yago/Painting103876519"/>
    <rdf:type rdf:resource="http://www.w3.org/2002/07/owl#Thing"/>
    <rdf:type rdf:resource="http://dbpedia.org/class/yago/Art102743547"/>
    <rdf:type rdf:resource="http://dbpedia.org/ontology/Work"/>
    <rdf:type rdf:resource="http://dbpedia.org/class/yago/Whole100003553"/>
    <rdf:type rdf:resource="http://dbpedia.org/class/yago/1907Paintings"/>
    <rdf:type rdf:resource="http://dbpedia.org/class/yago/PaintingsDepictingGreekMyths"/>
    <rdf:type rdf:resource="http://dbpedia.org/class/yago/Object100002684"/>
    <rdf:type rdf:resource="http://dbpedia.org/class/yago/PhysicalEntity100001930"/>
    <rdf:type rdf:resource="http://schema.org/CreativeWork"/>
    <rdf:type rdf:resource="http://dbpedia.org/class/yago/GraphicArt103453809"/>
    <rdf:type rdf:resource="http://dbpedia.org/class/yago/PaintingsByGustavKlimt"/>
    <rdf:type rdf:resource="http://dbpedia.org/class/yago/Creation103129123"/>
    <owl:sameAs rdf:resource="http://ja.dbpedia.org/resource/ダナエ_(クリムトの絵画)"/>
    <owl:sameAs rdf:resource="http://yago-knowledge.org/resource/Danaë_(Klimt_painting)"/>
    <owl:sameAs rdf:resource="http://it.dbpedia.org/resource/Danae_(Klimt)"/>
    <owl:sameAs rdf:resource="http://www.wikidata.org/entity/Q1445107"/>
    <owl:sameAs rdf:resource="http://dbpedia.org/resource/Dana%C3%AB_(Klimt_painting)"/>
    <owl:sameAs rdf:resource="http://rdf.freebase.com/ns/m.027k2xt"/>
    <owl:sameAs rdf:resource="http://pl.dbpedia.org/resource/Danae_(obraz_Gustava_Klimta)"/>
    <owl:sameAs rdf:resource="http://ru.dbpedia.org/resource/Даная_(картина_Климта,_1907—1908)"/>
    <dcterms:subject rdf:resource="http://dbpedia.org/resource/Category:Paintings_by_Gustav_Klimt"/>
    <dcterms:subject rdf:resource="http://dbpedia.org/resource/Category:Paintings_depicting_Greek_myths"/>
    <dcterms:subject rdf:resource="http://dbpedia.org/resource/Category:1907_paintings"/>
    <dbpedia-owl:abstract xml:lang="ru">«Даная» — картина Климта.</dbpedia-owl:abstract>
    <dbpedia-owl:abstract xml:lang="pl">Danae – obraz Gustava Klimta powstały w latach 1907-1908. Obraz ma temat mitologiczny: przedstawiona na nim Danae to córka króla Argos Akrizjosa, będąca obiektem uczuć Zeusa. Zeus by nie budzić zazdrości Hery odwiedzając Danae przybrał postać złotego deszczu; ta, zapłodniona deszczem, urodziła później Perseusza. Danae była też tematem obrazów m. in. Tycjana, Correggia, Rembrandta i Gustava Klimta. Klimt przedstawił Danae nagą, zwiniętą w kłębek i przeżywającą rozkosz w momencie gdy spada na nią złoty deszcz. Kompozycja obrazu jest bardzo geometryczna: kręta linia ciała Danae wyznacza deformującą perspektywę obrazu. Lewe udo kobiety zajmuje blisko czwartą część płótna, a brodawka lewej piersi stanowi centralny punkt obrazu. Lewa ręka Danae jest niewidoczna, co wzmacnia jeszcze wymowę obrazu, uważanego za jedno z najbardziej przepełnionych erotyzmem dzieł Klimta. Tak jak wiele innych kobiecych postaci malowanych przez niego, Danae jest ruda; włosy unoszą się swobodnie, jakby były pod wodą. Przypisy</dbpedia-owl:abstract>
    <dbpedia-owl:abstract xml:lang="ja">『ダナエ』（独: Danaë）は、帝政オーストリアの画家グスタフ・クリムトが1907年から1908年にかけて描いた油絵。77 x 83 cmのキャンバスに描かれ、現在はウィーンのGalerie Würthleに所蔵されている。</dbpedia-owl:abstract>
    <dbpedia-owl:abstract xml:lang="it">"Danae" è un dipinto ad olio su tela di cm 77 x 83 realizzato tra il 1907 e il 1908 dal pittore austriaco Gustav Klimt. Klimt affronta un soggetto tratto dalla mitologia greca antica: Danae fu fecondata nel sonno da Zeus, trasformatosi in pioggia d'oro. L'artista rinuncia alla consueta struttura verticale a favore di uno sviluppo ellittico. Infatti la donna è rappresentata rannicchiata in primo piano, ripiegata su sé stessa, avvolta in una forma circolare, che rimanda alla maternità e alla fertilità universale. Serenità e pace si leggono sul volto e nella posizione fetale della fanciulla. Danae diviene una fanciulla persa nel sonno e nella dimensione onirica, totalmente dimentica di sé e in balìa dei propri istinti sessuali. In nessun altro dipinto di Klimt la donna è così interamente identificata con la propria sessualità. Il corpo completamente abbandonato di Danae è circondato e ricoperto dai capelli, da un velo orientaleggiante e sulla sinistra da una pioggia d'oro. Nello scroscio della pioggia d'oro, che riecheggia di preziosismi bizantini, Klimt aggiunge un simbolo, un rettangolo verticale nero, che rappresenta il principio maschile. L'opera fa parte di una collezione privata.</dbpedia-owl:abstract>
    <dbpedia-owl:abstract xml:lang="en">Danaë is an oil painting by Gustav Klimt, created in 1907. An example of Symbolism, the canvas measures 77 x 83 cm, and is in the Galerie Würthle in Vienna. Danaë was a popular subject in the early 1900s for many artists; she was used as the quintessential symbol of divine love, and transcendence. While imprisoned by her father, King of Argos, in a tower of bronze, Danaë was visited by Zeus, symbolized here as the golden rain flowing between her legs. It is apparent from the subject's face that she is aroused by the golden stream. In this work, she is curled in a sumptuous royal purple veil which refers to her imperial lineage. Sometime after her celestial visitation she gave birth to a son, Perseus, who is cited later in Greek mythology for slaying the Gorgon Medusa and rescuing Andromeda. Many early portrayals of Danaë were erotic; other paintings completed in similar style are Klimt's Medicine (1900–1907), and ' (1904–1907).</dbpedia-owl:abstract>
    <dbpedia-owl:author rdf:resource="http://dbpedia.org/resource/Gustav_Klimt"/>
    <dbpedia-owl:museum rdf:resource="http://dbpedia.org/resource/Galerie_W%C3%BCrthle"/>
    <dbpedia-owl:wikiPageID rdf:datatype="http://www.w3.org/2001/XMLSchema#integer">8797751</dbpedia-owl:wikiPageID>
    <dbpedia-owl:wikiPageRevisionID rdf:datatype="http://www.w3.org/2001/XMLSchema#integer">541089825</dbpedia-owl:wikiPageRevisionID>
    <rdfs:label xml:lang="pl">Danae (obraz Gustava Klimta)</rdfs:label>
    <rdfs:label xml:lang="ja">ダナエ (クリムトの絵画)</rdfs:label>
    <rdfs:label xml:lang="it">Danae (Klimt)</rdfs:label>
    <rdfs:label xml:lang="ru">Даная (картина Климта, 1907—1908)</rdfs:label>
    <rdfs:label xml:lang="en">Danaë (Klimt painting)</rdfs:label>
    <foaf:depiction rdf:resource="http://upload.wikimedia.org/wikipedia/commons/c/c8/Gustav_Klimt_010.jpg"/>
    <rdfs:comment xml:lang="it">"Danae" è un dipinto ad olio su tela di cm 77 x 83 realizzato tra il 1907 e il 1908 dal pittore austriaco Gustav Klimt. Klimt affronta un soggetto tratto dalla mitologia greca antica: Danae fu fecondata nel sonno da Zeus, trasformatosi in pioggia d'oro. L'artista rinuncia alla consueta struttura verticale a favore di uno sviluppo ellittico.</rdfs:comment>
    <rdfs:comment xml:lang="ru">«Даная» — картина Климта.</rdfs:comment>
    <rdfs:comment xml:lang="en">Danaë is an oil painting by Gustav Klimt, created in 1907. An example of Symbolism, the canvas measures 77 x 83 cm, and is in the Galerie Würthle in Vienna. Danaë was a popular subject in the early 1900s for many artists; she was used as the quintessential symbol of divine love, and transcendence. While imprisoned by her father, King of Argos, in a tower of bronze, Danaë was visited by Zeus, symbolized here as the golden rain flowing between her legs.</rdfs:comment>
    <rdfs:comment xml:lang="pl">Danae – obraz Gustava Klimta powstały w latach 1907-1908. Obraz ma temat mitologiczny: przedstawiona na nim Danae to córka króla Argos Akrizjosa, będąca obiektem uczuć Zeusa. Zeus by nie budzić zazdrości Hery odwiedzając Danae przybrał postać złotego deszczu; ta, zapłodniona deszczem, urodziła później Perseusza. Danae była też tematem obrazów m. in. Tycjana, Correggia, Rembrandta i Gustava Klimta.</rdfs:comment>
    <rdfs:comment xml:lang="ja">『ダナエ』（独: Danaë）は、帝政オーストリアの画家グスタフ・クリムトが1907年から1908年にかけて描いた油絵。77 x 83 cmのキャンバスに描かれ、現在はウィーンのGalerie Würthleに所蔵されている。</rdfs:comment>
    <foaf:name xml:lang="en">Danae</foaf:name>
    <dbpedia-owl:thumbnail rdf:resource="http://upload.wikimedia.org/wikipedia/commons/thumb/c/c8/Gustav_Klimt_010.jpg/200px-Gustav_Klimt_010.jpg"/>
    <dbpprop:artist rdf:resource="http://dbpedia.org/resource/Gustav_Klimt"/>
    <dbpprop:city rdf:resource="http://dbpedia.org/resource/Vienna"/>
    <dbpprop:heightMetric rdf:datatype="http://www.w3.org/2001/XMLSchema#integer">77</dbpprop:heightMetric>
    <dbpprop:imageFile xml:lang="en">Gustav Klimt 010.jpg</dbpprop:imageFile>
    <dbpprop:imageSize rdf:datatype="http://www.w3.org/2001/XMLSchema#integer">330</dbpprop:imageSize>
    <dbpprop:imperialUnit xml:lang="en">in</dbpprop:imperialUnit>
    <dbpprop:metricUnit xml:lang="en">cm</dbpprop:metricUnit>
    <dbpprop:museum rdf:resource="http://dbpedia.org/resource/Galerie_W%C3%BCrthle"/>
    <dbpprop:title xml:lang="en">Danae</dbpprop:title>
    <dbpprop:widthMetric rdf:datatype="http://www.w3.org/2001/XMLSchema#integer">83</dbpprop:widthMetric>
    <foaf:isPrimaryTopicOf rdf:resource="http://en.wikipedia.org/wiki/Danaë_(Klimt_painting)"/>
    <ns7:wasDerivedFrom rdf:resource="http://en.wikipedia.org/wiki/Danaë_(Klimt_painting)?oldid=541089825"/>
    <dbpprop:hasPhotoCollection rdf:resource="http://wifo5-03.informatik.uni-mannheim.de/flickrwrappr/photos/Danaë_(Klimt_painting)"/>
  </rdf:Description>
</rdf:RDF>
