<rdf:RDF xmlns:dbpprop="http://dbpedia.org/property/" xmlns:ns6="http://www.w3.org/ns/prov#" xmlns:foaf="http://xmlns.com/foaf/0.1/" xmlns:dbpedia-owl="http://dbpedia.org/ontology/" xmlns:dcterms="http://purl.org/dc/terms/" xmlns:owl="http://www.w3.org/2002/07/owl#" xmlns:rdfs="http://www.w3.org/2000/01/rdf-schema#" xmlns:rdf="http://www.w3.org/1999/02/22-rdf-syntax-ns#">
  <rdf:Description rdf:about="http://dbpedia.org/resource/Dance_of_Salome_(paintings)">
    <rdf:type rdf:resource="http://dbpedia.org/class/yago/Art102743547"/>
    <rdf:type rdf:resource="http://dbpedia.org/class/yago/Creation103129123"/>
    <rdf:type rdf:resource="http://dbpedia.org/class/yago/1995Paintings"/>
    <rdf:type rdf:resource="http://dbpedia.org/class/yago/Object100002684"/>
    <rdf:type rdf:resource="http://dbpedia.org/class/yago/Painting103876519"/>
    <rdf:type rdf:resource="http://dbpedia.org/class/yago/Oeuvre103841417"/>
    <rdf:type rdf:resource="http://dbpedia.org/class/yago/Product104007894"/>
    <rdf:type rdf:resource="http://dbpedia.org/class/yago/PaintingsWithBiblicalThemes"/>
    <rdf:type rdf:resource="http://dbpedia.org/class/yago/WorksBasedOnTheBible"/>
    <rdf:type rdf:resource="http://dbpedia.org/class/yago/1988Paintings"/>
    <rdf:type rdf:resource="http://dbpedia.org/class/yago/PhysicalEntity100001930"/>
    <rdf:type rdf:resource="http://dbpedia.org/class/yago/EndProduct103287178"/>
    <rdf:type rdf:resource="http://dbpedia.org/class/yago/Artifact100021939"/>
    <rdf:type rdf:resource="http://dbpedia.org/class/yago/ModernPaintings"/>
    <rdf:type rdf:resource="http://dbpedia.org/class/yago/GraphicArt103453809"/>
    <rdf:type rdf:resource="http://dbpedia.org/class/yago/Whole100003553"/>
    <owl:sameAs rdf:resource="http://yago-knowledge.org/resource/Dance_of_Salome_(paintings)"/>
    <owl:sameAs rdf:resource="http://rdf.freebase.com/ns/m.0gtvq24"/>
    <owl:sameAs rdf:resource="http://www.wikidata.org/entity/Q5215266"/>
    <owl:sameAs rdf:resource="http://dbpedia.org/resource/Dance_of_Salome_(paintings)"/>
    <dcterms:subject rdf:resource="http://dbpedia.org/resource/Category:Modern_paintings"/>
    <dcterms:subject rdf:resource="http://dbpedia.org/resource/Category:Works_based_on_the_Bible"/>
    <dcterms:subject rdf:resource="http://dbpedia.org/resource/Category:Adaptations_of_works_by_Oscar_Wilde"/>
    <dcterms:subject rdf:resource="http://dbpedia.org/resource/Category:Paintings_with_biblical_themes"/>
    <dcterms:subject rdf:resource="http://dbpedia.org/resource/Category:Painting_series"/>
    <dcterms:subject rdf:resource="http://dbpedia.org/resource/Category:1995_paintings"/>
    <dcterms:subject rdf:resource="http://dbpedia.org/resource/Category:Painting_stubs"/>
    <dcterms:subject rdf:resource="http://dbpedia.org/resource/Category:1988_paintings"/>
    <dbpedia-owl:abstract xml:lang="en">The Dance of Salomé is the title of a series of 160 works consisting of 85 paintings and 75 drawings created by Nabil Kanso in 1988 and 1995. It is based on biblical and literary works with particular reference to Oscar Wilde’s drama (1893) and Richard Strauss’s opera (1905). The primary subject of all the works in the series is Salomé who is depicted in a sequence of scenes reflecting various nuances of perception in distinctive dance movement.</dbpedia-owl:abstract>
    <dbpedia-owl:wikiPageID rdf:datatype="http://www.w3.org/2001/XMLSchema#integer">31845025</dbpedia-owl:wikiPageID>
    <dbpedia-owl:wikiPageRevisionID rdf:datatype="http://www.w3.org/2001/XMLSchema#integer">517849438</dbpedia-owl:wikiPageRevisionID>
    <rdfs:label xml:lang="en">Dance of Salome (paintings)</rdfs:label>
    <foaf:depiction rdf:resource="http://upload.wikimedia.org/wikipedia/commons/e/ed/Dance_of_Salome_88.jpg"/>
    <rdfs:comment xml:lang="en">The Dance of Salomé is the title of a series of 160 works consisting of 85 paintings and 75 drawings created by Nabil Kanso in 1988 and 1995. It is based on biblical and literary works with particular reference to Oscar Wilde’s drama (1893) and Richard Strauss’s opera (1905). The primary subject of all the works in the series is Salomé who is depicted in a sequence of scenes reflecting various nuances of perception in distinctive dance movement.</rdfs:comment>
    <dbpedia-owl:thumbnail rdf:resource="http://upload.wikimedia.org/wikipedia/commons/thumb/e/ed/Dance_of_Salome_88.jpg/200px-Dance_of_Salome_88.jpg"/>
    <dbpedia-owl:wikiPageExternalLink rdf:resource="http://orientalism.us/salomepaintings.html"/>
    <foaf:isPrimaryTopicOf rdf:resource="http://en.wikipedia.org/wiki/Dance_of_Salome_(paintings)"/>
    <ns6:wasDerivedFrom rdf:resource="http://en.wikipedia.org/wiki/Dance_of_Salome_(paintings)?oldid=517849438"/>
    <dbpprop:hasPhotoCollection rdf:resource="http://wifo5-03.informatik.uni-mannheim.de/flickrwrappr/photos/Dance_of_Salome_(paintings)"/>
  </rdf:Description>
  <rdf:Description rdf:about="http://en.wikipedia.org/wiki/Dance_of_Salome_(paintings)">
    <foaf:primaryTopic rdf:resource="http://dbpedia.org/resource/Dance_of_Salome_(paintings)"/>
  </rdf:Description>
  <rdf:Description rdf:about="http://dbpedia.org/resource/The_Dance_of_Salome">
    <dbpedia-owl:wikiPageRedirects rdf:resource="http://dbpedia.org/resource/Dance_of_Salome_(paintings)"/>
  </rdf:Description>
  <rdf:Description rdf:about="http://wikidata.dbpedia.org/resource/Q5215266">
    <owl:sameAs rdf:resource="http://dbpedia.org/resource/Dance_of_Salome_(paintings)"/>
  </rdf:Description>
</rdf:RDF>
