<rdf:RDF xmlns:ns7="http://www.w3.org/ns/prov#" xmlns:dbpprop="http://dbpedia.org/property/" xmlns:foaf="http://xmlns.com/foaf/0.1/" xmlns:dbpedia-owl="http://dbpedia.org/ontology/" xmlns:dcterms="http://purl.org/dc/terms/" xmlns:owl="http://www.w3.org/2002/07/owl#" xmlns:rdfs="http://www.w3.org/2000/01/rdf-schema#" xmlns:rdf="http://www.w3.org/1999/02/22-rdf-syntax-ns#">
  <rdf:Description rdf:about="http://dbpedia.org/resource/Dante's_Dream">
    <rdf:type rdf:resource="http://dbpedia.org/class/yago/Artifact100021939"/>
    <rdf:type rdf:resource="http://dbpedia.org/class/yago/Creation103129123"/>
    <rdf:type rdf:resource="http://dbpedia.org/class/yago/PaintingsOfTheWalkerArtGalleryLiverpool"/>
    <rdf:type rdf:resource="http://dbpedia.org/class/yago/Painting103876519"/>
    <rdf:type rdf:resource="http://dbpedia.org/class/yago/1871Paintings"/>
    <rdf:type rdf:resource="http://dbpedia.org/class/yago/PaintingsByDanteGabrielRossetti"/>
    <rdf:type rdf:resource="http://dbpedia.org/class/yago/PhysicalEntity100001930"/>
    <rdf:type rdf:resource="http://dbpedia.org/class/yago/Object100002684"/>
    <rdf:type rdf:resource="http://dbpedia.org/class/yago/Pre-RaphaelitePaintings"/>
    <rdf:type rdf:resource="http://dbpedia.org/class/yago/GraphicArt103453809"/>
    <rdf:type rdf:resource="http://dbpedia.org/class/yago/PaintingsAboutDeath"/>
    <rdf:type rdf:resource="http://schema.org/CreativeWork"/>
    <rdf:type rdf:resource="http://dbpedia.org/ontology/Artwork"/>
    <rdf:type rdf:resource="http://dbpedia.org/class/yago/Art102743547"/>
    <rdf:type rdf:resource="http://www.w3.org/2002/07/owl#Thing"/>
    <rdf:type rdf:resource="http://dbpedia.org/class/yago/Whole100003553"/>
    <rdf:type rdf:resource="http://dbpedia.org/ontology/Work"/>
    <owl:sameAs rdf:resource="http://uk.dbpedia.org/resource/Мрія_Данте"/>
    <owl:sameAs rdf:resource="http://dbpedia.org/resource/Dante's_Dream"/>
    <owl:sameAs rdf:resource="http://www.wikidata.org/entity/Q632603"/>
    <owl:sameAs rdf:resource="http://rdf.freebase.com/ns/m.0514m00"/>
    <owl:sameAs rdf:resource="http://yago-knowledge.org/resource/Dante's_Dream"/>
    <dcterms:subject rdf:resource="http://dbpedia.org/resource/Category:1871_paintings"/>
    <dcterms:subject rdf:resource="http://dbpedia.org/resource/Category:Dante_Alighieri"/>
    <dcterms:subject rdf:resource="http://dbpedia.org/resource/Category:Paintings_by_Dante_Gabriel_Rossetti"/>
    <dcterms:subject rdf:resource="http://dbpedia.org/resource/Category:Paintings_of_the_Walker_Art_Gallery_Liverpool"/>
    <dcterms:subject rdf:resource="http://dbpedia.org/resource/Category:Paintings_about_death"/>
    <dbpedia-owl:abstract xml:lang="en">Dante's Dream (full title Dante's Dream at the Time of the Death of Beatrice) is a painting from 1871 by the English Pre-Raphaelite painter Dante Gabriel Rossetti. It hangs in the Walker Art Gallery, Liverpool, Merseyside, England. Rossetti had a lifelong interest in the Italian poet Dante Alighieri. The painting was inspired by Dante's poem La Vita Nuova. In this poem Dante dreams that he is led to the death-bed of Beatrice Portinari, who was the object of his unfulfilled love. Dante, in black, stands looking towards the dying Beatrice who is lying on a bed. Two female figures in green hold a canopy over her. An angel in red holds Dante's hand and leans forward to kiss Beatrice. In the painting, Rossetti creates a visionary world with complex symbols. The symbols include the green clothes of Beatrice's attendants, signifying hope; spring flowers in the foreground symbolising purity; and red doves for love. It is Rossetti's largest painting. The model for Beatrice was Jane Morris, the wife of William Morris. The Walker Art Gallery bought the painting directly from the artist in 1881 for £1575 (£ as of 2013). In 1897 it was sent to Berlin to be photographed, but was then noted to be "in a dirty condition". Again in 1904 the painting was noted to be in "a bad condition" and it was considered that its condition had been worsened by its journey to and from Berlin. The painting was sent in 1908 to the National Gallery in London to be relined, that is, for a new canvas to the glued to the original. It was then returned to Liverpool. During the Second World War, it was removed from its stretcher, rolled and stored in the basement of the gallery. In 1941 the painting was moved, together with other large paintings from the gallery, to Ellesmere College in Shropshire. It was noted at this time that it had sustained some damage. Conservation work was carried out on the painting in 1960 and in 1985. Dante's Dream is a painting in oil on canvas, measuring 216 centimetres by 312.4 centimetres . It was examined in 2003 and found to be in good condition, with no evidence of any recurrence of the former problems.</dbpedia-owl:abstract>
    <dbpedia-owl:author rdf:resource="http://dbpedia.org/resource/Dante_Gabriel_Rossetti"/>
    <dbpedia-owl:museum rdf:resource="http://dbpedia.org/resource/Walker_Art_Gallery"/>
    <dbpedia-owl:wikiPageID rdf:datatype="http://www.w3.org/2001/XMLSchema#integer">27086959</dbpedia-owl:wikiPageID>
    <dbpedia-owl:wikiPageRevisionID rdf:datatype="http://www.w3.org/2001/XMLSchema#integer">546335697</dbpedia-owl:wikiPageRevisionID>
    <rdfs:label xml:lang="en">Dante's Dream</rdfs:label>
    <foaf:depiction rdf:resource="http://upload.wikimedia.org/wikipedia/commons/6/6a/Dante's_Dream_at_the_Time_of_the_Death_of_Beatrice_by_Dante_Gabriel_Rossetti.jpg"/>
    <rdfs:comment xml:lang="en">Dante's Dream (full title Dante's Dream at the Time of the Death of Beatrice) is a painting from 1871 by the English Pre-Raphaelite painter Dante Gabriel Rossetti. It hangs in the Walker Art Gallery, Liverpool, Merseyside, England. Rossetti had a lifelong interest in the Italian poet Dante Alighieri. The painting was inspired by Dante's poem La Vita Nuova. In this poem Dante dreams that he is led to the death-bed of Beatrice Portinari, who was the object of his unfulfilled love.</rdfs:comment>
    <foaf:name xml:lang="en">Death of Beatrice</foaf:name>
    <foaf:name xml:lang="en">Dante's Dream at the Time of the</foaf:name>
    <dbpedia-owl:thumbnail rdf:resource="http://upload.wikimedia.org/wikipedia/commons/thumb/6/6a/Dante's_Dream_at_the_Time_of_the_Death_of_Beatrice_by_Dante_Gabriel_Rossetti.jpg/200px-Dante's_Dream_at_the_Time_of_the_Death_of_Beatrice_by_Dante_Gabriel_Rossetti.jpg"/>
    <dbpprop:artist rdf:resource="http://dbpedia.org/resource/Dante_Gabriel_Rossetti"/>
    <dbpprop:city rdf:resource="http://dbpedia.org/resource/Liverpool"/>
    <dbpprop:heightMetric rdf:datatype="http://www.w3.org/2001/XMLSchema#integer">216</dbpprop:heightMetric>
    <dbpprop:imageFile xml:lang="en">Dante's Dream at the Time of the Death of Beatrice by Dante Gabriel Rossetti.jpg</dbpprop:imageFile>
    <dbpprop:imageSize rdf:datatype="http://www.w3.org/2001/XMLSchema#integer">300</dbpprop:imageSize>
    <dbpprop:metricUnit xml:lang="en">cm</dbpprop:metricUnit>
    <dbpprop:museum rdf:resource="http://dbpedia.org/resource/Walker_Art_Gallery"/>
    <dbpprop:title xml:lang="en">Dante's Dream at the Time of the</dbpprop:title>
    <dbpprop:title xml:lang="en">Death of Beatrice</dbpprop:title>
    <dbpprop:type rdf:resource="http://dbpedia.org/resource/Oil_painting"/>
    <dbpprop:widthMetric rdf:datatype="http://www.w3.org/2001/XMLSchema#double">312.4</dbpprop:widthMetric>
    <dbpprop:year rdf:datatype="http://www.w3.org/2001/XMLSchema#integer">1871</dbpprop:year>
    <foaf:isPrimaryTopicOf rdf:resource="http://en.wikipedia.org/wiki/Dante's_Dream"/>
    <ns7:wasDerivedFrom rdf:resource="http://en.wikipedia.org/wiki/Dante's_Dream?oldid=546335697"/>
    <dbpprop:hasPhotoCollection rdf:resource="http://wifo5-03.informatik.uni-mannheim.de/flickrwrappr/photos/Dante's_Dream"/>
  </rdf:Description>
  <rdf:Description rdf:about="http://en.wikipedia.org/wiki/Dante's_Dream">
    <foaf:primaryTopic rdf:resource="http://dbpedia.org/resource/Dante's_Dream"/>
  </rdf:Description>
  <rdf:Description rdf:about="http://dbpedia.org/resource/Dante's_Dream_at_the_Time_of_the_Death_of_Beatrice">
    <dbpedia-owl:wikiPageRedirects rdf:resource="http://dbpedia.org/resource/Dante's_Dream"/>
  </rdf:Description>
  <rdf:Description rdf:about="http://dbpedia.org/resource/Dante's_Dream_on_the_Day_of_the_Death_of_Beatrice:_9th_of_June,_1290">
    <dbpedia-owl:wikiPageRedirects rdf:resource="http://dbpedia.org/resource/Dante's_Dream"/>
  </rdf:Description>
  <rdf:Description rdf:about="http://wikidata.dbpedia.org/resource/Q632603">
    <owl:sameAs rdf:resource="http://dbpedia.org/resource/Dante's_Dream"/>
  </rdf:Description>
  <rdf:Description rdf:about="http://uk.dbpedia.org/resource/Мрія_Данте">
    <owl:sameAs rdf:resource="http://dbpedia.org/resource/Dante's_Dream"/>
  </rdf:Description>
</rdf:RDF>
