<rdf:RDF xmlns:ns7="http://www.w3.org/ns/prov#" xmlns:dbpprop="http://dbpedia.org/property/" xmlns:foaf="http://xmlns.com/foaf/0.1/" xmlns:dbpedia-owl="http://dbpedia.org/ontology/" xmlns:dcterms="http://purl.org/dc/terms/" xmlns:owl="http://www.w3.org/2002/07/owl#" xmlns:rdfs="http://www.w3.org/2000/01/rdf-schema#" xmlns:rdf="http://www.w3.org/1999/02/22-rdf-syntax-ns#">
  <rdf:Description rdf:about="http://es.dbpedia.org/resource/Virgen_del_burgomaestre_Meyer">
    <owl:sameAs rdf:resource="http://dbpedia.org/resource/Darmstadt_Madonna"/>
  </rdf:Description>
  <rdf:Description rdf:about="http://de.dbpedia.org/resource/Darmstädter_Madonna">
    <owl:sameAs rdf:resource="http://dbpedia.org/resource/Darmstadt_Madonna"/>
  </rdf:Description>
  <rdf:Description rdf:about="http://en.wikipedia.org/wiki/Darmstadt_Madonna">
    <foaf:primaryTopic rdf:resource="http://dbpedia.org/resource/Darmstadt_Madonna"/>
  </rdf:Description>
  <rdf:Description rdf:about="http://fr.dbpedia.org/resource/La_Vierge_et_l'Enfant_avec_la_famille_du_bourgmestre_Meyer">
    <owl:sameAs rdf:resource="http://dbpedia.org/resource/Darmstadt_Madonna"/>
  </rdf:Description>
  <rdf:Description rdf:about="http://dbpedia.org/resource/Darmstadt_Madonna">
    <rdf:type rdf:resource="http://dbpedia.org/class/yago/PaintingsByHansHolbeinTheYounger"/>
    <rdf:type rdf:resource="http://www.w3.org/2002/07/owl#Thing"/>
    <rdf:type rdf:resource="http://dbpedia.org/class/yago/Object100002684"/>
    <rdf:type rdf:resource="http://dbpedia.org/class/yago/Creation103129123"/>
    <rdf:type rdf:resource="http://dbpedia.org/class/yago/Painting103876519"/>
    <rdf:type rdf:resource="http://dbpedia.org/class/yago/Artifact100021939"/>
    <rdf:type rdf:resource="http://dbpedia.org/class/yago/Whole100003553"/>
    <rdf:type rdf:resource="http://dbpedia.org/ontology/Work"/>
    <rdf:type rdf:resource="http://dbpedia.org/class/yago/PaintingsOfTheVirginMary"/>
    <rdf:type rdf:resource="http://dbpedia.org/class/yago/Art102743547"/>
    <rdf:type rdf:resource="http://dbpedia.org/class/yago/1526Paintings"/>
    <rdf:type rdf:resource="http://dbpedia.org/class/yago/PhysicalEntity100001930"/>
    <rdf:type rdf:resource="http://dbpedia.org/ontology/Artwork"/>
    <rdf:type rdf:resource="http://dbpedia.org/class/yago/GraphicArt103453809"/>
    <rdf:type rdf:resource="http://schema.org/CreativeWork"/>
    <owl:sameAs rdf:resource="http://es.dbpedia.org/resource/Virgen_del_burgomaestre_Meyer"/>
    <owl:sameAs rdf:resource="http://yago-knowledge.org/resource/Darmstadt_Madonna"/>
    <owl:sameAs rdf:resource="http://dbpedia.org/resource/Darmstadt_Madonna"/>
    <owl:sameAs rdf:resource="http://de.dbpedia.org/resource/Darmstädter_Madonna"/>
    <owl:sameAs rdf:resource="http://www.wikidata.org/entity/Q455319"/>
    <owl:sameAs rdf:resource="http://rdf.freebase.com/ns/m.0bwm9lv"/>
    <owl:sameAs rdf:resource="http://als.dbpedia.org/resource/Darmstädter_Madonna"/>
    <owl:sameAs rdf:resource="http://ko.dbpedia.org/resource/다름슈타트_마돈나"/>
    <owl:sameAs rdf:resource="http://fr.dbpedia.org/resource/La_Vierge_et_l'Enfant_avec_la_famille_du_bourgmestre_Meyer"/>
    <dcterms:subject rdf:resource="http://dbpedia.org/resource/Category:1526_paintings"/>
    <dcterms:subject rdf:resource="http://dbpedia.org/resource/Category:Paintings_by_Hans_Holbein_the_Younger"/>
    <dcterms:subject rdf:resource="http://dbpedia.org/resource/Category:Paintings_of_the_Madonna_and_Child"/>
    <dbpedia-owl:abstract xml:lang="de">Die Darmstädter Madonna (auch Madonna des Bürgermeisters Meyer) ist ein Gemälde von Hans Holbein dem Jüngeren (1497–1543). Das Bild entstand 1526 in Basel. Es zeigt den Auftraggeber, den Basler Bürgermeister Jakob Meyer zum Hasen, sowohl mit seiner bereits verstorbenen als auch seiner damaligen Frau sowie mit seiner Tochter, die alle um die in der Mitte thronende Maria mit dem Jesuskind gruppiert sind. Die Bedeutung der weiteren männlichen Personen auf der linken Seite ist, wie auch die gesamte Ikonographie des Bildes, noch nicht endgültig geklärt. Das Bild gilt als Glaubensbekenntnis des katholischen, antireformatorisch eingestellten Bürgermeisters. Das Gemälde vereint Einflüsse der italienischen religiösen Renaissancemalerei mit Elementen der altniederländischen Porträtmalerei. Ehemals im Schlossmuseum Darmstadt ausgestellt, wovon sich seine populäre Benennung ableitet, befand sich das Bild seit 2004 als befristete Leihgabe im Städelschen Kunstinstitut in Frankfurt am Main. 2011 verkaufte die Hessische Hausstiftung das Werk an den Unternehmer und Kunstsammler Reinhold Würth. Seit Januar 2012 hängt das Gemälde in der Johanniterhalle in Schwäbisch Hall. Das Gemälde ist als Kulturgut im baden-württembergischen Verzeichnis national wertvoller Kulturgüter registriert und darf daher nicht aus Deutschland ausgeführt werden.</dbpedia-owl:abstract>
    <dbpedia-owl:abstract xml:lang="en">The Darmstadt Madonna (also known as the Madonna of Jakob Meyer zum Hasen) is an oil painting by Hans Holbein the Younger. Completed in 1526 in Basel, the work shows the Bürgermeister of Basel Jakob Meyer zum Hasen, his first wife (who had died earlier), his current wife, and his daughter grouped around the Madonna and infant Jesus. The meaning of the two other male figures on the left side is, like the overall iconography of the image, not entirely clear. The image testified to the resolutely Catholic faith of the Bürgermeister, who actively opposed the Reformation. The painting was influenced by Italian Renaissance religious painting, with elements of Netherlandish portrait painting. Earlier located in Darmstadt, whence its title, the work has been on temporary loan to the Städelschen Kunstinstitut in Frankfurt am Main since 2004 and until 2011. As of 2012, the painting is at display in the Johanniterkirche in Schwäbisch Hall.</dbpedia-owl:abstract>
    <dbpedia-owl:abstract xml:lang="es">La Virgen del burgomaestre Meyer, también conocida como Madona del burgomaestre Jakob Meyer o Madona de Darmstadt es una pintura de Hans Holbein el Joven. Esta pintura pertenece a la Hessische Hausstiftung (Fundación Hessiana). Normalmente se encuentra en el Palacio del Gran Duque de Darmstadt, de donde deriva su nombre popular de Madona de Darmstadt (en alemán, Darmstädter Madonna). No obstante, durante el período 2004-2008 se encuentra en préstamo limitado en el Museo Städel de Fráncfort del Meno. Se trata de un óleo sobre madera de conífera con unas dimensiones de 144 centímetros de alto y 101 de ancho. La madera en concreto sería de abeto, según Imdahl en el catálogo de la exposición de 2004. En el Städel se define al cuadro como óleo en madera de tilo. El catálogo de la exposición Holbein. Los años en Basilea se refiere a este material como madera resinosa. Su datación no es segura, se cree que fue un encargo realizado entre los años 1526 y 1529.</dbpedia-owl:abstract>
    <dbpedia-owl:abstract xml:lang="fr">La Vierge et l'Enfant avec la famille du bourgmestre Meyer, également appelée Madone de Darmstadt ou encore Madone au manteau de Grâce, est un tableau du peintre allemand Hans Holbein le Jeune (1497-1543). Réalisé entre 1526 et 1528 à Bâle, ce tableau est considéré comme l’œuvre maitresse d'Holbein le Jeune. Ce retable, une huile sur bois de 146,5 × 102 cm, a longtemps été exposé au Schlossmuseum de Darmstadt, avant d'être prêté au Städel Museum de Francfort, puis finalement acquis par un collectionneur particulier en 2011.</dbpedia-owl:abstract>
    <dbpedia-owl:author rdf:resource="http://dbpedia.org/resource/Hans_Holbein_the_Younger"/>
    <dbpedia-owl:wikiPageID rdf:datatype="http://www.w3.org/2001/XMLSchema#integer">27250649</dbpedia-owl:wikiPageID>
    <dbpedia-owl:wikiPageRevisionID rdf:datatype="http://www.w3.org/2001/XMLSchema#integer">545910243</dbpedia-owl:wikiPageRevisionID>
    <rdfs:label xml:lang="en">Darmstadt Madonna</rdfs:label>
    <rdfs:label xml:lang="fr">La Vierge et l'Enfant avec la famille du bourgmestre Meyer</rdfs:label>
    <rdfs:label xml:lang="de">Darmstädter Madonna</rdfs:label>
    <rdfs:label xml:lang="es">Virgen del burgomaestre Meyer</rdfs:label>
    <foaf:depiction rdf:resource="http://upload.wikimedia.org/wikipedia/commons/4/4e/Darmstadtmadonna.jpg"/>
    <rdfs:comment xml:lang="es">La Virgen del burgomaestre Meyer, también conocida como Madona del burgomaestre Jakob Meyer o Madona de Darmstadt es una pintura de Hans Holbein el Joven. Esta pintura pertenece a la Hessische Hausstiftung (Fundación Hessiana). Normalmente se encuentra en el Palacio del Gran Duque de Darmstadt, de donde deriva su nombre popular de Madona de Darmstadt (en alemán, Darmstädter Madonna).</rdfs:comment>
    <rdfs:comment xml:lang="fr">La Vierge et l'Enfant avec la famille du bourgmestre Meyer, également appelée Madone de Darmstadt ou encore Madone au manteau de Grâce, est un tableau du peintre allemand Hans Holbein le Jeune (1497-1543). Réalisé entre 1526 et 1528 à Bâle, ce tableau est considéré comme l’œuvre maitresse d'Holbein le Jeune.</rdfs:comment>
    <rdfs:comment xml:lang="de">Die Darmstädter Madonna (auch Madonna des Bürgermeisters Meyer) ist ein Gemälde von Hans Holbein dem Jüngeren (1497–1543). Das Bild entstand 1526 in Basel. Es zeigt den Auftraggeber, den Basler Bürgermeister Jakob Meyer zum Hasen, sowohl mit seiner bereits verstorbenen als auch seiner damaligen Frau sowie mit seiner Tochter, die alle um die in der Mitte thronende Maria mit dem Jesuskind gruppiert sind.</rdfs:comment>
    <rdfs:comment xml:lang="en">The Darmstadt Madonna (also known as the Madonna of Jakob Meyer zum Hasen) is an oil painting by Hans Holbein the Younger. Completed in 1526 in Basel, the work shows the Bürgermeister of Basel Jakob Meyer zum Hasen, his first wife (who had died earlier), his current wife, and his daughter grouped around the Madonna and infant Jesus. The meaning of the two other male figures on the left side is, like the overall iconography of the image, not entirely clear.</rdfs:comment>
    <foaf:name xml:lang="en">Darmstadt madonna</foaf:name>
    <dbpedia-owl:thumbnail rdf:resource="http://upload.wikimedia.org/wikipedia/commons/thumb/4/4e/Darmstadtmadonna.jpg/200px-Darmstadtmadonna.jpg"/>
    <dbpprop:artist rdf:resource="http://dbpedia.org/resource/Hans_Holbein_the_Younger"/>
    <dbpprop:heightMetric rdf:datatype="http://www.w3.org/2001/XMLSchema#double">146.5</dbpprop:heightMetric>
    <dbpprop:imageFile xml:lang="en">Darmstadtmadonna.jpg</dbpprop:imageFile>
    <dbpprop:imageSize rdf:datatype="http://www.w3.org/2001/XMLSchema#integer">200</dbpprop:imageSize>
    <dbpprop:otherLanguage xml:lang="en">German</dbpprop:otherLanguage>
    <dbpprop:otherTitle xml:lang="en">Darmstädter Madonna</dbpprop:otherTitle>
    <dbpprop:paintingAlignment xml:lang="en">right</dbpprop:paintingAlignment>
    <dbpprop:title xml:lang="en">Darmstadt madonna</dbpprop:title>
    <dbpprop:type rdf:resource="http://dbpedia.org/resource/Oil_painting"/>
    <dbpprop:widthMetric rdf:datatype="http://www.w3.org/2001/XMLSchema#integer">102</dbpprop:widthMetric>
    <dbpprop:year rdf:datatype="http://www.w3.org/2001/XMLSchema#integer">1526</dbpprop:year>
    <foaf:isPrimaryTopicOf rdf:resource="http://en.wikipedia.org/wiki/Darmstadt_Madonna"/>
    <ns7:wasDerivedFrom rdf:resource="http://en.wikipedia.org/wiki/Darmstadt_Madonna?oldid=545910243"/>
    <dbpprop:hasPhotoCollection rdf:resource="http://wifo5-03.informatik.uni-mannheim.de/flickrwrappr/photos/Darmstadt_Madonna"/>
  </rdf:Description>
  <rdf:Description rdf:about="http://ko.dbpedia.org/resource/다름슈타트_마돈나">
    <owl:sameAs rdf:resource="http://dbpedia.org/resource/Darmstadt_Madonna"/>
  </rdf:Description>
  <rdf:Description rdf:about="http://dbpedia.org/resource/Meyer_Madonna">
    <dbpedia-owl:wikiPageRedirects rdf:resource="http://dbpedia.org/resource/Darmstadt_Madonna"/>
  </rdf:Description>
  <rdf:Description rdf:about="http://wikidata.dbpedia.org/resource/Q455319">
    <owl:sameAs rdf:resource="http://dbpedia.org/resource/Darmstadt_Madonna"/>
  </rdf:Description>
  <rdf:Description rdf:about="http://als.dbpedia.org/resource/Darmstädter_Madonna">
    <owl:sameAs rdf:resource="http://dbpedia.org/resource/Darmstadt_Madonna"/>
  </rdf:Description>
</rdf:RDF>
