<rdf:RDF xmlns:ns7="http://www.w3.org/ns/prov#" xmlns:dbpprop="http://dbpedia.org/property/" xmlns:foaf="http://xmlns.com/foaf/0.1/" xmlns:dbpedia-owl="http://dbpedia.org/ontology/" xmlns:dcterms="http://purl.org/dc/terms/" xmlns:owl="http://www.w3.org/2002/07/owl#" xmlns:rdfs="http://www.w3.org/2000/01/rdf-schema#" xmlns:rdf="http://www.w3.org/1999/02/22-rdf-syntax-ns#">
  <rdf:Description rdf:about="http://dbpedia.org/resource/Daybreak">
    <dbpedia-owl:wikiPageDisambiguates rdf:resource="http://dbpedia.org/resource/Daybreak_(painting)"/>
  </rdf:Description>
  <rdf:Description rdf:about="http://dbpedia.org/resource/Daybreak_(painting)">
    <rdf:type rdf:resource="http://dbpedia.org/ontology/Artwork"/>
    <rdf:type rdf:resource="http://dbpedia.org/class/yago/GraphicArt103453809"/>
    <rdf:type rdf:resource="http://www.w3.org/2002/07/owl#Thing"/>
    <rdf:type rdf:resource="http://dbpedia.org/class/yago/1922Paintings"/>
    <rdf:type rdf:resource="http://dbpedia.org/ontology/Work"/>
    <rdf:type rdf:resource="http://dbpedia.org/class/yago/Artifact100021939"/>
    <rdf:type rdf:resource="http://dbpedia.org/class/yago/Whole100003553"/>
    <rdf:type rdf:resource="http://dbpedia.org/class/yago/AmericanPaintings"/>
    <rdf:type rdf:resource="http://dbpedia.org/class/yago/Creation103129123"/>
    <rdf:type rdf:resource="http://dbpedia.org/class/yago/Painting103876519"/>
    <rdf:type rdf:resource="http://dbpedia.org/class/yago/Object100002684"/>
    <rdf:type rdf:resource="http://dbpedia.org/class/yago/PhysicalEntity100001930"/>
    <rdf:type rdf:resource="http://schema.org/CreativeWork"/>
    <rdf:type rdf:resource="http://dbpedia.org/class/yago/Art102743547"/>
    <owl:sameAs rdf:resource="http://yago-knowledge.org/resource/Daybreak_(painting)"/>
    <owl:sameAs rdf:resource="http://dbpedia.org/resource/Daybreak_(painting)"/>
    <owl:sameAs rdf:resource="http://www.wikidata.org/entity/Q5243093"/>
    <owl:sameAs rdf:resource="http://rdf.freebase.com/ns/m.0270jlt"/>
    <dcterms:subject rdf:resource="http://dbpedia.org/resource/Category:American_paintings"/>
    <dcterms:subject rdf:resource="http://dbpedia.org/resource/Category:1922_paintings"/>
    <dbpedia-owl:abstract xml:lang="en">Daybreak is a painting by Maxfield Parrish (1870–1966) made in 1922. Daybreak is regarded as the most popular art print of the 20th century, based on number of prints made: one for every four American homes. According to the The National Museum of American Illustration, it has outsold Andy Warhol's Campbell's Soup Cans and Da Vinci's Last Supper. It is still in print. Parrish referred to Daybreak as his "great painting", the epitome of his work. Measuring 26.5 by 45 inches ( cm ×  cm), the painting employs a formal layout similar to a stage set, with two feminine figures. Painted using preparatory photographs, the models were his regular models, Kitty Owen, Parrish's daughter Jean, and Susan Lewin. Only two figures appear in the completed painting, though pencil studies indicate that the artist originally intended a third near the righthand column. The composition is arranged on the principle of "dynamic symmetry" popularized by Jay Hambidge.</dbpedia-owl:abstract>
    <dbpedia-owl:author rdf:resource="http://dbpedia.org/resource/Maxfield_Parrish"/>
    <dbpedia-owl:wikiPageID rdf:datatype="http://www.w3.org/2001/XMLSchema#integer">8355087</dbpedia-owl:wikiPageID>
    <dbpedia-owl:wikiPageRevisionID rdf:datatype="http://www.w3.org/2001/XMLSchema#integer">530843499</dbpedia-owl:wikiPageRevisionID>
    <rdfs:label xml:lang="en">Daybreak (painting)</rdfs:label>
    <foaf:depiction rdf:resource="http://upload.wikimedia.org/wikipedia/commons/4/47/Daybreak_by_Parrish_(1922).jpg"/>
    <rdfs:comment xml:lang="en">Daybreak is a painting by Maxfield Parrish (1870–1966) made in 1922. Daybreak is regarded as the most popular art print of the 20th century, based on number of prints made: one for every four American homes. According to the The National Museum of American Illustration, it has outsold Andy Warhol's Campbell's Soup Cans and Da Vinci's Last Supper. It is still in print. Parrish referred to Daybreak as his "great painting", the epitome of his work.</rdfs:comment>
    <foaf:name xml:lang="en">Daybreak</foaf:name>
    <dbpedia-owl:thumbnail rdf:resource="http://upload.wikimedia.org/wikipedia/commons/thumb/4/47/Daybreak_by_Parrish_(1922).jpg/200px-Daybreak_by_Parrish_(1922).jpg"/>
    <dbpedia-owl:wikiPageExternalLink rdf:resource="http://www.bpib.com/illustrat/parrish.htm"/>
    <dbpprop:artist rdf:resource="http://dbpedia.org/resource/Maxfield_Parrish"/>
    <dbpprop:heightMetric rdf:datatype="http://www.w3.org/2001/XMLSchema#double">67.3</dbpprop:heightMetric>
    <dbpprop:imageFile xml:lang="en">Daybreak by Parrish .jpg</dbpprop:imageFile>
    <dbpprop:imageSize rdf:datatype="http://www.w3.org/2001/XMLSchema#integer">350</dbpprop:imageSize>
    <dbpprop:imperialUnit xml:lang="en">in</dbpprop:imperialUnit>
    <dbpprop:metricUnit xml:lang="en">cm</dbpprop:metricUnit>
    <dbpprop:title xml:lang="en">Daybreak</dbpprop:title>
    <dbpprop:widthMetric rdf:datatype="http://www.w3.org/2001/XMLSchema#integer">114</dbpprop:widthMetric>
    <foaf:isPrimaryTopicOf rdf:resource="http://en.wikipedia.org/wiki/Daybreak_(painting)"/>
    <ns7:wasDerivedFrom rdf:resource="http://en.wikipedia.org/wiki/Daybreak_(painting)?oldid=530843499"/>
    <dbpprop:hasPhotoCollection rdf:resource="http://wifo5-03.informatik.uni-mannheim.de/flickrwrappr/photos/Daybreak_(painting)"/>
  </rdf:Description>
  <rdf:Description rdf:about="http://en.wikipedia.org/wiki/Daybreak_(painting)">
    <foaf:primaryTopic rdf:resource="http://dbpedia.org/resource/Daybreak_(painting)"/>
  </rdf:Description>
  <rdf:Description rdf:about="http://wikidata.dbpedia.org/resource/Q5243093">
    <owl:sameAs rdf:resource="http://dbpedia.org/resource/Daybreak_(painting)"/>
  </rdf:Description>
</rdf:RDF>
