<rdf:RDF xmlns:dbpprop="http://dbpedia.org/property/" xmlns:ns6="http://www.w3.org/ns/prov#" xmlns:foaf="http://xmlns.com/foaf/0.1/" xmlns:dbpedia-owl="http://dbpedia.org/ontology/" xmlns:dcterms="http://purl.org/dc/terms/" xmlns:owl="http://www.w3.org/2002/07/owl#" xmlns:rdfs="http://www.w3.org/2000/01/rdf-schema#" xmlns:rdf="http://www.w3.org/1999/02/22-rdf-syntax-ns#">
  <rdf:Description rdf:about="http://dbpedia.org/resource/Dead_Eagle_Owl">
    <rdf:type rdf:resource="http://dbpedia.org/class/yago/1881Paintings"/>
    <rdf:type rdf:resource="http://dbpedia.org/class/yago/PaintingsAboutDeath"/>
    <rdf:type rdf:resource="http://dbpedia.org/class/yago/GraphicArt103453809"/>
    <rdf:type rdf:resource="http://dbpedia.org/class/yago/Artifact100021939"/>
    <rdf:type rdf:resource="http://dbpedia.org/class/yago/Painting103876519"/>
    <rdf:type rdf:resource="http://dbpedia.org/class/yago/Art102743547"/>
    <rdf:type rdf:resource="http://dbpedia.org/class/yago/Whole100003553"/>
    <rdf:type rdf:resource="http://dbpedia.org/class/yago/PhysicalEntity100001930"/>
    <rdf:type rdf:resource="http://dbpedia.org/class/yago/PaintingsBy%C3%89douardManet"/>
    <rdf:type rdf:resource="http://dbpedia.org/class/yago/Object100002684"/>
    <rdf:type rdf:resource="http://dbpedia.org/class/yago/Creation103129123"/>
    <owl:sameAs rdf:resource="http://yago-knowledge.org/resource/Dead_Eagle_Owl"/>
    <owl:sameAs rdf:resource="http://www.wikidata.org/entity/Q665028"/>
    <owl:sameAs rdf:resource="http://de.dbpedia.org/resource/Toter_Uhu"/>
    <owl:sameAs rdf:resource="http://dbpedia.org/resource/Dead_Eagle_Owl"/>
    <owl:sameAs rdf:resource="http://fr.dbpedia.org/resource/Le_Grand-duc"/>
    <owl:sameAs rdf:resource="http://rdf.freebase.com/ns/m.0bwmmrg"/>
    <dcterms:subject rdf:resource="http://dbpedia.org/resource/Category:1881_paintings"/>
    <dcterms:subject rdf:resource="http://dbpedia.org/resource/Category:Paintings_about_death"/>
    <dcterms:subject rdf:resource="http://dbpedia.org/resource/Category:Birds_in_art"/>
    <dcterms:subject rdf:resource="http://dbpedia.org/resource/Category:Paintings_by_%C3%89douard_Manet"/>
    <dbpedia-owl:abstract xml:lang="en">Dead Eagle Owl is an 1881 oil on canvas painting by Édouard Manet. The painting shows a dead Eurasian Eagle-Owl hanging upside down on a board as a hunting trophy. Dead Eagle Owl is one of a series of comparable still lifes that Manet in the same year in Versailles, during his recuperation from a serious illness. There are precedents for this morbid work in French still life painting of the 18th century and Dutch still life painting of the 17th century. The painting is one of the very few hunting still lifes in Manet's oeuvre. Today the painting is in the collection of the Foundation E.G. Bührle in Zurich.</dbpedia-owl:abstract>
    <dbpedia-owl:abstract xml:lang="fr">Le Grand-duc est une huile sur toile du peintre français Édouard Manet réalisée en 1881. Cette nature morte représente la charogne d'un grand-duc. Elle est conservée dans la collection Emil G. Bührle, à Zurich.</dbpedia-owl:abstract>
    <dbpedia-owl:abstract xml:lang="de">Toter Uhu ist der Titel eines Gemäldes des französischen Malers Édouard Manet. Das 97 × 64 cm große, in Öl auf Leinwand gemalte Bild zeigt einen toten, kopfüber an einer Bretterwand hängenden Uhu als Jagdtrophäe. Das zu einer Serie von vier nahezu gleich großen Stillleben gehörende Werk entstand 1881 während eines Kuraufenthaltes in Versailles, als Manet bereits von schwerer Krankheit gezeichnet war. Vorbilder für diese den Tod symbolisierende Jagdtrophäe finden sich in der französischen Stilllebenmalerei des 18. Jahrhunderts und bei niederländischen Malern des 17. Jahrhunderts. Toter Uhu ist eines der wenigen Jagdstillleben im Gesamtwerk des Künstlers. Das Gemälde befindet sich in der Stiftung Sammlung E. G. Bührle in Zürich.</dbpedia-owl:abstract>
    <dbpedia-owl:wikiPageID rdf:datatype="http://www.w3.org/2001/XMLSchema#integer">27242714</dbpedia-owl:wikiPageID>
    <dbpedia-owl:wikiPageRevisionID rdf:datatype="http://www.w3.org/2001/XMLSchema#integer">543832732</dbpedia-owl:wikiPageRevisionID>
    <rdfs:label xml:lang="de">Toter Uhu</rdfs:label>
    <rdfs:label xml:lang="en">Dead Eagle Owl</rdfs:label>
    <rdfs:label xml:lang="fr">Le Grand-duc</rdfs:label>
    <foaf:depiction rdf:resource="http://upload.wikimedia.org/wikipedia/commons/b/ba/Édouard_Manet_-_Toter_Uhu.jpg"/>
    <rdfs:comment xml:lang="de">Toter Uhu ist der Titel eines Gemäldes des französischen Malers Édouard Manet. Das 97 × 64 cm große, in Öl auf Leinwand gemalte Bild zeigt einen toten, kopfüber an einer Bretterwand hängenden Uhu als Jagdtrophäe. Das zu einer Serie von vier nahezu gleich großen Stillleben gehörende Werk entstand 1881 während eines Kuraufenthaltes in Versailles, als Manet bereits von schwerer Krankheit gezeichnet war.</rdfs:comment>
    <rdfs:comment xml:lang="en">Dead Eagle Owl is an 1881 oil on canvas painting by Édouard Manet. The painting shows a dead Eurasian Eagle-Owl hanging upside down on a board as a hunting trophy. Dead Eagle Owl is one of a series of comparable still lifes that Manet in the same year in Versailles, during his recuperation from a serious illness. There are precedents for this morbid work in French still life painting of the 18th century and Dutch still life painting of the 17th century.</rdfs:comment>
    <rdfs:comment xml:lang="fr">Le Grand-duc est une huile sur toile du peintre français Édouard Manet réalisée en 1881. Cette nature morte représente la charogne d'un grand-duc. Elle est conservée dans la collection Emil G. Bührle, à Zurich.</rdfs:comment>
    <dbpedia-owl:thumbnail rdf:resource="http://upload.wikimedia.org/wikipedia/commons/thumb/b/ba/Édouard_Manet_-_Toter_Uhu.jpg/200px-Édouard_Manet_-_Toter_Uhu.jpg"/>
    <foaf:isPrimaryTopicOf rdf:resource="http://en.wikipedia.org/wiki/Dead_Eagle_Owl"/>
    <ns6:wasDerivedFrom rdf:resource="http://en.wikipedia.org/wiki/Dead_Eagle_Owl?oldid=543832732"/>
    <dbpprop:hasPhotoCollection rdf:resource="http://wifo5-03.informatik.uni-mannheim.de/flickrwrappr/photos/Dead_Eagle_Owl"/>
  </rdf:Description>
  <rdf:Description rdf:about="http://de.dbpedia.org/resource/Toter_Uhu">
    <owl:sameAs rdf:resource="http://dbpedia.org/resource/Dead_Eagle_Owl"/>
  </rdf:Description>
  <rdf:Description rdf:about="http://fr.dbpedia.org/resource/Le_Grand-duc">
    <owl:sameAs rdf:resource="http://dbpedia.org/resource/Dead_Eagle_Owl"/>
  </rdf:Description>
  <rdf:Description rdf:about="http://en.wikipedia.org/wiki/Dead_Eagle_Owl">
    <foaf:primaryTopic rdf:resource="http://dbpedia.org/resource/Dead_Eagle_Owl"/>
  </rdf:Description>
  <rdf:Description rdf:about="http://wikidata.dbpedia.org/resource/Q665028">
    <owl:sameAs rdf:resource="http://dbpedia.org/resource/Dead_Eagle_Owl"/>
  </rdf:Description>
</rdf:RDF>
