<rdf:RDF xmlns:ns7="http://www.w3.org/ns/prov#" xmlns:dbpprop="http://dbpedia.org/property/" xmlns:foaf="http://xmlns.com/foaf/0.1/" xmlns:dbpedia-owl="http://dbpedia.org/ontology/" xmlns:dcterms="http://purl.org/dc/terms/" xmlns:owl="http://www.w3.org/2002/07/owl#" xmlns:rdfs="http://www.w3.org/2000/01/rdf-schema#" xmlns:rdf="http://www.w3.org/1999/02/22-rdf-syntax-ns#">
  <rdf:Description rdf:about="http://en.wikipedia.org/wiki/Death_of_the_Virgin_(Mantegna)">
    <foaf:primaryTopic rdf:resource="http://dbpedia.org/resource/Death_of_the_Virgin_(Mantegna)"/>
  </rdf:Description>
  <rdf:Description rdf:about="http://pl.dbpedia.org/resource/Zaśnięcie_Matki_Boskiej">
    <owl:sameAs rdf:resource="http://dbpedia.org/resource/Death_of_the_Virgin_(Mantegna)"/>
  </rdf:Description>
  <rdf:Description rdf:about="http://es.dbpedia.org/resource/Tránsito_de_la_Virgen_(Mantegna)">
    <owl:sameAs rdf:resource="http://dbpedia.org/resource/Death_of_the_Virgin_(Mantegna)"/>
  </rdf:Description>
  <rdf:Description rdf:about="http://dbpedia.org/resource/Death_of_the_Virgin_(Mantegna)">
    <rdf:type rdf:resource="http://dbpedia.org/class/yago/PaintingsAboutDeath"/>
    <rdf:type rdf:resource="http://dbpedia.org/class/yago/GraphicArt103453809"/>
    <rdf:type rdf:resource="http://dbpedia.org/ontology/Artwork"/>
    <rdf:type rdf:resource="http://dbpedia.org/ontology/Work"/>
    <rdf:type rdf:resource="http://dbpedia.org/class/yago/Object100002684"/>
    <rdf:type rdf:resource="http://dbpedia.org/class/yago/Artifact100021939"/>
    <rdf:type rdf:resource="http://dbpedia.org/class/yago/Painting103876519"/>
    <rdf:type rdf:resource="http://dbpedia.org/class/yago/PhysicalEntity100001930"/>
    <rdf:type rdf:resource="http://dbpedia.org/class/yago/Whole100003553"/>
    <rdf:type rdf:resource="http://www.w3.org/2002/07/owl#Thing"/>
    <rdf:type rdf:resource="http://schema.org/CreativeWork"/>
    <rdf:type rdf:resource="http://dbpedia.org/class/yago/PaintingsOfTheVirginMary"/>
    <rdf:type rdf:resource="http://dbpedia.org/class/yago/1460sPaintings"/>
    <rdf:type rdf:resource="http://dbpedia.org/class/yago/Creation103129123"/>
    <rdf:type rdf:resource="http://dbpedia.org/class/yago/PaintingsByAndreaMantegna"/>
    <rdf:type rdf:resource="http://dbpedia.org/class/yago/Art102743547"/>
    <owl:sameAs rdf:resource="http://dbpedia.org/resource/Death_of_the_Virgin_(Mantegna)"/>
    <owl:sameAs rdf:resource="http://es.dbpedia.org/resource/Tránsito_de_la_Virgen_(Mantegna)"/>
    <owl:sameAs rdf:resource="http://fr.dbpedia.org/resource/La_Mort_de_la_Vierge_(Mantegna)"/>
    <owl:sameAs rdf:resource="http://pl.dbpedia.org/resource/Zaśnięcie_Matki_Boskiej"/>
    <owl:sameAs rdf:resource="http://www.wikidata.org/entity/Q959537"/>
    <owl:sameAs rdf:resource="http://rdf.freebase.com/ns/m.02rrwsf"/>
    <owl:sameAs rdf:resource="http://it.dbpedia.org/resource/Morte_della_Vergine_(Mantegna)"/>
    <owl:sameAs rdf:resource="http://yago-knowledge.org/resource/Death_of_the_Virgin_(Mantegna)"/>
    <dcterms:subject rdf:resource="http://dbpedia.org/resource/Category:1460s_paintings"/>
    <dcterms:subject rdf:resource="http://dbpedia.org/resource/Category:Paintings_of_the_Virgin_Mary"/>
    <dcterms:subject rdf:resource="http://dbpedia.org/resource/Category:Collections_of_the_Museo_del_Prado"/>
    <dcterms:subject rdf:resource="http://dbpedia.org/resource/Category:Christian_art_about_death"/>
    <dcterms:subject rdf:resource="http://dbpedia.org/resource/Category:Paintings_by_Andrea_Mantegna"/>
    <dcterms:subject rdf:resource="http://dbpedia.org/resource/Category:Paintings_about_death"/>
    <dbpedia-owl:abstract xml:lang="pl">Zaśnięcie Matki Boskiej – obraz włoskiego malarza i rytownika Andrei Mantegni. Obraz przedstawia scenę zaczerpniętą ze Złotej legendy Jakuba da Voragine przedstawiającą moment oddawania hołdu przez apostołów zmarłej Matce Boskiej. Na obrazie złożenie pokłonu przerodziło się w liturgię katolicką, którą odprawia święty Piotr trzymający mszał. Pozostali apostołowie uczestniczą w obrządku trzymając naczynie z wodą i kadzidło; św. Jan trzyma gałązkę palmową, a pozostali apostołowie, zgodnie z legendą, śpiewają Alleluja. Scena rozgrywa się na tle pejzażu, w którym rozpoznawano Mantuę z 1490 roku; widok pochodzi prawdopodobnie z rezydencji Gonzagów i przedstawia sztuczne jezioro (zalew) na rzece Mincio, most oraz osadę San Giorgio. Obraz powstał prawdopodobnie jako część dekoracji kaplicy San Giorgio w rezydencji Ludwika II Gonzagi. Po zburzeniu kaplicy obraz został przewieziony do Ferrary. Tam dzieło zostało przycięte tak, by pasowało do nowego wystroju. W 1627 roku król Anglii Karol I odkupił obraz od Gonzagów, następnie za panowania Filipa IV dzieło zostało sprowadzone do Hiszpanii.</dbpedia-owl:abstract>
    <dbpedia-owl:abstract xml:lang="es">El tránsito de la Virgen (esto es, la muerte o dormición de la Virgen María), es una de las obras más conocidas del pintor italiano Andrea Mantegna. Es un óleo sobre tabla, pintado hacia el año 1461. Mide 54 cm de alto y 42 cm de ancho. Se conserva en el Museo del Prado de Madrid.</dbpedia-owl:abstract>
    <dbpedia-owl:abstract xml:lang="fr">La Mort de la Vierge est un tableau daté 1461 du peintre de la Renaissance Andrea Mantegna, conservé aujourd'hui au Musée du Prado, à Madrid.</dbpedia-owl:abstract>
    <dbpedia-owl:abstract xml:lang="it">La Morte della Vergine è un dipinto tempera e oro su tavola (54x42 cm) di Andrea Mantegna, realizzato intorno al 1462 e conservato oggi al Museo del Prado di Madrid. Fa parte della stessa opera anche la tavoletta di Cristo con l'animula della Madonna.</dbpedia-owl:abstract>
    <dbpedia-owl:abstract xml:lang="en">The Death of the Virgin is a painting by the Italian Renaissance painter Andrea Mantegna, from c. 1462-1464. In this picture Mantegna depicts the last moment of Mary's life within a space defined by classical architectures, with a squared pavement which leads the observer's eyes towards the bed on which the Virgin lies. In the background is a lake scene which is a detailed reproduction of the bridge and the burgh of the Castle of St. George in Mantua. The work was in fact originally part of the decoration of the Castle chapel, together with three panels now in the Uffizi of Florence: the Adoration of the Magi, The Ascension and The Circumcision. The unfinished appearance of the pilasters in the upper part of the picture suggests that it was once larger than it appears today. The fragment of Christ with the Virgin's Soul, now in Ferrara, was in fact most likely part of the original composition.</dbpedia-owl:abstract>
    <dbpedia-owl:author rdf:resource="http://dbpedia.org/resource/Andrea_Mantegna"/>
    <dbpedia-owl:wikiPageID rdf:datatype="http://www.w3.org/2001/XMLSchema#integer">11775929</dbpedia-owl:wikiPageID>
    <dbpedia-owl:wikiPageRevisionID rdf:datatype="http://www.w3.org/2001/XMLSchema#integer">541489649</dbpedia-owl:wikiPageRevisionID>
    <rdfs:label xml:lang="it">Morte della Vergine (Mantegna)</rdfs:label>
    <rdfs:label xml:lang="fr">La Mort de la Vierge (Mantegna)</rdfs:label>
    <rdfs:label xml:lang="en">Death of the Virgin (Mantegna)</rdfs:label>
    <rdfs:label xml:lang="es">Tránsito de la Virgen (Mantegna)</rdfs:label>
    <rdfs:label xml:lang="pl">Zaśnięcie Matki Boskiej</rdfs:label>
    <foaf:depiction rdf:resource="http://upload.wikimedia.org/wikipedia/commons/b/b9/Mantegna_Holy_Virgin.jpg"/>
    <rdfs:comment xml:lang="en">The Death of the Virgin is a painting by the Italian Renaissance painter Andrea Mantegna, from c. 1462-1464. In this picture Mantegna depicts the last moment of Mary's life within a space defined by classical architectures, with a squared pavement which leads the observer's eyes towards the bed on which the Virgin lies. In the background is a lake scene which is a detailed reproduction of the bridge and the burgh of the Castle of St. George in Mantua.</rdfs:comment>
    <rdfs:comment xml:lang="pl">Zaśnięcie Matki Boskiej – obraz włoskiego malarza i rytownika Andrei Mantegni. Obraz przedstawia scenę zaczerpniętą ze Złotej legendy Jakuba da Voragine przedstawiającą moment oddawania hołdu przez apostołów zmarłej Matce Boskiej. Na obrazie złożenie pokłonu przerodziło się w liturgię katolicką, którą odprawia święty Piotr trzymający mszał. Pozostali apostołowie uczestniczą w obrządku trzymając naczynie z wodą i kadzidło; św.</rdfs:comment>
    <rdfs:comment xml:lang="es">El tránsito de la Virgen (esto es, la muerte o dormición de la Virgen María), es una de las obras más conocidas del pintor italiano Andrea Mantegna. Es un óleo sobre tabla, pintado hacia el año 1461. Mide 54 cm de alto y 42 cm de ancho. Se conserva en el Museo del Prado de Madrid.</rdfs:comment>
    <rdfs:comment xml:lang="it">La Morte della Vergine è un dipinto tempera e oro su tavola (54x42 cm) di Andrea Mantegna, realizzato intorno al 1462 e conservato oggi al Museo del Prado di Madrid. Fa parte della stessa opera anche la tavoletta di Cristo con l'animula della Madonna.</rdfs:comment>
    <rdfs:comment xml:lang="fr">La Mort de la Vierge est un tableau daté 1461 du peintre de la Renaissance Andrea Mantegna, conservé aujourd'hui au Musée du Prado, à Madrid.</rdfs:comment>
    <foaf:name xml:lang="en">Death of the Virgin</foaf:name>
    <dbpedia-owl:thumbnail rdf:resource="http://upload.wikimedia.org/wikipedia/commons/thumb/b/b9/Mantegna_Holy_Virgin.jpg/200px-Mantegna_Holy_Virgin.jpg"/>
    <dbpedia-owl:wikiPageExternalLink rdf:resource="http://www.artonline.it/opera.asp?IDOpera=981"/>
    <dbpprop:artist xml:lang="en">Andrea Mantegna</dbpprop:artist>
    <dbpprop:city xml:lang="en">Madrid</dbpprop:city>
    <dbpprop:height rdf:datatype="http://www.w3.org/2001/XMLSchema#integer">54</dbpprop:height>
    <dbpprop:imageFile xml:lang="en">Mantegna Holy Virgin.jpg</dbpprop:imageFile>
    <dbpprop:museum xml:lang="en">Museo del Prado</dbpprop:museum>
    <dbpprop:title xml:lang="en">Death of the Virgin</dbpprop:title>
    <dbpprop:type xml:lang="en">Tempera and gold on panel</dbpprop:type>
    <dbpprop:width rdf:datatype="http://www.w3.org/2001/XMLSchema#integer">42</dbpprop:width>
    <dbpprop:year rdf:datatype="http://www.w3.org/2001/XMLSchema#integer">1462</dbpprop:year>
    <foaf:isPrimaryTopicOf rdf:resource="http://en.wikipedia.org/wiki/Death_of_the_Virgin_(Mantegna)"/>
    <ns7:wasDerivedFrom rdf:resource="http://en.wikipedia.org/wiki/Death_of_the_Virgin_(Mantegna)?oldid=541489649"/>
    <dbpprop:hasPhotoCollection rdf:resource="http://wifo5-03.informatik.uni-mannheim.de/flickrwrappr/photos/Death_of_the_Virgin_(Mantegna)"/>
  </rdf:Description>
  <rdf:Description rdf:about="http://it.dbpedia.org/resource/Morte_della_Vergine_(Mantegna)">
    <owl:sameAs rdf:resource="http://dbpedia.org/resource/Death_of_the_Virgin_(Mantegna)"/>
  </rdf:Description>
  <rdf:Description rdf:about="http://fr.dbpedia.org/resource/La_Mort_de_la_Vierge_(Mantegna)">
    <owl:sameAs rdf:resource="http://dbpedia.org/resource/Death_of_the_Virgin_(Mantegna)"/>
  </rdf:Description>
  <rdf:Description rdf:about="http://dbpedia.org/resource/The_Death_of_the_Virgin_(Mantegna)">
    <dbpedia-owl:wikiPageRedirects rdf:resource="http://dbpedia.org/resource/Death_of_the_Virgin_(Mantegna)"/>
  </rdf:Description>
  <rdf:Description rdf:about="http://dbpedia.org/resource/Death_of_the_Virgin_(disambiguation)">
    <dbpedia-owl:wikiPageDisambiguates rdf:resource="http://dbpedia.org/resource/Death_of_the_Virgin_(Mantegna)"/>
  </rdf:Description>
  <rdf:Description rdf:about="http://wikidata.dbpedia.org/resource/Q959537">
    <owl:sameAs rdf:resource="http://dbpedia.org/resource/Death_of_the_Virgin_(Mantegna)"/>
  </rdf:Description>
</rdf:RDF>
