<rdf:RDF xmlns:dbpprop="http://dbpedia.org/property/" xmlns:ns6="http://www.w3.org/ns/prov#" xmlns:foaf="http://xmlns.com/foaf/0.1/" xmlns:dbpedia-owl="http://dbpedia.org/ontology/" xmlns:dcterms="http://purl.org/dc/terms/" xmlns:owl="http://www.w3.org/2002/07/owl#" xmlns:rdfs="http://www.w3.org/2000/01/rdf-schema#" xmlns:rdf="http://www.w3.org/1999/02/22-rdf-syntax-ns#">
  <rdf:Description rdf:about="http://dbpedia.org/resource/Death_of_Cook">
    <rdf:type rdf:resource="http://dbpedia.org/class/yago/PaintingsAboutDeath"/>
    <rdf:type rdf:resource="http://dbpedia.org/class/yago/Art102743547"/>
    <rdf:type rdf:resource="http://dbpedia.org/class/yago/Painting103876519"/>
    <rdf:type rdf:resource="http://dbpedia.org/class/yago/PhysicalEntity100001930"/>
    <rdf:type rdf:resource="http://dbpedia.org/class/yago/Artifact100021939"/>
    <rdf:type rdf:resource="http://dbpedia.org/class/yago/Creation103129123"/>
    <rdf:type rdf:resource="http://dbpedia.org/class/yago/GraphicArt103453809"/>
    <rdf:type rdf:resource="http://dbpedia.org/class/yago/1784Paintings"/>
    <rdf:type rdf:resource="http://dbpedia.org/class/yago/Object100002684"/>
    <rdf:type rdf:resource="http://dbpedia.org/class/yago/Whole100003553"/>
    <owl:sameAs rdf:resource="http://dbpedia.org/resource/Death_of_Cook"/>
    <owl:sameAs rdf:resource="http://rdf.freebase.com/ns/m.03ftbq"/>
    <owl:sameAs rdf:resource="http://www.wikidata.org/entity/Q5247413"/>
    <owl:sameAs rdf:resource="http://yago-knowledge.org/resource/Death_of_Cook"/>
    <dcterms:subject rdf:resource="http://dbpedia.org/resource/Category:1784_paintings"/>
    <dcterms:subject rdf:resource="http://dbpedia.org/resource/Category:James_Cook"/>
    <dcterms:subject rdf:resource="http://dbpedia.org/resource/Category:War_art"/>
    <dcterms:subject rdf:resource="http://dbpedia.org/resource/Category:Paintings_about_death"/>
    <dcterms:subject rdf:resource="http://dbpedia.org/resource/Category:Hawaii_art"/>
    <dbpedia-owl:abstract xml:lang="en">Death of Cook is the name of several paintings depicting the 1779 death of British explorer and European discoverer of the Hawaiian Islands, Captain James Cook at Kealakekua Bay. Most of these paintings seem to go back to an original by John Cleveley the Younger, painted in 1784, although other versions, like that of John Webber, stood model for later copies too. Such artworks were reproduced in paint and engraving over the course of modern world history. The much more famous reproductions, like the one at the Honolulu Museum of Art (allegedly based on the Cleveley version), often depicted Cook as a peacemaker trying to stop the fighting between his sailors and the native Hawaiians that they had challenged in combat. However, in 2004, the original Cleverley painting was discovered in a private collection belonging to a family since 1851. Cleveley's brother was a member of Cook's crew, and the painting is said to concur with eyewitness accounts. The original depicted Cook involved in hand-to-hand combat with the native Hawaiians. The discovery of the original painting has not changed the way most historians view Cook's relationship with the Hawaiians, as during his last voyage, Cook was reported by his contemporaries to have become irrationally violent. The original painting, worth approximately USD $200,000 to $300,000, was put up for auction by Christie's auction house in London, England.</dbpedia-owl:abstract>
    <dbpedia-owl:wikiPageID rdf:datatype="http://www.w3.org/2001/XMLSchema#integer">838269</dbpedia-owl:wikiPageID>
    <dbpedia-owl:wikiPageRevisionID rdf:datatype="http://www.w3.org/2001/XMLSchema#integer">484249748</dbpedia-owl:wikiPageRevisionID>
    <rdfs:label xml:lang="en">Death of Cook</rdfs:label>
    <rdfs:comment xml:lang="en">Death of Cook is the name of several paintings depicting the 1779 death of British explorer and European discoverer of the Hawaiian Islands, Captain James Cook at Kealakekua Bay. Most of these paintings seem to go back to an original by John Cleveley the Younger, painted in 1784, although other versions, like that of John Webber, stood model for later copies too. Such artworks were reproduced in paint and engraving over the course of modern world history.</rdfs:comment>
    <foaf:isPrimaryTopicOf rdf:resource="http://en.wikipedia.org/wiki/Death_of_Cook"/>
    <ns6:wasDerivedFrom rdf:resource="http://en.wikipedia.org/wiki/Death_of_Cook?oldid=484249748"/>
    <dbpprop:hasPhotoCollection rdf:resource="http://wifo5-03.informatik.uni-mannheim.de/flickrwrappr/photos/Death_of_Cook"/>
  </rdf:Description>
  <rdf:Description rdf:about="http://en.wikipedia.org/wiki/Death_of_Cook">
    <foaf:primaryTopic rdf:resource="http://dbpedia.org/resource/Death_of_Cook"/>
  </rdf:Description>
  <rdf:Description rdf:about="http://dbpedia.org/resource/Death_of_cook">
    <dbpedia-owl:wikiPageRedirects rdf:resource="http://dbpedia.org/resource/Death_of_Cook"/>
  </rdf:Description>
  <rdf:Description rdf:about="http://wikidata.dbpedia.org/resource/Q5247413">
    <owl:sameAs rdf:resource="http://dbpedia.org/resource/Death_of_Cook"/>
  </rdf:Description>
</rdf:RDF>
