<rdf:RDF xmlns:ns7="http://www.w3.org/ns/prov#" xmlns:dbpprop="http://dbpedia.org/property/" xmlns:foaf="http://xmlns.com/foaf/0.1/" xmlns:dbpedia-owl="http://dbpedia.org/ontology/" xmlns:dcterms="http://purl.org/dc/terms/" xmlns:owl="http://www.w3.org/2002/07/owl#" xmlns:rdfs="http://www.w3.org/2000/01/rdf-schema#" xmlns:rdf="http://www.w3.org/1999/02/22-rdf-syntax-ns#">
  <rdf:Description rdf:about="http://de.dbpedia.org/resource/Der_Tod_des_Sardanapal">
    <owl:sameAs rdf:resource="http://dbpedia.org/resource/Death_of_Sardanapalus"/>
  </rdf:Description>
  <rdf:Description rdf:about="http://el.dbpedia.org/resource/Ο_θάνατος_του_Σαρδανάπαλου">
    <owl:sameAs rdf:resource="http://dbpedia.org/resource/Death_of_Sardanapalus"/>
  </rdf:Description>
  <rdf:Description rdf:about="http://es.dbpedia.org/resource/La_muerte_de_Sardanápalo">
    <owl:sameAs rdf:resource="http://dbpedia.org/resource/Death_of_Sardanapalus"/>
  </rdf:Description>
  <rdf:Description rdf:about="http://ja.dbpedia.org/resource/サルダナパールの死">
    <owl:sameAs rdf:resource="http://dbpedia.org/resource/Death_of_Sardanapalus"/>
  </rdf:Description>
  <rdf:Description rdf:about="http://ru.dbpedia.org/resource/Смерть_Сарданапала">
    <owl:sameAs rdf:resource="http://dbpedia.org/resource/Death_of_Sardanapalus"/>
  </rdf:Description>
  <rdf:Description rdf:about="http://en.wikipedia.org/wiki/Death_of_Sardanapalus">
    <foaf:primaryTopic rdf:resource="http://dbpedia.org/resource/Death_of_Sardanapalus"/>
  </rdf:Description>
  <rdf:Description rdf:about="http://dbpedia.org/resource/Death_of_Sardanapalus">
    <rdf:type rdf:resource="http://dbpedia.org/class/yago/RomanticPaintings"/>
    <rdf:type rdf:resource="http://dbpedia.org/class/yago/Object100002684"/>
    <rdf:type rdf:resource="http://dbpedia.org/class/yago/1827Paintings"/>
    <rdf:type rdf:resource="http://dbpedia.org/class/yago/Art102743547"/>
    <rdf:type rdf:resource="http://schema.org/CreativeWork"/>
    <rdf:type rdf:resource="http://dbpedia.org/class/yago/PhysicalEntity100001930"/>
    <rdf:type rdf:resource="http://dbpedia.org/class/yago/PaintingsAboutDeath"/>
    <rdf:type rdf:resource="http://dbpedia.org/ontology/Artwork"/>
    <rdf:type rdf:resource="http://www.w3.org/2002/07/owl#Thing"/>
    <rdf:type rdf:resource="http://dbpedia.org/class/yago/Painting103876519"/>
    <rdf:type rdf:resource="http://dbpedia.org/class/yago/Whole100003553"/>
    <rdf:type rdf:resource="http://dbpedia.org/ontology/Work"/>
    <rdf:type rdf:resource="http://dbpedia.org/class/yago/Creation103129123"/>
    <rdf:type rdf:resource="http://dbpedia.org/class/yago/PaintingsOfTheLouvre"/>
    <rdf:type rdf:resource="http://dbpedia.org/class/yago/Artifact100021939"/>
    <rdf:type rdf:resource="http://dbpedia.org/class/yago/GraphicArt103453809"/>
    <rdf:type rdf:resource="http://dbpedia.org/class/yago/PaintingsByEug%C3%A8neDelacroix"/>
    <owl:sameAs rdf:resource="http://eo.dbpedia.org/resource/La_morto_de_Sardanapalo"/>
    <owl:sameAs rdf:resource="http://de.dbpedia.org/resource/Der_Tod_des_Sardanapal"/>
    <owl:sameAs rdf:resource="http://pl.dbpedia.org/resource/Śmierć_Sardanapala"/>
    <owl:sameAs rdf:resource="http://fa.dbpedia.org/resource/مرگ_سارداناپالوس"/>
    <owl:sameAs rdf:resource="http://ja.dbpedia.org/resource/サルダナパールの死"/>
    <owl:sameAs rdf:resource="http://www.wikidata.org/entity/Q1133821"/>
    <owl:sameAs rdf:resource="http://el.dbpedia.org/resource/Ο_θάνατος_του_Σαρδανάπαλου"/>
    <owl:sameAs rdf:resource="http://fr.dbpedia.org/resource/La_Mort_de_Sardanapale"/>
    <owl:sameAs rdf:resource="http://la.dbpedia.org/resource/Sardanapalus_moriturus_(Delacroix)"/>
    <owl:sameAs rdf:resource="http://ru.dbpedia.org/resource/Смерть_Сарданапала"/>
    <owl:sameAs rdf:resource="http://yago-knowledge.org/resource/Death_of_Sardanapalus"/>
    <owl:sameAs rdf:resource="http://hr.dbpedia.org/resource/Sardanapalova_smrt"/>
    <owl:sameAs rdf:resource="http://az.dbpedia.org/resource/Sardanapalın_ölümü"/>
    <owl:sameAs rdf:resource="http://ro.dbpedia.org/resource/Moartea_lui_Sardanapal"/>
    <owl:sameAs rdf:resource="http://es.dbpedia.org/resource/La_muerte_de_Sardanápalo"/>
    <owl:sameAs rdf:resource="http://rdf.freebase.com/ns/m.097dkf"/>
    <owl:sameAs rdf:resource="http://it.dbpedia.org/resource/La_morte_di_Sardanapalo"/>
    <owl:sameAs rdf:resource="http://dbpedia.org/resource/Death_of_Sardanapalus"/>
    <owl:sameAs rdf:resource="http://sh.dbpedia.org/resource/Sardanapalova_smrt"/>
    <owl:sameAs rdf:resource="http://ca.dbpedia.org/resource/La_mort_de_Sardanàpal"/>
    <owl:sameAs rdf:resource="http://he.dbpedia.org/resource/מות_סארדאנאפאלוס"/>
    <dcterms:subject rdf:resource="http://dbpedia.org/resource/Category:Paintings_about_death"/>
    <dcterms:subject rdf:resource="http://dbpedia.org/resource/Category:Paintings_of_the_Louvre"/>
    <dcterms:subject rdf:resource="http://dbpedia.org/resource/Category:1827_paintings"/>
    <dcterms:subject rdf:resource="http://dbpedia.org/resource/Category:Paintings_by_Eug%C3%A8ne_Delacroix"/>
    <dbpedia-owl:abstract xml:lang="fr">La Mort de Sardanapale est un tableau de grande taille (392 cm × 496 cm) dû à Eugène Delacroix. Il fait partie des collection du Musée du Louvre, où il est entré en 1921, grâce aux arrérages du legs Audéoud. Le musée conserve également un petit tableau (100 cm x 81 cm) sur le même thème ; acquis en 1925 grâce à un legs de la comtesse de Salvandy, c'est une esquisse du précédent.</dbpedia-owl:abstract>
    <dbpedia-owl:abstract xml:lang="en">Death of Sardanapalus (La Mort de Sardanapale) is an oil painting on canvas, dated 1827 by Eugène Delacroix. Its dimensions are 392 × 496 cm or 12′–1″ × 16′–3″. It currently hangs in the Musée du Louvre, Paris. Its most dominant feature is a large divan, with its golden elephants, on which a nude prostrates herself and beseeches the apathetic Sardanapalus for mercy. Sardanapalus (Detail) had ordered his possessions destroyed and sex slaves murdered before immolating himself, once he learned that he was faced with military defeat. Death of Sardanapalus is based on the tale of Sardanapalus, the last king of Assyria, from the historical library of Diodorus Siculus, the ancient Greek historian, and is a work of the era of Romanticism. This painting uses rich, vivid and warm colors, and broad brushstrokes. It was inspired by Lord Byron's play Sardanapalus (1821), and in turn inspired a cantata by Hector Berlioz, Sardanapale (1830), and also Franz Liszt's opera, Sardanapale (1845–52, unfinished). A smaller replica painted by Delacroix in 1844 is now in the Philadelphia Museum of Art.</dbpedia-owl:abstract>
    <dbpedia-owl:abstract xml:lang="es">La Muerte de Sardanápalo es un cuadro de gran tamaño, obra de Eugène Delacroix. Se conserva en el Museo del Louvre de París, donde se exhibe con el título de Mort de Sardanapale. Sobre el mismo tema, el museo alberga igualmente un pequeño cuadro (100 cm x 81 cm).</dbpedia-owl:abstract>
    <dbpedia-owl:abstract xml:lang="ja">『サルダナパールの死』（仏: La Mort de Sardanapale）はカンバス地に描かれた油絵（392 x 496 cm ）。 1827年にウジェーヌ・ドラクロワが描いた。 現在はパリのルーブル美術館の所蔵である。 アッシリア王サルダナパールの最期を描いた歴史画である。ベッドの上に裸の女性が横たわり、無表情なサルダナパールに命乞いをしている。 サルダナパールは、自身の世俗の財産が破壊されるのを眺めている。 サルダナパールは軍の敗北に際し、財産を破壊し愛妾を殺害するよう命じ、自身で火をつけたのである。 『サルダナパールの死』は、バイロン作の戯曲『サルダナパール』に基づいており、ロマン主義の作品に分類される。 この絵は、豊かで鮮明な、暖かい色彩により、さまざまなタッチで描かれている。</dbpedia-owl:abstract>
    <dbpedia-owl:abstract xml:lang="pl">Śmierć Sardanapala (fr. La Mort de Sardanapale) – dzieło francuskiego malarza Eugène'a Delacroix, namalowane techniką olejną na płótnie, ukończone w 1827 roku. W tymże samym roku obraz został wystawiony na paryskim Salonie. Znajduje się w zbiorach paryskiego Luwru. Obok Wolności wiodącej lud na barykady jeden z ważniejszych przykładów romantycznego malarstwa historycznego, które Delacroix preferował w swojej twórczości. Sardanapal był według greckiego pisarza Ktezjasza z Knidos ostatnim królem Asyrii. Dzieło Ktezjasza Persica zaginęło, ale jest znane z późniejszych kompilacji, ponadto korzystał z niego Diodor Sycylijski. Sardanapal był często identyfikowany z królem Asyrii Aszurbanipalem. Sardanapal był uważany w starożytności za rozpustnego despotę, który podpalił swój pałac, zamordował swoją konkubinę i następnie sam zginął w płomieniach. Dominantą w obrazie jest duże łoże, na którym opiera się klęcząca, błagająca o miłosierdzie konkubina Sardanapala, którego malarz ukazał w momencie, gdy bezlitośnie przygląda się rozgrywającej wokoło się rzezi. Drugi mocny akcent treściowy i formalny znajduje się przy przeciwległym narożu, gdzie artysta przedstawił dramat śmierci młodej, nagiej, bezbronnej kobiety przez wojownika, który z zimną krwią wbija w pierś sztylet. Obie dominanty tworzą diagonalny układ kompozycyjny, spotęgowany poprzez silne światło potęgujące intensywność ciepłych barw; żółci, czerwieni, kolorów cielistych. W niemalże całej kompozycji artysta zwraca uwagę na detale: porozrzucane naczynia, fałdowane szaty, korale i inne precjoza. Artysta konsekwentnie zestawił pary następnych bohaterów obrazu: oprócz wspomnianych postaci, murzyńskiego niewolnika ciągnącego czarnego konia i biernie leżącą u stóp łoża kobietę, parę paziów królewskich niosących napoje w ozdobnych naczyniach i po dwie pary żołnierzy króla zabijających sztyletami niewiasty. Dramatyzm obrazu wynika nie tylko z przedstawionych scen śmierci, ale przede wszystkim w braku jakichkolwiek uczuć i bezwzględności tyrana i jego żołnierzy. Widoczne z prawej strony kłęby dymu zapowiadają tytułowe wydarzenie. Śmierć Sardanapala oparta jest na poemacie Sardanapal pióra George'a Gordona Byrona, czołowego pisarza doby romantyzmu. Obraz zawiera bogatą, żywą, intensywną paletę barw. Obraz ten zainspirowało powstanie kilku dzieł, m. in. kantaty Hectora Berlioza, La mort de Sardanpale (1830), oraz opery Franza Liszta, Sardanapal (1845-52, nieukończona).</dbpedia-owl:abstract>
    <dbpedia-owl:abstract xml:lang="ru">«Смерть Сарданапала» (фр.  La Mort de Sardanapale) — 5-метровая историческая картина французского художника Эжена Делакруа.</dbpedia-owl:abstract>
    <dbpedia-owl:abstract xml:lang="it">La morte di Sardanapalo è un dipinto di Eugène Delacroix, ad olio su tela (395 x 425 cm), quest'opera fu realizzata nel 1827. Oggi l'opera è conservata al Musée du Louvre di Parigi. L'opera suscitò grande scalpore all'epoca: i toni sono infatti notevolmente romantici e vi è la commistione di vari temi la lussuria e la morte la ricchezza gusto per l'esotico I colori sono poco diluiti e pastosi. Non è presente alcun tipo di prospettiva, lo spazio è vago, sommario e confuso, l'accelerazione è voluta e cercata dal colore. Molto ben resi sono i rossi e gli ori. Della scena Delacroix sottolinea la crudeltà e la passionalità.</dbpedia-owl:abstract>
    <dbpedia-owl:abstract xml:lang="de">Der Tod des Sardanapal ist ein Gemälde des französischen Malers Eugène Delacroix. Das 3,95 x 4,95 Meter große Gemälde hängt heute im Louvre in Paris.</dbpedia-owl:abstract>
    <dbpedia-owl:author rdf:resource="http://dbpedia.org/resource/Eug%C3%A8ne_Delacroix"/>
    <dbpedia-owl:museum rdf:resource="http://dbpedia.org/resource/The_Louvre"/>
    <dbpedia-owl:wikiPageID rdf:datatype="http://www.w3.org/2001/XMLSchema#integer">3355350</dbpedia-owl:wikiPageID>
    <dbpedia-owl:wikiPageRevisionID rdf:datatype="http://www.w3.org/2001/XMLSchema#integer">546144047</dbpedia-owl:wikiPageRevisionID>
    <rdfs:label xml:lang="es">La muerte de Sardanápalo</rdfs:label>
    <rdfs:label xml:lang="en">Death of Sardanapalus</rdfs:label>
    <rdfs:label xml:lang="pl">Śmierć Sardanapala</rdfs:label>
    <rdfs:label xml:lang="ja">サルダナパールの死</rdfs:label>
    <rdfs:label xml:lang="it">La morte di Sardanapalo</rdfs:label>
    <rdfs:label xml:lang="ru">Смерть Сарданапала</rdfs:label>
    <rdfs:label xml:lang="de">Der Tod des Sardanapal</rdfs:label>
    <rdfs:label xml:lang="fr">La Mort de Sardanapale</rdfs:label>
    <foaf:depiction rdf:resource="http://upload.wikimedia.org/wikipedia/commons/2/2f/Delacroix_-_La_Mort_de_Sardanapale_(1827).jpg"/>
    <rdfs:comment xml:lang="it">La morte di Sardanapalo è un dipinto di Eugène Delacroix, ad olio su tela (395 x 425 cm), quest'opera fu realizzata nel 1827. Oggi l'opera è conservata al Musée du Louvre di Parigi. L'opera suscitò grande scalpore all'epoca: i toni sono infatti notevolmente romantici e vi è la commistione di vari temi la lussuria e la morte la ricchezza gusto per l'esotico I colori sono poco diluiti e pastosi.</rdfs:comment>
    <rdfs:comment xml:lang="fr">La Mort de Sardanapale est un tableau de grande taille (392 cm × 496 cm) dû à Eugène Delacroix. Il fait partie des collection du Musée du Louvre, où il est entré en 1921, grâce aux arrérages du legs Audéoud. Le musée conserve également un petit tableau (100 cm x 81 cm) sur le même thème ; acquis en 1925 grâce à un legs de la comtesse de Salvandy, c'est une esquisse du précédent.</rdfs:comment>
    <rdfs:comment xml:lang="en">Death of Sardanapalus (La Mort de Sardanapale) is an oil painting on canvas, dated 1827 by Eugène Delacroix. Its dimensions are 392 × 496 cm or 12′–1″ × 16′–3″. It currently hangs in the Musée du Louvre, Paris. Its most dominant feature is a large divan, with its golden elephants, on which a nude prostrates herself and beseeches the apathetic Sardanapalus for mercy.</rdfs:comment>
    <rdfs:comment xml:lang="ja">『サルダナパールの死』（仏: La Mort de Sardanapale）はカンバス地に描かれた油絵（392 x 496 cm ）。 1827年にウジェーヌ・ドラクロワが描いた。 現在はパリのルーブル美術館の所蔵である。 アッシリア王サルダナパールの最期を描いた歴史画である。ベッドの上に裸の女性が横たわり、無表情なサルダナパールに命乞いをしている。 サルダナパールは、自身の世俗の財産が破壊されるのを眺めている。 サルダナパールは軍の敗北に際し、財産を破壊し愛妾を殺害するよう命じ、自身で火をつけたのである。 『サルダナパールの死』は、バイロン作の戯曲『サルダナパール』に基づいており、ロマン主義の作品に分類される。 この絵は、豊かで鮮明な、暖かい色彩により、さまざまなタッチで描かれている。</rdfs:comment>
    <rdfs:comment xml:lang="es">La Muerte de Sardanápalo es un cuadro de gran tamaño, obra de Eugène Delacroix. Se conserva en el Museo del Louvre de París, donde se exhibe con el título de Mort de Sardanapale. Sobre el mismo tema, el museo alberga igualmente un pequeño cuadro (100 cm x 81 cm).</rdfs:comment>
    <rdfs:comment xml:lang="de">Der Tod des Sardanapal ist ein Gemälde des französischen Malers Eugène Delacroix. Das 3,95 x 4,95 Meter große Gemälde hängt heute im Louvre in Paris.</rdfs:comment>
    <rdfs:comment xml:lang="pl">Śmierć Sardanapala (fr. La Mort de Sardanapale) – dzieło francuskiego malarza Eugène'a Delacroix, namalowane techniką olejną na płótnie, ukończone w 1827 roku. W tymże samym roku obraz został wystawiony na paryskim Salonie. Znajduje się w zbiorach paryskiego Luwru. Obok Wolności wiodącej lud na barykady jeden z ważniejszych przykładów romantycznego malarstwa historycznego, które Delacroix preferował w swojej twórczości.</rdfs:comment>
    <rdfs:comment xml:lang="ru">«Смерть Сарданапала» (фр.  La Mort de Sardanapale) — 5-метровая историческая картина французского художника Эжена Делакруа.</rdfs:comment>
    <foaf:name xml:lang="en">Death of Sardanapalus</foaf:name>
    <dbpedia-owl:thumbnail rdf:resource="http://upload.wikimedia.org/wikipedia/commons/thumb/2/2f/Delacroix_-_La_Mort_de_Sardanapale_(1827).jpg/200px-Delacroix_-_La_Mort_de_Sardanapale_(1827).jpg"/>
    <dbpedia-owl:wikiPageExternalLink rdf:resource="http://www.artble.com/artists/eugene_delacroix/paintings/the_death_of_sardanapalus"/>
    <dbpedia-owl:wikiPageExternalLink rdf:resource="http://smarthistory.khanacademy.org/the-death-of-sardanapalus.html"/>
    <dbpedia-owl:wikiPageExternalLink rdf:resource="http://commons.wikimedia.org/wiki/File:Eug%C3%A8ne_Delacroix_-_The_Death_of_Sardanapalus_%28detail%29_-_WGA6175.jpg"/>
    <dbpedia-owl:wikiPageExternalLink rdf:resource="http://cartelen.louvre.fr/cartelen/visite?srv=car_not_frame&amp;idNotice=22747"/>
    <dbpedia-owl:wikiPageExternalLink rdf:resource="http://libmma.contentdm.oclc.org/cdm/compoundobject/collection/p15324coll10/id/59744"/>
    <dbpedia-owl:wikiPageExternalLink rdf:resource="http://www.tate.org.uk/whats-on/tate-modern/exhibition/jeff-wall/room-guide/jeff-wall-room-1"/>
    <dbpprop:align xml:lang="en">right</dbpprop:align>
    <dbpprop:artist rdf:resource="http://dbpedia.org/resource/Eug%C3%A8ne_Delacroix"/>
    <dbpprop:city rdf:resource="http://dbpedia.org/resource/Paris"/>
    <dbpprop:height rdf:datatype="http://www.w3.org/2001/XMLSchema#integer">392</dbpprop:height>
    <dbpprop:heightInch rdf:datatype="http://www.w3.org/2001/XMLSchema#integer">145</dbpprop:heightInch>
    <dbpprop:imageFile xml:lang="en">Delacroix - La Mort de Sardanapale .jpg</dbpprop:imageFile>
    <dbpprop:museum rdf:resource="http://dbpedia.org/resource/The_Louvre"/>
    <dbpprop:otherLanguage xml:lang="en">French</dbpprop:otherLanguage>
    <dbpprop:otherTitle xml:lang="en">La Mort de Sardanapale</dbpprop:otherTitle>
    <dbpprop:title xml:lang="en">Death of Sardanapalus</dbpprop:title>
    <dbpprop:type rdf:resource="http://dbpedia.org/resource/Oil_painting"/>
    <dbpprop:video xml:lang="en">Delacroix's The Death of Sardanapalus, Smarthistory</dbpprop:video>
    <dbpprop:width rdf:datatype="http://www.w3.org/2001/XMLSchema#integer">210</dbpprop:width>
    <dbpprop:width rdf:datatype="http://www.w3.org/2001/XMLSchema#integer">496</dbpprop:width>
    <dbpprop:widthInch rdf:datatype="http://www.w3.org/2001/XMLSchema#integer">195</dbpprop:widthInch>
    <dbpprop:year rdf:datatype="http://www.w3.org/2001/XMLSchema#integer">1827</dbpprop:year>
    <foaf:isPrimaryTopicOf rdf:resource="http://en.wikipedia.org/wiki/Death_of_Sardanapalus"/>
    <ns7:wasDerivedFrom rdf:resource="http://en.wikipedia.org/wiki/Death_of_Sardanapalus?oldid=546144047"/>
    <dbpprop:hasPhotoCollection rdf:resource="http://wifo5-03.informatik.uni-mannheim.de/flickrwrappr/photos/Death_of_Sardanapalus"/>
    <dbpprop:headerimage rdf:datatype="http://www.w3.org/2001/XMLSchema#integer">210</dbpprop:headerimage>
  </rdf:Description>
  <rdf:Description rdf:about="http://dbpedia.org/resource/Death_of_Sardanapolus">
    <dbpedia-owl:wikiPageRedirects rdf:resource="http://dbpedia.org/resource/Death_of_Sardanapalus"/>
  </rdf:Description>
  <rdf:Description rdf:about="http://dbpedia.org/resource/Death_of_Sardanopalus">
    <dbpedia-owl:wikiPageRedirects rdf:resource="http://dbpedia.org/resource/Death_of_Sardanapalus"/>
  </rdf:Description>
  <rdf:Description rdf:about="http://dbpedia.org/resource/Death_of_sardanapalus">
    <dbpedia-owl:wikiPageRedirects rdf:resource="http://dbpedia.org/resource/Death_of_Sardanapalus"/>
  </rdf:Description>
  <rdf:Description rdf:about="http://dbpedia.org/resource/La_Mort_de_Sardanapale">
    <dbpedia-owl:wikiPageRedirects rdf:resource="http://dbpedia.org/resource/Death_of_Sardanapalus"/>
  </rdf:Description>
  <rdf:Description rdf:about="http://dbpedia.org/resource/The_Death_of_Sardanapol">
    <dbpedia-owl:wikiPageRedirects rdf:resource="http://dbpedia.org/resource/Death_of_Sardanapalus"/>
  </rdf:Description>
  <rdf:Description rdf:about="http://dbpedia.org/resource/The_Death_of_Sardanapolus">
    <dbpedia-owl:wikiPageRedirects rdf:resource="http://dbpedia.org/resource/Death_of_Sardanapalus"/>
  </rdf:Description>
  <rdf:Description rdf:about="http://fr.dbpedia.org/resource/La_Mort_de_Sardanapale">
    <owl:sameAs rdf:resource="http://dbpedia.org/resource/Death_of_Sardanapalus"/>
  </rdf:Description>
  <rdf:Description rdf:about="http://it.dbpedia.org/resource/La_morte_di_Sardanapalo">
    <owl:sameAs rdf:resource="http://dbpedia.org/resource/Death_of_Sardanapalus"/>
  </rdf:Description>
  <rdf:Description rdf:about="http://pl.dbpedia.org/resource/Śmierć_Sardanapala">
    <owl:sameAs rdf:resource="http://dbpedia.org/resource/Death_of_Sardanapalus"/>
  </rdf:Description>
  <rdf:Description rdf:about="http://dbpedia.org/resource/The_Death_of_Sardanapalus">
    <dbpedia-owl:wikiPageRedirects rdf:resource="http://dbpedia.org/resource/Death_of_Sardanapalus"/>
  </rdf:Description>
  <rdf:Description rdf:about="http://dbpedia.org/resource/Death_of_Sardanapulus">
    <dbpedia-owl:wikiPageRedirects rdf:resource="http://dbpedia.org/resource/Death_of_Sardanapalus"/>
  </rdf:Description>
  <rdf:Description rdf:about="http://wikidata.dbpedia.org/resource/Q1133821">
    <owl:sameAs rdf:resource="http://dbpedia.org/resource/Death_of_Sardanapalus"/>
  </rdf:Description>
  <rdf:Description rdf:about="http://az.dbpedia.org/resource/Sardanapalın_ölümü">
    <owl:sameAs rdf:resource="http://dbpedia.org/resource/Death_of_Sardanapalus"/>
  </rdf:Description>
  <rdf:Description rdf:about="http://ca.dbpedia.org/resource/La_mort_de_Sardanàpal">
    <owl:sameAs rdf:resource="http://dbpedia.org/resource/Death_of_Sardanapalus"/>
  </rdf:Description>
  <rdf:Description rdf:about="http://eo.dbpedia.org/resource/La_morto_de_Sardanapalo">
    <owl:sameAs rdf:resource="http://dbpedia.org/resource/Death_of_Sardanapalus"/>
  </rdf:Description>
  <rdf:Description rdf:about="http://fa.dbpedia.org/resource/مرگ_سارداناپالوس">
    <owl:sameAs rdf:resource="http://dbpedia.org/resource/Death_of_Sardanapalus"/>
  </rdf:Description>
  <rdf:Description rdf:about="http://he.dbpedia.org/resource/מות_סארדאנאפאלוס">
    <owl:sameAs rdf:resource="http://dbpedia.org/resource/Death_of_Sardanapalus"/>
  </rdf:Description>
  <rdf:Description rdf:about="http://hr.dbpedia.org/resource/Sardanapalova_smrt">
    <owl:sameAs rdf:resource="http://dbpedia.org/resource/Death_of_Sardanapalus"/>
  </rdf:Description>
  <rdf:Description rdf:about="http://la.dbpedia.org/resource/Sardanapalus_moriturus_(Delacroix)">
    <owl:sameAs rdf:resource="http://dbpedia.org/resource/Death_of_Sardanapalus"/>
  </rdf:Description>
  <rdf:Description rdf:about="http://ro.dbpedia.org/resource/Moartea_lui_Sardanapal">
    <owl:sameAs rdf:resource="http://dbpedia.org/resource/Death_of_Sardanapalus"/>
  </rdf:Description>
  <rdf:Description rdf:about="http://sh.dbpedia.org/resource/Sardanapalova_smrt">
    <owl:sameAs rdf:resource="http://dbpedia.org/resource/Death_of_Sardanapalus"/>
  </rdf:Description>
</rdf:RDF>
