<rdf:RDF xmlns:dbpprop="http://dbpedia.org/property/" xmlns:ns6="http://www.w3.org/ns/prov#" xmlns:foaf="http://xmlns.com/foaf/0.1/" xmlns:dbpedia-owl="http://dbpedia.org/ontology/" xmlns:dcterms="http://purl.org/dc/terms/" xmlns:owl="http://www.w3.org/2002/07/owl#" xmlns:rdfs="http://www.w3.org/2000/01/rdf-schema#" xmlns:rdf="http://www.w3.org/1999/02/22-rdf-syntax-ns#">
  <rdf:Description rdf:about="http://dbpedia.org/resource/Death_of_the_Virgin_(van_der_Goes)">
    <rdf:type rdf:resource="http://dbpedia.org/class/yago/Painting103876519"/>
    <rdf:type rdf:resource="http://dbpedia.org/class/yago/1470sPaintings"/>
    <rdf:type rdf:resource="http://dbpedia.org/class/yago/Art102743547"/>
    <rdf:type rdf:resource="http://dbpedia.org/class/yago/Creation103129123"/>
    <rdf:type rdf:resource="http://dbpedia.org/class/yago/PhysicalEntity100001930"/>
    <rdf:type rdf:resource="http://dbpedia.org/class/yago/GraphicArt103453809"/>
    <rdf:type rdf:resource="http://dbpedia.org/class/yago/PaintingsByHugoVanDerGoes"/>
    <rdf:type rdf:resource="http://dbpedia.org/class/yago/Object100002684"/>
    <rdf:type rdf:resource="http://dbpedia.org/class/yago/Artifact100021939"/>
    <rdf:type rdf:resource="http://dbpedia.org/class/yago/Whole100003553"/>
    <rdf:type rdf:resource="http://dbpedia.org/class/yago/RenaissancePaintings"/>
    <owl:sameAs rdf:resource="http://yago-knowledge.org/resource/Death_of_the_Virgin_(van_der_Goes)"/>
    <owl:sameAs rdf:resource="http://es.dbpedia.org/resource/Muerte_de_la_Virgen_(van_der_Goes)"/>
    <owl:sameAs rdf:resource="http://dbpedia.org/resource/Death_of_the_Virgin_(van_der_Goes)"/>
    <owl:sameAs rdf:resource="http://rdf.freebase.com/ns/m.0h68_tm"/>
    <owl:sameAs rdf:resource="http://pl.dbpedia.org/resource/Śmierć_Marii_(obraz_Hugona_van_der_Goesa)"/>
    <owl:sameAs rdf:resource="http://www.wikidata.org/entity/Q655657"/>
    <owl:sameAs rdf:resource="http://it.dbpedia.org/resource/Morte_della_Vergine_(van_der_Goes)"/>
    <dcterms:subject rdf:resource="http://dbpedia.org/resource/Category:Renaissance_paintings"/>
    <dcterms:subject rdf:resource="http://dbpedia.org/resource/Category:1470s_paintings"/>
    <dcterms:subject rdf:resource="http://dbpedia.org/resource/Category:Paintings_by_Hugo_van_der_Goes"/>
    <dbpedia-owl:abstract xml:lang="es">La muerte de la Virgen es una obra del pintor flamenco Hugo van der Goes. Está realizado sobre tabla, y fue pintado entre 1477 y 1482. Mide 147,8 cm de alto y 122,5 cm de ancho. Se exhibe actualmente en el Museo Groeninge de Brujas. Está representada la Virgen María en su lecho de muerte, rodeada por los apóstoles. Por encima de ella, en un plano celestial, ajeno a lo terranal, se aparece Cristo con ángeles, dispuesto a recibir a la Virgen. Se representa un episodio que no proviene del Nuevo Testamento sino de los Evangelios apócrifos y recogido en la Leyenda Áurea de Jacobo de la Vorágine. Era una leyenda muy popular en la Edad Media. Después del Concilio de Trento se abandonaron este tipo de historias sobre personajes sagrados que no estaban recogidas en la Biblia.</dbpedia-owl:abstract>
    <dbpedia-owl:abstract xml:lang="it">La Morte della Vergine è un dipinto a olio su tavola (147,8x122,5 cm) di Hugo van der Goes, databile al 1472-1480 circa e conservato nel Groeningemuseum di Bruges.</dbpedia-owl:abstract>
    <dbpedia-owl:abstract xml:lang="pl">Śmierć Marii (Zaśnięcie Marii) – obraz renesansowego malarza niderlandzkiego Hugona van der Goesa. Obecnie znajduje się w Groeningemuseum w Brugii. Tematyka obrazu została zaczerpnięta ze zbioru żywotów świętych, zwanego Złotą legendą autorstwa Jacopo da Voragine. Śmierć Matki Bożej była przedstawiona jedynie do końca XVI wieku, kiedy to Kościół odrzucił pozabiblijne średniowieczne teksty a motyw śmierć Dziewicy zniknął ze sztuki malarskiej. Obraz przedstawia Marię na łożu śmierci w otoczeniu apostołów. Wszystkie postacie zostały przedstawione jako prości ludzie ze smagłymi obliczami i spracowanymi dłońmi, na swój sposób przeżywający bolesną chwilę. Maria, blada, spogląda w górę, gdzie w zupełnym odseparowaniu od śmiertelnych postaci uczniów, roztacza się jej wizja. Chrystus w otoczeniu aniołów, z rozpostartymi ramionami ukazując stygmaty, przygotowany jest na przyjęcie jej duszy. Na pierwszym planie, van Goes ukazał apostoła wpatrującego się w widza i trzymającego zamkniętą księgę symbolizującą, w obliczu śmierci Marii, również koniec żywotu apostołów. Taki same znaczenie ma różaniec leżący na ziemi po lewej stronie. Po prawicy Marii, w białej XV-wiecznej szacie liturgicznej stoi św. Piotr. Jego strój jest elementem łączącym przedstawioną scenę z czasami współczesnymi artyście. Piotr przyjmuje zapaloną świecę od swojego brata św. Andrzeja, która w średniowieczu symbolizowała wiarę chrześcijańską. W czerwonej tunice, po lewej stronie, przedstawiony jest Jan Ewangelista.</dbpedia-owl:abstract>
    <dbpedia-owl:abstract xml:lang="en">The Death of the Virgin is an oil on oak panel by the Flemish painter Hugo van der Goes. Completed c 1472–80, it shows the Virgin Mary on her deathbed surrounded by the Twelve Apostles. The scene is borrowed from Jacobus de Voragine's thirteenth-century "Legenda aurea" which relates how the apostles were brought, at Mary's request, on clouds by angels to a house near Mount Zion to be with her in her final three days. On the third day Jesus appeared above her bed in a halo of light surrounded by angels to accept her soul at the point when his name was finally mentioned. Three days later he reappeared to accept her body.</dbpedia-owl:abstract>
    <dbpedia-owl:wikiPageID rdf:datatype="http://www.w3.org/2001/XMLSchema#integer">33088153</dbpedia-owl:wikiPageID>
    <dbpedia-owl:wikiPageRevisionID rdf:datatype="http://www.w3.org/2001/XMLSchema#integer">542713893</dbpedia-owl:wikiPageRevisionID>
    <rdfs:label xml:lang="es">Muerte de la Virgen (van der Goes)</rdfs:label>
    <rdfs:label xml:lang="pl">Śmierć Marii (obraz Hugona van der Goesa)</rdfs:label>
    <rdfs:label xml:lang="it">Morte della Vergine (van der Goes)</rdfs:label>
    <rdfs:label xml:lang="en">Death of the Virgin (van der Goes)</rdfs:label>
    <foaf:depiction rdf:resource="http://upload.wikimedia.org/wikipedia/commons/4/4c/Hugo_van_der_Goes_Death_of_the_Virgin.jpg"/>
    <rdfs:comment xml:lang="en">The Death of the Virgin is an oil on oak panel by the Flemish painter Hugo van der Goes. Completed c 1472–80, it shows the Virgin Mary on her deathbed surrounded by the Twelve Apostles. The scene is borrowed from Jacobus de Voragine's thirteenth-century "Legenda aurea" which relates how the apostles were brought, at Mary's request, on clouds by angels to a house near Mount Zion to be with her in her final three days.</rdfs:comment>
    <rdfs:comment xml:lang="it">La Morte della Vergine è un dipinto a olio su tavola (147,8x122,5 cm) di Hugo van der Goes, databile al 1472-1480 circa e conservato nel Groeningemuseum di Bruges.</rdfs:comment>
    <rdfs:comment xml:lang="pl">Śmierć Marii (Zaśnięcie Marii) – obraz renesansowego malarza niderlandzkiego Hugona van der Goesa. Obecnie znajduje się w Groeningemuseum w Brugii. Tematyka obrazu została zaczerpnięta ze zbioru żywotów świętych, zwanego Złotą legendą autorstwa Jacopo da Voragine. Śmierć Matki Bożej była przedstawiona jedynie do końca XVI wieku, kiedy to Kościół odrzucił pozabiblijne średniowieczne teksty a motyw śmierć Dziewicy zniknął ze sztuki malarskiej.</rdfs:comment>
    <rdfs:comment xml:lang="es">La muerte de la Virgen es una obra del pintor flamenco Hugo van der Goes. Está realizado sobre tabla, y fue pintado entre 1477 y 1482. Mide 147,8 cm de alto y 122,5 cm de ancho. Se exhibe actualmente en el Museo Groeninge de Brujas. Está representada la Virgen María en su lecho de muerte, rodeada por los apóstoles. Por encima de ella, en un plano celestial, ajeno a lo terranal, se aparece Cristo con ángeles, dispuesto a recibir a la Virgen.</rdfs:comment>
    <dbpedia-owl:thumbnail rdf:resource="http://upload.wikimedia.org/wikipedia/commons/thumb/4/4c/Hugo_van_der_Goes_Death_of_the_Virgin.jpg/200px-Hugo_van_der_Goes_Death_of_the_Virgin.jpg"/>
    <dbpedia-owl:wikiPageExternalLink rdf:resource="http://commons.wikimedia.org/wiki/File:Petrus_Christus_Death_of_the_Virgin.jpg"/>
    <foaf:isPrimaryTopicOf rdf:resource="http://en.wikipedia.org/wiki/Death_of_the_Virgin_(van_der_Goes)"/>
    <ns6:wasDerivedFrom rdf:resource="http://en.wikipedia.org/wiki/Death_of_the_Virgin_(van_der_Goes)?oldid=542713893"/>
    <dbpprop:hasPhotoCollection rdf:resource="http://wifo5-03.informatik.uni-mannheim.de/flickrwrappr/photos/Death_of_the_Virgin_(van_der_Goes)"/>
  </rdf:Description>
  <rdf:Description rdf:about="http://en.wikipedia.org/wiki/Death_of_the_Virgin_(van_der_Goes)">
    <foaf:primaryTopic rdf:resource="http://dbpedia.org/resource/Death_of_the_Virgin_(van_der_Goes)"/>
  </rdf:Description>
  <rdf:Description rdf:about="http://dbpedia.org/resource/The_Death_of_the_Virgin_(van_der_Goes)">
    <dbpedia-owl:wikiPageRedirects rdf:resource="http://dbpedia.org/resource/Death_of_the_Virgin_(van_der_Goes)"/>
  </rdf:Description>
  <rdf:Description rdf:about="http://es.dbpedia.org/resource/Muerte_de_la_Virgen_(van_der_Goes)">
    <owl:sameAs rdf:resource="http://dbpedia.org/resource/Death_of_the_Virgin_(van_der_Goes)"/>
  </rdf:Description>
  <rdf:Description rdf:about="http://it.dbpedia.org/resource/Morte_della_Vergine_(van_der_Goes)">
    <owl:sameAs rdf:resource="http://dbpedia.org/resource/Death_of_the_Virgin_(van_der_Goes)"/>
  </rdf:Description>
  <rdf:Description rdf:about="http://pl.dbpedia.org/resource/Śmierć_Marii_(obraz_Hugona_van_der_Goesa)">
    <owl:sameAs rdf:resource="http://dbpedia.org/resource/Death_of_the_Virgin_(van_der_Goes)"/>
  </rdf:Description>
  <rdf:Description rdf:about="http://dbpedia.org/resource/Death_of_the_Virgin_(disambiguation)">
    <dbpedia-owl:wikiPageDisambiguates rdf:resource="http://dbpedia.org/resource/Death_of_the_Virgin_(van_der_Goes)"/>
  </rdf:Description>
  <rdf:Description rdf:about="http://wikidata.dbpedia.org/resource/Q655657">
    <owl:sameAs rdf:resource="http://dbpedia.org/resource/Death_of_the_Virgin_(van_der_Goes)"/>
  </rdf:Description>
</rdf:RDF>
