<rdf:RDF xmlns:dbpprop="http://dbpedia.org/property/" xmlns:ns6="http://www.w3.org/ns/prov#" xmlns:foaf="http://xmlns.com/foaf/0.1/" xmlns:dbpedia-owl="http://dbpedia.org/ontology/" xmlns:dcterms="http://purl.org/dc/terms/" xmlns:owl="http://www.w3.org/2002/07/owl#" xmlns:rdfs="http://www.w3.org/2000/01/rdf-schema#" xmlns:rdf="http://www.w3.org/1999/02/22-rdf-syntax-ns#">
  <rdf:Description rdf:about="http://dbpedia.org/resource/Death_Whoop">
    <rdf:type rdf:resource="http://dbpedia.org/class/yago/GraphicArt103453809"/>
    <rdf:type rdf:resource="http://dbpedia.org/class/yago/Whole100003553"/>
    <rdf:type rdf:resource="http://dbpedia.org/class/yago/AmericanPaintings"/>
    <rdf:type rdf:resource="http://dbpedia.org/class/yago/Creation103129123"/>
    <rdf:type rdf:resource="http://dbpedia.org/class/yago/Artifact100021939"/>
    <rdf:type rdf:resource="http://dbpedia.org/class/yago/Art102743547"/>
    <rdf:type rdf:resource="http://dbpedia.org/class/yago/PhysicalEntity100001930"/>
    <rdf:type rdf:resource="http://dbpedia.org/class/yago/Object100002684"/>
    <rdf:type rdf:resource="http://dbpedia.org/class/yago/Painting103876519"/>
    <owl:sameAs rdf:resource="http://www.wikidata.org/entity/Q5247249"/>
    <owl:sameAs rdf:resource="http://rdf.freebase.com/ns/m.08rdh3"/>
    <owl:sameAs rdf:resource="http://dbpedia.org/resource/Death_Whoop"/>
    <owl:sameAs rdf:resource="http://yago-knowledge.org/resource/Death_Whoop"/>
    <dcterms:subject rdf:resource="http://dbpedia.org/resource/Category:American_paintings"/>
    <dbpedia-owl:abstract xml:lang="en">Death Whoophttp://xroads. virginia. edu/~CAP/PIX/whooeast. gif is an oil on canvas painting by Seth Eastman that depicts a Native American warrior holding up the scalp of a white person. Though it was part of a collection of Eastman paintings commissioned by the United States Congress, because people found it disturbing, it was removed twice from public view.</dbpedia-owl:abstract>
    <dbpedia-owl:wikiPageID rdf:datatype="http://www.w3.org/2001/XMLSchema#integer">3100062</dbpedia-owl:wikiPageID>
    <dbpedia-owl:wikiPageRevisionID rdf:datatype="http://www.w3.org/2001/XMLSchema#integer">257176256</dbpedia-owl:wikiPageRevisionID>
    <rdfs:label xml:lang="en">Death Whoop</rdfs:label>
    <rdfs:comment xml:lang="en">Death Whoophttp://xroads. virginia. edu/~CAP/PIX/whooeast. gif is an oil on canvas painting by Seth Eastman that depicts a Native American warrior holding up the scalp of a white person. Though it was part of a collection of Eastman paintings commissioned by the United States Congress, because people found it disturbing, it was removed twice from public view.</rdfs:comment>
    <dbpedia-owl:wikiPageExternalLink rdf:resource="http://xroads.virginia.edu/~CAP/PIX/whooeast.gif"/>
    <foaf:isPrimaryTopicOf rdf:resource="http://en.wikipedia.org/wiki/Death_Whoop"/>
    <ns6:wasDerivedFrom rdf:resource="http://en.wikipedia.org/wiki/Death_Whoop?oldid=257176256"/>
    <dbpprop:hasPhotoCollection rdf:resource="http://wifo5-03.informatik.uni-mannheim.de/flickrwrappr/photos/Death_Whoop"/>
  </rdf:Description>
  <rdf:Description rdf:about="http://en.wikipedia.org/wiki/Death_Whoop">
    <foaf:primaryTopic rdf:resource="http://dbpedia.org/resource/Death_Whoop"/>
  </rdf:Description>
  <rdf:Description rdf:about="http://wikidata.dbpedia.org/resource/Q5247249">
    <owl:sameAs rdf:resource="http://dbpedia.org/resource/Death_Whoop"/>
  </rdf:Description>
</rdf:RDF>
