<rdf:RDF xmlns:ns7="http://www.w3.org/ns/prov#" xmlns:dbpprop="http://dbpedia.org/property/" xmlns:foaf="http://xmlns.com/foaf/0.1/" xmlns:dbpedia-owl="http://dbpedia.org/ontology/" xmlns:dcterms="http://purl.org/dc/terms/" xmlns:owl="http://www.w3.org/2002/07/owl#" xmlns:rdfs="http://www.w3.org/2000/01/rdf-schema#" xmlns:rdf="http://www.w3.org/1999/02/22-rdf-syntax-ns#">
  <rdf:Description rdf:about="http://dbpedia.org/resource/Decemviri_Altarpiece">
    <rdf:type rdf:resource="http://dbpedia.org/class/yago/PhysicalEntity100001930"/>
    <rdf:type rdf:resource="http://dbpedia.org/class/yago/Object100002684"/>
    <rdf:type rdf:resource="http://dbpedia.org/class/yago/Creation103129123"/>
    <rdf:type rdf:resource="http://schema.org/CreativeWork"/>
    <rdf:type rdf:resource="http://dbpedia.org/class/yago/Artifact100021939"/>
    <rdf:type rdf:resource="http://www.w3.org/2002/07/owl#Thing"/>
    <rdf:type rdf:resource="http://dbpedia.org/class/yago/PaintingsOfTheVaticanMuseums"/>
    <rdf:type rdf:resource="http://dbpedia.org/class/yago/GraphicArt103453809"/>
    <rdf:type rdf:resource="http://dbpedia.org/class/yago/Painting103876519"/>
    <rdf:type rdf:resource="http://dbpedia.org/class/yago/Whole100003553"/>
    <rdf:type rdf:resource="http://dbpedia.org/class/yago/PaintingsByPietroPerugino"/>
    <rdf:type rdf:resource="http://dbpedia.org/ontology/Artwork"/>
    <rdf:type rdf:resource="http://dbpedia.org/class/yago/1490sPaintings"/>
    <rdf:type rdf:resource="http://dbpedia.org/class/yago/Art102743547"/>
    <rdf:type rdf:resource="http://dbpedia.org/ontology/Work"/>
    <owl:sameAs rdf:resource="http://it.dbpedia.org/resource/Pala_dei_Decemviri"/>
    <owl:sameAs rdf:resource="http://www.wikidata.org/entity/Q3428061"/>
    <owl:sameAs rdf:resource="http://yago-knowledge.org/resource/Decemviri_Altarpiece"/>
    <owl:sameAs rdf:resource="http://dbpedia.org/resource/Decemviri_Altarpiece"/>
    <owl:sameAs rdf:resource="http://rdf.freebase.com/ns/m.0gx_1dj"/>
    <owl:sameAs rdf:resource="http://fr.dbpedia.org/resource/Retable_des_Décemvirs"/>
    <dcterms:subject rdf:resource="http://dbpedia.org/resource/Category:Paintings_of_the_Vatican_Museums"/>
    <dcterms:subject rdf:resource="http://dbpedia.org/resource/Category:1490s_paintings"/>
    <dcterms:subject rdf:resource="http://dbpedia.org/resource/Category:Paintings_by_Pietro_Perugino"/>
    <dbpedia-owl:abstract xml:lang="fr">Le Retable des Décemvirs est une peinture religieuse du Pérugin, un retable (193 x 165 cm), datant de 1495 - 1496, conservé à la Pinacothèque vaticane à Rome.</dbpedia-owl:abstract>
    <dbpedia-owl:abstract xml:lang="en">Decemviri Altarpiece is a painting by the Italian Renaissance artist Pietro Perugino, executed in 1495-1496, and housed in the Pinacoteca Vaticana in Rome. The work was commissioned by the Decemviri ("Ten Men") of Perugia for the chapel in the Palazzo dei Priori, and was executed 1495 to 1496. It was originally surmounted by a Pietà (87 x 90 cm), now at the Galleria Nazionale dell'Umbria.</dbpedia-owl:abstract>
    <dbpedia-owl:abstract xml:lang="it">La Pala dei Decemviri è un dipinto a olio su tavola (193x165 cm) di Pietro Perugino, databile al 1495-1496 e conservata nel Pinacoteca Vaticana a Roma.</dbpedia-owl:abstract>
    <dbpedia-owl:author rdf:resource="http://dbpedia.org/resource/Pietro_Perugino"/>
    <dbpedia-owl:museum rdf:resource="http://dbpedia.org/resource/Vatican_Museums"/>
    <dbpedia-owl:wikiPageID rdf:datatype="http://www.w3.org/2001/XMLSchema#integer">32297850</dbpedia-owl:wikiPageID>
    <dbpedia-owl:wikiPageRevisionID rdf:datatype="http://www.w3.org/2001/XMLSchema#integer">546182869</dbpedia-owl:wikiPageRevisionID>
    <rdfs:label xml:lang="en">Decemviri Altarpiece</rdfs:label>
    <rdfs:label xml:lang="it">Pala dei Decemviri</rdfs:label>
    <rdfs:label xml:lang="fr">Retable des Décemvirs</rdfs:label>
    <foaf:depiction rdf:resource="http://upload.wikimedia.org/wikipedia/commons/3/36/Pietro_Perugino_cat41b.jpg"/>
    <rdfs:comment xml:lang="it">La Pala dei Decemviri è un dipinto a olio su tavola (193x165 cm) di Pietro Perugino, databile al 1495-1496 e conservata nel Pinacoteca Vaticana a Roma.</rdfs:comment>
    <rdfs:comment xml:lang="en">Decemviri Altarpiece is a painting by the Italian Renaissance artist Pietro Perugino, executed in 1495-1496, and housed in the Pinacoteca Vaticana in Rome. The work was commissioned by the Decemviri ("Ten Men") of Perugia for the chapel in the Palazzo dei Priori, and was executed 1495 to 1496. It was originally surmounted by a Pietà (87 x 90 cm), now at the Galleria Nazionale dell'Umbria.</rdfs:comment>
    <rdfs:comment xml:lang="fr">Le Retable des Décemvirs est une peinture religieuse du Pérugin, un retable (193 x 165 cm), datant de 1495 - 1496, conservé à la Pinacothèque vaticane à Rome.</rdfs:comment>
    <foaf:name xml:lang="en">Decemviri Altarpiece</foaf:name>
    <dbpedia-owl:thumbnail rdf:resource="http://upload.wikimedia.org/wikipedia/commons/thumb/3/36/Pietro_Perugino_cat41b.jpg/200px-Pietro_Perugino_cat41b.jpg"/>
    <dbpprop:artist rdf:resource="http://dbpedia.org/resource/Pietro_Perugino"/>
    <dbpprop:city rdf:resource="http://dbpedia.org/resource/Rome"/>
    <dbpprop:height rdf:datatype="http://www.w3.org/2001/XMLSchema#integer">193</dbpprop:height>
    <dbpprop:imageFile xml:lang="en">Pietro Perugino cat41b.jpg</dbpprop:imageFile>
    <dbpprop:museum xml:lang="en">Pinacoteca Vaticana</dbpprop:museum>
    <dbpprop:title xml:lang="en">Decemviri Altarpiece</dbpprop:title>
    <dbpprop:type rdf:resource="http://dbpedia.org/resource/Oil_painting"/>
    <dbpprop:width rdf:datatype="http://www.w3.org/2001/XMLSchema#integer">165</dbpprop:width>
    <dbpprop:year rdf:datatype="http://www.w3.org/2001/XMLSchema#integer">1495</dbpprop:year>
    <foaf:isPrimaryTopicOf rdf:resource="http://en.wikipedia.org/wiki/Decemviri_Altarpiece"/>
    <ns7:wasDerivedFrom rdf:resource="http://en.wikipedia.org/wiki/Decemviri_Altarpiece?oldid=546182869"/>
    <dbpprop:hasPhotoCollection rdf:resource="http://wifo5-03.informatik.uni-mannheim.de/flickrwrappr/photos/Decemviri_Altarpiece"/>
  </rdf:Description>
  <rdf:Description rdf:about="http://fr.dbpedia.org/resource/Retable_des_Décemvirs">
    <owl:sameAs rdf:resource="http://dbpedia.org/resource/Decemviri_Altarpiece"/>
  </rdf:Description>
  <rdf:Description rdf:about="http://it.dbpedia.org/resource/Pala_dei_Decemviri">
    <owl:sameAs rdf:resource="http://dbpedia.org/resource/Decemviri_Altarpiece"/>
  </rdf:Description>
  <rdf:Description rdf:about="http://en.wikipedia.org/wiki/Decemviri_Altarpiece">
    <foaf:primaryTopic rdf:resource="http://dbpedia.org/resource/Decemviri_Altarpiece"/>
  </rdf:Description>
  <rdf:Description rdf:about="http://wikidata.dbpedia.org/resource/Q3428061">
    <owl:sameAs rdf:resource="http://dbpedia.org/resource/Decemviri_Altarpiece"/>
  </rdf:Description>
</rdf:RDF>
