<rdf:RDF xmlns:ns7="http://www.w3.org/ns/prov#" xmlns:dbpprop="http://dbpedia.org/property/" xmlns:foaf="http://xmlns.com/foaf/0.1/" xmlns:dbpedia-owl="http://dbpedia.org/ontology/" xmlns:dcterms="http://purl.org/dc/terms/" xmlns:owl="http://www.w3.org/2002/07/owl#" xmlns:rdfs="http://www.w3.org/2000/01/rdf-schema#" xmlns:rdf="http://www.w3.org/1999/02/22-rdf-syntax-ns#">
  <rdf:Description rdf:about="http://it.dbpedia.org/resource/Consegna_della_regola_francescana">
    <owl:sameAs rdf:resource="http://dbpedia.org/resource/Delivery_of_the_Franciscan_Rule"/>
  </rdf:Description>
  <rdf:Description rdf:about="http://en.wikipedia.org/wiki/Delivery_of_the_Franciscan_Rule">
    <foaf:primaryTopic rdf:resource="http://dbpedia.org/resource/Delivery_of_the_Franciscan_Rule"/>
  </rdf:Description>
  <rdf:Description rdf:about="http://dbpedia.org/resource/Delivery_of_the_Franciscan_Rule">
    <rdf:type rdf:resource="http://dbpedia.org/class/yago/PhysicalEntity100001930"/>
    <rdf:type rdf:resource="http://dbpedia.org/class/yago/Art102743547"/>
    <rdf:type rdf:resource="http://schema.org/CreativeWork"/>
    <rdf:type rdf:resource="http://dbpedia.org/class/yago/Artifact100021939"/>
    <rdf:type rdf:resource="http://dbpedia.org/class/yago/GraphicArt103453809"/>
    <rdf:type rdf:resource="http://dbpedia.org/class/yago/Whole100003553"/>
    <rdf:type rdf:resource="http://dbpedia.org/ontology/Work"/>
    <rdf:type rdf:resource="http://dbpedia.org/class/yago/Object100002684"/>
    <rdf:type rdf:resource="http://dbpedia.org/class/yago/Painting103876519"/>
    <rdf:type rdf:resource="http://www.w3.org/2002/07/owl#Thing"/>
    <rdf:type rdf:resource="http://dbpedia.org/class/yago/1445Paintings"/>
    <rdf:type rdf:resource="http://dbpedia.org/ontology/Artwork"/>
    <rdf:type rdf:resource="http://dbpedia.org/class/yago/Creation103129123"/>
    <rdf:type rdf:resource="http://dbpedia.org/class/yago/ColantonioPaintings"/>
    <owl:sameAs rdf:resource="http://www.wikidata.org/entity/Q3687198"/>
    <owl:sameAs rdf:resource="http://yago-knowledge.org/resource/Delivery_of_the_Franciscan_Rule"/>
    <owl:sameAs rdf:resource="http://it.dbpedia.org/resource/Consegna_della_regola_francescana"/>
    <owl:sameAs rdf:resource="http://dbpedia.org/resource/Delivery_of_the_Franciscan_Rule"/>
    <owl:sameAs rdf:resource="http://rdf.freebase.com/ns/m.0h65ygv"/>
    <dcterms:subject rdf:resource="http://dbpedia.org/resource/Category:Colantonio_paintings"/>
    <dcterms:subject rdf:resource="http://dbpedia.org/resource/Category:1445_paintings"/>
    <dcterms:subject rdf:resource="http://dbpedia.org/resource/Category:Collections_of_the_National_Museum_of_Capodimonte"/>
    <dbpedia-owl:abstract xml:lang="it">La Consegna della regola francescana è un dipinto, tecnica mista su tavola (150x185 cm), del pittore napoletano Colantonio, facente un tempo parte di uno smembrato polittico per la chiesa di San Lorenzo Maggiore ed oggi conservato nel Museo nazionale di Capodimonte. L'opera è databile al 1445 circa.</dbpedia-owl:abstract>
    <dbpedia-owl:abstract xml:lang="en">Delivery of the Franciscan Rule is a painting by the Italian early Renaissance artist Colantonio, dating from 1445 and housed in the Capodimonte Museum of Naples.</dbpedia-owl:abstract>
    <dbpedia-owl:author rdf:resource="http://dbpedia.org/resource/Niccol%C3%B2_Antonio_Colantonio"/>
    <dbpedia-owl:museum rdf:resource="http://dbpedia.org/resource/Museo_di_Capodimonte"/>
    <dbpedia-owl:wikiPageID rdf:datatype="http://www.w3.org/2001/XMLSchema#integer">33149628</dbpedia-owl:wikiPageID>
    <dbpedia-owl:wikiPageRevisionID rdf:datatype="http://www.w3.org/2001/XMLSchema#integer">546226162</dbpedia-owl:wikiPageRevisionID>
    <rdfs:label xml:lang="it">Consegna della regola francescana</rdfs:label>
    <rdfs:label xml:lang="en">Delivery of the Franciscan Rule</rdfs:label>
    <foaf:depiction rdf:resource="http://upload.wikimedia.org/wikipedia/commons/f/fb/Colantonio_002.jpg"/>
    <rdfs:comment xml:lang="it">La Consegna della regola francescana è un dipinto, tecnica mista su tavola (150x185 cm), del pittore napoletano Colantonio, facente un tempo parte di uno smembrato polittico per la chiesa di San Lorenzo Maggiore ed oggi conservato nel Museo nazionale di Capodimonte. L'opera è databile al 1445 circa.</rdfs:comment>
    <rdfs:comment xml:lang="en">Delivery of the Franciscan Rule is a painting by the Italian early Renaissance artist Colantonio, dating from 1445 and housed in the Capodimonte Museum of Naples.</rdfs:comment>
    <foaf:name xml:lang="en">Delivery of the Franciscan Rule</foaf:name>
    <dbpedia-owl:thumbnail rdf:resource="http://upload.wikimedia.org/wikipedia/commons/thumb/f/fb/Colantonio_002.jpg/200px-Colantonio_002.jpg"/>
    <dbpedia-owl:wikiPageExternalLink rdf:resource="http://museodicapodimonte.campaniabeniculturali.it/itinerari-tematici/galleria-di-immagini/OA900233"/>
    <dbpprop:artist rdf:resource="http://dbpedia.org/resource/Niccol%C3%B2_Antonio_Colantonio"/>
    <dbpprop:city rdf:resource="http://dbpedia.org/resource/Naples"/>
    <dbpprop:height rdf:datatype="http://www.w3.org/2001/XMLSchema#integer">150</dbpprop:height>
    <dbpprop:imageFile xml:lang="en">Colantonio 002.jpg</dbpprop:imageFile>
    <dbpprop:imageSize rdf:datatype="http://www.w3.org/2001/XMLSchema#integer">325</dbpprop:imageSize>
    <dbpprop:museum rdf:resource="http://dbpedia.org/resource/Museo_di_Capodimonte"/>
    <dbpprop:title xml:lang="en">Delivery of the Franciscan Rule</dbpprop:title>
    <dbpprop:type xml:lang="en">Mixed technique on panel</dbpprop:type>
    <dbpprop:width rdf:datatype="http://www.w3.org/2001/XMLSchema#integer">185</dbpprop:width>
    <dbpprop:year rdf:datatype="http://www.w3.org/2001/XMLSchema#integer">1445</dbpprop:year>
    <foaf:isPrimaryTopicOf rdf:resource="http://en.wikipedia.org/wiki/Delivery_of_the_Franciscan_Rule"/>
    <ns7:wasDerivedFrom rdf:resource="http://en.wikipedia.org/wiki/Delivery_of_the_Franciscan_Rule?oldid=546226162"/>
    <dbpprop:hasPhotoCollection rdf:resource="http://wifo5-03.informatik.uni-mannheim.de/flickrwrappr/photos/Delivery_of_the_Franciscan_Rule"/>
  </rdf:Description>
  <rdf:Description rdf:about="http://dbpedia.org/resource/St._Francis_Consigns_the_Rule_to_His_Followers">
    <dbpedia-owl:wikiPageRedirects rdf:resource="http://dbpedia.org/resource/Delivery_of_the_Franciscan_Rule"/>
  </rdf:Description>
  <rdf:Description rdf:about="http://wikidata.dbpedia.org/resource/Q3687198">
    <owl:sameAs rdf:resource="http://dbpedia.org/resource/Delivery_of_the_Franciscan_Rule"/>
  </rdf:Description>
</rdf:RDF>
