<rdf:RDF xmlns:ns7="http://www.w3.org/ns/prov#" xmlns:dbpprop="http://dbpedia.org/property/" xmlns:foaf="http://xmlns.com/foaf/0.1/" xmlns:dbpedia-owl="http://dbpedia.org/ontology/" xmlns:dcterms="http://purl.org/dc/terms/" xmlns:owl="http://www.w3.org/2002/07/owl#" xmlns:rdfs="http://www.w3.org/2000/01/rdf-schema#" xmlns:rdf="http://www.w3.org/1999/02/22-rdf-syntax-ns#">
  <rdf:Description rdf:about="http://dbpedia.org/resource/Deliverance_(disambiguation)">
    <dbpedia-owl:wikiPageDisambiguates rdf:resource="http://dbpedia.org/resource/Deliverance_of_Saint_Peter"/>
  </rdf:Description>
  <rdf:Description rdf:about="http://fr.dbpedia.org/resource/La_Délivrance_de_saint_Pierre">
    <owl:sameAs rdf:resource="http://dbpedia.org/resource/Deliverance_of_Saint_Peter"/>
  </rdf:Description>
  <rdf:Description rdf:about="http://en.wikipedia.org/wiki/Deliverance_of_Saint_Peter">
    <foaf:primaryTopic rdf:resource="http://dbpedia.org/resource/Deliverance_of_Saint_Peter"/>
  </rdf:Description>
  <rdf:Description rdf:about="http://es.dbpedia.org/resource/Liberación_de_San_Pedro">
    <owl:sameAs rdf:resource="http://dbpedia.org/resource/Deliverance_of_Saint_Peter"/>
  </rdf:Description>
  <rdf:Description rdf:about="http://it.dbpedia.org/resource/Liberazione_di_san_Pietro">
    <owl:sameAs rdf:resource="http://dbpedia.org/resource/Deliverance_of_Saint_Peter"/>
  </rdf:Description>
  <rdf:Description rdf:about="http://dbpedia.org/resource/Deliverance_of_Saint_Peter">
    <rdf:type rdf:resource="http://www.w3.org/2002/07/owl#Thing"/>
    <rdf:type rdf:resource="http://dbpedia.org/class/yago/PaintingsWithBiblicalThemes"/>
    <rdf:type rdf:resource="http://dbpedia.org/ontology/Work"/>
    <rdf:type rdf:resource="http://schema.org/CreativeWork"/>
    <rdf:type rdf:resource="http://dbpedia.org/class/yago/Creation103129123"/>
    <rdf:type rdf:resource="http://dbpedia.org/class/yago/PhysicalEntity100001930"/>
    <rdf:type rdf:resource="http://dbpedia.org/class/yago/Painting103876519"/>
    <rdf:type rdf:resource="http://dbpedia.org/ontology/Artwork"/>
    <rdf:type rdf:resource="http://dbpedia.org/class/yago/1514Paintings"/>
    <rdf:type rdf:resource="http://dbpedia.org/class/yago/Whole100003553"/>
    <rdf:type rdf:resource="http://dbpedia.org/class/yago/Artifact100021939"/>
    <rdf:type rdf:resource="http://dbpedia.org/class/yago/Art102743547"/>
    <rdf:type rdf:resource="http://dbpedia.org/class/yago/GraphicArt103453809"/>
    <rdf:type rdf:resource="http://dbpedia.org/class/yago/Object100002684"/>
    <owl:sameAs rdf:resource="http://dbpedia.org/resource/Deliverance_of_Saint_Peter"/>
    <owl:sameAs rdf:resource="http://yago-knowledge.org/resource/Deliverance_of_Saint_Peter"/>
    <owl:sameAs rdf:resource="http://rdf.freebase.com/ns/m.025_0nz"/>
    <owl:sameAs rdf:resource="http://sk.dbpedia.org/resource/Oslobodenie_svätého_Petra"/>
    <owl:sameAs rdf:resource="http://tr.dbpedia.org/resource/Petrus'un_kurtuluşu"/>
    <owl:sameAs rdf:resource="http://it.dbpedia.org/resource/Liberazione_di_san_Pietro"/>
    <owl:sameAs rdf:resource="http://es.dbpedia.org/resource/Liberación_de_San_Pedro"/>
    <owl:sameAs rdf:resource="http://www.wikidata.org/entity/Q2719737"/>
    <owl:sameAs rdf:resource="http://fr.dbpedia.org/resource/La_Délivrance_de_saint_Pierre"/>
    <owl:sameAs rdf:resource="http://th.dbpedia.org/resource/การปลดปล่อยนักบุญเปโตร_(ราฟาเอล)"/>
    <dcterms:subject rdf:resource="http://dbpedia.org/resource/Category:1514_paintings"/>
    <dcterms:subject rdf:resource="http://dbpedia.org/resource/Category:Raphael_rooms"/>
    <dcterms:subject rdf:resource="http://dbpedia.org/resource/Category:Peter_the_Apostle"/>
    <dcterms:subject rdf:resource="http://dbpedia.org/resource/Category:Paintings_with_biblical_themes"/>
    <dbpedia-owl:abstract xml:lang="it">La Liberazione di san Pietro è un affresco (circa 660x500 cm) di Raffaello e aiuti, databile al 1513-1514 e situato nella Stanza di Eliodoro, una delle Stanze Vaticane.</dbpedia-owl:abstract>
    <dbpedia-owl:abstract xml:lang="en">The Liberation of Saint Peter is a fresco painting by the Italian High Renaissance artist Raphael and his assistant Giulio Romano. It was painted in 1514 as part of Raphael's commission to decorate with frescoes the rooms that are now known as the Stanze di Raffaello, in the Apostolic Palace in the Vatican. It is located in the Stanza di Eliodoro, which is named after The Expulsion of Heliodorus from the Temple. The painting shows how Saint Peter was liberated from Herod's prison by an angel, as described in Acts 12. It is technically an overdoor, probably the most majestic ever painted. The fresco shows three scenes in symmetrical balance formed by the feigned architecture and stairs. In the centre the angel wakes Peter, and on the right guides him past the sleeping guards. On the left side one guard has apparently noticed the light generated by the angel and wakes a comrade, pointing up to the miraculously illumined cell. This adds drama to the serene exit of Peter at the right.</dbpedia-owl:abstract>
    <dbpedia-owl:abstract xml:lang="fr">La Délivrance de saint Pierre est une fresque peinte par l'artiste italien de la Renaissance Raphaël et son élève Giulio Romano. L'œuvre, qui date de 1514, se trouve dans la chambre d'Héliodore, une des chambres de Raphaël dans le palais apostolique du Vatican. Le pape Jules II, commanditaire de la fresque, est enterré dans la basilique Saint-Pierre-aux-Liens qui abrite les chaînes avec lesquelles saint Pierre aurait été entravé.</dbpedia-owl:abstract>
    <dbpedia-owl:abstract xml:lang="es">La liberación de san Pedro (en italiano, La liberazione di San Pietro) es un fresco del artista Rafael Sanzio y su ayudante Giulio Romano. Fue pintado en 1514. Tiene una anchura en la base de 660 cm. Es uno de los frescos de la Sala de Heliodoro (Stanza di Eliodoro), una de las habitaciones que hoy en día son conocidas como las estancias de Rafael, ubicadas en el Vaticano y que forman parte de los Museos Vaticanos. Está en una de las paredes de la estancia que tiene una ventana. Representa la liberación de san Pedro de la cárcel de Agripa I el Grande, al que el Nuevo Testamento llama Herodes, por un ángel, tal como está narrada en los Hechos de los Apóstoles, capítulo 12:7-10. Al mismo relato se consagró la basílica de San Pietro in Vincoli, iglesia de la que había sido cardenal titular el Papa Julio II. Fue en esa misma iglesia en la que el Papa dio las gracias después de haber expulsado a los franceses de Italia. Se relata en tres escenas distintas: en el centro se ve al ángel despertar al santo y romper sus cadenas, mientras los soldados no pueden hacer nada por evitarlo; a la derecha cómo escapan ambos mientras los soldados están dormidos, y en la izquierda los soldados que se despiertan para perseguirlos. San Pedro tiene las facciones del papa Julio II. Con ello se pretende representar la milagrosa protección concedida por Dios a la Iglesia amenazada la persona del pontífice. Destaca de este fresco la luz: débil aquella de la luna y resplandeciente la del ángel, que se suma a aquella natural que proviene de la ventana (real) inferior.</dbpedia-owl:abstract>
    <dbpedia-owl:author rdf:resource="http://dbpedia.org/resource/Raphael"/>
    <dbpedia-owl:museum rdf:resource="http://dbpedia.org/resource/Apostolic_Palace"/>
    <dbpedia-owl:wikiPageID rdf:datatype="http://www.w3.org/2001/XMLSchema#integer">7351330</dbpedia-owl:wikiPageID>
    <dbpedia-owl:wikiPageRevisionID rdf:datatype="http://www.w3.org/2001/XMLSchema#integer">540897952</dbpedia-owl:wikiPageRevisionID>
    <rdfs:label xml:lang="fr">La Délivrance de saint Pierre</rdfs:label>
    <rdfs:label xml:lang="es">Liberación de San Pedro</rdfs:label>
    <rdfs:label xml:lang="it">Liberazione di san Pietro</rdfs:label>
    <rdfs:label xml:lang="en">Deliverance of Saint Peter</rdfs:label>
    <foaf:depiction rdf:resource="http://upload.wikimedia.org/wikipedia/commons/2/28/Deliveranceofstpeter.jpg"/>
    <rdfs:comment xml:lang="it">La Liberazione di san Pietro è un affresco (circa 660x500 cm) di Raffaello e aiuti, databile al 1513-1514 e situato nella Stanza di Eliodoro, una delle Stanze Vaticane.</rdfs:comment>
    <rdfs:comment xml:lang="fr">La Délivrance de saint Pierre est une fresque peinte par l'artiste italien de la Renaissance Raphaël et son élève Giulio Romano. L'œuvre, qui date de 1514, se trouve dans la chambre d'Héliodore, une des chambres de Raphaël dans le palais apostolique du Vatican. Le pape Jules II, commanditaire de la fresque, est enterré dans la basilique Saint-Pierre-aux-Liens qui abrite les chaînes avec lesquelles saint Pierre aurait été entravé.</rdfs:comment>
    <rdfs:comment xml:lang="en">The Liberation of Saint Peter is a fresco painting by the Italian High Renaissance artist Raphael and his assistant Giulio Romano. It was painted in 1514 as part of Raphael's commission to decorate with frescoes the rooms that are now known as the Stanze di Raffaello, in the Apostolic Palace in the Vatican. It is located in the Stanza di Eliodoro, which is named after The Expulsion of Heliodorus from the Temple.</rdfs:comment>
    <rdfs:comment xml:lang="es">La liberación de san Pedro (en italiano, La liberazione di San Pietro) es un fresco del artista Rafael Sanzio y su ayudante Giulio Romano. Fue pintado en 1514. Tiene una anchura en la base de 660 cm. Es uno de los frescos de la Sala de Heliodoro (Stanza di Eliodoro), una de las habitaciones que hoy en día son conocidas como las estancias de Rafael, ubicadas en el Vaticano y que forman parte de los Museos Vaticanos. Está en una de las paredes de la estancia que tiene una ventana.</rdfs:comment>
    <foaf:name xml:lang="en">Deliverance of Saint Peter</foaf:name>
    <dbpedia-owl:thumbnail rdf:resource="http://upload.wikimedia.org/wikipedia/commons/thumb/2/28/Deliveranceofstpeter.jpg/200px-Deliveranceofstpeter.jpg"/>
    <dbpprop:artist rdf:resource="http://dbpedia.org/resource/Raphael"/>
    <dbpprop:city rdf:resource="http://dbpedia.org/resource/Vatican_City"/>
    <dbpprop:height xml:lang="en">?</dbpprop:height>
    <dbpprop:imageFile xml:lang="en">Deliveranceofstpeter.jpg</dbpprop:imageFile>
    <dbpprop:imageSize rdf:datatype="http://www.w3.org/2001/XMLSchema#integer">450</dbpprop:imageSize>
    <dbpprop:museum rdf:resource="http://dbpedia.org/resource/Apostolic_Palace"/>
    <dbpprop:title xml:lang="en">Deliverance of Saint Peter</dbpprop:title>
    <dbpprop:type rdf:resource="http://dbpedia.org/resource/Fresco"/>
    <dbpprop:width rdf:datatype="http://www.w3.org/2001/XMLSchema#integer">560</dbpprop:width>
    <dbpprop:year rdf:datatype="http://www.w3.org/2001/XMLSchema#integer">1514</dbpprop:year>
    <foaf:isPrimaryTopicOf rdf:resource="http://en.wikipedia.org/wiki/Deliverance_of_Saint_Peter"/>
    <ns7:wasDerivedFrom rdf:resource="http://en.wikipedia.org/wiki/Deliverance_of_Saint_Peter?oldid=540897952"/>
    <dbpprop:hasPhotoCollection rdf:resource="http://wifo5-03.informatik.uni-mannheim.de/flickrwrappr/photos/Deliverance_of_Saint_Peter"/>
  </rdf:Description>
  <rdf:Description rdf:about="http://dbpedia.org/resource/Deliverance_of_saint_peter">
    <dbpedia-owl:wikiPageRedirects rdf:resource="http://dbpedia.org/resource/Deliverance_of_Saint_Peter"/>
  </rdf:Description>
  <rdf:Description rdf:about="http://wikidata.dbpedia.org/resource/Q2719737">
    <owl:sameAs rdf:resource="http://dbpedia.org/resource/Deliverance_of_Saint_Peter"/>
  </rdf:Description>
  <rdf:Description rdf:about="http://sk.dbpedia.org/resource/Oslobodenie_svätého_Petra">
    <owl:sameAs rdf:resource="http://dbpedia.org/resource/Deliverance_of_Saint_Peter"/>
  </rdf:Description>
  <rdf:Description rdf:about="http://th.dbpedia.org/resource/การปลดปล่อยนักบุญเปโตร_(ราฟาเอล)">
    <owl:sameAs rdf:resource="http://dbpedia.org/resource/Deliverance_of_Saint_Peter"/>
  </rdf:Description>
  <rdf:Description rdf:about="http://tr.dbpedia.org/resource/Petrus'un_kurtuluşu">
    <owl:sameAs rdf:resource="http://dbpedia.org/resource/Deliverance_of_Saint_Peter"/>
  </rdf:Description>
</rdf:RDF>
