<rdf:RDF xmlns:ns7="http://www.w3.org/ns/prov#" xmlns:dbpprop="http://dbpedia.org/property/" xmlns:foaf="http://xmlns.com/foaf/0.1/" xmlns:dbpedia-owl="http://dbpedia.org/ontology/" xmlns:dcterms="http://purl.org/dc/terms/" xmlns:owl="http://www.w3.org/2002/07/owl#" xmlns:rdfs="http://www.w3.org/2000/01/rdf-schema#" xmlns:rdf="http://www.w3.org/1999/02/22-rdf-syntax-ns#">
  <rdf:Description rdf:about="http://fr.dbpedia.org/resource/La_Remise_des_clefs_à_saint_Pierre">
    <owl:sameAs rdf:resource="http://dbpedia.org/resource/Delivery_of_the_Keys_(Perugino)"/>
  </rdf:Description>
  <rdf:Description rdf:about="http://it.dbpedia.org/resource/Consegna_delle_chiavi_(Perugino)">
    <owl:sameAs rdf:resource="http://dbpedia.org/resource/Delivery_of_the_Keys_(Perugino)"/>
  </rdf:Description>
  <rdf:Description rdf:about="http://pl.dbpedia.org/resource/Wręczenie_kluczy_św._Piotrowi">
    <owl:sameAs rdf:resource="http://dbpedia.org/resource/Delivery_of_the_Keys_(Perugino)"/>
  </rdf:Description>
  <rdf:Description rdf:about="http://dbpedia.org/resource/Delivery_of_the_Keys_(Perugino)">
    <rdf:type rdf:resource="http://dbpedia.org/class/yago/1480sPaintings"/>
    <rdf:type rdf:resource="http://schema.org/CreativeWork"/>
    <rdf:type rdf:resource="http://dbpedia.org/class/yago/Art102743547"/>
    <rdf:type rdf:resource="http://dbpedia.org/class/yago/PhysicalEntity100001930"/>
    <rdf:type rdf:resource="http://dbpedia.org/class/yago/GraphicArt103453809"/>
    <rdf:type rdf:resource="http://dbpedia.org/class/yago/Artifact100021939"/>
    <rdf:type rdf:resource="http://dbpedia.org/class/yago/PaintingsByPietroPerugino"/>
    <rdf:type rdf:resource="http://dbpedia.org/class/yago/Painting103876519"/>
    <rdf:type rdf:resource="http://dbpedia.org/class/yago/Creation103129123"/>
    <rdf:type rdf:resource="http://dbpedia.org/ontology/Artwork"/>
    <rdf:type rdf:resource="http://dbpedia.org/ontology/Work"/>
    <rdf:type rdf:resource="http://www.w3.org/2002/07/owl#Thing"/>
    <rdf:type rdf:resource="http://dbpedia.org/class/yago/Object100002684"/>
    <rdf:type rdf:resource="http://dbpedia.org/class/yago/Whole100003553"/>
    <owl:sameAs rdf:resource="http://yago-knowledge.org/resource/Delivery_of_the_Keys_(Perugino)"/>
    <owl:sameAs rdf:resource="http://pl.dbpedia.org/resource/Wręczenie_kluczy_św._Piotrowi"/>
    <owl:sameAs rdf:resource="http://rdf.freebase.com/ns/m.0gmg937"/>
    <owl:sameAs rdf:resource="http://he.dbpedia.org/resource/ישו_מעניק_את_מפתחות_השמים_לפטרוס"/>
    <owl:sameAs rdf:resource="http://www.wikidata.org/entity/Q2620028"/>
    <owl:sameAs rdf:resource="http://it.dbpedia.org/resource/Consegna_delle_chiavi_(Perugino)"/>
    <owl:sameAs rdf:resource="http://fr.dbpedia.org/resource/La_Remise_des_clefs_à_saint_Pierre"/>
    <owl:sameAs rdf:resource="http://dbpedia.org/resource/Delivery_of_the_Keys_(Perugino)"/>
    <owl:sameAs rdf:resource="http://sv.dbpedia.org/resource/Kristus_överlämnar_himmelrikets_nycklar_till_Petrus"/>
    <dcterms:subject rdf:resource="http://dbpedia.org/resource/Category:1480s_paintings"/>
    <dcterms:subject rdf:resource="http://dbpedia.org/resource/Category:Sistine_Chapel"/>
    <dcterms:subject rdf:resource="http://dbpedia.org/resource/Category:Paintings_by_Pietro_Perugino"/>
    <dbpedia-owl:abstract xml:lang="fr">La Remise des clefs à saint Pierre est une fresque à thème religieux du Pérugin et ses assistants, datant de 1482 environ, faisant partie de la décoration du registre médian de la Chapelle sixtine au Vatican.</dbpedia-owl:abstract>
    <dbpedia-owl:abstract xml:lang="it">La Consegna delle chiavi è un affresco (335x550 cm) di Pietro Perugino e aiuti, realizzato nel 1481-1482 e facente parte della decorazione del registro mediano della Cappella Sistina in Vaticano.</dbpedia-owl:abstract>
    <dbpedia-owl:abstract xml:lang="pl">Wręczenie kluczy św. Piotrowi – fresk malarza włoskiego, przedstawiciela szkoły umbryjskiej Pietro Perugino. Fresk należy do cyklu przedstawiającego życie Mojżesza i Chrystusa namalowanego w Kaplicy Sykstyńskiej na zlecenie papieża Sykstusa IV. Fresk pod względem kompozycji przestrzennej nawiązuje do dzieł Masaccia i Piera della Francesca. Ukazuje na pierwszym planie figuralną scenę skomponowaną fryzowo, przedstawiającą symboliczne przekazanie kluczy Piotrowi przez Chrystusa. Na drugim planie widoczny jest plac z ogromną świątynią pośrodku, zbliżoną swym wyglądem do kopuły katedry florenckiej i niedokończonej rotundy Santa Maria degli Angeli autorstwa Filippo Brunelleschiego. Fresk jest złożeniem hołdu dla władzy Kościoła i papieża, który uważał się za następcę apostoła Piotra. Scena nadania najwyższej godności kapłańskiej ukazana została na pierwszym planie. Piotr klęczy przed Jezusem i odbiera od niego prawą ręką symbol władzy kościelnej, a lewą rękę przykłada do serca. Świadkami przekazania są inni apostołowie oraz współcześnie żyjące postacie. Całkiem z lewej strony, uchwycony z profilu, uwieczniony został Alfonso di Calabia. Z prawej strony postacią z ramą lub ekierką jest architekt Kaplicy Sykstyńskiej Giovanni de'Dolci. Obok niego z cyrklem w dłoniach stoi inny budowniczy Baccio Pontelli. Postać widoczna z profilu przed nimi to sam Perugino. W scenie malarz przedstawił kilkakrotnie ten sam motyw płaszcza przełożonego przez ramię, motyw, który później wielokrotnie stosował w swoich dziełach. Plac widoczny w głębi jest symetryczny, wyłożony płytami o geometrycznych kształtach. Świątynia pośrodku, będącą kopią biblijnej świątyni Salomona, jest namalowana na wzór architektury renesansowej: harmonijna budowla centralna na planie ośmioboku z kopułą i czterema małymi przedsionkami zwieńczonymi szczytami. Po bokach Perugio, niewątpliwie znając Łuk Konstantyna, namalował, wzorując się na nim, dwa symetrycznie umieszczone łuki triumfalne. Pomiędzy postaciami na pierwszym planie a linią budynków Perugino namalował na placu kilka postaci. Tworzą one m. in. scenę próby ukamienowania Jezusa w Świątyni Jerozolimskiej. Na horyzoncie natomiast autor umieścił symetryczny pagórkowaty krajobraz z charakterystycznie osadzonymi drzewami, będącymi jego i jego późniejszego ucznia Rafaela sygnaturą rozpoznawczą. Są one nieproporcjonalnie wysokie i niepoddające się najmniejszemu podmuchowi wiatru.</dbpedia-owl:abstract>
    <dbpedia-owl:abstract xml:lang="en">The Delivery of the Keys, or Christ Giving the Keys to St. Peter is a fresco by the Italian Renaissance painter Pietro Perugino, executed in 1481-1482 and located in the Sistine Chapel, Rome.</dbpedia-owl:abstract>
    <dbpedia-owl:abstract xml:lang="sv">Kristus överlämnar himmelrikets nycklar till Petrus (ibland betitlad Nyckelöverlämnandet) är en fresk (335 × 550 cm) i Sixtinska kapellet, Vatikanstaten, målad av Pietro Perugino 1481–1482. Fresken består av en strängt schematisk komposition och ger prov på Peruginos behärskning av perspektivet och hans sätt att skickligt fördela gestalterna på ytan i enlighet med en monumental geometri. Med denna fresk uppnådde Perugino sin största berömmelse. Den grundas speciellt på bildens perspektiviska djupverkan och den konstfullt anordnade arkitekturen. Här skildras hur Petrus, i vars efterföljd påvarna står, förlänas med det högsta prästadömet på jorden. Överlämnandet av nycklarna, symboler för kyrkans makt, åskådliggörs direkt genom den nedåtgående linjen från Kristus till den knäböjande aposteln. Bland de kringstående vittnena skall en del ansikten vara porträtt av samtida, däribland i den högra gruppen ett självporträtt av konstnären.</dbpedia-owl:abstract>
    <dbpedia-owl:museum rdf:resource="http://dbpedia.org/resource/Sistine_Chapel"/>
    <dbpedia-owl:wikiPageID rdf:datatype="http://www.w3.org/2001/XMLSchema#integer">31666394</dbpedia-owl:wikiPageID>
    <dbpedia-owl:wikiPageRevisionID rdf:datatype="http://www.w3.org/2001/XMLSchema#integer">541016978</dbpedia-owl:wikiPageRevisionID>
    <rdfs:label xml:lang="pl">Wręczenie kluczy św. Piotrowi</rdfs:label>
    <rdfs:label xml:lang="sv">Kristus överlämnar himmelrikets nycklar till Petrus</rdfs:label>
    <rdfs:label xml:lang="it">Consegna delle chiavi (Perugino)</rdfs:label>
    <rdfs:label xml:lang="en">Delivery of the Keys (Perugino)</rdfs:label>
    <rdfs:label xml:lang="fr">La Remise des clefs à saint Pierre</rdfs:label>
    <foaf:depiction rdf:resource="http://upload.wikimedia.org/wikipedia/commons/b/b4/Entrega_de_las_llaves_a_San_Pedro_(Perugino).jpg"/>
    <rdfs:comment xml:lang="fr">La Remise des clefs à saint Pierre est une fresque à thème religieux du Pérugin et ses assistants, datant de 1482 environ, faisant partie de la décoration du registre médian de la Chapelle sixtine au Vatican.</rdfs:comment>
    <rdfs:comment xml:lang="en">The Delivery of the Keys, or Christ Giving the Keys to St. Peter is a fresco by the Italian Renaissance painter Pietro Perugino, executed in 1481-1482 and located in the Sistine Chapel, Rome.</rdfs:comment>
    <rdfs:comment xml:lang="it">La Consegna delle chiavi è un affresco (335x550 cm) di Pietro Perugino e aiuti, realizzato nel 1481-1482 e facente parte della decorazione del registro mediano della Cappella Sistina in Vaticano.</rdfs:comment>
    <rdfs:comment xml:lang="pl">Wręczenie kluczy św. Piotrowi – fresk malarza włoskiego, przedstawiciela szkoły umbryjskiej Pietro Perugino. Fresk należy do cyklu przedstawiającego życie Mojżesza i Chrystusa namalowanego w Kaplicy Sykstyńskiej na zlecenie papieża Sykstusa IV. Fresk pod względem kompozycji przestrzennej nawiązuje do dzieł Masaccia i Piera della Francesca. Ukazuje na pierwszym planie figuralną scenę skomponowaną fryzowo, przedstawiającą symboliczne przekazanie kluczy Piotrowi przez Chrystusa.</rdfs:comment>
    <rdfs:comment xml:lang="sv">Kristus överlämnar himmelrikets nycklar till Petrus (ibland betitlad Nyckelöverlämnandet) är en fresk (335 × 550 cm) i Sixtinska kapellet, Vatikanstaten, målad av Pietro Perugino 1481–1482. Fresken består av en strängt schematisk komposition och ger prov på Peruginos behärskning av perspektivet och hans sätt att skickligt fördela gestalterna på ytan i enlighet med en monumental geometri. Med denna fresk uppnådde Perugino sin största berömmelse.</rdfs:comment>
    <foaf:name xml:lang="en">Delivery of the Keys</foaf:name>
    <dbpedia-owl:thumbnail rdf:resource="http://upload.wikimedia.org/wikipedia/commons/thumb/b/b4/Entrega_de_las_llaves_a_San_Pedro_(Perugino).jpg/200px-Entrega_de_las_llaves_a_San_Pedro_(Perugino).jpg"/>
    <dbpprop:artist xml:lang="en">Perugino</dbpprop:artist>
    <dbpprop:city xml:lang="en">Rome</dbpprop:city>
    <dbpprop:height rdf:datatype="http://www.w3.org/2001/XMLSchema#integer">330</dbpprop:height>
    <dbpprop:imageFile xml:lang="en">Entrega de las llaves a San Pedro .jpg</dbpprop:imageFile>
    <dbpprop:imageSize rdf:datatype="http://www.w3.org/2001/XMLSchema#integer">360</dbpprop:imageSize>
    <dbpprop:museum xml:lang="en">Sistine Chapel</dbpprop:museum>
    <dbpprop:title xml:lang="en">Delivery of the Keys</dbpprop:title>
    <dbpprop:type xml:lang="en">Fresco</dbpprop:type>
    <dbpprop:width rdf:datatype="http://www.w3.org/2001/XMLSchema#integer">550</dbpprop:width>
    <dbpprop:year xml:lang="en">c. 1481-1482</dbpprop:year>
    <foaf:isPrimaryTopicOf rdf:resource="http://en.wikipedia.org/wiki/Delivery_of_the_Keys_(Perugino)"/>
    <ns7:wasDerivedFrom rdf:resource="http://en.wikipedia.org/wiki/Delivery_of_the_Keys_(Perugino)?oldid=541016978"/>
    <dbpprop:hasPhotoCollection rdf:resource="http://wifo5-03.informatik.uni-mannheim.de/flickrwrappr/photos/Delivery_of_the_Keys_(Perugino)"/>
  </rdf:Description>
  <rdf:Description rdf:about="http://dbpedia.org/resource/Christ_Giving_the_Keys_to_Peter_(Perugino)">
    <dbpedia-owl:wikiPageRedirects rdf:resource="http://dbpedia.org/resource/Delivery_of_the_Keys_(Perugino)"/>
  </rdf:Description>
  <rdf:Description rdf:about="http://dbpedia.org/resource/Christ_Giving_the_Keys_to_Peter_(Sistine_Chapel)">
    <dbpedia-owl:wikiPageRedirects rdf:resource="http://dbpedia.org/resource/Delivery_of_the_Keys_(Perugino)"/>
  </rdf:Description>
  <rdf:Description rdf:about="http://dbpedia.org/resource/Christ_Giving_the_Keys_to_St._Peter_(Sistine_Chapel)">
    <dbpedia-owl:wikiPageRedirects rdf:resource="http://dbpedia.org/resource/Delivery_of_the_Keys_(Perugino)"/>
  </rdf:Description>
  <rdf:Description rdf:about="http://dbpedia.org/resource/Delivery_of_the_Ketys_(Sistine_Chapel)">
    <dbpedia-owl:wikiPageRedirects rdf:resource="http://dbpedia.org/resource/Delivery_of_the_Keys_(Perugino)"/>
  </rdf:Description>
  <rdf:Description rdf:about="http://dbpedia.org/resource/Delivery_of_the_Keys_(Sistine_Chapel)">
    <dbpedia-owl:wikiPageRedirects rdf:resource="http://dbpedia.org/resource/Delivery_of_the_Keys_(Perugino)"/>
  </rdf:Description>
  <rdf:Description rdf:about="http://dbpedia.org/resource/Delivery_of_the_Keys_to_St._Peter_(Perugino)">
    <dbpedia-owl:wikiPageRedirects rdf:resource="http://dbpedia.org/resource/Delivery_of_the_Keys_(Perugino)"/>
  </rdf:Description>
  <rdf:Description rdf:about="http://dbpedia.org/resource/The_Delivery_of_the_Keys_(Perugino)">
    <dbpedia-owl:wikiPageRedirects rdf:resource="http://dbpedia.org/resource/Delivery_of_the_Keys_(Perugino)"/>
  </rdf:Description>
  <rdf:Description rdf:about="http://en.wikipedia.org/wiki/Delivery_of_the_Keys_(Perugino)">
    <foaf:primaryTopic rdf:resource="http://dbpedia.org/resource/Delivery_of_the_Keys_(Perugino)"/>
  </rdf:Description>
  <rdf:Description rdf:about="http://wikidata.dbpedia.org/resource/Q2620028">
    <owl:sameAs rdf:resource="http://dbpedia.org/resource/Delivery_of_the_Keys_(Perugino)"/>
  </rdf:Description>
  <rdf:Description rdf:about="http://he.dbpedia.org/resource/ישו_מעניק_את_מפתחות_השמים_לפטרוס">
    <owl:sameAs rdf:resource="http://dbpedia.org/resource/Delivery_of_the_Keys_(Perugino)"/>
  </rdf:Description>
  <rdf:Description rdf:about="http://sv.dbpedia.org/resource/Kristus_överlämnar_himmelrikets_nycklar_till_Petrus">
    <owl:sameAs rdf:resource="http://dbpedia.org/resource/Delivery_of_the_Keys_(Perugino)"/>
  </rdf:Description>
</rdf:RDF>
