<rdf:RDF xmlns:ns7="http://www.w3.org/ns/prov#" xmlns:dbpprop="http://dbpedia.org/property/" xmlns:foaf="http://xmlns.com/foaf/0.1/" xmlns:dbpedia-owl="http://dbpedia.org/ontology/" xmlns:dcterms="http://purl.org/dc/terms/" xmlns:owl="http://www.w3.org/2002/07/owl#" xmlns:rdfs="http://www.w3.org/2000/01/rdf-schema#" xmlns:rdf="http://www.w3.org/1999/02/22-rdf-syntax-ns#">
  <rdf:Description rdf:about="http://dbpedia.org/resource/Deposition_of_Christ_(Fra_Angelico)">
    <rdf:type rdf:resource="http://www.w3.org/2002/07/owl#Thing"/>
    <rdf:type rdf:resource="http://dbpedia.org/ontology/Artwork"/>
    <rdf:type rdf:resource="http://dbpedia.org/class/yago/PaintingsByFraAngelico"/>
    <rdf:type rdf:resource="http://dbpedia.org/class/yago/PaintingsDepictingDepositionFromTheCross"/>
    <rdf:type rdf:resource="http://schema.org/CreativeWork"/>
    <rdf:type rdf:resource="http://dbpedia.org/class/yago/PhysicalEntity100001930"/>
    <rdf:type rdf:resource="http://dbpedia.org/class/yago/GraphicArt103453809"/>
    <rdf:type rdf:resource="http://dbpedia.org/class/yago/Artifact100021939"/>
    <rdf:type rdf:resource="http://dbpedia.org/class/yago/Creation103129123"/>
    <rdf:type rdf:resource="http://dbpedia.org/class/yago/PaintingsAboutDeath"/>
    <rdf:type rdf:resource="http://dbpedia.org/class/yago/Whole100003553"/>
    <rdf:type rdf:resource="http://dbpedia.org/class/yago/Painting103876519"/>
    <rdf:type rdf:resource="http://dbpedia.org/class/yago/1430sPaintings"/>
    <rdf:type rdf:resource="http://dbpedia.org/ontology/Work"/>
    <rdf:type rdf:resource="http://dbpedia.org/class/yago/Object100002684"/>
    <rdf:type rdf:resource="http://dbpedia.org/class/yago/Art102743547"/>
    <rdf:type rdf:resource="http://dbpedia.org/class/yago/PaintingsDepictingJesus"/>
    <owl:sameAs rdf:resource="http://pt.dbpedia.org/resource/Deposição_de_Cristo_(Fra_Angelico)"/>
    <owl:sameAs rdf:resource="http://es.dbpedia.org/resource/Descendimiento_de_la_Cruz_(Fra_Angélico)"/>
    <owl:sameAs rdf:resource="http://th.dbpedia.org/resource/การอัญเชิญพระศพลงจากกางเขน_(ฟราอันเจลีโก)"/>
    <owl:sameAs rdf:resource="http://www.wikidata.org/entity/Q2529591"/>
    <owl:sameAs rdf:resource="http://rdf.freebase.com/ns/m.02r9_24"/>
    <owl:sameAs rdf:resource="http://dbpedia.org/resource/Deposition_of_Christ_(Fra_Angelico)"/>
    <owl:sameAs rdf:resource="http://it.dbpedia.org/resource/Deposizione_(Angelico)"/>
    <owl:sameAs rdf:resource="http://fr.dbpedia.org/resource/La_Descente_de_Croix_(Fra_Angelico)"/>
    <owl:sameAs rdf:resource="http://yago-knowledge.org/resource/Deposition_of_Christ_(Fra_Angelico)"/>
    <owl:sameAs rdf:resource="http://pl.dbpedia.org/resource/Zdjęcie_z_krzyża_(obraz_Fra_Angelica)"/>
    <dcterms:subject rdf:resource="http://dbpedia.org/resource/Category:Christian_art_about_death"/>
    <dcterms:subject rdf:resource="http://dbpedia.org/resource/Category:1430s_paintings"/>
    <dcterms:subject rdf:resource="http://dbpedia.org/resource/Category:Paintings_about_death"/>
    <dcterms:subject rdf:resource="http://dbpedia.org/resource/Category:Paintings_depicting_Deposition_from_the_Cross"/>
    <dcterms:subject rdf:resource="http://dbpedia.org/resource/Category:Paintings_by_Fra_Angelico"/>
    <dcterms:subject rdf:resource="http://dbpedia.org/resource/Category:Paintings_depicting_Jesus"/>
    <dbpedia-owl:abstract xml:lang="fr">La Descente de Croix est une peinture chrétienne de Fra Angelico, exécutée entre 1432 et 1434 pour la sacristie dite chapelle Strozzi de la Santa Trinita. Ce retable polyptyque est conservé et présenté aujourd'hui au public au Musée national San Marco à Florence. L'historien de l'art et peintre Giorgio Vasari définit cette œuvre comme « peinte par un saint ou un ange ».</dbpedia-owl:abstract>
    <dbpedia-owl:abstract xml:lang="it">Deposizione dalla Croce è una pala d'altare tempera su tavola (176 × 185 cm) realizzata tra il 1432 ed il 1434 dai pittori Beato Angelico e Lorenzo Monaco. Commissionata da Palla Strozzi per la sagrestia di Santa Trinita, è conservata al Museo nazionale di San Marco di Firenze.</dbpedia-owl:abstract>
    <dbpedia-owl:abstract xml:lang="pl">Zdjęcie z krzyża – obraz włoskiego malarza religijnego wczesnego renesansu, Fra Angelico. Obraz jest częścią panelu ołtarzowego. Pierwotnie miał być namalowany w stylu gotyckim i zaczęty został przez innego artystę, Lorenza Monaco. Jego autorstwa są panele boczne oraz górne fragmenty dzieła. Prace przerwała śmierć malarza w 1425 roku. Ołtarz powstawał na zlecenie rodziny Strozzich, do ich kaplicy we florenckim kościele Santa Trinita. Fra Angelico podjął się dokończenia prac w latach trzydziestych XV w. Tematem obrazu jest zdjęcie z krzyża Chrystusa. Scena przedstawiona została pod centralnym łukiem, gdzie pięciu mężczyzn zdejmuje martwe ciało. Jednym z nich jest Jan Apostoł, który jedynie dotyka Jezusa. Ciało i rozpostarte ramiona Chrystusa wyznaczają przekątne obrazu. Z lewej strony malarz ukazał dziewięć kobiet, z których dwie klęczą. Są to Matka Boża w niebieskiej szacie z aureolą na której jest wypisane jej imię oraz Maria Magdalena, która całuje stopy Jezusa. Po prawej stronie stoi sześciu mężczyzn. Jeden z nich pokazuje koronę cierniową i trzy gwoździe, symbole ukrzyżowania. Przy krzyżu po prawej stronie klęczy w czerwonej tunice mężczyzna, który wraz z Magdaleną ma zachęcać widza do modlitwy. Wszystkie postacie stoją na kwiecistym dywanie, który jest charakterystycznym elementem dekoracyjnym dla malarstwa flandryjskiego. Nad postaciami widoczne jest pochmurne niebo, które łączy wszystkie trzy łuki obrazu. W tle widoczna jest Jerozolima przedstawiona w rzucie perspektywicznym. Obraz Zdjęcie z krzyża Fra Angelico jest uderzająco podobny do innego dzieła pod tym samym tytułem autorstwa Rogiera van der Weydena, powstałym w trzydziestych latach XV wieku. Prawdopodobnie Angelico widział je lub nawet jego kopia znajdowała się w księgozbiorze opactwa dominikańskiego, w którym przebywał.</dbpedia-owl:abstract>
    <dbpedia-owl:abstract xml:lang="en">The Deposition from the Cross is a painting of the Deposition of Christ by the Italian Renaissance master Fra Angelico, executed between 1432 and 1434. It is now housed in the National Museum of San Marco, Florence. Giorgio Vasari defined it to have been “painted by a saint or an angel”. Angelico intervened to complete this altarpiece when it had been already begun by Lorenzo Monaco for the Strozzi Chapel in the Florentine church of Santa Trinita. It portrays Christ supported by several people, with Mary Magdalene keeping his feet, as a symbol of human repention. A figure on the right, with a red hat, is showing the cross' nails and the horns crown, symbols of passion and sacrifice. Mary, wearing a dark dress, is showed in the traditional gesture of keeping hands joined.</dbpedia-owl:abstract>
    <dbpedia-owl:abstract xml:lang="es">El Descendimiento de la Cruz (en italiano, Deposizione dalla Croce), es una obra realizada por el pintor italiano Fra Angélico. Está realizado al temple sobre tabla, y fue pintado entre 1432 y 1434. Actualmente se encuentra en el Museo Nacional de San Marcos de Florencia. Giorgio Vasari lo describió como «pintado por un santo o por un ángel». Fra Angélico intervino para completar este retablo cuando había sido ya comenzado por Lorenzo Monaco para la capilla Strozzi en la iglesia florentina de Santa Trinità. Representa a Cristo sujetado por varias personas, recordando en esta representación al Descendimiento de Roger van der Weyden, lo que demuestra los contactos entre la pintura florentina y la flamenca en aquella época. María Magdalena sostiene los pies de Cristo, como un símbolo del arrepentimiento humano. Una figura a la derecha, con un sombrero rojo, muestra los tres clavos de la cruz y la corona de espinas, símbolos de la pasión y del sacrificio. Sobre su cabeza se ve un halo dorado. La Virgen María, que luce un vestido oscuro, se muestra en el gesto tradicional de mantener las manos unidas. El nombre de la Virgen aparece inserto en el halo. En primer término está representado con realismo un prado con flores, lo que recuerda a los cuadros flamencos de la época. Al fondo se ve Jerusalén representada de forma geométrica, en un paisaje de cielo nublado.</dbpedia-owl:abstract>
    <dbpedia-owl:abstract xml:lang="pt">Deposição de Cristo ou Deposição da Cruz é uma obra do mestre pintor renascentista Fra Angelico, executada por volta de 1432-1434, que ilustra a Deposição da Cruz. Integra a coleção do Museu Nacional de São Marcos em Florença. Giorgio Vasari descreveu esta obra como sendo «pintada por um santo ou por um anjo». Fra Angelico interveio para completar este retábulo quando já tinha sido iniciado por Lorenzo Monaco para a sacristia Strozzi na igreja florentina de Santa Trinità. Representa a Deposição da Cruz, com Cristo a ser levado por várias pessoas, recordando nesta representação a obra A Deposição da Cruz de Roger van der Weyden, o que demonstra os contactos entre a pintura florentina e a flamenga naquela época. Maria Madalena sustém os pés de Cristo, como símbolo do arrependimento humano. Uma figura à direita, com um chapéu vermelho, mostra os três cravos da cruz e a coroa de espinhos, símbolos da paixão e do sacrifício. Sobre a sua cabeça há um halo dourado. A Virgem Maria, que tem um vestido escuro, encontra-se no gesto tradicional de manter as mãos unidas. O nome da Virgem aparece inserido no halo. Em primeiro plano está representado com realismo um prado com flores, o que recorda os quadros flamengos da época. Ao fundo vê-se Jerusalém representada de forma geométrica, numa paisagem de céu nublado.</dbpedia-owl:abstract>
    <dbpedia-owl:author rdf:resource="http://dbpedia.org/resource/Fra_Angelico"/>
    <dbpedia-owl:museum rdf:resource="http://dbpedia.org/resource/San_Marco,_Florence"/>
    <dbpedia-owl:wikiPageID rdf:datatype="http://www.w3.org/2001/XMLSchema#integer">11393362</dbpedia-owl:wikiPageID>
    <dbpedia-owl:wikiPageRevisionID rdf:datatype="http://www.w3.org/2001/XMLSchema#integer">541068127</dbpedia-owl:wikiPageRevisionID>
    <rdfs:label xml:lang="en">Deposition of Christ (Fra Angelico)</rdfs:label>
    <rdfs:label xml:lang="es">Descendimiento de la Cruz (Fra Angélico)</rdfs:label>
    <rdfs:label xml:lang="fr">La Descente de Croix (Fra Angelico)</rdfs:label>
    <rdfs:label xml:lang="pl">Zdjęcie z krzyża (obraz Fra Angelica)</rdfs:label>
    <rdfs:label xml:lang="it">Deposizione (Angelico)</rdfs:label>
    <rdfs:label xml:lang="pt">Deposição de Cristo (Fra Angelico)</rdfs:label>
    <foaf:depiction rdf:resource="http://upload.wikimedia.org/wikipedia/commons/5/5f/Fra_Angelico_073.jpg"/>
    <rdfs:comment xml:lang="pt">Deposição de Cristo ou Deposição da Cruz é uma obra do mestre pintor renascentista Fra Angelico, executada por volta de 1432-1434, que ilustra a Deposição da Cruz. Integra a coleção do Museu Nacional de São Marcos em Florença. Giorgio Vasari descreveu esta obra como sendo «pintada por um santo ou por um anjo». Fra Angelico interveio para completar este retábulo quando já tinha sido iniciado por Lorenzo Monaco para a sacristia Strozzi na igreja florentina de Santa Trinità.</rdfs:comment>
    <rdfs:comment xml:lang="en">The Deposition from the Cross is a painting of the Deposition of Christ by the Italian Renaissance master Fra Angelico, executed between 1432 and 1434. It is now housed in the National Museum of San Marco, Florence. Giorgio Vasari defined it to have been “painted by a saint or an angel”. Angelico intervened to complete this altarpiece when it had been already begun by Lorenzo Monaco for the Strozzi Chapel in the Florentine church of Santa Trinita.</rdfs:comment>
    <rdfs:comment xml:lang="it">Deposizione dalla Croce è una pala d'altare tempera su tavola (176 × 185 cm) realizzata tra il 1432 ed il 1434 dai pittori Beato Angelico e Lorenzo Monaco. Commissionata da Palla Strozzi per la sagrestia di Santa Trinita, è conservata al Museo nazionale di San Marco di Firenze.</rdfs:comment>
    <rdfs:comment xml:lang="fr">La Descente de Croix est une peinture chrétienne de Fra Angelico, exécutée entre 1432 et 1434 pour la sacristie dite chapelle Strozzi de la Santa Trinita. Ce retable polyptyque est conservé et présenté aujourd'hui au public au Musée national San Marco à Florence. L'historien de l'art et peintre Giorgio Vasari définit cette œuvre comme « peinte par un saint ou un ange ».</rdfs:comment>
    <rdfs:comment xml:lang="es">El Descendimiento de la Cruz (en italiano, Deposizione dalla Croce), es una obra realizada por el pintor italiano Fra Angélico. Está realizado al temple sobre tabla, y fue pintado entre 1432 y 1434. Actualmente se encuentra en el Museo Nacional de San Marcos de Florencia. Giorgio Vasari lo describió como «pintado por un santo o por un ángel».</rdfs:comment>
    <rdfs:comment xml:lang="pl">Zdjęcie z krzyża – obraz włoskiego malarza religijnego wczesnego renesansu, Fra Angelico. Obraz jest częścią panelu ołtarzowego. Pierwotnie miał być namalowany w stylu gotyckim i zaczęty został przez innego artystę, Lorenza Monaco. Jego autorstwa są panele boczne oraz górne fragmenty dzieła. Prace przerwała śmierć malarza w 1425 roku. Ołtarz powstawał na zlecenie rodziny Strozzich, do ich kaplicy we florenckim kościele Santa Trinita.</rdfs:comment>
    <foaf:name xml:lang="en">Deposition from the Cross</foaf:name>
    <dbpedia-owl:thumbnail rdf:resource="http://upload.wikimedia.org/wikipedia/commons/thumb/5/5f/Fra_Angelico_073.jpg/200px-Fra_Angelico_073.jpg"/>
    <dbpedia-owl:wikiPageExternalLink rdf:resource="http://www.polomuseale.firenze.it/sanmarco/"/>
    <dbpprop:artist rdf:resource="http://dbpedia.org/resource/Fra_Angelico"/>
    <dbpprop:city rdf:resource="http://dbpedia.org/resource/Florence"/>
    <dbpprop:height rdf:datatype="http://www.w3.org/2001/XMLSchema#integer">176</dbpprop:height>
    <dbpprop:imageFile xml:lang="en">Fra Angelico 073.jpg</dbpprop:imageFile>
    <dbpprop:museum rdf:resource="http://dbpedia.org/resource/San_Marco,_Florence"/>
    <dbpprop:title xml:lang="en">Deposition from the Cross</dbpprop:title>
    <dbpprop:type xml:lang="en">Tempera on panel</dbpprop:type>
    <dbpprop:width rdf:datatype="http://www.w3.org/2001/XMLSchema#integer">185</dbpprop:width>
    <dbpprop:year rdf:datatype="http://www.w3.org/2001/XMLSchema#integer">1432</dbpprop:year>
    <foaf:isPrimaryTopicOf rdf:resource="http://en.wikipedia.org/wiki/Deposition_of_Christ_(Fra_Angelico)"/>
    <ns7:wasDerivedFrom rdf:resource="http://en.wikipedia.org/wiki/Deposition_of_Christ_(Fra_Angelico)?oldid=541068127"/>
    <dbpprop:hasPhotoCollection rdf:resource="http://wifo5-03.informatik.uni-mannheim.de/flickrwrappr/photos/Deposition_of_Christ_(Fra_Angelico)"/>
  </rdf:Description>
  <rdf:Description rdf:about="http://dbpedia.org/resource/Fra_Angelico">
    <dbpprop:works rdf:resource="http://dbpedia.org/resource/Deposition_of_Christ_(Fra_Angelico)"/>
  </rdf:Description>
  <rdf:Description rdf:about="http://en.wikipedia.org/wiki/Deposition_of_Christ_(Fra_Angelico)">
    <foaf:primaryTopic rdf:resource="http://dbpedia.org/resource/Deposition_of_Christ_(Fra_Angelico)"/>
  </rdf:Description>
  <rdf:Description rdf:about="http://dbpedia.org/resource/Descent_from_the_Cross_(Fra_Angelico)">
    <dbpedia-owl:wikiPageRedirects rdf:resource="http://dbpedia.org/resource/Deposition_of_Christ_(Fra_Angelico)"/>
  </rdf:Description>
  <rdf:Description rdf:about="http://it.dbpedia.org/resource/Deposizione_(Angelico)">
    <owl:sameAs rdf:resource="http://dbpedia.org/resource/Deposition_of_Christ_(Fra_Angelico)"/>
  </rdf:Description>
  <rdf:Description rdf:about="http://fr.dbpedia.org/resource/La_Descente_de_Croix_(Fra_Angelico)">
    <owl:sameAs rdf:resource="http://dbpedia.org/resource/Deposition_of_Christ_(Fra_Angelico)"/>
  </rdf:Description>
  <rdf:Description rdf:about="http://es.dbpedia.org/resource/Descendimiento_de_la_Cruz_(Fra_Angélico)">
    <owl:sameAs rdf:resource="http://dbpedia.org/resource/Deposition_of_Christ_(Fra_Angelico)"/>
  </rdf:Description>
  <rdf:Description rdf:about="http://pl.dbpedia.org/resource/Zdjęcie_z_krzyża_(obraz_Fra_Angelica)">
    <owl:sameAs rdf:resource="http://dbpedia.org/resource/Deposition_of_Christ_(Fra_Angelico)"/>
  </rdf:Description>
  <rdf:Description rdf:about="http://dbpedia.org/resource/Deposition_(Angelico)">
    <dbpedia-owl:wikiPageRedirects rdf:resource="http://dbpedia.org/resource/Deposition_of_Christ_(Fra_Angelico)"/>
  </rdf:Description>
  <rdf:Description rdf:about="http://dbpedia.org/resource/Deposition_from_the_Cross_(Fra_Angelico)">
    <dbpedia-owl:wikiPageRedirects rdf:resource="http://dbpedia.org/resource/Deposition_of_Christ_(Fra_Angelico)"/>
  </rdf:Description>
  <rdf:Description rdf:about="http://dbpedia.org/resource/Deposition_of_Christ_(Angelico)">
    <dbpedia-owl:wikiPageRedirects rdf:resource="http://dbpedia.org/resource/Deposition_of_Christ_(Fra_Angelico)"/>
  </rdf:Description>
  <rdf:Description rdf:about="http://dbpedia.org/resource/Deposition_of_Christ_(Beato_Angelico)">
    <dbpedia-owl:wikiPageRedirects rdf:resource="http://dbpedia.org/resource/Deposition_of_Christ_(Fra_Angelico)"/>
  </rdf:Description>
  <rdf:Description rdf:about="http://pt.dbpedia.org/resource/Deposição_de_Cristo_(Fra_Angelico)">
    <owl:sameAs rdf:resource="http://dbpedia.org/resource/Deposition_of_Christ_(Fra_Angelico)"/>
  </rdf:Description>
  <rdf:Description rdf:about="http://wikidata.dbpedia.org/resource/Q2529591">
    <owl:sameAs rdf:resource="http://dbpedia.org/resource/Deposition_of_Christ_(Fra_Angelico)"/>
  </rdf:Description>
  <rdf:Description rdf:about="http://th.dbpedia.org/resource/การอัญเชิญพระศพลงจากกางเขน_(ฟราอันเจลีโก)">
    <owl:sameAs rdf:resource="http://dbpedia.org/resource/Deposition_of_Christ_(Fra_Angelico)"/>
  </rdf:Description>
</rdf:RDF>
