<rdf:RDF xmlns:ns7="http://www.w3.org/ns/prov#" xmlns:dbpprop="http://dbpedia.org/property/" xmlns:foaf="http://xmlns.com/foaf/0.1/" xmlns:dbpedia-owl="http://dbpedia.org/ontology/" xmlns:dcterms="http://purl.org/dc/terms/" xmlns:owl="http://www.w3.org/2002/07/owl#" xmlns:rdfs="http://www.w3.org/2000/01/rdf-schema#" xmlns:rdf="http://www.w3.org/1999/02/22-rdf-syntax-ns#">
  <rdf:Description rdf:about="http://dbpedia.org/resource/Desco_da_parto_(Masaccio)">
    <rdf:type rdf:resource="http://dbpedia.org/class/yago/Creation103129123"/>
    <rdf:type rdf:resource="http://dbpedia.org/class/yago/GraphicArt103453809"/>
    <rdf:type rdf:resource="http://dbpedia.org/class/yago/Object100002684"/>
    <rdf:type rdf:resource="http://dbpedia.org/class/yago/PhysicalEntity100001930"/>
    <rdf:type rdf:resource="http://dbpedia.org/class/yago/Painting103876519"/>
    <rdf:type rdf:resource="http://dbpedia.org/class/yago/Whole100003553"/>
    <rdf:type rdf:resource="http://www.w3.org/2002/07/owl#Thing"/>
    <rdf:type rdf:resource="http://dbpedia.org/class/yago/PaintingsByMasaccio"/>
    <rdf:type rdf:resource="http://dbpedia.org/ontology/Work"/>
    <rdf:type rdf:resource="http://dbpedia.org/class/yago/1428Paintings"/>
    <rdf:type rdf:resource="http://dbpedia.org/class/yago/Art102743547"/>
    <rdf:type rdf:resource="http://dbpedia.org/ontology/Artwork"/>
    <rdf:type rdf:resource="http://schema.org/CreativeWork"/>
    <rdf:type rdf:resource="http://dbpedia.org/class/yago/Artifact100021939"/>
    <owl:sameAs rdf:resource="http://www.wikidata.org/entity/Q3705918"/>
    <owl:sameAs rdf:resource="http://es.dbpedia.org/resource/Natividad_(Masaccio)"/>
    <owl:sameAs rdf:resource="http://yago-knowledge.org/resource/Desco_da_parto_(Masaccio)"/>
    <owl:sameAs rdf:resource="http://rdf.freebase.com/ns/m.08n39p"/>
    <owl:sameAs rdf:resource="http://it.dbpedia.org/resource/Desco_da_parto_(Masaccio)"/>
    <owl:sameAs rdf:resource="http://dbpedia.org/resource/Desco_da_parto_(Masaccio)"/>
    <dcterms:subject rdf:resource="http://dbpedia.org/resource/Category:Paintings_by_Masaccio"/>
    <dcterms:subject rdf:resource="http://dbpedia.org/resource/Category:1428_paintings"/>
    <dbpedia-owl:abstract xml:lang="it">Il Desco da parto con sul recto la Natività e sul verso una figura allegorica è un'opera di Masaccio, databile al 1426 e conservata nello Staatliche Museen di Berlino. Si tratta di una tempera su tavola tonda, misurante 56,5 cm di diametro, senza la cornice. L'opera è piuttosto insolita nel panorama dell'attività di Masaccio, poiché al posto della solenne e maestosa impostazione di opere come il Tributo, qui l'autore si diletta nel raccontare minutamente alcuni dettagli aneddotici e ciò è forse dovuto a una maggiore libertà permessa dalla committenza privata.</dbpedia-owl:abstract>
    <dbpedia-owl:abstract xml:lang="en">This painting, also known as the Berlin Tondo, is a desco da parto, or birthing-tray painted by the Italian Renaissance artist Masaccio, c. 1427–1428, though the work is regarded as from his workshop or by a "follower" by many recent scholars. While the birth of Jesus, and that of his mother, were very common scenes in religious art, and often used contemporary settings and costumes, actual depictions of a contemporary childbirth were very rare.</dbpedia-owl:abstract>
    <dbpedia-owl:abstract xml:lang="es">La Natividad, también conocido como el Tondo de Berlín, es un cuadro del pintor renacentista italiano Masaccio. Es una pintura al temple sobre tabla de 56 cm de diámetro, pintado hacia 1427-1428. Se conserva en los Staatliche Museen de Berlín. Este tondo o pintura redonda con una Natividad al frente y un Putto y perrillo detrás data del último periodo de Masaccio en Florencia, antes de marchar a Roma. Fue definido por los expertos como el primer tondo renacentista, y llamaron la atención sobre las importantes innovaciones y la correcta perspectiva arquitectónica que refleja un conocimiento y afirmación mayor del clasicismo de Brunelleschi. Aquí el lenguaje florentino es evidente en las secuencias de color de los modelos geométricos sobre las paredes del edificio y en el patio. Esto armoniza perfectamente, y aparecerá nuevamente en los cuadros de Fra Angelico y la arquitectura de Michelozzo en el Claustro de San Marcos, Florencia.</dbpedia-owl:abstract>
    <dbpedia-owl:author rdf:resource="http://dbpedia.org/resource/Masaccio"/>
    <dbpedia-owl:museum rdf:resource="http://dbpedia.org/resource/Gem%C3%A4ldegalerie,_Berlin"/>
    <dbpedia-owl:wikiPageID rdf:datatype="http://www.w3.org/2001/XMLSchema#integer">27333004</dbpedia-owl:wikiPageID>
    <dbpedia-owl:wikiPageRevisionID rdf:datatype="http://www.w3.org/2001/XMLSchema#integer">548512300</dbpedia-owl:wikiPageRevisionID>
    <rdfs:label xml:lang="en">Desco da parto (Masaccio)</rdfs:label>
    <rdfs:label xml:lang="es">Natividad (Masaccio)</rdfs:label>
    <rdfs:label xml:lang="it">Desco da parto (Masaccio)</rdfs:label>
    <foaf:depiction rdf:resource="http://upload.wikimedia.org/wikipedia/commons/5/56/Masaccio_002.jpg"/>
    <rdfs:comment xml:lang="en">This painting, also known as the Berlin Tondo, is a desco da parto, or birthing-tray painted by the Italian Renaissance artist Masaccio, c. 1427–1428, though the work is regarded as from his workshop or by a "follower" by many recent scholars. While the birth of Jesus, and that of his mother, were very common scenes in religious art, and often used contemporary settings and costumes, actual depictions of a contemporary childbirth were very rare.</rdfs:comment>
    <rdfs:comment xml:lang="es">La Natividad, también conocido como el Tondo de Berlín, es un cuadro del pintor renacentista italiano Masaccio. Es una pintura al temple sobre tabla de 56 cm de diámetro, pintado hacia 1427-1428. Se conserva en los Staatliche Museen de Berlín. Este tondo o pintura redonda con una Natividad al frente y un Putto y perrillo detrás data del último periodo de Masaccio en Florencia, antes de marchar a Roma.</rdfs:comment>
    <rdfs:comment xml:lang="it">Il Desco da parto con sul recto la Natività e sul verso una figura allegorica è un'opera di Masaccio, databile al 1426 e conservata nello Staatliche Museen di Berlino. Si tratta di una tempera su tavola tonda, misurante 56,5 cm di diametro, senza la cornice.</rdfs:comment>
    <foaf:name xml:lang="en">Nativity</foaf:name>
    <dbpedia-owl:thumbnail rdf:resource="http://upload.wikimedia.org/wikipedia/commons/thumb/5/56/Masaccio_002.jpg/200px-Masaccio_002.jpg"/>
    <dbpprop:artist xml:lang="en">Masaccio</dbpprop:artist>
    <dbpprop:auto xml:lang="en">yes</dbpprop:auto>
    <dbpprop:date xml:lang="en">December 2009</dbpprop:date>
    <dbpprop:diameter rdf:datatype="http://www.w3.org/2001/XMLSchema#integer">56</dbpprop:diameter>
    <dbpprop:imageFile xml:lang="en">Masaccio 002.jpg</dbpprop:imageFile>
    <dbpprop:museum rdf:resource="http://dbpedia.org/resource/Gem%C3%A4ldegalerie,_Berlin"/>
    <dbpprop:title xml:lang="en">Nativity</dbpprop:title>
    <dbpprop:type xml:lang="en">Tempera on wood</dbpprop:type>
    <dbpprop:year rdf:datatype="http://www.w3.org/2001/XMLSchema#integer">1427</dbpprop:year>
    <foaf:isPrimaryTopicOf rdf:resource="http://en.wikipedia.org/wiki/Desco_da_parto_(Masaccio)"/>
    <ns7:wasDerivedFrom rdf:resource="http://en.wikipedia.org/wiki/Desco_da_parto_(Masaccio)?oldid=548512300"/>
    <dbpprop:hasPhotoCollection rdf:resource="http://wifo5-03.informatik.uni-mannheim.de/flickrwrappr/photos/Desco_da_parto_(Masaccio)"/>
  </rdf:Description>
  <rdf:Description rdf:about="http://en.wikipedia.org/wiki/Desco_da_parto_(Masaccio)">
    <foaf:primaryTopic rdf:resource="http://dbpedia.org/resource/Desco_da_parto_(Masaccio)"/>
  </rdf:Description>
  <rdf:Description rdf:about="http://es.dbpedia.org/resource/Natividad_(Masaccio)">
    <owl:sameAs rdf:resource="http://dbpedia.org/resource/Desco_da_parto_(Masaccio)"/>
  </rdf:Description>
  <rdf:Description rdf:about="http://it.dbpedia.org/resource/Desco_da_parto_(Masaccio)">
    <owl:sameAs rdf:resource="http://dbpedia.org/resource/Desco_da_parto_(Masaccio)"/>
  </rdf:Description>
  <rdf:Description rdf:about="http://dbpedia.org/resource/Nativity_(Masaccio)">
    <dbpedia-owl:wikiPageRedirects rdf:resource="http://dbpedia.org/resource/Desco_da_parto_(Masaccio)"/>
  </rdf:Description>
  <rdf:Description rdf:about="http://wikidata.dbpedia.org/resource/Q3705918">
    <owl:sameAs rdf:resource="http://dbpedia.org/resource/Desco_da_parto_(Masaccio)"/>
  </rdf:Description>
</rdf:RDF>
