<rdf:RDF xmlns:ns7="http://www.w3.org/ns/prov#" xmlns:dbpprop="http://dbpedia.org/property/" xmlns:foaf="http://xmlns.com/foaf/0.1/" xmlns:dbpedia-owl="http://dbpedia.org/ontology/" xmlns:dcterms="http://purl.org/dc/terms/" xmlns:owl="http://www.w3.org/2002/07/owl#" xmlns:rdfs="http://www.w3.org/2000/01/rdf-schema#" xmlns:rdf="http://www.w3.org/1999/02/22-rdf-syntax-ns#">
  <rdf:Description rdf:about="http://en.wikipedia.org/wiki/Die_Fahne_Hoch!_(Frank_Stella)">
    <foaf:primaryTopic rdf:resource="http://dbpedia.org/resource/Die_Fahne_Hoch!_(Frank_Stella)"/>
  </rdf:Description>
  <rdf:Description rdf:about="http://dbpedia.org/resource/Die_Fahne_Hoch">
    <dbpedia-owl:wikiPageDisambiguates rdf:resource="http://dbpedia.org/resource/Die_Fahne_Hoch!_(Frank_Stella)"/>
  </rdf:Description>
  <rdf:Description rdf:about="http://dbpedia.org/resource/Die_Fahne_Hoch!_(Frank_Stella)">
    <rdf:type rdf:resource="http://dbpedia.org/class/yago/Whole100003553"/>
    <rdf:type rdf:resource="http://dbpedia.org/class/yago/Creation103129123"/>
    <rdf:type rdf:resource="http://schema.org/CreativeWork"/>
    <rdf:type rdf:resource="http://dbpedia.org/class/yago/GraphicArt103453809"/>
    <rdf:type rdf:resource="http://dbpedia.org/ontology/Artwork"/>
    <rdf:type rdf:resource="http://dbpedia.org/class/yago/PaintingsByFrankStella"/>
    <rdf:type rdf:resource="http://dbpedia.org/ontology/Work"/>
    <rdf:type rdf:resource="http://dbpedia.org/class/yago/Object100002684"/>
    <rdf:type rdf:resource="http://dbpedia.org/class/yago/Painting103876519"/>
    <rdf:type rdf:resource="http://dbpedia.org/class/yago/1950sPaintings"/>
    <rdf:type rdf:resource="http://dbpedia.org/class/yago/PhysicalEntity100001930"/>
    <rdf:type rdf:resource="http://dbpedia.org/class/yago/Artifact100021939"/>
    <rdf:type rdf:resource="http://www.w3.org/2002/07/owl#Thing"/>
    <rdf:type rdf:resource="http://dbpedia.org/class/yago/Art102743547"/>
    <owl:sameAs rdf:resource="http://www.wikidata.org/entity/Q5274343"/>
    <owl:sameAs rdf:resource="http://rdf.freebase.com/ns/m.064lgr_"/>
    <owl:sameAs rdf:resource="http://dbpedia.org/resource/Die_Fahne_Hoch!_(Frank_Stella)"/>
    <owl:sameAs rdf:resource="http://yago-knowledge.org/resource/Die_Fahne_Hoch!_(Frank_Stella)"/>
    <dcterms:subject rdf:resource="http://dbpedia.org/resource/Category:Paintings_by_Frank_Stella"/>
    <dcterms:subject rdf:resource="http://dbpedia.org/resource/Category:1950s_paintings"/>
    <dbpedia-owl:abstract xml:lang="en">Die Fahne Hoch! is a Minimalist painting by Frank Stella completed in 1959. The use of basic geometric systems in the work is regarded by many as the precursor of Minimalism. The painting was made by marking equal subdivisions along the sides, bottom and top edges of the canvas and using these intervals to generate simple, symmetrical patterns consisting of bands of black enamel paint separated by thin lines of unpainted canvas. Frank Stella gave the work a provocative title. Die Fahne Hoch! is named after the anthem of the Nazi Party, the Horst-Wessel-Lied, and is one of several paintings in the series that make direct reference to Nazism. By applying a hotly emotive title to the image, Stella's ironic purpose was that of destabilizing the idea of meaning itself.</dbpedia-owl:abstract>
    <dbpedia-owl:author rdf:resource="http://dbpedia.org/resource/Frank_Stella"/>
    <dbpedia-owl:museum rdf:resource="http://dbpedia.org/resource/Whitney_Museum_of_American_Art"/>
    <dbpedia-owl:wikiPageID rdf:datatype="http://www.w3.org/2001/XMLSchema#integer">23120566</dbpedia-owl:wikiPageID>
    <dbpedia-owl:wikiPageRevisionID rdf:datatype="http://www.w3.org/2001/XMLSchema#integer">531710789</dbpedia-owl:wikiPageRevisionID>
    <rdfs:label xml:lang="en">Die Fahne Hoch! (Frank Stella)</rdfs:label>
    <foaf:depiction rdf:resource="http://upload.wikimedia.org/wikipedia/commons/f/f6/DFHFrankStella.jpg"/>
    <rdfs:comment xml:lang="en">Die Fahne Hoch! is a Minimalist painting by Frank Stella completed in 1959. The use of basic geometric systems in the work is regarded by many as the precursor of Minimalism. The painting was made by marking equal subdivisions along the sides, bottom and top edges of the canvas and using these intervals to generate simple, symmetrical patterns consisting of bands of black enamel paint separated by thin lines of unpainted canvas. Frank Stella gave the work a provocative title.</rdfs:comment>
    <foaf:name xml:lang="en">Die Fahne Hoch!</foaf:name>
    <dbpedia-owl:thumbnail rdf:resource="http://upload.wikimedia.org/wikipedia/commons/thumb/f/f6/DFHFrankStella.jpg/200px-DFHFrankStella.jpg"/>
    <dbpprop:artist rdf:resource="http://dbpedia.org/resource/Frank_Stella"/>
    <dbpprop:city rdf:resource="http://dbpedia.org/resource/New_York"/>
    <dbpprop:height rdf:datatype="http://www.w3.org/2001/XMLSchema#double">308.6</dbpprop:height>
    <dbpprop:imageFile xml:lang="en">DFHFrankStella.jpg</dbpprop:imageFile>
    <dbpprop:imageSize rdf:datatype="http://www.w3.org/2001/XMLSchema#integer">150</dbpprop:imageSize>
    <dbpprop:museum rdf:resource="http://dbpedia.org/resource/Whitney_Museum_of_American_Art"/>
    <dbpprop:paintingAlignment xml:lang="en">right</dbpprop:paintingAlignment>
    <dbpprop:title xml:lang="en">Die Fahne Hoch!</dbpprop:title>
    <dbpprop:type xml:lang="en">Enamel paint on canvas</dbpprop:type>
    <dbpprop:width rdf:datatype="http://www.w3.org/2001/XMLSchema#double">185.4</dbpprop:width>
    <dbpprop:year rdf:datatype="http://www.w3.org/2001/XMLSchema#integer">1959</dbpprop:year>
    <foaf:isPrimaryTopicOf rdf:resource="http://en.wikipedia.org/wiki/Die_Fahne_Hoch!_(Frank_Stella)"/>
    <ns7:wasDerivedFrom rdf:resource="http://en.wikipedia.org/wiki/Die_Fahne_Hoch!_(Frank_Stella)?oldid=531710789"/>
    <dbpprop:hasPhotoCollection rdf:resource="http://wifo5-03.informatik.uni-mannheim.de/flickrwrappr/photos/Die_Fahne_Hoch!_(Frank_Stella)"/>
  </rdf:Description>
  <rdf:Description rdf:about="http://wikidata.dbpedia.org/resource/Q5274343">
    <owl:sameAs rdf:resource="http://dbpedia.org/resource/Die_Fahne_Hoch!_(Frank_Stella)"/>
  </rdf:Description>
</rdf:RDF>
