<rdf:RDF xmlns:dbpprop="http://dbpedia.org/property/" xmlns:ns6="http://www.w3.org/ns/prov#" xmlns:foaf="http://xmlns.com/foaf/0.1/" xmlns:dbpedia-owl="http://dbpedia.org/ontology/" xmlns:dcterms="http://purl.org/dc/terms/" xmlns:owl="http://www.w3.org/2002/07/owl#" xmlns:rdfs="http://www.w3.org/2000/01/rdf-schema#" xmlns:rdf="http://www.w3.org/1999/02/22-rdf-syntax-ns#">
  <rdf:Description rdf:about="http://fr.dbpedia.org/resource/Chiens_jouant_au_poker">
    <owl:sameAs rdf:resource="http://dbpedia.org/resource/Dogs_Playing_Poker"/>
  </rdf:Description>
  <rdf:Description rdf:about="http://dbpedia.org/resource/Dogs_Playing_Poker">
    <rdf:type rdf:resource="http://dbpedia.org/class/yago/1903Paintings"/>
    <rdf:type rdf:resource="http://dbpedia.org/class/yago/Object100002684"/>
    <rdf:type rdf:resource="http://dbpedia.org/class/yago/GraphicArt103453809"/>
    <rdf:type rdf:resource="http://dbpedia.org/class/yago/AmericanPaintings"/>
    <rdf:type rdf:resource="http://dbpedia.org/class/yago/Art102743547"/>
    <rdf:type rdf:resource="http://dbpedia.org/class/yago/Creation103129123"/>
    <rdf:type rdf:resource="http://dbpedia.org/class/yago/ModernPaintings"/>
    <rdf:type rdf:resource="http://dbpedia.org/class/yago/Whole100003553"/>
    <rdf:type rdf:resource="http://dbpedia.org/class/yago/Painting103876519"/>
    <rdf:type rdf:resource="http://dbpedia.org/class/yago/Artifact100021939"/>
    <rdf:type rdf:resource="http://dbpedia.org/class/yago/PhysicalEntity100001930"/>
    <owl:sameAs rdf:resource="http://fr.dbpedia.org/resource/Chiens_jouant_au_poker"/>
    <owl:sameAs rdf:resource="http://es.dbpedia.org/resource/Perros_jugando_al_póquer"/>
    <owl:sameAs rdf:resource="http://www.wikidata.org/entity/Q2963501"/>
    <owl:sameAs rdf:resource="http://ms.dbpedia.org/resource/Anjing_Bermain_Poker"/>
    <owl:sameAs rdf:resource="http://ja.dbpedia.org/resource/ポーカーをする犬"/>
    <owl:sameAs rdf:resource="http://fa.dbpedia.org/resource/بلوف_شجاعانه"/>
    <owl:sameAs rdf:resource="http://pl.dbpedia.org/resource/Psy_grające_w_pokera"/>
    <owl:sameAs rdf:resource="http://dbpedia.org/resource/Dogs_Playing_Poker"/>
    <owl:sameAs rdf:resource="http://rdf.freebase.com/ns/m.03szdv"/>
    <owl:sameAs rdf:resource="http://yago-knowledge.org/resource/Dogs_Playing_Poker"/>
    <dcterms:subject rdf:resource="http://dbpedia.org/resource/Category:American_paintings"/>
    <dcterms:subject rdf:resource="http://dbpedia.org/resource/Category:Painting_series"/>
    <dcterms:subject rdf:resource="http://dbpedia.org/resource/Category:1903_paintings"/>
    <dcterms:subject rdf:resource="http://dbpedia.org/resource/Category:Dogs_in_popular_culture"/>
    <dcterms:subject rdf:resource="http://dbpedia.org/resource/Category:Modern_paintings"/>
    <dcterms:subject rdf:resource="http://dbpedia.org/resource/Category:Anthropomorphic_dogs"/>
    <dcterms:subject rdf:resource="http://dbpedia.org/resource/Category:Dogs_in_art"/>
    <dbpedia-owl:abstract xml:lang="en">Dogs Playing Poker refers collectively to a series of sixteen oil paintings by C. M. Coolidge, commissioned in 1903 by Brown &amp; Bigelow to advertise cigars. All the paintings in the series feature anthropomorphized dogs, but the nine in which dogs are seated around a card table have become derisively well known in the United States as examples of mainly working-class taste in home decoration. Critic Annette Ferrara describes Dogs Playing Poker as "indelibly burned into ... the American collective-schlock subconscious ... through incessant reproduction on all manner of pop ephemera."</dbpedia-owl:abstract>
    <dbpedia-owl:abstract xml:lang="ja">ポーカーをする犬(Dogs Playing Poker)はアメリカの画家カシアス・マーセラス・クーリッジによって描かれた16枚の油絵のことで、このシリーズは出版社のブラウン&amp;ビガロ(Brown &amp; Bigelow)の依頼を受けてタバコ会社の広告のために製作された。絵はどれも擬人化した犬を主人公にしていることが特徴だが、そのうち犬がトランプ用テーブルの周りに腰かけている9枚の絵は、アメリカで知名度こそ高くなったものの、主に労働者階級の人間が家を飾るときの趣味を体現したものとしてあざけりの対象にもなった。批評家のアネット・フェレーラはそれをこう表現している。「ありとあらゆるカゲロウじみたポップアートが絶え間なく再生産されるなかで…〔ポーカーをする犬は〕アメリカ人の安っぽい集合的無意識に…永遠に刻み込まれた」。</dbpedia-owl:abstract>
    <dbpedia-owl:abstract xml:lang="pl">Psy grające w pokera – seria szesnastu obrazów olejnych autorstwa amerykańskiego malarza Cassiusa Marcellusa Coolidge'a, zamówionych w 1903 roku przez firmę Brown &amp; Bigelow na potrzeby kampanii reklamowej cygar. Wszystkie obrazy z serii przedstawiają zantropomorfizowane postacie psów, jednak tylko dziewięć z nich, na których zwierzęta siedzą wokół stołu do gry w karty, zyskało powszechną rozpoznawalność w amerykańskiej kulturze. Ich sporej popularności cała seria malowideł Coolidge'a zawdzięcza tytuł. Do dziś funkcjonują one jako stereotypowy przykład słabego gustu w dekoracji wnętrz, dominującego głównie wśród klasy robotniczej.</dbpedia-owl:abstract>
    <dbpedia-owl:abstract xml:lang="es">Perros jugando al póquer es una serie de pinturas realizadas por Cassius Marcellus Coolidge. En total 16 obras que muestran a perros con actitudes humanas, de las cuales 9 las mostraban jugando al póquer. En las otras se mostraba a los perros fumando cigarro, bailando, jugando al béisbol y declarando en la corte.</dbpedia-owl:abstract>
    <dbpedia-owl:abstract xml:lang="fr">Les Chiens jouant au poker (an anglais, Dogs Playing Poker) est une série de 12 peintures à l'huile de C. M. Coolidge commandées en 1903 par Brown &amp; Bigelow pour faire la promotion de cigares. Toutes ces peintures montrent des chiens anthropomorphes, mais la plus connue est la numéro 9 qui montre des chiens assis autour d'une table de jeu (Waterloo).</dbpedia-owl:abstract>
    <dbpedia-owl:wikiPageID rdf:datatype="http://www.w3.org/2001/XMLSchema#integer">953263</dbpedia-owl:wikiPageID>
    <dbpedia-owl:wikiPageRevisionID rdf:datatype="http://www.w3.org/2001/XMLSchema#integer">541147067</dbpedia-owl:wikiPageRevisionID>
    <rdfs:label xml:lang="es">Perros jugando al póquer</rdfs:label>
    <rdfs:label xml:lang="ja">ポーカーをする犬</rdfs:label>
    <rdfs:label xml:lang="pl">Psy grające w pokera</rdfs:label>
    <rdfs:label xml:lang="fr">Chiens jouant au poker</rdfs:label>
    <rdfs:label xml:lang="en">Dogs Playing Poker</rdfs:label>
    <foaf:depiction rdf:resource="http://upload.wikimedia.org/wikipedia/commons/f/f2/Hisstationand4aces-coolidge.jpg"/>
    <rdfs:comment xml:lang="en">Dogs Playing Poker refers collectively to a series of sixteen oil paintings by C. M. Coolidge, commissioned in 1903 by Brown &amp; Bigelow to advertise cigars. All the paintings in the series feature anthropomorphized dogs, but the nine in which dogs are seated around a card table have become derisively well known in the United States as examples of mainly working-class taste in home decoration. Critic Annette Ferrara describes Dogs Playing Poker as "indelibly burned into ...</rdfs:comment>
    <rdfs:comment xml:lang="ja">ポーカーをする犬(Dogs Playing Poker)はアメリカの画家カシアス・マーセラス・クーリッジによって描かれた16枚の油絵のことで、このシリーズは出版社のブラウン&amp;ビガロ(Brown &amp; Bigelow)の依頼を受けてタバコ会社の広告のために製作された。絵はどれも擬人化した犬を主人公にしていることが特徴だが、そのうち犬がトランプ用テーブルの周りに腰かけている9枚の絵は、アメリカで知名度こそ高くなったものの、主に労働者階級の人間が家を飾るときの趣味を体現したものとしてあざけりの対象にもなった。批評家のアネット・フェレーラはそれをこう表現している。「ありとあらゆるカゲロウじみたポップアートが絶え間なく再生産されるなかで…〔ポーカーをする犬は〕アメリカ人の安っぽい集合的無意識に…永遠に刻み込まれた」。</rdfs:comment>
    <rdfs:comment xml:lang="fr">Les Chiens jouant au poker (an anglais, Dogs Playing Poker) est une série de 12 peintures à l'huile de C. M. Coolidge commandées en 1903 par Brown &amp; Bigelow pour faire la promotion de cigares. Toutes ces peintures montrent des chiens anthropomorphes, mais la plus connue est la numéro 9 qui montre des chiens assis autour d'une table de jeu (Waterloo).</rdfs:comment>
    <rdfs:comment xml:lang="es">Perros jugando al póquer es una serie de pinturas realizadas por Cassius Marcellus Coolidge. En total 16 obras que muestran a perros con actitudes humanas, de las cuales 9 las mostraban jugando al póquer. En las otras se mostraba a los perros fumando cigarro, bailando, jugando al béisbol y declarando en la corte.</rdfs:comment>
    <rdfs:comment xml:lang="pl">Psy grające w pokera – seria szesnastu obrazów olejnych autorstwa amerykańskiego malarza Cassiusa Marcellusa Coolidge'a, zamówionych w 1903 roku przez firmę Brown &amp; Bigelow na potrzeby kampanii reklamowej cygar. Wszystkie obrazy z serii przedstawiają zantropomorfizowane postacie psów, jednak tylko dziewięć z nich, na których zwierzęta siedzą wokół stołu do gry w karty, zyskało powszechną rozpoznawalność w amerykańskiej kulturze.</rdfs:comment>
    <dbpedia-owl:thumbnail rdf:resource="http://upload.wikimedia.org/wikipedia/commons/thumb/f/f2/Hisstationand4aces-coolidge.jpg/200px-Hisstationand4aces-coolidge.jpg"/>
    <dbpedia-owl:wikiPageExternalLink rdf:resource="http://www.dogsplayingpoker.org/"/>
    <foaf:isPrimaryTopicOf rdf:resource="http://en.wikipedia.org/wiki/Dogs_Playing_Poker"/>
    <ns6:wasDerivedFrom rdf:resource="http://en.wikipedia.org/wiki/Dogs_Playing_Poker?oldid=541147067"/>
    <dbpprop:hasPhotoCollection rdf:resource="http://wifo5-03.informatik.uni-mannheim.de/flickrwrappr/photos/Dogs_Playing_Poker"/>
  </rdf:Description>
  <rdf:Description rdf:about="http://dbpedia.org/resource/A_Friend_in_Need">
    <dbpedia-owl:wikiPageRedirects rdf:resource="http://dbpedia.org/resource/Dogs_Playing_Poker"/>
  </rdf:Description>
  <rdf:Description rdf:about="http://dbpedia.org/resource/A_friend_in_need">
    <dbpedia-owl:wikiPageRedirects rdf:resource="http://dbpedia.org/resource/Dogs_Playing_Poker"/>
  </rdf:Description>
  <rdf:Description rdf:about="http://dbpedia.org/resource/Dogs_playing_poker">
    <dbpedia-owl:wikiPageRedirects rdf:resource="http://dbpedia.org/resource/Dogs_Playing_Poker"/>
  </rdf:Description>
  <rdf:Description rdf:about="http://dbpedia.org/resource/Looks_Like_Four_Of_A_Kind">
    <dbpedia-owl:wikiPageRedirects rdf:resource="http://dbpedia.org/resource/Dogs_Playing_Poker"/>
  </rdf:Description>
  <rdf:Description rdf:about="http://dbpedia.org/resource/Looks_Like_Four_of_a_Kind">
    <dbpedia-owl:wikiPageRedirects rdf:resource="http://dbpedia.org/resource/Dogs_Playing_Poker"/>
  </rdf:Description>
  <rdf:Description rdf:about="http://dbpedia.org/resource/Dog's_playing_poker">
    <dbpedia-owl:wikiPageRedirects rdf:resource="http://dbpedia.org/resource/Dogs_Playing_Poker"/>
  </rdf:Description>
  <rdf:Description rdf:about="http://en.wikipedia.org/wiki/Dogs_Playing_Poker">
    <foaf:primaryTopic rdf:resource="http://dbpedia.org/resource/Dogs_Playing_Poker"/>
  </rdf:Description>
  <rdf:Description rdf:about="http://dbpedia.org/resource/DPP">
    <dbpedia-owl:wikiPageDisambiguates rdf:resource="http://dbpedia.org/resource/Dogs_Playing_Poker"/>
  </rdf:Description>
  <rdf:Description rdf:about="http://es.dbpedia.org/resource/Perros_jugando_al_póquer">
    <owl:sameAs rdf:resource="http://dbpedia.org/resource/Dogs_Playing_Poker"/>
  </rdf:Description>
  <rdf:Description rdf:about="http://pl.dbpedia.org/resource/Psy_grające_w_pokera">
    <owl:sameAs rdf:resource="http://dbpedia.org/resource/Dogs_Playing_Poker"/>
  </rdf:Description>
  <rdf:Description rdf:about="http://ja.dbpedia.org/resource/ポーカーをする犬">
    <owl:sameAs rdf:resource="http://dbpedia.org/resource/Dogs_Playing_Poker"/>
  </rdf:Description>
  <rdf:Description rdf:about="http://wikidata.dbpedia.org/resource/Q2963501">
    <owl:sameAs rdf:resource="http://dbpedia.org/resource/Dogs_Playing_Poker"/>
  </rdf:Description>
  <rdf:Description rdf:about="http://fa.dbpedia.org/resource/بلوف_شجاعانه">
    <owl:sameAs rdf:resource="http://dbpedia.org/resource/Dogs_Playing_Poker"/>
  </rdf:Description>
  <rdf:Description rdf:about="http://ms.dbpedia.org/resource/Anjing_Bermain_Poker">
    <owl:sameAs rdf:resource="http://dbpedia.org/resource/Dogs_Playing_Poker"/>
  </rdf:Description>
</rdf:RDF>
