<rdf:RDF xmlns:ns7="http://www.w3.org/ns/prov#" xmlns:dbpprop="http://dbpedia.org/property/" xmlns:foaf="http://xmlns.com/foaf/0.1/" xmlns:dbpedia-owl="http://dbpedia.org/ontology/" xmlns:dcterms="http://purl.org/dc/terms/" xmlns:owl="http://www.w3.org/2002/07/owl#" xmlns:rdfs="http://www.w3.org/2000/01/rdf-schema#" xmlns:rdf="http://www.w3.org/1999/02/22-rdf-syntax-ns#">
  <rdf:Description rdf:about="http://dbpedia.org/resource/Domine_(disambiguation)">
    <dbpedia-owl:wikiPageDisambiguates rdf:resource="http://dbpedia.org/resource/Domine_quo_vadis%3F_(Annibale_Carracci)"/>
  </rdf:Description>
  <rdf:Description rdf:about="http://dbpedia.org/resource/Domine_quo_vadis%3F_(Annibale_Carracci)">
    <rdf:type rdf:resource="http://dbpedia.org/class/yago/PhysicalEntity100001930"/>
    <rdf:type rdf:resource="http://dbpedia.org/class/yago/Whole100003553"/>
    <rdf:type rdf:resource="http://dbpedia.org/class/yago/PaintingsDepictingJesus"/>
    <rdf:type rdf:resource="http://dbpedia.org/class/yago/1600sPaintings"/>
    <rdf:type rdf:resource="http://dbpedia.org/class/yago/Artifact100021939"/>
    <rdf:type rdf:resource="http://dbpedia.org/class/yago/Creation103129123"/>
    <rdf:type rdf:resource="http://dbpedia.org/class/yago/BaroquePaintings"/>
    <rdf:type rdf:resource="http://dbpedia.org/class/yago/Painting103876519"/>
    <rdf:type rdf:resource="http://dbpedia.org/ontology/Artwork"/>
    <rdf:type rdf:resource="http://dbpedia.org/class/yago/GraphicArt103453809"/>
    <rdf:type rdf:resource="http://dbpedia.org/class/yago/PaintingsByAnnibaleCarracci"/>
    <rdf:type rdf:resource="http://www.w3.org/2002/07/owl#Thing"/>
    <rdf:type rdf:resource="http://dbpedia.org/class/yago/Object100002684"/>
    <rdf:type rdf:resource="http://schema.org/CreativeWork"/>
    <rdf:type rdf:resource="http://dbpedia.org/class/yago/Art102743547"/>
    <rdf:type rdf:resource="http://dbpedia.org/ontology/Work"/>
    <owl:sameAs rdf:resource="http://es.dbpedia.org/resource/Domine,_quo_vadis%3F"/>
    <owl:sameAs rdf:resource="http://yago-knowledge.org/resource/Domine_quo_vadis%3F_(Annibale_Carracci)"/>
    <owl:sameAs rdf:resource="http://www.wikidata.org/entity/Q1227679"/>
    <owl:sameAs rdf:resource="http://de.dbpedia.org/resource/Domine,_quo_vadis%3F"/>
    <owl:sameAs rdf:resource="http://el.dbpedia.org/resource/Ντόμινε,_κβο_βάντις;_(Καράτσι)"/>
    <owl:sameAs rdf:resource="http://rdf.freebase.com/ns/m.02rw_t2"/>
    <owl:sameAs rdf:resource="http://dbpedia.org/resource/Domine_quo_vadis%3F_(Annibale_Carracci)"/>
    <owl:sameAs rdf:resource="http://it.dbpedia.org/resource/Domine,_quo_vadis%3F"/>
    <dcterms:subject rdf:resource="http://dbpedia.org/resource/Category:Paintings_by_Annibale_Carracci"/>
    <dcterms:subject rdf:resource="http://dbpedia.org/resource/Category:Collections_of_the_National_Gallery,_London"/>
    <dcterms:subject rdf:resource="http://dbpedia.org/resource/Category:Paintings_depicting_Jesus"/>
    <dcterms:subject rdf:resource="http://dbpedia.org/resource/Category:1600s_paintings"/>
    <dbpedia-owl:abstract xml:lang="es">Domine, quo vadis? o Aparición de Cristo a san Pedro es una pintura de Annibale Carracci, actualmente en la National Gallery de Londres, Reino Unido. Se trata de un óleo sobre madera con unas dimensiones de 77,4 centímetros de alto y 56,3 de ancho. Fue ejecutada hacia 1601-1602. Se representa aquí la aparición de Cristo a San Pedro en la Vía Appia, según lo relata La leyenda dorada de Jacobo de la Vorágine: después de derrotar a Simón el Mago, san Pedro es liberado y, aconsejado por los cristianos, sale de Roma. En la Via Appia se le aparece Jesucristo, y san Pedro le hace la pregunta que da título al cuadro: Domine, quo vadis? (Señor, ¿dónde vas?), a lo que Jesucristo le responde que va a Roma, a que lo crucifiquen de nuevo. Entonces san Pedro comprende su debilidad y regresa a Roma para encontrarse con el martirio y la muerte. Es, pues, el primer episodio de la pasión de San Pedro. En el cuadro se representa a la izquierda a Jesucristo con la Cruz, que señala hacia Roma. A la derecha, la figura de Simón Pedro, con un gesto brusco de retroceso y sobresalto. Es notable la postura escorzada de Cristo con los atributos de la Pasión, a la que compositivamente se opone la figura del apóstol, más pesada y plana. Carracci demuestra, en la aparente simplicidad y claridad estructural del cuadro, así como en el idealismo de los tipos humanos y el paisaje, su conocimiento de la pintura renacentista, y más concretamente su cercanía a los modelos de Rafael. La finalidad de esta obra es instar a la conversión o bien, como otras pinturas de la misma temática dentro del Barroco, a modo de apologética de la presencia de Pedro en Roma y de las atribuciones que Jesucristo le habría concedido.</dbpedia-owl:abstract>
    <dbpedia-owl:abstract xml:lang="it">Domine, quo vadis? è un dipinto di cm 77 x 56 realizzato nel 1602 circa dal pittore italiano Annibale Carracci. È conservato alla National Gallery di Londra. La tela rappresenta San Pietro mentre percorrendo la via Appia gli compare Cristo e chiede: "Domine, quo vadis?", ovvero "Signore, dove vai?".</dbpedia-owl:abstract>
    <dbpedia-owl:abstract xml:lang="de">Domine, quo vadis? (dt. Herr, wohin gehst du?) ist ein Gemälde des italienischen Barockmalers Annibale Carracci und entstand um 1602. Es ist mit Öl auf Leinwand gemalt und befindet sich heute in der National Gallery (London). Es misst 77,4 x 56,3 Zentimeter. Das Bild zeigt den Apostel Simon Petrus gemeinsam mit Jesus Christus (links). Petrus verlässt auf der Via Appia die Stadt Rom und begegnet dort Christus. Petrus fragt „Herr, wo gehst Du hin?“. Als er die Antwort gehört hat, kehrt Petrus um und wird anschließend verhaftet und gekreuzigt. Diese Begebenheit geht auf eine Legende zurück, der zufolge Petrus während der Christenverfolgungen im Jahr 67 oder 68 n. Chr. aus Rom floh und vor der Stadt Christus begegnete. Petrus fragte ihn: „Domine, quo vadis?“. Als Christus antwortete, er gehe hin, um sich noch einmal kreuzigen zu lassen, sagte Petrus beschämt: „Herr, ich werde zurückkehren und dir folgen. “ An der Stelle wurde anschließend das Kirchengebäude Santa Maria in Palmis erbaut.</dbpedia-owl:abstract>
    <dbpedia-owl:abstract xml:lang="en">Domine, quo vadis? is a painting by the Italian Baroque painter Annibale Carracci. Dating from c. 1602, it is housed in the National Gallery, London. The work shows Saint Peter in the moment in which, while fleeing Rome on the Via Appia, he meets Christ, who is walking toward the city. Peter asks him, Domine, quo vadis? ("Lord, where are you going?"). His Lord replies, Eo Romam iterum crucifigi, (I am going to Rome to be crucified again. "), by which Peter understands that he (Peter) must return to the city to face the martyrdom God intended for him.</dbpedia-owl:abstract>
    <dbpedia-owl:author rdf:resource="http://dbpedia.org/resource/Annibale_Carracci"/>
    <dbpedia-owl:wikiPageID rdf:datatype="http://www.w3.org/2001/XMLSchema#integer">11891145</dbpedia-owl:wikiPageID>
    <dbpedia-owl:wikiPageRevisionID rdf:datatype="http://www.w3.org/2001/XMLSchema#integer">547809209</dbpedia-owl:wikiPageRevisionID>
    <rdfs:label xml:lang="es">Domine, quo vadis?</rdfs:label>
    <rdfs:label xml:lang="it">Domine, quo vadis?</rdfs:label>
    <rdfs:label xml:lang="de">Domine, quo vadis?</rdfs:label>
    <rdfs:label xml:lang="en">Domine quo vadis? (Annibale Carracci)</rdfs:label>
    <foaf:depiction rdf:resource="http://upload.wikimedia.org/wikipedia/commons/a/a5/Domine,_quo_vadis.jpg"/>
    <rdfs:comment xml:lang="es">Domine, quo vadis? o Aparición de Cristo a san Pedro es una pintura de Annibale Carracci, actualmente en la National Gallery de Londres, Reino Unido. Se trata de un óleo sobre madera con unas dimensiones de 77,4 centímetros de alto y 56,3 de ancho. Fue ejecutada hacia 1601-1602.</rdfs:comment>
    <rdfs:comment xml:lang="en">Domine, quo vadis? is a painting by the Italian Baroque painter Annibale Carracci. Dating from c. 1602, it is housed in the National Gallery, London. The work shows Saint Peter in the moment in which, while fleeing Rome on the Via Appia, he meets Christ, who is walking toward the city. Peter asks him, Domine, quo vadis? ("Lord, where are you going?"). His Lord replies, Eo Romam iterum crucifigi, (I am going to Rome to be crucified again.</rdfs:comment>
    <rdfs:comment xml:lang="de">Domine, quo vadis? (dt. Herr, wohin gehst du?) ist ein Gemälde des italienischen Barockmalers Annibale Carracci und entstand um 1602. Es ist mit Öl auf Leinwand gemalt und befindet sich heute in der National Gallery (London). Es misst 77,4 x 56,3 Zentimeter. Das Bild zeigt den Apostel Simon Petrus gemeinsam mit Jesus Christus (links). Petrus verlässt auf der Via Appia die Stadt Rom und begegnet dort Christus. Petrus fragt „Herr, wo gehst Du hin?“.</rdfs:comment>
    <rdfs:comment xml:lang="it">Domine, quo vadis? è un dipinto di cm 77 x 56 realizzato nel 1602 circa dal pittore italiano Annibale Carracci. È conservato alla National Gallery di Londra. La tela rappresenta San Pietro mentre percorrendo la via Appia gli compare Cristo e chiede: "Domine, quo vadis?", ovvero "Signore, dove vai?".</rdfs:comment>
    <foaf:name xml:lang="en">Domine, quo vadis?</foaf:name>
    <dbpedia-owl:thumbnail rdf:resource="http://upload.wikimedia.org/wikipedia/commons/thumb/a/a5/Domine,_quo_vadis.jpg/200px-Domine,_quo_vadis.jpg"/>
    <dbpprop:artist xml:lang="en">Annibale Carracci</dbpprop:artist>
    <dbpprop:city xml:lang="en">London</dbpprop:city>
    <dbpprop:height rdf:datatype="http://www.w3.org/2001/XMLSchema#integer">77</dbpprop:height>
    <dbpprop:imageFile xml:lang="en">Domine, quo vadis.jpg</dbpprop:imageFile>
    <dbpprop:museum xml:lang="en">National Gallery</dbpprop:museum>
    <dbpprop:title xml:lang="en">Domine, quo vadis?</dbpprop:title>
    <dbpprop:type xml:lang="en">Oil on panel</dbpprop:type>
    <dbpprop:width rdf:datatype="http://www.w3.org/2001/XMLSchema#integer">56</dbpprop:width>
    <dbpprop:year xml:lang="en">c. 1603</dbpprop:year>
    <foaf:isPrimaryTopicOf rdf:resource="http://en.wikipedia.org/wiki/Domine_quo_vadis%3F_(Annibale_Carracci)"/>
    <ns7:wasDerivedFrom rdf:resource="http://en.wikipedia.org/wiki/Domine_quo_vadis%3F_(Annibale_Carracci)?oldid=547809209"/>
    <dbpprop:hasPhotoCollection rdf:resource="http://wifo5-03.informatik.uni-mannheim.de/flickrwrappr/photos/Domine_quo_vadis%3F_(Annibale_Carracci)"/>
  </rdf:Description>
  <rdf:Description rdf:about="http://dbpedia.org/resource/Quo_Vadis_(disambiguation)">
    <dbpedia-owl:wikiPageDisambiguates rdf:resource="http://dbpedia.org/resource/Domine_quo_vadis%3F_(Annibale_Carracci)"/>
  </rdf:Description>
  <rdf:Description rdf:about="http://en.wikipedia.org/wiki/Domine_quo_vadis%3F_(Annibale_Carracci)">
    <foaf:primaryTopic rdf:resource="http://dbpedia.org/resource/Domine_quo_vadis%3F_(Annibale_Carracci)"/>
  </rdf:Description>
</rdf:RDF>
