<rdf:RDF xmlns:ns7="http://www.w3.org/ns/prov#" xmlns:dbpprop="http://dbpedia.org/property/" xmlns:foaf="http://xmlns.com/foaf/0.1/" xmlns:dbpedia-owl="http://dbpedia.org/ontology/" xmlns:dcterms="http://purl.org/dc/terms/" xmlns:owl="http://www.w3.org/2002/07/owl#" xmlns:rdfs="http://www.w3.org/2000/01/rdf-schema#" xmlns:rdf="http://www.w3.org/1999/02/22-rdf-syntax-ns#">
  <rdf:Description rdf:about="http://ko.dbpedia.org/resource/동궐도">
    <owl:sameAs rdf:resource="http://dbpedia.org/resource/Donggwoldo"/>
  </rdf:Description>
  <rdf:Description rdf:about="http://dbpedia.org/resource/Donggwoldo">
    <rdf:type rdf:resource="http://dbpedia.org/class/yago/19th-centuryPaintings"/>
    <rdf:type rdf:resource="http://dbpedia.org/class/yago/Artifact100021939"/>
    <rdf:type rdf:resource="http://dbpedia.org/class/yago/Art102743547"/>
    <rdf:type rdf:resource="http://dbpedia.org/ontology/Artwork"/>
    <rdf:type rdf:resource="http://schema.org/CreativeWork"/>
    <rdf:type rdf:resource="http://dbpedia.org/class/yago/PhysicalEntity100001930"/>
    <rdf:type rdf:resource="http://dbpedia.org/class/yago/GraphicArt103453809"/>
    <rdf:type rdf:resource="http://dbpedia.org/class/yago/Whole100003553"/>
    <rdf:type rdf:resource="http://dbpedia.org/class/yago/Creation103129123"/>
    <rdf:type rdf:resource="http://dbpedia.org/class/yago/Painting103876519"/>
    <rdf:type rdf:resource="http://www.w3.org/2002/07/owl#Thing"/>
    <rdf:type rdf:resource="http://dbpedia.org/class/yago/Object100002684"/>
    <rdf:type rdf:resource="http://dbpedia.org/ontology/Work"/>
    <owl:sameAs rdf:resource="http://ko.dbpedia.org/resource/동궐도"/>
    <owl:sameAs rdf:resource="http://vi.dbpedia.org/resource/Đông_Cung_Đồ"/>
    <owl:sameAs rdf:resource="http://yago-knowledge.org/resource/Donggwoldo"/>
    <owl:sameAs rdf:resource="http://dbpedia.org/resource/Donggwoldo"/>
    <owl:sameAs rdf:resource="http://www.wikidata.org/entity/Q626352"/>
    <owl:sameAs rdf:resource="http://rdf.freebase.com/ns/m.080gfjh"/>
    <dcterms:subject rdf:resource="http://dbpedia.org/resource/Category:National_Treasures_of_South_Korea"/>
    <dcterms:subject rdf:resource="http://dbpedia.org/resource/Category:Korean_painting"/>
    <dcterms:subject rdf:resource="http://dbpedia.org/resource/Category:19th-century_paintings"/>
    <dcterms:subject rdf:resource="http://dbpedia.org/resource/Category:Joseon_Dynasty"/>
    <dbpedia-owl:abstract xml:lang="en">Donggwoldo (literally "Painting of Eastern Palaces") is a representative Korean painting of the early 19th century, depicting the two royal palaces, Changdeokgung and Changgyeonggung during the Joseon Dynasty. Donggwol is an alternative name of Changdeokgung, located to the East of the main royal palace of the dynasty, Gyeongbokgung. However, the picture also includes Changgyeonggung, an adjacent palace to the former. In 2012, the painting was used as the basis of a restoration project for the Buyongjeong pavilion in the rear garden of the Changdeokgung.</dbpedia-owl:abstract>
    <dbpedia-owl:wikiPageID rdf:datatype="http://www.w3.org/2001/XMLSchema#integer">24553665</dbpedia-owl:wikiPageID>
    <dbpedia-owl:wikiPageRevisionID rdf:datatype="http://www.w3.org/2001/XMLSchema#integer">543354358</dbpedia-owl:wikiPageRevisionID>
    <rdfs:label xml:lang="en">Donggwoldo</rdfs:label>
    <foaf:depiction rdf:resource="http://upload.wikimedia.org/wikipedia/commons/1/11/Korean_art-Donggwoldo-Changdeokgung_and_Changgyeonggung-Dong-A_University-01.jpg"/>
    <rdfs:comment xml:lang="en">Donggwoldo (literally "Painting of Eastern Palaces") is a representative Korean painting of the early 19th century, depicting the two royal palaces, Changdeokgung and Changgyeonggung during the Joseon Dynasty. Donggwol is an alternative name of Changdeokgung, located to the East of the main royal palace of the dynasty, Gyeongbokgung. However, the picture also includes Changgyeonggung, an adjacent palace to the former.</rdfs:comment>
    <foaf:name xml:lang="en">동궐도</foaf:name>
    <foaf:name xml:lang="en">Donggwoldo</foaf:name>
    <dbpedia-owl:thumbnail rdf:resource="http://upload.wikimedia.org/wikipedia/commons/thumb/1/11/Korean_art-Donggwoldo-Changdeokgung_and_Changgyeonggung-Dong-A_University-01.jpg/200px-Korean_art-Donggwoldo-Changdeokgung_and_Changgyeonggung-Dong-A_University-01.jpg"/>
    <dbpedia-owl:wikiPageExternalLink rdf:resource="http://english.donga.com/srv/service.php3?biid=2001050356638&amp;path_dir=20010503"/>
    <dbpprop:artist xml:lang="en">Presumably royal painters</dbpprop:artist>
    <dbpprop:hangul xml:lang="en">동궐도</dbpprop:hangul>
    <dbpprop:hanja xml:lang="en">東闕圖</dbpprop:hanja>
    <dbpprop:height rdf:datatype="http://www.w3.org/2001/XMLSchema#integer">274</dbpprop:height>
    <dbpprop:imageFile xml:lang="en">Korean art-Donggwoldo-Changdeokgung and Changgyeonggung-Dong-A University-01.jpg</dbpprop:imageFile>
    <dbpprop:mr xml:lang="en">Tongkwǒldo</dbpprop:mr>
    <dbpprop:museum xml:lang="en">Korea University Museum</dbpprop:museum>
    <dbpprop:museum xml:lang="en">Dong-A University Museum</dbpprop:museum>
    <dbpprop:rr xml:lang="en">Donggwoldo</dbpprop:rr>
    <dbpprop:title xml:lang="en">Donggwoldo</dbpprop:title>
    <dbpprop:title xml:lang="en">동궐도</dbpprop:title>
    <dbpprop:type xml:lang="en">Ink on paper and silk</dbpprop:type>
    <dbpprop:width rdf:datatype="http://www.w3.org/2001/XMLSchema#integer">583</dbpprop:width>
    <dbpprop:year xml:lang="en">Around 1830</dbpprop:year>
    <foaf:isPrimaryTopicOf rdf:resource="http://en.wikipedia.org/wiki/Donggwoldo"/>
    <ns7:wasDerivedFrom rdf:resource="http://en.wikipedia.org/wiki/Donggwoldo?oldid=543354358"/>
    <dbpprop:hasPhotoCollection rdf:resource="http://wifo5-03.informatik.uni-mannheim.de/flickrwrappr/photos/Donggwoldo"/>
  </rdf:Description>
  <rdf:Description rdf:about="http://en.wikipedia.org/wiki/Donggwoldo">
    <foaf:primaryTopic rdf:resource="http://dbpedia.org/resource/Donggwoldo"/>
  </rdf:Description>
  <rdf:Description rdf:about="http://dbpedia.org/resource/Donggweoldo">
    <dbpedia-owl:wikiPageRedirects rdf:resource="http://dbpedia.org/resource/Donggwoldo"/>
  </rdf:Description>
  <rdf:Description rdf:about="http://wikidata.dbpedia.org/resource/Q626352">
    <owl:sameAs rdf:resource="http://dbpedia.org/resource/Donggwoldo"/>
  </rdf:Description>
  <rdf:Description rdf:about="http://vi.dbpedia.org/resource/Đông_Cung_Đồ">
    <owl:sameAs rdf:resource="http://dbpedia.org/resource/Donggwoldo"/>
  </rdf:Description>
</rdf:RDF>
