<rdf:RDF xmlns:ns7="http://www.w3.org/ns/prov#" xmlns:foaf="http://xmlns.com/foaf/0.1/" xmlns:dbpedia-owl="http://dbpedia.org/ontology/" xmlns:dcterms="http://purl.org/dc/terms/" xmlns:dbpprop="http://dbpedia.org/property/" xmlns:owl="http://www.w3.org/2002/07/owl#" xmlns:rdfs="http://www.w3.org/2000/01/rdf-schema#" xmlns:rdf="http://www.w3.org/1999/02/22-rdf-syntax-ns#">
  <rdf:Description rdf:about="http://dbpedia.org/resource/Doni_Tondo">
    <rdf:type rdf:resource="http://dbpedia.org/class/yago/PaintingsByMichelangelo"/>
    <rdf:type rdf:resource="http://dbpedia.org/class/yago/Whole100003553"/>
    <rdf:type rdf:resource="http://dbpedia.org/class/yago/GraphicArt103453809"/>
    <rdf:type rdf:resource="http://dbpedia.org/ontology/Artwork"/>
    <rdf:type rdf:resource="http://dbpedia.org/class/yago/Creation103129123"/>
    <rdf:type rdf:resource="http://dbpedia.org/ontology/Work"/>
    <rdf:type rdf:resource="http://dbpedia.org/class/yago/Artifact100021939"/>
    <rdf:type rdf:resource="http://schema.org/CreativeWork"/>
    <rdf:type rdf:resource="http://dbpedia.org/class/yago/Object100002684"/>
    <rdf:type rdf:resource="http://www.w3.org/2002/07/owl#Thing"/>
    <rdf:type rdf:resource="http://dbpedia.org/class/yago/Painting103876519"/>
    <rdf:type rdf:resource="http://dbpedia.org/class/yago/Art102743547"/>
    <rdf:type rdf:resource="http://dbpedia.org/class/yago/1500sPaintings"/>
    <rdf:type rdf:resource="http://dbpedia.org/class/yago/PhysicalEntity100001930"/>
    <owl:sameAs rdf:resource="http://ru.dbpedia.org/resource/Мадонна_Дони"/>
    <owl:sameAs rdf:resource="http://rdf.freebase.com/ns/m.0cgzqc"/>
    <owl:sameAs rdf:resource="http://yago-knowledge.org/resource/Doni_Tondo"/>
    <owl:sameAs rdf:resource="http://www.wikidata.org/entity/Q1473546"/>
    <owl:sameAs rdf:resource="http://de.dbpedia.org/resource/Tondo_Doni"/>
    <owl:sameAs rdf:resource="http://fr.dbpedia.org/resource/Tondo_Doni"/>
    <owl:sameAs rdf:resource="http://th.dbpedia.org/resource/พระแม่มารีในกรอบกลม_(มีเกลันเจโล)"/>
    <owl:sameAs rdf:resource="http://lt.dbpedia.org/resource/Doni_Tondo"/>
    <owl:sameAs rdf:resource="http://ca.dbpedia.org/resource/Tondo_Doni"/>
    <owl:sameAs rdf:resource="http://ja.dbpedia.org/resource/聖家族_(ミケランジェロ)"/>
    <owl:sameAs rdf:resource="http://nl.dbpedia.org/resource/Tondo_Doni"/>
    <owl:sameAs rdf:resource="http://dbpedia.org/resource/Doni_Tondo"/>
    <owl:sameAs rdf:resource="http://bg.dbpedia.org/resource/Дони_Тондо"/>
    <owl:sameAs rdf:resource="http://es.dbpedia.org/resource/Tondo_Doni"/>
    <owl:sameAs rdf:resource="http://it.dbpedia.org/resource/Tondo_Doni"/>
    <owl:sameAs rdf:resource="http://pl.dbpedia.org/resource/Doni_Tondo"/>
    <dbpprop:diameterMetric rdf:datatype="http://www.w3.org/2001/XMLSchema#integer">120</dbpprop:diameterMetric>
    <dcterms:subject rdf:resource="http://dbpedia.org/resource/Category:Paintings_by_Michelangelo"/>
    <dcterms:subject rdf:resource="http://dbpedia.org/resource/Category:Collections_of_the_Uffizi"/>
    <dcterms:subject rdf:resource="http://dbpedia.org/resource/Category:1500s_paintings"/>
    <dcterms:subject rdf:resource="http://dbpedia.org/resource/Category:Paintings_of_the_Madonna_and_Child"/>
    <dbpedia-owl:abstract xml:lang="en">The Doni Tondo or Doni Madonna, sometimes called The Holy Family, is the only finished panel painting by the mature Michelangelo to survive. Now in the Uffizi in Florence, Italy, and still in its original frame, the painting was probably commissioned by Agnolo Doni to commemorate his marriage to Maddalena Strozzi, the daughter of a powerful Tuscan family. The painting is in the form of a tondo, or round frame, which is frequently associated during the Renaissance with domestic ideas. The work was most likely created during the period after the Doni's marriage in 1503 or 1504, as well as after the excavation of the Laocoön about 1506, yet before the Sistine Chapel ceiling frescoes were begun in 1508, dating the painting to approximately late 1506 or 1507. The Doni Tondo features the Christian Holy family along with John the Baptist in the foreground and contains five ambiguous nude male figures in the background. The inclusion of these nude figures has been interpreted in a variety of ways.</dbpedia-owl:abstract>
    <dbpedia-owl:abstract xml:lang="ru">«Мадонна Дони» — единственное сохранившееся до нашего времени оконченное станковое произведение Микеланджело Буонарроти. Представляет собой тондо 120 см в диаметре с изображением Святого Семейства; экспонируется в Уффици. Тондо было выполнено Микеланджело в молодые годы, до начала работ в Сикстинской капелле, вероятно, по случаю брака флорентийских нобилей Аньоло Дони и Маддалены Строцци в 1504 году. Картина как нельзя лучше иллюстрирует тезис Микеланджело о том, что наиболее совершенная живопись та, которая напоминает скульптуру. Замысловатые извивы человеческой плоти вызывают в памяти античную скульптурную группу «Лаокоон и его сыновья», обнаруженную в 1506 году. Особую массивность фигурам придаёт использование живописной техники «канджианте»; их гладкая кожа не лишена сходства с мрамором. Яркость красок и богатство использованных пигментов предвещают эксперименты Микеланджело над потолком Сикстинской капеллы. Первый план отдан мускулистой фигуре девы Марии; над ней как бы нависает Иосиф Обручник. На заднем плане и несколько в стороне по тосканской традиции помещён Иоанн Креститель. Взоры всех троих устремлены на младенца Христа, которого Мария то ли передаёт мужу, то ли принимает от него. Картина проникнута усложнённым и не всегда понятным символизмом. Например, клевер на переднем плане символизирует Троицу, иссоп перед Иоанном Предтечей — крещение. Загадочный элемент композиции — пять обнажённых мужских фигур, которые расположены на заднем плане, отделены от Святого семейства горизонтальной полосой и не смотрят на Христа. В искусствоведческой литературе приводятся многочисленные интерпретации этих фигур — от теологических (древние язычники, ожидающие крещения) до психоаналитических (вытесненные на задний план гомосексуальные влечения автора). Ближайшим аналогом «Мадонны Дони» в искусстве Возрождения принято считать тондо Синьорелли «Мадонна Медичи», где также присутствуют обнажённые юноши. Подобно картине «Святая Анна с Мадонной и младенцем Христом» Леонардо да Винчи, композиция строится на симметрии треугольников. Тондо заключено в пышную раму начала XVI века с переплетением львиных голов и полумесяцев; этот узор перекликается с дверями Гиберти, которые так ценил Микеланджело. Помимо «Мадонны Дони», Микеланджело иногда приписываются и другие произведения станковой живописи. «Манчестерская Мадонна» и «Положение во гроб» представляют собой незаконченные произведения, а «Мучения Святого Антония» — копия немецкой гравюры, выполненная Микеланджело, когда он был ещё ребёнком. Авторство Микеланджело в отношении этих работ окончательно не установлено.</dbpedia-owl:abstract>
    <dbpedia-owl:abstract xml:lang="ja">『聖家族』（せいかぞく、伊: Tondo Doni）は、ルネサンス盛期のイタリア人芸術家ミケランジェロ・ブオナローティが1507年ごろに描いた絵画。油彩とテンペラで描かれたパネル絵で、現存しているわずか3枚のミケランジェロのパネル絵のなかの1枚であり、かつ唯一完成している作品である。フィレンツェのウフィツィ美術館所蔵で、当時のままの額装がなされている。この作品は、トスカーナの有力な家庭の娘マッダレーナとの結婚を記念して、フィレンツェの商人アニョロ・ドーニ (Agnolo Doni) の依頼で描かれた作品とされている。円形の絵画で、これはルネサンス期によく見られたスタイルである。 『聖家族』が描かれたのはドーニが結婚した1503年/1504年から数年後とされている。これは現在バチカン美術館が所蔵している古代彫刻『ラオコーン像』が発掘された1506年以降、システィーナ礼拝堂天井画の制作が開始された1508年以前と考えられているためで、この作品の制作年度は1506年の終わりか1507年といわれている。『聖家族』は幼児キリスト、聖母マリア、聖ヨセフの家族と洗礼者ヨハネが前景に描かれ、後景には5人の裸体の男性が描かれている。これら裸体の男性が描かれている理由については、さまざまな見解が存在する。</dbpedia-owl:abstract>
    <dbpedia-owl:abstract xml:lang="de">Das Tondo Doni ist eines der bekanntesten Gemälde von Michelangelo Buonarroti und der italienischen Renaissance.</dbpedia-owl:abstract>
    <dbpedia-owl:abstract xml:lang="nl">Tondo Doni (of Heilige familie) is een schilderij van de Italiaanse kunstschilder Michelangelo uit 1504. Michelangelo maakte deze tondo voor de koopman Agnolo Doni en zijn vrouw Maddalena Strozzi. Het werk bevindt zich nog in de originele vergulde houten lijst, die versierd is met vijf hoofden. Tondo Doni hangt in zaal 25 van het museum Uffizi in Florence. Het heeft een diameter van 120 cm. Afgebeeld is Maria met haar benen onder zich getrokken op de grond. Zij leunt achterover tegen de knie van Jozef om de kleine, levendige Christus uit zijn stevige greep te pakken. Opvallend zijn de koele en heldere kleuren. Ook de gespierde bovenarmen van Maria zijn een eigen visie van Michelangelo.</dbpedia-owl:abstract>
    <dbpedia-owl:abstract xml:lang="es">Esta Sagrada Familia, conocida como Tondo Doni, es un cuadro del pintor renacentista italiano Miguel Ángel. Su diámetro alcanza los 120 centímetros. Se considera que esta obra se ejecutó entre el 1503 y el 1504. Se conserva en la Galería de los Uffizi de Florencia, con su marco original, diseñado por el propio Miguel Ángel. Miguel Ángel empleó dos medios para esta obra, témpera y óleo. Al aplicar el óleo en capas sucesivas desde el color más intenso hasta el más ligero, de la manera que le fue enseñada cuando era un aprendiz, Miguel Ángel creó un efecto colorista bastante distinto del de los pintores flamencos de la época. La escuela flamenca usaba la técnica al óleo opuesta, modelando desde los tonos claros hasta los tonos más oscuros del pigmento. El efecto colorista de Miguel Ángel se llama cangianti y es típico de su estilo pictórico. Es el único panel de madera pintado por Miguel Ángel. Fue un encargo de Agnolo Doni, un rico tejedor, para conmemorar su matrimonio con Alex Cecala, la hija de una famosa familia de banqueros. Tiene forma de tondo, esto es, redonda, lo que se asociaba en el Renacimiento con el matrimonio. En primer plano está la Virgen con el Niño y detrás, san José, de grandiosas proporciones y dinámicamente articulado. María y José presentan al Niño al espectador. Esta composición de presentación podría estar refiriéndose al nombre del comitente de la pieza Doni, en italiano "regalos", y ayuda a fundamentar la tesis de que fuera él quien lo encargó. Detrás de estas figuras principales, separados por una balaustrada, se distingue a san Juan y un grupo de ignudi. El significado de este añadido de figuras desnudas masculinas es objeto de debate, pues no hay ninguna relación obvia ni precedentes bíblicos que la relacionen con la escena que transcurre en el primer plano. No obstante, la inclusión de estas figuras desnudas no es de modo alguno inusual en la obra de Miguel Ángel, como puede verse en otras obras suyas, incluyendo el famoso techo de la Capilla Sixtina. Se cree que pueden ser ángeles ápteros, esto es, sin alas.</dbpedia-owl:abstract>
    <dbpedia-owl:abstract xml:lang="it">Il Tondo Doni è un dipinto a tempera su tavola (diametro 120 cm) di Michelangelo Buonarroti, databile al 1506-1508 circa e conservato nella Galleria degli Uffizi a Firenze. Conservato nella cornice originale, probabilmente disegnata dallo stesso Michelangelo, è l'unica opera su supporto mobile, certa e compiuta, dell'artista. Il dipinto è anche di fondamentale importanza nella storia dell'arte, poiché pone le basi per quello che sarà il manierismo: sicuramente è uno dei dipinti emblematici e importanti del Cinquecento italiano.</dbpedia-owl:abstract>
    <dbpedia-owl:abstract xml:lang="fr">La Sainte Famille à la tribune (ou Tondo Doni) est une peinture de Michel-Ange se trouvant actuellement à la Galerie des Offices à Florence. Cette peinture, à la fois en tempera et à l'huile, a été réalisée entre 1503 et 1504.</dbpedia-owl:abstract>
    <dbpedia-owl:abstract xml:lang="pl">Doni Tondo lub Święta Rodzina z małym św. Janem − jedyny obraz tablicowy namalowany przez włoskiego malarza, rzeźbiarza, poetę i architekta epoki odrodzenia Michała Anioła.</dbpedia-owl:abstract>
    <dbpedia-owl:author rdf:resource="http://dbpedia.org/resource/Michelangelo"/>
    <dbpedia-owl:museum rdf:resource="http://dbpedia.org/resource/Uffizi"/>
    <dbpedia-owl:wikiPageID rdf:datatype="http://www.w3.org/2001/XMLSchema#integer">4680016</dbpedia-owl:wikiPageID>
    <dbpedia-owl:wikiPageRevisionID rdf:datatype="http://www.w3.org/2001/XMLSchema#integer">539085057</dbpedia-owl:wikiPageRevisionID>
    <rdfs:label xml:lang="es">Tondo Doni</rdfs:label>
    <rdfs:label xml:lang="fr">Tondo Doni</rdfs:label>
    <rdfs:label xml:lang="de">Tondo Doni</rdfs:label>
    <rdfs:label xml:lang="pl">Doni Tondo</rdfs:label>
    <rdfs:label xml:lang="it">Tondo Doni</rdfs:label>
    <rdfs:label xml:lang="ja">聖家族 (ミケランジェロ)</rdfs:label>
    <rdfs:label xml:lang="ru">Мадонна Дони</rdfs:label>
    <rdfs:label xml:lang="en">Doni Tondo</rdfs:label>
    <rdfs:label xml:lang="nl">Tondo Doni</rdfs:label>
    <foaf:depiction rdf:resource="http://upload.wikimedia.org/wikipedia/commons/4/48/Michelangelo_Buonarroti_-_Tondo_Doni_-_Google_Art_Project.jpg"/>
    <rdfs:comment xml:lang="nl">Tondo Doni (of Heilige familie) is een schilderij van de Italiaanse kunstschilder Michelangelo uit 1504. Michelangelo maakte deze tondo voor de koopman Agnolo Doni en zijn vrouw Maddalena Strozzi. Het werk bevindt zich nog in de originele vergulde houten lijst, die versierd is met vijf hoofden. Tondo Doni hangt in zaal 25 van het museum Uffizi in Florence. Het heeft een diameter van 120 cm. Afgebeeld is Maria met haar benen onder zich getrokken op de grond.</rdfs:comment>
    <rdfs:comment xml:lang="fr">La Sainte Famille à la tribune (ou Tondo Doni) est une peinture de Michel-Ange se trouvant actuellement à la Galerie des Offices à Florence. Cette peinture, à la fois en tempera et à l'huile, a été réalisée entre 1503 et 1504.</rdfs:comment>
    <rdfs:comment xml:lang="ja">『聖家族』（せいかぞく、伊: Tondo Doni）は、ルネサンス盛期のイタリア人芸術家ミケランジェロ・ブオナローティが1507年ごろに描いた絵画。油彩とテンペラで描かれたパネル絵で、現存しているわずか3枚のミケランジェロのパネル絵のなかの1枚であり、かつ唯一完成している作品である。フィレンツェのウフィツィ美術館所蔵で、当時のままの額装がなされている。この作品は、トスカーナの有力な家庭の娘マッダレーナとの結婚を記念して、フィレンツェの商人アニョロ・ドーニ (Agnolo Doni) の依頼で描かれた作品とされている。円形の絵画で、これはルネサンス期によく見られたスタイルである。 『聖家族』が描かれたのはドーニが結婚した1503年/1504年から数年後とされている。これは現在バチカン美術館が所蔵している古代彫刻『ラオコーン像』が発掘された1506年以降、システィーナ礼拝堂天井画の制作が開始された1508年以前と考えられているためで、この作品の制作年度は1506年の終わりか1507年といわれている。『聖家族』は幼児キリスト、聖母マリア、聖ヨセフの家族と洗礼者ヨハネが前景に描かれ、後景には5人の裸体の男性が描かれている。これら裸体の男性が描かれている理由については、さまざまな見解が存在する。</rdfs:comment>
    <rdfs:comment xml:lang="es">Esta Sagrada Familia, conocida como Tondo Doni, es un cuadro del pintor renacentista italiano Miguel Ángel. Su diámetro alcanza los 120 centímetros. Se considera que esta obra se ejecutó entre el 1503 y el 1504. Se conserva en la Galería de los Uffizi de Florencia, con su marco original, diseñado por el propio Miguel Ángel. Miguel Ángel empleó dos medios para esta obra, témpera y óleo.</rdfs:comment>
    <rdfs:comment xml:lang="de">Das Tondo Doni ist eines der bekanntesten Gemälde von Michelangelo Buonarroti und der italienischen Renaissance.</rdfs:comment>
    <rdfs:comment xml:lang="ru">«Мадонна Дони» — единственное сохранившееся до нашего времени оконченное станковое произведение Микеланджело Буонарроти. Представляет собой тондо 120 см в диаметре с изображением Святого Семейства; экспонируется в Уффици. Тондо было выполнено Микеланджело в молодые годы, до начала работ в Сикстинской капелле, вероятно, по случаю брака флорентийских нобилей Аньоло Дони и Маддалены Строцци в 1504 году.</rdfs:comment>
    <rdfs:comment xml:lang="it">Il Tondo Doni è un dipinto a tempera su tavola (diametro 120 cm) di Michelangelo Buonarroti, databile al 1506-1508 circa e conservato nella Galleria degli Uffizi a Firenze. Conservato nella cornice originale, probabilmente disegnata dallo stesso Michelangelo, è l'unica opera su supporto mobile, certa e compiuta, dell'artista.</rdfs:comment>
    <rdfs:comment xml:lang="en">The Doni Tondo or Doni Madonna, sometimes called The Holy Family, is the only finished panel painting by the mature Michelangelo to survive. Now in the Uffizi in Florence, Italy, and still in its original frame, the painting was probably commissioned by Agnolo Doni to commemorate his marriage to Maddalena Strozzi, the daughter of a powerful Tuscan family. The painting is in the form of a tondo, or round frame, which is frequently associated during the Renaissance with domestic ideas.</rdfs:comment>
    <rdfs:comment xml:lang="pl">Doni Tondo lub Święta Rodzina z małym św. Janem − jedyny obraz tablicowy namalowany przez włoskiego malarza, rzeźbiarza, poetę i architekta epoki odrodzenia Michała Anioła.</rdfs:comment>
    <foaf:name xml:lang="en">Doni Tondo (Doni Madonna)</foaf:name>
    <dbpedia-owl:thumbnail rdf:resource="http://upload.wikimedia.org/wikipedia/commons/thumb/4/48/Michelangelo_Buonarroti_-_Tondo_Doni_-_Google_Art_Project.jpg/200px-Michelangelo_Buonarroti_-_Tondo_Doni_-_Google_Art_Project.jpg"/>
    <dbpprop:artist xml:lang="en">Michelangelo</dbpprop:artist>
    <dbpprop:city rdf:resource="http://dbpedia.org/resource/Florence"/>
    <dbpprop:imageFile xml:lang="en">Michelangelo_Buonarroti_-_Tondo_Doni_-_Google_Art_Project.jpg</dbpprop:imageFile>
    <dbpprop:imperialUnit xml:lang="en">in</dbpprop:imperialUnit>
    <dbpprop:metricUnit xml:lang="en">cm</dbpprop:metricUnit>
    <dbpprop:museum rdf:resource="http://dbpedia.org/resource/Uffizi"/>
    <dbpprop:title xml:lang="en">Doni Tondo</dbpprop:title>
    <dbpprop:type xml:lang="en">Oil and tempera on panel</dbpprop:type>
    <dbpprop:year xml:lang="en">circa 1507</dbpprop:year>
    <foaf:isPrimaryTopicOf rdf:resource="http://en.wikipedia.org/wiki/Doni_Tondo"/>
    <ns7:wasDerivedFrom rdf:resource="http://en.wikipedia.org/wiki/Doni_Tondo?oldid=539085057"/>
    <dbpprop:hasPhotoCollection rdf:resource="http://wifo5-03.informatik.uni-mannheim.de/flickrwrappr/photos/Doni_Tondo"/>
  </rdf:Description>
  <rdf:Description rdf:about="http://de.dbpedia.org/resource/Tondo_Doni">
    <owl:sameAs rdf:resource="http://dbpedia.org/resource/Doni_Tondo"/>
  </rdf:Description>
  <rdf:Description rdf:about="http://fr.dbpedia.org/resource/Tondo_Doni">
    <owl:sameAs rdf:resource="http://dbpedia.org/resource/Doni_Tondo"/>
  </rdf:Description>
  <rdf:Description rdf:about="http://ru.dbpedia.org/resource/Мадонна_Дони">
    <owl:sameAs rdf:resource="http://dbpedia.org/resource/Doni_Tondo"/>
  </rdf:Description>
  <rdf:Description rdf:about="http://pl.dbpedia.org/resource/Doni_Tondo">
    <owl:sameAs rdf:resource="http://dbpedia.org/resource/Doni_Tondo"/>
  </rdf:Description>
  <rdf:Description rdf:about="http://en.wikipedia.org/wiki/Doni_Tondo">
    <foaf:primaryTopic rdf:resource="http://dbpedia.org/resource/Doni_Tondo"/>
  </rdf:Description>
  <rdf:Description rdf:about="http://dbpedia.org/resource/Doni">
    <dbpedia-owl:wikiPageDisambiguates rdf:resource="http://dbpedia.org/resource/Doni_Tondo"/>
  </rdf:Description>
  <rdf:Description rdf:about="http://dbpedia.org/resource/Doni_tondo">
    <dbpedia-owl:wikiPageRedirects rdf:resource="http://dbpedia.org/resource/Doni_Tondo"/>
  </rdf:Description>
  <rdf:Description rdf:about="http://dbpedia.org/resource/Doni_Madonna">
    <dbpedia-owl:wikiPageRedirects rdf:resource="http://dbpedia.org/resource/Doni_Tondo"/>
  </rdf:Description>
  <rdf:Description rdf:about="http://dbpedia.org/resource/Tondo_Doni">
    <dbpedia-owl:wikiPageRedirects rdf:resource="http://dbpedia.org/resource/Doni_Tondo"/>
  </rdf:Description>
  <rdf:Description rdf:about="http://es.dbpedia.org/resource/Tondo_Doni">
    <owl:sameAs rdf:resource="http://dbpedia.org/resource/Doni_Tondo"/>
  </rdf:Description>
  <rdf:Description rdf:about="http://ja.dbpedia.org/resource/聖家族_(ミケランジェロ)">
    <owl:sameAs rdf:resource="http://dbpedia.org/resource/Doni_Tondo"/>
  </rdf:Description>
  <rdf:Description rdf:about="http://it.dbpedia.org/resource/Tondo_Doni">
    <owl:sameAs rdf:resource="http://dbpedia.org/resource/Doni_Tondo"/>
  </rdf:Description>
  <rdf:Description rdf:about="http://nl.dbpedia.org/resource/Tondo_Doni">
    <owl:sameAs rdf:resource="http://dbpedia.org/resource/Doni_Tondo"/>
  </rdf:Description>
  <rdf:Description rdf:about="http://wikidata.dbpedia.org/resource/Q1473546">
    <owl:sameAs rdf:resource="http://dbpedia.org/resource/Doni_Tondo"/>
  </rdf:Description>
  <rdf:Description rdf:about="http://bg.dbpedia.org/resource/Дони_Тондо">
    <owl:sameAs rdf:resource="http://dbpedia.org/resource/Doni_Tondo"/>
  </rdf:Description>
  <rdf:Description rdf:about="http://ca.dbpedia.org/resource/Tondo_Doni">
    <owl:sameAs rdf:resource="http://dbpedia.org/resource/Doni_Tondo"/>
  </rdf:Description>
  <rdf:Description rdf:about="http://lt.dbpedia.org/resource/Doni_Tondo">
    <owl:sameAs rdf:resource="http://dbpedia.org/resource/Doni_Tondo"/>
  </rdf:Description>
  <rdf:Description rdf:about="http://th.dbpedia.org/resource/พระแม่มารีในกรอบกลม_(มีเกลันเจโล)">
    <owl:sameAs rdf:resource="http://dbpedia.org/resource/Doni_Tondo"/>
  </rdf:Description>
</rdf:RDF>
