<rdf:RDF xmlns:ns7="http://www.w3.org/ns/prov#" xmlns:dbpprop="http://dbpedia.org/property/" xmlns:foaf="http://xmlns.com/foaf/0.1/" xmlns:dbpedia-owl="http://dbpedia.org/ontology/" xmlns:dcterms="http://purl.org/dc/terms/" xmlns:owl="http://www.w3.org/2002/07/owl#" xmlns:rdfs="http://www.w3.org/2000/01/rdf-schema#" xmlns:rdf="http://www.w3.org/1999/02/22-rdf-syntax-ns#">
  <rdf:Description rdf:about="http://dbpedia.org/resource/Dora_maar_with_cat">
    <dbpedia-owl:wikiPageRedirects rdf:resource="http://dbpedia.org/resource/Dora_Maar_au_Chat"/>
  </rdf:Description>
  <rdf:Description rdf:about="http://de.dbpedia.org/resource/Dora_Maar_au_Chat">
    <owl:sameAs rdf:resource="http://dbpedia.org/resource/Dora_Maar_au_Chat"/>
  </rdf:Description>
  <rdf:Description rdf:about="http://fr.dbpedia.org/resource/Dora_Maar_au_chat">
    <owl:sameAs rdf:resource="http://dbpedia.org/resource/Dora_Maar_au_Chat"/>
  </rdf:Description>
  <rdf:Description rdf:about="http://pt.dbpedia.org/resource/Dora_Maar_au_Chat">
    <owl:sameAs rdf:resource="http://dbpedia.org/resource/Dora_Maar_au_Chat"/>
  </rdf:Description>
  <rdf:Description rdf:about="http://dbpedia.org/resource/Dora_Maar_au_Chat">
    <rdf:type rdf:resource="http://dbpedia.org/class/yago/Whole100003553"/>
    <rdf:type rdf:resource="http://dbpedia.org/class/yago/GraphicArt103453809"/>
    <rdf:type rdf:resource="http://dbpedia.org/class/yago/Painting103876519"/>
    <rdf:type rdf:resource="http://dbpedia.org/class/yago/Artifact100021939"/>
    <rdf:type rdf:resource="http://dbpedia.org/ontology/Artwork"/>
    <rdf:type rdf:resource="http://dbpedia.org/class/yago/Object100002684"/>
    <rdf:type rdf:resource="http://www.w3.org/2002/07/owl#Thing"/>
    <rdf:type rdf:resource="http://dbpedia.org/class/yago/1941Paintings"/>
    <rdf:type rdf:resource="http://dbpedia.org/class/yago/Creation103129123"/>
    <rdf:type rdf:resource="http://schema.org/CreativeWork"/>
    <rdf:type rdf:resource="http://dbpedia.org/ontology/Work"/>
    <rdf:type rdf:resource="http://dbpedia.org/class/yago/Art102743547"/>
    <rdf:type rdf:resource="http://dbpedia.org/class/yago/PaintingsByPabloPicasso"/>
    <rdf:type rdf:resource="http://dbpedia.org/class/yago/PhysicalEntity100001930"/>
    <owl:sameAs rdf:resource="http://de.dbpedia.org/resource/Dora_Maar_au_Chat"/>
    <owl:sameAs rdf:resource="http://rdf.freebase.com/ns/m.0czqrv"/>
    <owl:sameAs rdf:resource="http://dbpedia.org/resource/Dora_Maar_au_Chat"/>
    <owl:sameAs rdf:resource="http://fr.dbpedia.org/resource/Dora_Maar_au_chat"/>
    <owl:sameAs rdf:resource="http://vi.dbpedia.org/resource/Dora_Maar_au_Chat"/>
    <owl:sameAs rdf:resource="http://ka.dbpedia.org/resource/დორა_მაარი_კატასთან_ერთად"/>
    <owl:sameAs rdf:resource="http://ar.dbpedia.org/resource/دورا_مار_والهر"/>
    <owl:sameAs rdf:resource="http://yago-knowledge.org/resource/Dora_Maar_au_Chat"/>
    <owl:sameAs rdf:resource="http://www.wikidata.org/entity/Q75564"/>
    <owl:sameAs rdf:resource="http://zh.dbpedia.org/resource/朵拉与小猫"/>
    <owl:sameAs rdf:resource="http://he.dbpedia.org/resource/דורה_מאר_עם_חתול"/>
    <owl:sameAs rdf:resource="http://pt.dbpedia.org/resource/Dora_Maar_au_Chat"/>
    <dcterms:subject rdf:resource="http://dbpedia.org/resource/Category:1941_paintings"/>
    <dcterms:subject rdf:resource="http://dbpedia.org/resource/Category:20th-century_portraits"/>
    <dcterms:subject rdf:resource="http://dbpedia.org/resource/Category:Paintings_by_Pablo_Picasso"/>
    <dcterms:subject rdf:resource="http://dbpedia.org/resource/Category:Animals_in_art"/>
    <dbpedia-owl:abstract xml:lang="pt">Dora Maar au Chat, em português Dora Maar com Gato, é uma das mais famosas obras do espanhol Pablo Picasso. Este bom exemplar cubista retrata a mais famosa amante e a grande musa inspiradora do artista, Dora Maar. Esta foi tão importante para Picasso que, consta, ajudou o artista a pintar Guernica. O luminoso quadro foi pintado em 1941, no início da Segunda Guerra Mundial em França, um época em que poucos casais conseguiam manter o climax que Picasso e Dora Maar mantinham. Esta obra de invulgares e avultadas medidas é uma das mais completas e dinâmicas obras de um "grupo elite" de retratos pintados entre a década de trinta e a de quarenta, que inclui o famoso quadro Portrait de Dora Maar dans le jardin. A obra esteve exposta no Instituto de Arte de Chicago em 1947 e 1968 e foi leiloada em Maio de 2006, na conhecida leiloeira Sotheby's, pelo incrível valor de 95,2 milhões de dólares americanos, tornando-se numa das obras mais caras do mundo e na segunda mais cara vendida numa leiloeira. O seu valor de compra somente fica atrás de Garçon à la pipe, também de Picasso. x30px Este sobre Pintura é um esboço. Você pode ajudar a Wikipédia expandindo-o. Filho de pai iugoslavo e de mãe francesa da região de Touraine, ela cresceu na Argentina. Apresentada a Picasso pelo poeta Paul Eluard (1936) no terraço do café Les Deux Magots, em Saint-Germain-des Prés e logo sentiu-se atraído pela sua beleza e rapidamente se tornou a mulher mais importante da sua vida. Porem ela era milionaria su pai um dos maiores construtores de Buenos Aires. Seu apartyamento em Paris era baixo e o Guernica era alto demais por isso tem um monte de defeitos que pode se observar alem do mais foi modificado ao extremo ele foi feito em aquarela e nao ao oleo. Cuidado com as informações falsas do mesmo em toda arde da web elivros Dora Mar fo que influencio Picas so o apartameto era seu e picaso andava mais duro que pau de galinheiro. Ela bancou Picasso junto com seu pai Ferran Cameranesi</dbpedia-owl:abstract>
    <dbpedia-owl:abstract xml:lang="de">Dora Maar au chat (auf deutsch Dora Maar mit Katze) ist ein Gemälde des Malers Pablo Picasso aus dem Jahr 1941. Auf dem Gemälde ist Dora Maar, Picassos Muse in der Zeit von 1936 bis 1943, zu sehen.</dbpedia-owl:abstract>
    <dbpedia-owl:abstract xml:lang="zh">《朵拉与小猫》（法语：Dora Maar au Chat）是毕加索于1941年创作的一幅油画作品。它描绘了朵拉玛尔，也就是画家的情人，坐在一个椅子里，一只小猫停在她的肩膀上歇息。最近一次公開拍賣為2006年，由蘇富比於紐約賣出，當時作價9500萬美元，成為当前世界上最贵的画作之一。</dbpedia-owl:abstract>
    <dbpedia-owl:abstract xml:lang="en">Dora Maar au Chat (Dora Maar with Cat) is a 1941 painting by Pablo Picasso. It depicts Dora Maar, the painter's lover, seated on a chair with a small cat perched on her shoulders. This work is one of the world's most expensive paintings.</dbpedia-owl:abstract>
    <dbpedia-owl:abstract xml:lang="fr">Dora Maar au chat est un tableau de Pablo Picasso réalisé en 1941 au plus fort de la relation entre Picasso et sa muse Dora Maar, qui avait duré de 1935 à 1945. Ce grand portrait est considéré comme une des œuvres magistrales du peintre.</dbpedia-owl:abstract>
    <dbpedia-owl:author rdf:resource="http://dbpedia.org/resource/Pablo_Picasso"/>
    <dbpedia-owl:wikiPageID rdf:datatype="http://www.w3.org/2001/XMLSchema#integer">5010812</dbpedia-owl:wikiPageID>
    <dbpedia-owl:wikiPageRevisionID rdf:datatype="http://www.w3.org/2001/XMLSchema#integer">540437559</dbpedia-owl:wikiPageRevisionID>
    <rdfs:label xml:lang="en">Dora Maar au Chat</rdfs:label>
    <rdfs:label xml:lang="de">Dora Maar au Chat</rdfs:label>
    <rdfs:label xml:lang="pt">Dora Maar au Chat</rdfs:label>
    <rdfs:label xml:lang="fr">Dora Maar au chat</rdfs:label>
    <rdfs:label xml:lang="zh">朵拉与小猫</rdfs:label>
    <foaf:depiction rdf:resource="http://upload.wikimedia.org/wikipedia/commons/c/c3/Dora_Maar_Au_Chat.jpg"/>
    <rdfs:comment xml:lang="zh">《朵拉与小猫》（法语：Dora Maar au Chat）是毕加索于1941年创作的一幅油画作品。它描绘了朵拉玛尔，也就是画家的情人，坐在一个椅子里，一只小猫停在她的肩膀上歇息。最近一次公開拍賣為2006年，由蘇富比於紐約賣出，當時作價9500萬美元，成為当前世界上最贵的画作之一。</rdfs:comment>
    <rdfs:comment xml:lang="de">Dora Maar au chat (auf deutsch Dora Maar mit Katze) ist ein Gemälde des Malers Pablo Picasso aus dem Jahr 1941. Auf dem Gemälde ist Dora Maar, Picassos Muse in der Zeit von 1936 bis 1943, zu sehen.</rdfs:comment>
    <rdfs:comment xml:lang="en">Dora Maar au Chat (Dora Maar with Cat) is a 1941 painting by Pablo Picasso. It depicts Dora Maar, the painter's lover, seated on a chair with a small cat perched on her shoulders. This work is one of the world's most expensive paintings.</rdfs:comment>
    <rdfs:comment xml:lang="fr">Dora Maar au chat est un tableau de Pablo Picasso réalisé en 1941 au plus fort de la relation entre Picasso et sa muse Dora Maar, qui avait duré de 1935 à 1945. Ce grand portrait est considéré comme une des œuvres magistrales du peintre.</rdfs:comment>
    <rdfs:comment xml:lang="pt">Dora Maar au Chat, em português Dora Maar com Gato, é uma das mais famosas obras do espanhol Pablo Picasso. Este bom exemplar cubista retrata a mais famosa amante e a grande musa inspiradora do artista, Dora Maar. Esta foi tão importante para Picasso que, consta, ajudou o artista a pintar Guernica. O luminoso quadro foi pintado em 1941, no início da Segunda Guerra Mundial em França, um época em que poucos casais conseguiam manter o climax que Picasso e Dora Maar mantinham.</rdfs:comment>
    <foaf:name xml:lang="en">Dora Maar au Chat</foaf:name>
    <dbpedia-owl:thumbnail rdf:resource="http://upload.wikimedia.org/wikipedia/commons/thumb/c/c3/Dora_Maar_Au_Chat.jpg/200px-Dora_Maar_Au_Chat.jpg"/>
    <dbpedia-owl:wikiPageExternalLink rdf:resource="http://www.news-antique.com/?id=781079&amp;keys=Pablo-Picasso-Dora-Maar-sotheby"/>
    <dbpedia-owl:wikiPageExternalLink rdf:resource="http://www.inopressa.ru/independent/2006/05/29/16:30:07/oligarhi"/>
    <dbpedia-owl:wikiPageExternalLink rdf:resource="http://www.msnbc.msn.com/id/19263980/site/newsweek/"/>
    <dbpedia-owl:wikiPageExternalLink rdf:resource="http://www.news-antique.com/?id=781416"/>
    <dbpprop:artist rdf:resource="http://dbpedia.org/resource/Pablo_Picasso"/>
    <dbpprop:height rdf:datatype="http://www.w3.org/2001/XMLSchema#double">128.3</dbpprop:height>
    <dbpprop:imageFile xml:lang="en">Dora Maar Au Chat.jpg</dbpprop:imageFile>
    <dbpprop:imageSize rdf:datatype="http://www.w3.org/2001/XMLSchema#integer">200</dbpprop:imageSize>
    <dbpprop:museum xml:lang="en">Private collection</dbpprop:museum>
    <dbpprop:paintingAlignment xml:lang="en">right</dbpprop:paintingAlignment>
    <dbpprop:title xml:lang="en">Dora Maar au Chat</dbpprop:title>
    <dbpprop:type xml:lang="en">Oil on canvas</dbpprop:type>
    <dbpprop:width rdf:datatype="http://www.w3.org/2001/XMLSchema#double">95.3</dbpprop:width>
    <dbpprop:year rdf:datatype="http://www.w3.org/2001/XMLSchema#integer">1941</dbpprop:year>
    <foaf:isPrimaryTopicOf rdf:resource="http://en.wikipedia.org/wiki/Dora_Maar_au_Chat"/>
    <ns7:wasDerivedFrom rdf:resource="http://en.wikipedia.org/wiki/Dora_Maar_au_Chat?oldid=540437559"/>
    <dbpprop:hasPhotoCollection rdf:resource="http://wifo5-03.informatik.uni-mannheim.de/flickrwrappr/photos/Dora_Maar_au_Chat"/>
  </rdf:Description>
  <rdf:Description rdf:about="http://dbpedia.org/resource/Dora_Maar_with_Cat">
    <dbpedia-owl:wikiPageRedirects rdf:resource="http://dbpedia.org/resource/Dora_Maar_au_Chat"/>
  </rdf:Description>
  <rdf:Description rdf:about="http://dbpedia.org/resource/Dora_Maar_with_cat">
    <dbpedia-owl:wikiPageRedirects rdf:resource="http://dbpedia.org/resource/Dora_Maar_au_Chat"/>
  </rdf:Description>
  <rdf:Description rdf:about="http://en.wikipedia.org/wiki/Dora_Maar_au_Chat">
    <foaf:primaryTopic rdf:resource="http://dbpedia.org/resource/Dora_Maar_au_Chat"/>
  </rdf:Description>
  <rdf:Description rdf:about="http://dbpedia.org/resource/Dora_maar_au_chat">
    <dbpedia-owl:wikiPageRedirects rdf:resource="http://dbpedia.org/resource/Dora_Maar_au_Chat"/>
  </rdf:Description>
  <rdf:Description rdf:about="http://wikidata.dbpedia.org/resource/Q75564">
    <owl:sameAs rdf:resource="http://dbpedia.org/resource/Dora_Maar_au_Chat"/>
  </rdf:Description>
  <rdf:Description rdf:about="http://zh.dbpedia.org/resource/朵拉与小猫">
    <owl:sameAs rdf:resource="http://dbpedia.org/resource/Dora_Maar_au_Chat"/>
  </rdf:Description>
  <rdf:Description rdf:about="http://ar.dbpedia.org/resource/دورا_مار_والهر">
    <owl:sameAs rdf:resource="http://dbpedia.org/resource/Dora_Maar_au_Chat"/>
  </rdf:Description>
  <rdf:Description rdf:about="http://he.dbpedia.org/resource/דורה_מאר_עם_חתול">
    <owl:sameAs rdf:resource="http://dbpedia.org/resource/Dora_Maar_au_Chat"/>
  </rdf:Description>
  <rdf:Description rdf:about="http://ka.dbpedia.org/resource/დორა_მაარი_კატასთან_ერთად">
    <owl:sameAs rdf:resource="http://dbpedia.org/resource/Dora_Maar_au_Chat"/>
  </rdf:Description>
  <rdf:Description rdf:about="http://vi.dbpedia.org/resource/Dora_Maar_au_Chat">
    <owl:sameAs rdf:resource="http://dbpedia.org/resource/Dora_Maar_au_Chat"/>
  </rdf:Description>
</rdf:RDF>
