<rdf:RDF xmlns:dbpprop="http://dbpedia.org/property/" xmlns:ns6="http://www.w3.org/ns/prov#" xmlns:foaf="http://xmlns.com/foaf/0.1/" xmlns:dbpedia-owl="http://dbpedia.org/ontology/" xmlns:dcterms="http://purl.org/dc/terms/" xmlns:owl="http://www.w3.org/2002/07/owl#" xmlns:rdfs="http://www.w3.org/2000/01/rdf-schema#" xmlns:rdf="http://www.w3.org/1999/02/22-rdf-syntax-ns#">
  <rdf:Description rdf:about="http://en.wikipedia.org/wiki/Double-square_painting">
    <foaf:primaryTopic rdf:resource="http://dbpedia.org/resource/Double-square_painting"/>
  </rdf:Description>
  <rdf:Description rdf:about="http://dbpedia.org/resource/Double-square_painting">
    <rdf:type rdf:resource="http://dbpedia.org/class/yago/Creation103129123"/>
    <rdf:type rdf:resource="http://dbpedia.org/class/yago/Painting103876519"/>
    <rdf:type rdf:resource="http://dbpedia.org/class/yago/Object100002684"/>
    <rdf:type rdf:resource="http://dbpedia.org/class/yago/GraphicArt103453809"/>
    <rdf:type rdf:resource="http://dbpedia.org/class/yago/Art102743547"/>
    <rdf:type rdf:resource="http://dbpedia.org/class/yago/Artifact100021939"/>
    <rdf:type rdf:resource="http://dbpedia.org/class/yago/1890Paintings"/>
    <rdf:type rdf:resource="http://dbpedia.org/class/yago/PaintingsByVincentVanGogh"/>
    <rdf:type rdf:resource="http://dbpedia.org/class/yago/Whole100003553"/>
    <rdf:type rdf:resource="http://dbpedia.org/class/yago/PhysicalEntity100001930"/>
    <owl:sameAs rdf:resource="http://www.wikidata.org/entity/Q5299615"/>
    <owl:sameAs rdf:resource="http://dbpedia.org/resource/Double-square_painting"/>
    <owl:sameAs rdf:resource="http://rdf.freebase.com/ns/m.0g4sky"/>
    <owl:sameAs rdf:resource="http://yago-knowledge.org/resource/Double-square_painting"/>
    <dcterms:subject rdf:resource="http://dbpedia.org/resource/Category:1890_paintings"/>
    <dcterms:subject rdf:resource="http://dbpedia.org/resource/Category:Paintings_by_Vincent_van_Gogh"/>
    <dcterms:subject rdf:resource="http://dbpedia.org/resource/Category:Series_of_Vincent_van_Gogh_paintings"/>
    <dbpedia-owl:abstract xml:lang="en">Double-square paintings have uncommonly large canvases. Vincent van Gogh, for example, used them exclusively during the final weeks of his life in Auvers, in June and July 1890. To arrive at this size, Van Gogh simply had to combine the legs of two standard sizes: the 50 cm leg from a size 12 and the 100 cm leg of a size 40 stretcher. The result was a double-square of 50 x 100 cm, and from this size easily the square could be derived by using two 50 cm legs. Other artists prior to Van Gogh and admired by him, like Charles-François Daubigny and Puvis de Chavannes, had used canvases of similar proportions, and Van Gogh was aware of this. But his choice of this size points into another direction. His double-squares can easily be combined with size 30 canvases to more elaborated décorations, and his squares extend these possibilities. One dimension of a double-square canvas is twice the size of the other. In other words, the canvas is the shape of two adjoining squares. The overall effect of this is stability, and the compositional challenge is to avoid monotony.</dbpedia-owl:abstract>
    <dbpedia-owl:wikiPageID rdf:datatype="http://www.w3.org/2001/XMLSchema#integer">6422787</dbpedia-owl:wikiPageID>
    <dbpedia-owl:wikiPageRevisionID rdf:datatype="http://www.w3.org/2001/XMLSchema#integer">515569904</dbpedia-owl:wikiPageRevisionID>
    <rdfs:label xml:lang="en">Double-square painting</rdfs:label>
    <foaf:depiction rdf:resource="http://upload.wikimedia.org/wikipedia/commons/b/b2/Vincent_Willem_van_Gogh_073.jpg"/>
    <rdfs:comment xml:lang="en">Double-square paintings have uncommonly large canvases. Vincent van Gogh, for example, used them exclusively during the final weeks of his life in Auvers, in June and July 1890. To arrive at this size, Van Gogh simply had to combine the legs of two standard sizes: the 50 cm leg from a size 12 and the 100 cm leg of a size 40 stretcher. The result was a double-square of 50 x 100 cm, and from this size easily the square could be derived by using two 50 cm legs.</rdfs:comment>
    <dbpedia-owl:thumbnail rdf:resource="http://upload.wikimedia.org/wikipedia/commons/thumb/b/b2/Vincent_Willem_van_Gogh_073.jpg/200px-Vincent_Willem_van_Gogh_073.jpg"/>
    <foaf:isPrimaryTopicOf rdf:resource="http://en.wikipedia.org/wiki/Double-square_painting"/>
    <ns6:wasDerivedFrom rdf:resource="http://en.wikipedia.org/wiki/Double-square_painting?oldid=515569904"/>
    <dbpprop:hasPhotoCollection rdf:resource="http://wifo5-03.informatik.uni-mannheim.de/flickrwrappr/photos/Double-square_painting"/>
  </rdf:Description>
  <rdf:Description rdf:about="http://dbpedia.org/resource/Adjustable_square">
    <dbpedia-owl:wikiPageRedirects rdf:resource="http://dbpedia.org/resource/Double-square_painting"/>
  </rdf:Description>
  <rdf:Description rdf:about="http://dbpedia.org/resource/Double-square">
    <dbpedia-owl:wikiPageRedirects rdf:resource="http://dbpedia.org/resource/Double-square_painting"/>
  </rdf:Description>
  <rdf:Description rdf:about="http://dbpedia.org/resource/Double-squares">
    <dbpedia-owl:wikiPageRedirects rdf:resource="http://dbpedia.org/resource/Double-square_painting"/>
  </rdf:Description>
  <rdf:Description rdf:about="http://dbpedia.org/resource/Double-squares_and_Squares">
    <dbpedia-owl:wikiPageRedirects rdf:resource="http://dbpedia.org/resource/Double-square_painting"/>
  </rdf:Description>
  <rdf:Description rdf:about="http://dbpedia.org/resource/Double_Square">
    <dbpedia-owl:wikiPageRedirects rdf:resource="http://dbpedia.org/resource/Double-square_painting"/>
  </rdf:Description>
  <rdf:Description rdf:about="http://dbpedia.org/resource/Double_square">
    <dbpedia-owl:wikiPageRedirects rdf:resource="http://dbpedia.org/resource/Double-square_painting"/>
  </rdf:Description>
  <rdf:Description rdf:about="http://dbpedia.org/resource/Double_squares">
    <dbpedia-owl:wikiPageRedirects rdf:resource="http://dbpedia.org/resource/Double-square_painting"/>
  </rdf:Description>
  <rdf:Description rdf:about="http://dbpedia.org/resource/Doublesquare">
    <dbpedia-owl:wikiPageRedirects rdf:resource="http://dbpedia.org/resource/Double-square_painting"/>
  </rdf:Description>
  <rdf:Description rdf:about="http://dbpedia.org/resource/Doublesquares">
    <dbpedia-owl:wikiPageRedirects rdf:resource="http://dbpedia.org/resource/Double-square_painting"/>
  </rdf:Description>
  <rdf:Description rdf:about="http://wikidata.dbpedia.org/resource/Q5299615">
    <owl:sameAs rdf:resource="http://dbpedia.org/resource/Double-square_painting"/>
  </rdf:Description>
</rdf:RDF>
