<rdf:RDF xmlns:ns7="http://www.w3.org/ns/prov#" xmlns:dbpprop="http://dbpedia.org/property/" xmlns:foaf="http://xmlns.com/foaf/0.1/" xmlns:dbpedia-owl="http://dbpedia.org/ontology/" xmlns:dcterms="http://purl.org/dc/terms/" xmlns:owl="http://www.w3.org/2002/07/owl#" xmlns:rdfs="http://www.w3.org/2000/01/rdf-schema#" xmlns:rdf="http://www.w3.org/1999/02/22-rdf-syntax-ns#">
  <rdf:Description rdf:about="http://dbpedia.org/resource/Down_on_His_Luck">
    <rdf:type rdf:resource="http://dbpedia.org/class/yago/Creation103129123"/>
    <rdf:type rdf:resource="http://dbpedia.org/class/yago/Painting103876519"/>
    <rdf:type rdf:resource="http://dbpedia.org/class/yago/Whole100003553"/>
    <rdf:type rdf:resource="http://dbpedia.org/class/yago/PhysicalEntity100001930"/>
    <rdf:type rdf:resource="http://dbpedia.org/class/yago/Art102743547"/>
    <rdf:type rdf:resource="http://dbpedia.org/class/yago/AustralianPaintings"/>
    <rdf:type rdf:resource="http://dbpedia.org/class/yago/GraphicArt103453809"/>
    <rdf:type rdf:resource="http://schema.org/CreativeWork"/>
    <rdf:type rdf:resource="http://dbpedia.org/ontology/Artwork"/>
    <rdf:type rdf:resource="http://dbpedia.org/class/yago/PaintingsByFrederickMcCubbin"/>
    <rdf:type rdf:resource="http://dbpedia.org/class/yago/1889Paintings"/>
    <rdf:type rdf:resource="http://www.w3.org/2002/07/owl#Thing"/>
    <rdf:type rdf:resource="http://dbpedia.org/class/yago/Artifact100021939"/>
    <rdf:type rdf:resource="http://dbpedia.org/class/yago/Object100002684"/>
    <rdf:type rdf:resource="http://dbpedia.org/ontology/Work"/>
    <owl:sameAs rdf:resource="http://dbpedia.org/resource/Down_on_His_Luck"/>
    <owl:sameAs rdf:resource="http://rdf.freebase.com/ns/m.04q3bpq"/>
    <owl:sameAs rdf:resource="http://yago-knowledge.org/resource/Down_on_His_Luck"/>
    <owl:sameAs rdf:resource="http://www.wikidata.org/entity/Q5302978"/>
    <dcterms:subject rdf:resource="http://dbpedia.org/resource/Category:1889_paintings"/>
    <dcterms:subject rdf:resource="http://dbpedia.org/resource/Category:Australian_paintings"/>
    <dcterms:subject rdf:resource="http://dbpedia.org/resource/Category:Paintings_by_Frederick_McCubbin"/>
    <dbpedia-owl:abstract xml:lang="en">Down on His Luck is an 1889 painting by Frederick McCubbin. It depicts a seemingly disheartened swagman, sitting by a campfire sadly brooding over his misfortune. According to an 1889 review, "The face tells of hardships, keen and blighting in their influence, but there is a nonchalant and slightly cynical expression, which proclaims the absence of all self-pity. " The background is a forest glade painted in subdued tones. The artist's model was Louis Abrahams, an unsuccessful gold prospector who was a friend of the artist. The scene was staged near the Box Hill artists' camp in Victoria, but it is thought that McCubbin would have made additional studies of Abrahams under studio conditions. The painting was owned by William Fergusson until 1896, when it was purchased by the Art Gallery of Western Australia in Perth.</dbpedia-owl:abstract>
    <dbpedia-owl:author rdf:resource="http://dbpedia.org/resource/Frederick_McCubbin"/>
    <dbpedia-owl:museum rdf:resource="http://dbpedia.org/resource/Art_Gallery_of_Western_Australia"/>
    <dbpedia-owl:wikiPageID rdf:datatype="http://www.w3.org/2001/XMLSchema#integer">19816799</dbpedia-owl:wikiPageID>
    <dbpedia-owl:wikiPageRevisionID rdf:datatype="http://www.w3.org/2001/XMLSchema#integer">485236583</dbpedia-owl:wikiPageRevisionID>
    <rdfs:label xml:lang="en">Down on His Luck</rdfs:label>
    <foaf:depiction rdf:resource="http://upload.wikimedia.org/wikipedia/commons/9/91/Down_on_his_luck.jpg"/>
    <rdfs:comment xml:lang="en">Down on His Luck is an 1889 painting by Frederick McCubbin. It depicts a seemingly disheartened swagman, sitting by a campfire sadly brooding over his misfortune. According to an 1889 review, "The face tells of hardships, keen and blighting in their influence, but there is a nonchalant and slightly cynical expression, which proclaims the absence of all self-pity. " The background is a forest glade painted in subdued tones.</rdfs:comment>
    <foaf:name xml:lang="en">Down on His Luck</foaf:name>
    <dbpedia-owl:thumbnail rdf:resource="http://upload.wikimedia.org/wikipedia/commons/thumb/9/91/Down_on_his_luck.jpg/200px-Down_on_his_luck.jpg"/>
    <dbpprop:artist rdf:resource="http://dbpedia.org/resource/Frederick_McCubbin"/>
    <dbpprop:city rdf:resource="http://dbpedia.org/resource/Perth"/>
    <dbpprop:height rdf:datatype="http://www.w3.org/2001/XMLSchema#double">114.5</dbpprop:height>
    <dbpprop:heightInch rdf:datatype="http://www.w3.org/2001/XMLSchema#double">45.1</dbpprop:heightInch>
    <dbpprop:imageFile xml:lang="en">Down on his luck.jpg</dbpprop:imageFile>
    <dbpprop:museum rdf:resource="http://dbpedia.org/resource/Art_Gallery_of_Western_Australia"/>
    <dbpprop:title xml:lang="en">Down on His Luck</dbpprop:title>
    <dbpprop:type rdf:resource="http://dbpedia.org/resource/Oil_painting"/>
    <dbpprop:width rdf:datatype="http://www.w3.org/2001/XMLSchema#double">152.8</dbpprop:width>
    <dbpprop:widthInch rdf:datatype="http://www.w3.org/2001/XMLSchema#double">60.2</dbpprop:widthInch>
    <dbpprop:year rdf:datatype="http://www.w3.org/2001/XMLSchema#integer">1889</dbpprop:year>
    <foaf:isPrimaryTopicOf rdf:resource="http://en.wikipedia.org/wiki/Down_on_His_Luck"/>
    <ns7:wasDerivedFrom rdf:resource="http://en.wikipedia.org/wiki/Down_on_His_Luck?oldid=485236583"/>
    <dbpprop:hasPhotoCollection rdf:resource="http://wifo5-03.informatik.uni-mannheim.de/flickrwrappr/photos/Down_on_His_Luck"/>
  </rdf:Description>
  <rdf:Description rdf:about="http://dbpedia.org/resource/Down_on_his_luck">
    <dbpedia-owl:wikiPageRedirects rdf:resource="http://dbpedia.org/resource/Down_on_His_Luck"/>
  </rdf:Description>
  <rdf:Description rdf:about="http://en.wikipedia.org/wiki/Down_on_His_Luck">
    <foaf:primaryTopic rdf:resource="http://dbpedia.org/resource/Down_on_His_Luck"/>
  </rdf:Description>
  <rdf:Description rdf:about="http://wikidata.dbpedia.org/resource/Q5302978">
    <owl:sameAs rdf:resource="http://dbpedia.org/resource/Down_on_His_Luck"/>
  </rdf:Description>
</rdf:RDF>
