<rdf:RDF xmlns:ns7="http://www.w3.org/ns/prov#" xmlns:dbpprop="http://dbpedia.org/property/" xmlns:foaf="http://xmlns.com/foaf/0.1/" xmlns:dbpedia-owl="http://dbpedia.org/ontology/" xmlns:dcterms="http://purl.org/dc/terms/" xmlns:owl="http://www.w3.org/2002/07/owl#" xmlns:rdfs="http://www.w3.org/2000/01/rdf-schema#" xmlns:rdf="http://www.w3.org/1999/02/22-rdf-syntax-ns#">
  <rdf:Description rdf:about="http://dbpedia.org/resource/Dreamvision_(paintings)">
    <rdf:type rdf:resource="http://dbpedia.org/class/yago/Art102743547"/>
    <rdf:type rdf:resource="http://dbpedia.org/ontology/Artwork"/>
    <rdf:type rdf:resource="http://dbpedia.org/class/yago/PhysicalEntity100001930"/>
    <rdf:type rdf:resource="http://dbpedia.org/class/yago/Artifact100021939"/>
    <rdf:type rdf:resource="http://dbpedia.org/ontology/Work"/>
    <rdf:type rdf:resource="http://www.w3.org/2002/07/owl#Thing"/>
    <rdf:type rdf:resource="http://dbpedia.org/class/yago/Whole100003553"/>
    <rdf:type rdf:resource="http://schema.org/CreativeWork"/>
    <rdf:type rdf:resource="http://dbpedia.org/class/yago/ModernPaintings"/>
    <rdf:type rdf:resource="http://dbpedia.org/class/yago/1980Paintings"/>
    <rdf:type rdf:resource="http://dbpedia.org/class/yago/1980sPaintings"/>
    <rdf:type rdf:resource="http://dbpedia.org/class/yago/GraphicArt103453809"/>
    <rdf:type rdf:resource="http://dbpedia.org/class/yago/Object100002684"/>
    <rdf:type rdf:resource="http://dbpedia.org/class/yago/1981Paintings"/>
    <rdf:type rdf:resource="http://dbpedia.org/class/yago/Creation103129123"/>
    <rdf:type rdf:resource="http://dbpedia.org/class/yago/Painting103876519"/>
    <owl:sameAs rdf:resource="http://www.wikidata.org/entity/Q5306792"/>
    <owl:sameAs rdf:resource="http://yago-knowledge.org/resource/Dreamvision_(paintings)"/>
    <owl:sameAs rdf:resource="http://dbpedia.org/resource/Dreamvision_(paintings)"/>
    <owl:sameAs rdf:resource="http://rdf.freebase.com/ns/m.0gvr7fk"/>
    <dcterms:subject rdf:resource="http://dbpedia.org/resource/Category:1981_paintings"/>
    <dcterms:subject rdf:resource="http://dbpedia.org/resource/Category:Modern_paintings"/>
    <dcterms:subject rdf:resource="http://dbpedia.org/resource/Category:Painting_series"/>
    <dcterms:subject rdf:resource="http://dbpedia.org/resource/Category:1980_paintings"/>
    <dbpedia-owl:abstract xml:lang="en">Dreamvision (paintings) is a series of 28 oil paintings made by Nabil Kanso in 1980-81. The subjects of the works in the series are two figures of a man and woman whose characters and relations are reinforced by figurative allusions to their surroundings.</dbpedia-owl:abstract>
    <dbpedia-owl:author rdf:resource="http://dbpedia.org/resource/Nabil_Kanso"/>
    <dbpedia-owl:wikiPageID rdf:datatype="http://www.w3.org/2001/XMLSchema#integer">31970567</dbpedia-owl:wikiPageID>
    <dbpedia-owl:wikiPageRevisionID rdf:datatype="http://www.w3.org/2001/XMLSchema#integer">503879217</dbpedia-owl:wikiPageRevisionID>
    <rdfs:label xml:lang="en">Dreamvision (paintings)</rdfs:label>
    <foaf:depiction rdf:resource="http://upload.wikimedia.org/wikipedia/commons/9/97/DreamVision.jpg"/>
    <rdfs:comment xml:lang="en">Dreamvision (paintings) is a series of 28 oil paintings made by Nabil Kanso in 1980-81. The subjects of the works in the series are two figures of a man and woman whose characters and relations are reinforced by figurative allusions to their surroundings.</rdfs:comment>
    <foaf:name xml:lang="en">DreamVision</foaf:name>
    <dbpedia-owl:thumbnail rdf:resource="http://upload.wikimedia.org/wikipedia/commons/thumb/9/97/DreamVision.jpg/200px-DreamVision.jpg"/>
    <dbpedia-owl:wikiPageExternalLink rdf:resource="http://nabilkanso.com/DREAMVISION.html"/>
    <dbpprop:artist rdf:resource="http://dbpedia.org/resource/Nabil_Kanso"/>
    <dbpprop:heightMetric rdf:datatype="http://www.w3.org/2001/XMLSchema#integer">200</dbpprop:heightMetric>
    <dbpprop:imageFile xml:lang="en">DreamVision.jpg</dbpprop:imageFile>
    <dbpprop:imageSize rdf:datatype="http://www.w3.org/2001/XMLSchema#integer">330</dbpprop:imageSize>
    <dbpprop:imperialUnit xml:lang="en">in</dbpprop:imperialUnit>
    <dbpprop:metricUnit xml:lang="en">cm</dbpprop:metricUnit>
    <dbpprop:title xml:lang="en">DreamVision</dbpprop:title>
    <dbpprop:type xml:lang="en">oil on canvas</dbpprop:type>
    <dbpprop:widthMetric rdf:datatype="http://www.w3.org/2001/XMLSchema#integer">175</dbpprop:widthMetric>
    <dbpprop:year rdf:datatype="http://www.w3.org/2001/XMLSchema#integer">1980</dbpprop:year>
    <foaf:isPrimaryTopicOf rdf:resource="http://en.wikipedia.org/wiki/Dreamvision_(paintings)"/>
    <ns7:wasDerivedFrom rdf:resource="http://en.wikipedia.org/wiki/Dreamvision_(paintings)?oldid=503879217"/>
    <dbpprop:hasPhotoCollection rdf:resource="http://wifo5-03.informatik.uni-mannheim.de/flickrwrappr/photos/Dreamvision_(paintings)"/>
  </rdf:Description>
  <rdf:Description rdf:about="http://en.wikipedia.org/wiki/Dreamvision_(paintings)">
    <foaf:primaryTopic rdf:resource="http://dbpedia.org/resource/Dreamvision_(paintings)"/>
  </rdf:Description>
  <rdf:Description rdf:about="http://wikidata.dbpedia.org/resource/Q5306792">
    <owl:sameAs rdf:resource="http://dbpedia.org/resource/Dreamvision_(paintings)"/>
  </rdf:Description>
</rdf:RDF>
