<rdf:RDF xmlns:ns7="http://www.w3.org/ns/prov#" xmlns:dbpprop="http://dbpedia.org/property/" xmlns:foaf="http://xmlns.com/foaf/0.1/" xmlns:dbpedia-owl="http://dbpedia.org/ontology/" xmlns:dcterms="http://purl.org/dc/terms/" xmlns:owl="http://www.w3.org/2002/07/owl#" xmlns:rdfs="http://www.w3.org/2000/01/rdf-schema#" xmlns:rdf="http://www.w3.org/1999/02/22-rdf-syntax-ns#">
  <rdf:Description rdf:about="http://pt.dbpedia.org/resource/Sonho_Causado_Pelo_Voo_de_uma_Abelha_ao_Redor_de_Uma_Romã_um_Segundo_Antes_de_Acordar">
    <owl:sameAs rdf:resource="http://dbpedia.org/resource/Dream_Caused_by_the_Flight_of_a_Bee_Around_a_Pomegranate_a_Second_Before_Awakening"/>
  </rdf:Description>
  <rdf:Description rdf:about="http://dbpedia.org/resource/Dream_Caused_by_the_Flight_of_a_Bumblebee_around_a_Pomegranate_a_Second_Before_Awakening">
    <dbpedia-owl:wikiPageRedirects rdf:resource="http://dbpedia.org/resource/Dream_Caused_by_the_Flight_of_a_Bee_Around_a_Pomegranate_a_Second_Before_Awakening"/>
  </rdf:Description>
  <rdf:Description rdf:about="http://es.dbpedia.org/resource/Sueño_causado_por_el_vuelo_de_una_abeja_alrededor_de_una_granada_un_segundo_antes_de_despertar">
    <owl:sameAs rdf:resource="http://dbpedia.org/resource/Dream_Caused_by_the_Flight_of_a_Bee_Around_a_Pomegranate_a_Second_Before_Awakening"/>
  </rdf:Description>
  <rdf:Description rdf:about="http://de.dbpedia.org/resource/Traum,_verursacht_durch_den_Flug_einer_Biene_um_einen_Granatapfel,_eine_Sekunde_vor_dem_Aufwachen">
    <owl:sameAs rdf:resource="http://dbpedia.org/resource/Dream_Caused_by_the_Flight_of_a_Bee_Around_a_Pomegranate_a_Second_Before_Awakening"/>
  </rdf:Description>
  <rdf:Description rdf:about="http://it.dbpedia.org/resource/Sogno_causato_dal_volo_di_un'ape_intorno_a_una_melagrana_un_attimo_prima_del_risveglio">
    <owl:sameAs rdf:resource="http://dbpedia.org/resource/Dream_Caused_by_the_Flight_of_a_Bee_Around_a_Pomegranate_a_Second_Before_Awakening"/>
  </rdf:Description>
  <rdf:Description rdf:about="http://en.wikipedia.org/wiki/Dream_Caused_by_the_Flight_of_a_Bee_Around_a_Pomegranate_a_Second_Before_Awakening">
    <foaf:primaryTopic rdf:resource="http://dbpedia.org/resource/Dream_Caused_by_the_Flight_of_a_Bee_Around_a_Pomegranate_a_Second_Before_Awakening"/>
  </rdf:Description>
  <rdf:Description rdf:about="http://dbpedia.org/resource/Dream_Caused_by_the_Flight_of_a_Bee_Around_a_Pomegranate_a_Second_Before_Awakening">
    <rdf:type rdf:resource="http://dbpedia.org/class/yago/Painting103876519"/>
    <rdf:type rdf:resource="http://dbpedia.org/ontology/Artwork"/>
    <rdf:type rdf:resource="http://dbpedia.org/class/yago/1944Paintings"/>
    <rdf:type rdf:resource="http://schema.org/CreativeWork"/>
    <rdf:type rdf:resource="http://www.w3.org/2002/07/owl#Thing"/>
    <rdf:type rdf:resource="http://dbpedia.org/class/yago/Artifact100021939"/>
    <rdf:type rdf:resource="http://dbpedia.org/ontology/Work"/>
    <rdf:type rdf:resource="http://dbpedia.org/class/yago/PhysicalEntity100001930"/>
    <rdf:type rdf:resource="http://dbpedia.org/class/yago/Whole100003553"/>
    <rdf:type rdf:resource="http://dbpedia.org/class/yago/Object100002684"/>
    <rdf:type rdf:resource="http://dbpedia.org/class/yago/GraphicArt103453809"/>
    <rdf:type rdf:resource="http://dbpedia.org/class/yago/SurrealistPaintings"/>
    <rdf:type rdf:resource="http://dbpedia.org/class/yago/PaintingsBySalvadorDal%C3%AD"/>
    <rdf:type rdf:resource="http://dbpedia.org/class/yago/Art102743547"/>
    <rdf:type rdf:resource="http://dbpedia.org/class/yago/Creation103129123"/>
    <owl:sameAs rdf:resource="http://es.dbpedia.org/resource/Sueño_causado_por_el_vuelo_de_una_abeja_alrededor_de_una_granada_un_segundo_antes_de_despertar"/>
    <owl:sameAs rdf:resource="http://www.wikidata.org/entity/Q172354"/>
    <owl:sameAs rdf:resource="http://it.dbpedia.org/resource/Sogno_causato_dal_volo_di_un'ape_intorno_a_una_melagrana_un_attimo_prima_del_risveglio"/>
    <owl:sameAs rdf:resource="http://fr.dbpedia.org/resource/Rêve_causé_par_le_vol_d'une_abeille_autour_d'une_grenade,_une_seconde_avant_l'éveil"/>
    <owl:sameAs rdf:resource="http://pt.dbpedia.org/resource/Sonho_Causado_Pelo_Voo_de_uma_Abelha_ao_Redor_de_Uma_Romã_um_Segundo_Antes_de_Acordar"/>
    <owl:sameAs rdf:resource="http://ru.dbpedia.org/resource/Сон,_вызванный_полётом_пчелы_вокруг_граната,_за_секунду_до_пробуждения"/>
    <owl:sameAs rdf:resource="http://dbpedia.org/resource/Dream_Caused_by_the_Flight_of_a_Bee_Around_a_Pomegranate_a_Second_Before_Awakening"/>
    <owl:sameAs rdf:resource="http://de.dbpedia.org/resource/Traum,_verursacht_durch_den_Flug_einer_Biene_um_einen_Granatapfel,_eine_Sekunde_vor_dem_Aufwachen"/>
    <owl:sameAs rdf:resource="http://rdf.freebase.com/ns/m.03chjj"/>
    <owl:sameAs rdf:resource="http://uk.dbpedia.org/resource/Сон,_викликаний_польотом_бджоли_навкруги_граната_за_секунду_до_пробудження"/>
    <owl:sameAs rdf:resource="http://yago-knowledge.org/resource/Dream_Caused_by_the_Flight_of_a_Bee_Around_a_Pomegranate_a_Second_Before_Awakening"/>
    <owl:sameAs rdf:resource="http://ca.dbpedia.org/resource/Somni_causat_pel_vol_d'una_abella_al_voltant_d'una_magrana_un_segon_abans_de_despertar-se"/>
    <dcterms:subject rdf:resource="http://dbpedia.org/resource/Category:Collections_of_the_Thyssen-Bornemisza_Museum"/>
    <dcterms:subject rdf:resource="http://dbpedia.org/resource/Category:1944_paintings"/>
    <dcterms:subject rdf:resource="http://dbpedia.org/resource/Category:Animals_in_art"/>
    <dcterms:subject rdf:resource="http://dbpedia.org/resource/Category:Paintings_by_Salvador_Dal%C3%AD"/>
    <dcterms:subject rdf:resource="http://dbpedia.org/resource/Category:Surrealist_paintings"/>
    <dbpedia-owl:abstract xml:lang="pt">Sonho Causado Pelo Voo de uma Abelha ao Redor de Uma Romã um Segundo Antes de Acordar é uma pintura surrealista do pintor espanhol Salvador Dali.</dbpedia-owl:abstract>
    <dbpedia-owl:abstract xml:lang="ru">«Сон, вызванный полётом пчелы вокруг граната, за секунду до пробуждения» (исп.  Sueño causado por el vuelo de una abeja alrededor de una granada un segundo antes de despertar) — картина испанского художника-сюрреалиста Сальвадора Дали. Находится в Музее Тиссена-Борнемисы в Мадриде.</dbpedia-owl:abstract>
    <dbpedia-owl:abstract xml:lang="fr">Rêve causé par le vol d'une abeille autour d'une grenade, une seconde avant l'éveil est une huile sur toile de peinte par Salvador Dalí en 1944. Dalí, suivant les théories de Freud, voulut représenter sur cette toile les stimulus extérieurs qui viennent s'intégrer dans les rêves. Une interprétation minoritaire est une interprétation surréaliste de la théorie de l'évolution.</dbpedia-owl:abstract>
    <dbpedia-owl:abstract xml:lang="es">Sueño causado por el vuelo de una abeja alrededor de una granada un segundo antes de despertar es un famoso cuadro del pintor español Salvador Dalí realizado en 1944. Está hecho mediante la técnica del óleo sobre lienzo, es de estilo surrealista y sus medidas son 51 x 41 cm. Se conserva en Madrid, en el Museo Thyssen-Bornemisza. Dalí, siguiendo las teorías de Freud, quiso representar en el cuadro el hecho de que, a veces, se introducen en el sueño estímulos derivados de acontecimientos exteriores que son integrados en él. También se ha sugerido que la pintura es "una surrealista interpretación de la Teoría de la Evolución". Este fue uno de los pocos cuadros pintados por Dalí en 1944. En esos momentos se dedicaba a diseñar escaparates, a hacer decorados para películas de Hollywood o a diseñar portadas para la revista Vogue, y le quedaba poco tiempo para pintar. A pesar de que por aquel entonces pintaba sobre temas religiosos y había abandonado el surrealismo ortodoxo, en donde se introducía en el mundo de los sueños, el largo título del lienzo muestra su intención de otorgarle al cuadro un carácter psicoanalítico.</dbpedia-owl:abstract>
    <dbpedia-owl:abstract xml:lang="en">Dream Caused by the Flight of a Bee Around a Pomegranate a Second Before Awakening (1944) is a surrealist painting by Salvador Dalí. A short, alternate title for the painting is Sting Caused by the Flight of a Bee. It was painted in 1944, while Dalí and his wife, Gala, were living in America.</dbpedia-owl:abstract>
    <dbpedia-owl:abstract xml:lang="de">Traum, verursacht durch den Flug einer Biene um einen Granatapfel, eine Sekunde vor dem Aufwachen ist ein 1944 entstandenes Ölgemälde des surrealistischen Malers Salvador Dalí. Es entstand während Dalís achtjährigem Exil in den Vereinigten Staaten und stellt eines der herausragendsten Werke seiner paranoisch-kritischen Schaffensperiode dar. Das Gemälde befindet sich heute zusammen mit weiteren Werken Dalís im Museo Thyssen-Bornemisza in Madrid.</dbpedia-owl:abstract>
    <dbpedia-owl:abstract xml:lang="it">Sogno causato dal volo di un'ape intorno a una melagrana un attimo prima del risveglio è un dipinto surrealista di Salvador Dalí. È custodito presso El Museo Thyssen-Bornemisza di Madrid. L'azione del dipinto – l'enorme melagrana da cui fuoriesce un pesce che "genera" due tigri dietro a una baionetta – rappresenta il violento risveglio della donna dai suoi sogni tranquilli. Nel quadro appare anche la figura del classico elefante ricorrente in molti quadri di Dalì, ispirato al piedistallo della scultura Obelisco della Minerva di Gian Lorenzo Bernini che si trova a Roma e rappresenta un elefante che trasporta un antico obelisco Questo è un esempio dell'influenza freudiana sull'arte surrealista e del tentativo di Dalí di esplorare il mondo dei sogni. Alcuni critici hanno suggerito che questo dipinto sia un'interpretazione surrealista della teoria dell'evoluzione.</dbpedia-owl:abstract>
    <dbpedia-owl:author rdf:resource="http://dbpedia.org/resource/Salvador_Dal%C3%AD"/>
    <dbpedia-owl:museum rdf:resource="http://dbpedia.org/resource/Thyssen-Bornemisza_Museum"/>
    <dbpedia-owl:wikiPageID rdf:datatype="http://www.w3.org/2001/XMLSchema#integer">792511</dbpedia-owl:wikiPageID>
    <dbpedia-owl:wikiPageRevisionID rdf:datatype="http://www.w3.org/2001/XMLSchema#integer">546486334</dbpedia-owl:wikiPageRevisionID>
    <rdfs:label xml:lang="es">Sueño causado por el vuelo de una abeja alrededor de una granada un segundo antes de despertar</rdfs:label>
    <rdfs:label xml:lang="it">Sogno causato dal volo di un'ape intorno a una melagrana un attimo prima del risveglio</rdfs:label>
    <rdfs:label xml:lang="fr">Rêve causé par le vol d'une abeille autour d'une grenade, une seconde avant l'éveil</rdfs:label>
    <rdfs:label xml:lang="en">Dream Caused by the Flight of a Bee Around a Pomegranate a Second Before Awakening</rdfs:label>
    <rdfs:label xml:lang="pt">Sonho Causado Pelo Voo de uma Abelha ao Redor de Uma Romã um Segundo Antes de Acordar</rdfs:label>
    <rdfs:label xml:lang="de">Traum, verursacht durch den Flug einer Biene um einen Granatapfel, eine Sekunde vor dem Aufwachen</rdfs:label>
    <rdfs:label xml:lang="ru">Сон, вызванный полётом пчелы вокруг граната, за секунду до пробуждения</rdfs:label>
    <foaf:depiction rdf:resource="http://upload.wikimedia.org/wikipedia/commons/d/df/Dream_Caused_by_the_Flight_of_a_Bumblebee_around_a_Pomegranate_a_Second_Before_Awakening.jpg"/>
    <rdfs:comment xml:lang="en">Dream Caused by the Flight of a Bee Around a Pomegranate a Second Before Awakening (1944) is a surrealist painting by Salvador Dalí. A short, alternate title for the painting is Sting Caused by the Flight of a Bee. It was painted in 1944, while Dalí and his wife, Gala, were living in America.</rdfs:comment>
    <rdfs:comment xml:lang="fr">Rêve causé par le vol d'une abeille autour d'une grenade, une seconde avant l'éveil est une huile sur toile de peinte par Salvador Dalí en 1944. Dalí, suivant les théories de Freud, voulut représenter sur cette toile les stimulus extérieurs qui viennent s'intégrer dans les rêves. Une interprétation minoritaire est une interprétation surréaliste de la théorie de l'évolution.</rdfs:comment>
    <rdfs:comment xml:lang="pt">Sonho Causado Pelo Voo de uma Abelha ao Redor de Uma Romã um Segundo Antes de Acordar é uma pintura surrealista do pintor espanhol Salvador Dali.</rdfs:comment>
    <rdfs:comment xml:lang="de">Traum, verursacht durch den Flug einer Biene um einen Granatapfel, eine Sekunde vor dem Aufwachen ist ein 1944 entstandenes Ölgemälde des surrealistischen Malers Salvador Dalí. Es entstand während Dalís achtjährigem Exil in den Vereinigten Staaten und stellt eines der herausragendsten Werke seiner paranoisch-kritischen Schaffensperiode dar. Das Gemälde befindet sich heute zusammen mit weiteren Werken Dalís im Museo Thyssen-Bornemisza in Madrid.</rdfs:comment>
    <rdfs:comment xml:lang="es">Sueño causado por el vuelo de una abeja alrededor de una granada un segundo antes de despertar es un famoso cuadro del pintor español Salvador Dalí realizado en 1944. Está hecho mediante la técnica del óleo sobre lienzo, es de estilo surrealista y sus medidas son 51 x 41 cm. Se conserva en Madrid, en el Museo Thyssen-Bornemisza.</rdfs:comment>
    <rdfs:comment xml:lang="it">Sogno causato dal volo di un'ape intorno a una melagrana un attimo prima del risveglio è un dipinto surrealista di Salvador Dalí. È custodito presso El Museo Thyssen-Bornemisza di Madrid. L'azione del dipinto – l'enorme melagrana da cui fuoriesce un pesce che "genera" due tigri dietro a una baionetta – rappresenta il violento risveglio della donna dai suoi sogni tranquilli.</rdfs:comment>
    <rdfs:comment xml:lang="ru">«Сон, вызванный полётом пчелы вокруг граната, за секунду до пробуждения» (исп.  Sueño causado por el vuelo de una abeja alrededor de una granada un segundo antes de despertar) — картина испанского художника-сюрреалиста Сальвадора Дали. Находится в Музее Тиссена-Борнемисы в Мадриде.</rdfs:comment>
    <foaf:name xml:lang="en">Dream Caused by the Flight of a Bee</foaf:name>
    <foaf:name xml:lang="en">around a Pomegranate a Second Before Awakening</foaf:name>
    <dbpedia-owl:thumbnail rdf:resource="http://upload.wikimedia.org/wikipedia/commons/thumb/d/df/Dream_Caused_by_the_Flight_of_a_Bumblebee_around_a_Pomegranate_a_Second_Before_Awakening.jpg/200px-Dream_Caused_by_the_Flight_of_a_Bumblebee_around_a_Pomegranate_a_Second_Before_Awakening.jpg"/>
    <dbpprop:artist rdf:resource="http://dbpedia.org/resource/Salvador_Dal%C3%AD"/>
    <dbpprop:city rdf:resource="http://dbpedia.org/resource/Madrid"/>
    <dbpprop:height rdf:datatype="http://www.w3.org/2001/XMLSchema#integer">51</dbpprop:height>
    <dbpprop:heightInch rdf:datatype="http://www.w3.org/2001/XMLSchema#integer">20</dbpprop:heightInch>
    <dbpprop:imageFile xml:lang="en">Dream Caused by the Flight of a Bumblebee around a Pomegranate a Second Before Awakening.jpg</dbpprop:imageFile>
    <dbpprop:museum rdf:resource="http://dbpedia.org/resource/Thyssen-Bornemisza_Museum"/>
    <dbpprop:title xml:lang="en">around a Pomegranate a Second Before Awakening</dbpprop:title>
    <dbpprop:title xml:lang="en">Dream Caused by the Flight of a Bee</dbpprop:title>
    <dbpprop:type rdf:resource="http://dbpedia.org/resource/Oil_painting"/>
    <dbpprop:width rdf:datatype="http://www.w3.org/2001/XMLSchema#double">40.5</dbpprop:width>
    <dbpprop:widthInch rdf:datatype="http://www.w3.org/2001/XMLSchema#double">15.9</dbpprop:widthInch>
    <dbpprop:year rdf:datatype="http://www.w3.org/2001/XMLSchema#integer">1944</dbpprop:year>
    <foaf:isPrimaryTopicOf rdf:resource="http://en.wikipedia.org/wiki/Dream_Caused_by_the_Flight_of_a_Bee_Around_a_Pomegranate_a_Second_Before_Awakening"/>
    <ns7:wasDerivedFrom rdf:resource="http://en.wikipedia.org/wiki/Dream_Caused_by_the_Flight_of_a_Bee_Around_a_Pomegranate_a_Second_Before_Awakening?oldid=546486334"/>
    <dbpprop:hasPhotoCollection rdf:resource="http://wifo5-03.informatik.uni-mannheim.de/flickrwrappr/photos/Dream_Caused_by_the_Flight_of_a_Bee_Around_a_Pomegranate_a_Second_Before_Awakening"/>
  </rdf:Description>
  <rdf:Description rdf:about="http://dbpedia.org/resource/Dream_Caused_by_the_Flight_of_a_Bumblebee_around_a_Pomegranate_One_Second_Before_Awakening">
    <dbpedia-owl:wikiPageRedirects rdf:resource="http://dbpedia.org/resource/Dream_Caused_by_the_Flight_of_a_Bee_Around_a_Pomegranate_a_Second_Before_Awakening"/>
  </rdf:Description>
  <rdf:Description rdf:about="http://dbpedia.org/resource/Dream_caused_by_the_flight_of_a_bumblebee_around_a_pomegranate_a_second_before_awakening">
    <dbpedia-owl:wikiPageRedirects rdf:resource="http://dbpedia.org/resource/Dream_Caused_by_the_Flight_of_a_Bee_Around_a_Pomegranate_a_Second_Before_Awakening"/>
  </rdf:Description>
  <rdf:Description rdf:about="http://dbpedia.org/resource/Dream_caused_by_the_flight_of_a_bumblebee_around_a_pomegranate_one_second_before_awakening">
    <dbpedia-owl:wikiPageRedirects rdf:resource="http://dbpedia.org/resource/Dream_Caused_by_the_Flight_of_a_Bee_Around_a_Pomegranate_a_Second_Before_Awakening"/>
  </rdf:Description>
  <rdf:Description rdf:about="http://dbpedia.org/resource/Dream_Caused_by_the_Flight_of_a_Bee_around_a_Pomegranate_a_Second_Before_Awakening">
    <dbpedia-owl:wikiPageRedirects rdf:resource="http://dbpedia.org/resource/Dream_Caused_by_the_Flight_of_a_Bee_Around_a_Pomegranate_a_Second_Before_Awakening"/>
  </rdf:Description>
  <rdf:Description rdf:about="http://dbpedia.org/resource/Dream_Caused_by_the_Flight_of_a_Bee_around_a_Pomegranate_a_Second_before_Waking_up">
    <dbpedia-owl:wikiPageRedirects rdf:resource="http://dbpedia.org/resource/Dream_Caused_by_the_Flight_of_a_Bee_Around_a_Pomegranate_a_Second_Before_Awakening"/>
  </rdf:Description>
  <rdf:Description rdf:about="http://dbpedia.org/resource/Dream_caused_by_the_flight_of_a_bee_around_a_pomegranate_a_second_before_awakening">
    <dbpedia-owl:wikiPageRedirects rdf:resource="http://dbpedia.org/resource/Dream_Caused_by_the_Flight_of_a_Bee_Around_a_Pomegranate_a_Second_Before_Awakening"/>
  </rdf:Description>
  <rdf:Description rdf:about="http://dbpedia.org/resource/One_Second_Before_Awakening_from_a_Dream_Caused_by_the_Flight_of_a_Bee_Around_a_Pomegranate">
    <dbpedia-owl:wikiPageRedirects rdf:resource="http://dbpedia.org/resource/Dream_Caused_by_the_Flight_of_a_Bee_Around_a_Pomegranate_a_Second_Before_Awakening"/>
  </rdf:Description>
  <rdf:Description rdf:about="http://dbpedia.org/resource/Sting_Caused_by_the_Flight_of_a_Bee">
    <dbpedia-owl:wikiPageRedirects rdf:resource="http://dbpedia.org/resource/Dream_Caused_by_the_Flight_of_a_Bee_Around_a_Pomegranate_a_Second_Before_Awakening"/>
  </rdf:Description>
  <rdf:Description rdf:about="http://fr.dbpedia.org/resource/Rêve_causé_par_le_vol_d'une_abeille_autour_d'une_grenade,_une_seconde_avant_l'éveil">
    <owl:sameAs rdf:resource="http://dbpedia.org/resource/Dream_Caused_by_the_Flight_of_a_Bee_Around_a_Pomegranate_a_Second_Before_Awakening"/>
  </rdf:Description>
  <rdf:Description rdf:about="http://ru.dbpedia.org/resource/Сон,_вызванный_полётом_пчелы_вокруг_граната,_за_секунду_до_пробуждения">
    <owl:sameAs rdf:resource="http://dbpedia.org/resource/Dream_Caused_by_the_Flight_of_a_Bee_Around_a_Pomegranate_a_Second_Before_Awakening"/>
  </rdf:Description>
  <rdf:Description rdf:about="http://wikidata.dbpedia.org/resource/Q172354">
    <owl:sameAs rdf:resource="http://dbpedia.org/resource/Dream_Caused_by_the_Flight_of_a_Bee_Around_a_Pomegranate_a_Second_Before_Awakening"/>
  </rdf:Description>
  <rdf:Description rdf:about="http://ca.dbpedia.org/resource/Somni_causat_pel_vol_d'una_abella_al_voltant_d'una_magrana_un_segon_abans_de_despertar-se">
    <owl:sameAs rdf:resource="http://dbpedia.org/resource/Dream_Caused_by_the_Flight_of_a_Bee_Around_a_Pomegranate_a_Second_Before_Awakening"/>
  </rdf:Description>
  <rdf:Description rdf:about="http://uk.dbpedia.org/resource/Сон,_викликаний_польотом_бджоли_навкруги_граната_за_секунду_до_пробудження">
    <owl:sameAs rdf:resource="http://dbpedia.org/resource/Dream_Caused_by_the_Flight_of_a_Bee_Around_a_Pomegranate_a_Second_Before_Awakening"/>
  </rdf:Description>
</rdf:RDF>
