<rdf:RDF xmlns:ns7="http://www.w3.org/ns/prov#" xmlns:dbpprop="http://dbpedia.org/property/" xmlns:foaf="http://xmlns.com/foaf/0.1/" xmlns:dbpedia-owl="http://dbpedia.org/ontology/" xmlns:dcterms="http://purl.org/dc/terms/" xmlns:owl="http://www.w3.org/2002/07/owl#" xmlns:rdfs="http://www.w3.org/2000/01/rdf-schema#" xmlns:rdf="http://www.w3.org/1999/02/22-rdf-syntax-ns#">
  <rdf:Description rdf:about="http://en.wikipedia.org/wiki/Drunkenness_of_Noah_(Bellini)">
    <foaf:primaryTopic rdf:resource="http://dbpedia.org/resource/Drunkenness_of_Noah_(Bellini)"/>
  </rdf:Description>
  <rdf:Description rdf:about="http://es.dbpedia.org/resource/Embriaguez_de_Noé_(Giovanni_Bellini)">
    <owl:sameAs rdf:resource="http://dbpedia.org/resource/Drunkenness_of_Noah_(Bellini)"/>
  </rdf:Description>
  <rdf:Description rdf:about="http://de.dbpedia.org/resource/Die_Trunkenheit_Noahs_(Bellini)">
    <owl:sameAs rdf:resource="http://dbpedia.org/resource/Drunkenness_of_Noah_(Bellini)"/>
  </rdf:Description>
  <rdf:Description rdf:about="http://dbpedia.org/resource/Drunkenness_of_Noah_(Bellini)">
    <rdf:type rdf:resource="http://dbpedia.org/class/yago/ItalianPaintings"/>
    <rdf:type rdf:resource="http://dbpedia.org/class/yago/Artifact100021939"/>
    <rdf:type rdf:resource="http://dbpedia.org/class/yago/Creation103129123"/>
    <rdf:type rdf:resource="http://schema.org/CreativeWork"/>
    <rdf:type rdf:resource="http://dbpedia.org/class/yago/Art102743547"/>
    <rdf:type rdf:resource="http://dbpedia.org/class/yago/16th-centuryPaintings"/>
    <rdf:type rdf:resource="http://dbpedia.org/class/yago/PaintingsWithBiblicalThemes"/>
    <rdf:type rdf:resource="http://www.w3.org/2002/07/owl#Thing"/>
    <rdf:type rdf:resource="http://dbpedia.org/class/yago/Whole100003553"/>
    <rdf:type rdf:resource="http://dbpedia.org/class/yago/Object100002684"/>
    <rdf:type rdf:resource="http://dbpedia.org/ontology/Artwork"/>
    <rdf:type rdf:resource="http://dbpedia.org/class/yago/GraphicArt103453809"/>
    <rdf:type rdf:resource="http://dbpedia.org/class/yago/PhysicalEntity100001930"/>
    <rdf:type rdf:resource="http://dbpedia.org/ontology/Work"/>
    <rdf:type rdf:resource="http://dbpedia.org/class/yago/Painting103876519"/>
    <owl:sameAs rdf:resource="http://yago-knowledge.org/resource/Drunkenness_of_Noah_(Bellini)"/>
    <owl:sameAs rdf:resource="http://www.wikidata.org/entity/Q633587"/>
    <owl:sameAs rdf:resource="http://es.dbpedia.org/resource/Embriaguez_de_Noé_(Giovanni_Bellini)"/>
    <owl:sameAs rdf:resource="http://it.dbpedia.org/resource/Ebbrezza_di_Noè_(Giovanni_Bellini)"/>
    <owl:sameAs rdf:resource="http://dbpedia.org/resource/Drunkenness_of_Noah_(Bellini)"/>
    <owl:sameAs rdf:resource="http://de.dbpedia.org/resource/Die_Trunkenheit_Noahs_(Bellini)"/>
    <owl:sameAs rdf:resource="http://pl.dbpedia.org/resource/Pijaństwo_Noego"/>
    <owl:sameAs rdf:resource="http://rdf.freebase.com/ns/m.0h3t43w"/>
    <owl:sameAs rdf:resource="http://fr.dbpedia.org/resource/L'Ivresse_de_Noé_(Bellini)"/>
    <dcterms:subject rdf:resource="http://dbpedia.org/resource/Category:Paintings_with_biblical_themes"/>
    <dcterms:subject rdf:resource="http://dbpedia.org/resource/Category:Collections_of_the_Mus%C3%A9e_des_Beaux-Arts_et_d'arch%C3%A9ologie_de_Besan%C3%A7on"/>
    <dcterms:subject rdf:resource="http://dbpedia.org/resource/Category:1510s_paintings"/>
    <dcterms:subject rdf:resource="http://dbpedia.org/resource/Category:Articles_created_via_the_Article_Wizard"/>
    <dcterms:subject rdf:resource="http://dbpedia.org/resource/Category:Paintings_by_Giovanni_Bellini"/>
    <dbpedia-owl:abstract xml:lang="fr">L'Ivresse de Noé est une peinture de l'artiste italien Giovanni Bellini (Venise, vers 1430 - Venise, 1516), exécutée vers 1515. L'œuvre est exposée au Musée des Beaux-Arts et d'archéologie de Besançon suite au legs de Jean Gigoux en 1894.</dbpedia-owl:abstract>
    <dbpedia-owl:abstract xml:lang="es">La embriaguez de Noé es una de las obras del periodo de madurez del pintor renacentista italiano Giovanni Bellini. Se conserva en Musée des Beaux-arts, en Besanzón. Fue pintado alrededor de 1515. Está realizado al temple sobre tabla y mide 103 cm de alto por 157 cm de ancho.</dbpedia-owl:abstract>
    <dbpedia-owl:abstract xml:lang="pl">Pijaństwo Noego – jeden z ostatnich obrazów włoskiego malarza Giovanniego Belliniego. Tematyka obrazu została zaczerpnięta ze Starego Testamentu, z Księgi Rodzaju. Zilustrowana historia dotyka jeden z wątków z życia Noego. Po potopie Noe, będąc rolnikiem, zasadził winnicę a następnie po stworzeni wina skosztował je. Napój spoił go i nagi zasnął w namiocie. W takim stanie zobaczył go jego syn Cham, ojciec Kanaana. Powiedział o ty swoim dwóm pozostałym braciom, Semowi i Jafetowi. Ci nie chcąc widzieć nagiego ojca, przykryli go płaszczem. „ Kiedy Noe obudził się po odurzeniu winem i dowiedział się, co uczynił mu jego młodszy syn, rzekł: "Niech będzie przeklęty Kanaan! Niech będzie najniższym sługą swych braci!" A potem dodał: "Niech będzie błogosławiony Pan, Bóg Sema! Niech Kanaan będzie sługą Sema!Niech Bóg da i Jafetowi dużą przestrzeń i niech on zamieszka w namiotach Sema, a Kanaan niech będzie mu sługą" ”</dbpedia-owl:abstract>
    <dbpedia-owl:abstract xml:lang="it">L'Ebbrezza di Noè è un dipinto a olio su tela (103x157 cm) di Giovanni Bellini, databile al 1515 circa e conservato nel Musée des Beaux-Arts di Besançon.</dbpedia-owl:abstract>
    <dbpedia-owl:abstract xml:lang="en">Drunkenness of Noah is a painting by the Italian artist Giovanni Bellini. It was Finished about 1515. it is kept in the Museum of Fine Arts and Archeology of Besançon, France.</dbpedia-owl:abstract>
    <dbpedia-owl:abstract xml:lang="de">Die Trunkenheit Noahs ist ein Gemälde des italienischen Künstlers Giovanni Bellini und wurde um 1515 fertiggestellt. Es befindet sich im Musée des Beaux-Arts et d’Archéologie (Museum der schönen Künste und der Archäologie) in Besançon, Frankreich.</dbpedia-owl:abstract>
    <dbpedia-owl:author rdf:resource="http://dbpedia.org/resource/Giovanni_Bellini"/>
    <dbpedia-owl:museum rdf:resource="http://dbpedia.org/resource/Mus%C3%A9e_des_Beaux-Arts_et_d'arch%C3%A9ologie_de_Besan%C3%A7on"/>
    <dbpedia-owl:wikiPageID rdf:datatype="http://www.w3.org/2001/XMLSchema#integer">32760440</dbpedia-owl:wikiPageID>
    <dbpedia-owl:wikiPageRevisionID rdf:datatype="http://www.w3.org/2001/XMLSchema#integer">541012117</dbpedia-owl:wikiPageRevisionID>
    <rdfs:label xml:lang="en">Drunkenness of Noah (Bellini)</rdfs:label>
    <rdfs:label xml:lang="de">Die Trunkenheit Noahs (Bellini)</rdfs:label>
    <rdfs:label xml:lang="es">Embriaguez de Noé (Giovanni Bellini)</rdfs:label>
    <rdfs:label xml:lang="fr">L'Ivresse de Noé (Bellini)</rdfs:label>
    <rdfs:label xml:lang="it">Ebbrezza di Noè (Giovanni Bellini)</rdfs:label>
    <rdfs:label xml:lang="pl">Pijaństwo Noego</rdfs:label>
    <foaf:depiction rdf:resource="http://upload.wikimedia.org/wikipedia/commons/3/3d/Drunkenness_of_Noah_bellini.jpg"/>
    <rdfs:comment xml:lang="en">Drunkenness of Noah is a painting by the Italian artist Giovanni Bellini. It was Finished about 1515. it is kept in the Museum of Fine Arts and Archeology of Besançon, France.</rdfs:comment>
    <rdfs:comment xml:lang="fr">L'Ivresse de Noé est une peinture de l'artiste italien Giovanni Bellini (Venise, vers 1430 - Venise, 1516), exécutée vers 1515. L'œuvre est exposée au Musée des Beaux-Arts et d'archéologie de Besançon suite au legs de Jean Gigoux en 1894.</rdfs:comment>
    <rdfs:comment xml:lang="de">Die Trunkenheit Noahs ist ein Gemälde des italienischen Künstlers Giovanni Bellini und wurde um 1515 fertiggestellt. Es befindet sich im Musée des Beaux-Arts et d’Archéologie (Museum der schönen Künste und der Archäologie) in Besançon, Frankreich.</rdfs:comment>
    <rdfs:comment xml:lang="pl">Pijaństwo Noego – jeden z ostatnich obrazów włoskiego malarza Giovanniego Belliniego. Tematyka obrazu została zaczerpnięta ze Starego Testamentu, z Księgi Rodzaju. Zilustrowana historia dotyka jeden z wątków z życia Noego. Po potopie Noe, będąc rolnikiem, zasadził winnicę a następnie po stworzeni wina skosztował je. Napój spoił go i nagi zasnął w namiocie. W takim stanie zobaczył go jego syn Cham, ojciec Kanaana. Powiedział o ty swoim dwóm pozostałym braciom, Semowi i Jafetowi.</rdfs:comment>
    <rdfs:comment xml:lang="it">L'Ebbrezza di Noè è un dipinto a olio su tela (103x157 cm) di Giovanni Bellini, databile al 1515 circa e conservato nel Musée des Beaux-Arts di Besançon.</rdfs:comment>
    <rdfs:comment xml:lang="es">La embriaguez de Noé es una de las obras del periodo de madurez del pintor renacentista italiano Giovanni Bellini. Se conserva en Musée des Beaux-arts, en Besanzón. Fue pintado alrededor de 1515. Está realizado al temple sobre tabla y mide 103 cm de alto por 157 cm de ancho.</rdfs:comment>
    <foaf:name xml:lang="en">Drunkenness of Noah</foaf:name>
    <dbpedia-owl:thumbnail rdf:resource="http://upload.wikimedia.org/wikipedia/commons/thumb/3/3d/Drunkenness_of_Noah_bellini.jpg/200px-Drunkenness_of_Noah_bellini.jpg"/>
    <dbpedia-owl:wikiPageExternalLink rdf:resource="http://www.musee-arts-besancon.org/"/>
    <dbpprop:artist rdf:resource="http://dbpedia.org/resource/Giovanni_Bellini"/>
    <dbpprop:city rdf:resource="http://dbpedia.org/resource/Besan%C3%A7on"/>
    <dbpprop:height rdf:datatype="http://www.w3.org/2001/XMLSchema#integer">103</dbpprop:height>
    <dbpprop:imageFile xml:lang="en">Drunkenness of Noah bellini.jpg</dbpprop:imageFile>
    <dbpprop:museum rdf:resource="http://dbpedia.org/resource/Mus%C3%A9e_des_Beaux-Arts_et_d'arch%C3%A9ologie_de_Besan%C3%A7on"/>
    <dbpprop:title xml:lang="en">Drunkenness of Noah</dbpprop:title>
    <dbpprop:type rdf:resource="http://dbpedia.org/resource/Oil_painting"/>
    <dbpprop:width rdf:datatype="http://www.w3.org/2001/XMLSchema#integer">157</dbpprop:width>
    <dbpprop:year xml:lang="en">about 1515</dbpprop:year>
    <foaf:isPrimaryTopicOf rdf:resource="http://en.wikipedia.org/wiki/Drunkenness_of_Noah_(Bellini)"/>
    <ns7:wasDerivedFrom rdf:resource="http://en.wikipedia.org/wiki/Drunkenness_of_Noah_(Bellini)?oldid=541012117"/>
    <dbpprop:hasPhotoCollection rdf:resource="http://wifo5-03.informatik.uni-mannheim.de/flickrwrappr/photos/Drunkenness_of_Noah_(Bellini)"/>
  </rdf:Description>
  <rdf:Description rdf:about="http://it.dbpedia.org/resource/Ebbrezza_di_Noè_(Giovanni_Bellini)">
    <owl:sameAs rdf:resource="http://dbpedia.org/resource/Drunkenness_of_Noah_(Bellini)"/>
  </rdf:Description>
  <rdf:Description rdf:about="http://dbpedia.org/resource/Drunkenness_of_Noah">
    <dbpedia-owl:wikiPageRedirects rdf:resource="http://dbpedia.org/resource/Drunkenness_of_Noah_(Bellini)"/>
  </rdf:Description>
  <rdf:Description rdf:about="http://fr.dbpedia.org/resource/L'Ivresse_de_Noé_(Bellini)">
    <owl:sameAs rdf:resource="http://dbpedia.org/resource/Drunkenness_of_Noah_(Bellini)"/>
  </rdf:Description>
  <rdf:Description rdf:about="http://pl.dbpedia.org/resource/Pijaństwo_Noego">
    <owl:sameAs rdf:resource="http://dbpedia.org/resource/Drunkenness_of_Noah_(Bellini)"/>
  </rdf:Description>
  <rdf:Description rdf:about="http://wikidata.dbpedia.org/resource/Q633587">
    <owl:sameAs rdf:resource="http://dbpedia.org/resource/Drunkenness_of_Noah_(Bellini)"/>
  </rdf:Description>
</rdf:RDF>
