<rdf:RDF xmlns:ns7="http://www.w3.org/ns/prov#" xmlns:dbpprop="http://dbpedia.org/property/" xmlns:foaf="http://xmlns.com/foaf/0.1/" xmlns:dbpedia-owl="http://dbpedia.org/ontology/" xmlns:dcterms="http://purl.org/dc/terms/" xmlns:owl="http://www.w3.org/2002/07/owl#" xmlns:rdfs="http://www.w3.org/2000/01/rdf-schema#" xmlns:rdf="http://www.w3.org/1999/02/22-rdf-syntax-ns#">
  <rdf:Description rdf:about="http://dbpedia.org/resource/Dull_Gret">
    <rdf:type rdf:resource="http://dbpedia.org/class/yago/Painting103876519"/>
    <rdf:type rdf:resource="http://dbpedia.org/class/yago/Whole100003553"/>
    <rdf:type rdf:resource="http://dbpedia.org/class/yago/DutchPaintings"/>
    <rdf:type rdf:resource="http://dbpedia.org/ontology/Artwork"/>
    <rdf:type rdf:resource="http://dbpedia.org/class/yago/GraphicArt103453809"/>
    <rdf:type rdf:resource="http://dbpedia.org/class/yago/Artifact100021939"/>
    <rdf:type rdf:resource="http://www.w3.org/2002/07/owl#Thing"/>
    <rdf:type rdf:resource="http://dbpedia.org/class/yago/1560sPaintings"/>
    <rdf:type rdf:resource="http://dbpedia.org/class/yago/Art102743547"/>
    <rdf:type rdf:resource="http://dbpedia.org/class/yago/Object100002684"/>
    <rdf:type rdf:resource="http://dbpedia.org/class/yago/PaintingsByPieterBrueghelTheElder"/>
    <rdf:type rdf:resource="http://dbpedia.org/ontology/Work"/>
    <rdf:type rdf:resource="http://dbpedia.org/class/yago/PhysicalEntity100001930"/>
    <rdf:type rdf:resource="http://schema.org/CreativeWork"/>
    <rdf:type rdf:resource="http://dbpedia.org/class/yago/Creation103129123"/>
    <owl:sameAs rdf:resource="http://br.dbpedia.org/resource/Dulle_Griet_(taolenn)"/>
    <owl:sameAs rdf:resource="http://dbpedia.org/resource/Dull_Gret"/>
    <owl:sameAs rdf:resource="http://www.wikidata.org/entity/Q80869"/>
    <owl:sameAs rdf:resource="http://nl.dbpedia.org/resource/Dulle_Griet_(schilderij)"/>
    <owl:sameAs rdf:resource="http://de.dbpedia.org/resource/Die_Tolle_Grete"/>
    <owl:sameAs rdf:resource="http://rdf.freebase.com/ns/m.0gw7ht"/>
    <owl:sameAs rdf:resource="http://ja.dbpedia.org/resource/悪女フリート"/>
    <owl:sameAs rdf:resource="http://yago-knowledge.org/resource/Dull_Gret"/>
    <owl:sameAs rdf:resource="http://pl.dbpedia.org/resource/Szalona_Małgorzata"/>
    <owl:sameAs rdf:resource="http://it.dbpedia.org/resource/Margherita_la_pazza"/>
    <owl:sameAs rdf:resource="http://es.dbpedia.org/resource/Dulle_Griet"/>
    <dcterms:subject rdf:resource="http://dbpedia.org/resource/Category:Military_art"/>
    <dcterms:subject rdf:resource="http://dbpedia.org/resource/Category:Dutch_folklore"/>
    <dcterms:subject rdf:resource="http://dbpedia.org/resource/Category:Characters_of_European_folklore"/>
    <dcterms:subject rdf:resource="http://dbpedia.org/resource/Category:Fictional_Belgian_people"/>
    <dcterms:subject rdf:resource="http://dbpedia.org/resource/Category:Paintings_by_Pieter_Brueghel_the_Elder"/>
    <dcterms:subject rdf:resource="http://dbpedia.org/resource/Category:Dutch_paintings"/>
    <dcterms:subject rdf:resource="http://dbpedia.org/resource/Category:1560s_paintings"/>
    <dbpedia-owl:abstract xml:lang="de">Das Die Tolle Grete oder De Dulle Griet genannte Ölgemälde von Pieter Bruegel dem Älteren zeigt eine hünenhafte Frau, die in Harnisch und Helm durch ein infernales Chaos schreitet. Es entstand um 1562 und befindet sich heute im Museum Mayer van den Bergh in Antwerpen.</dbpedia-owl:abstract>
    <dbpedia-owl:abstract xml:lang="nl">Dulle Griet is een schilderij van Pieter Bruegel de Oude uit 1561. Het hangt in het Museum Mayer van den Bergh in Antwerpen. Bruegel heeft in dit werk twee tegenstellingen met elkaar gecombineerd: Dulle Griet op de voorgrond is de vrouw die zich gedraagt als een man, met de focus op hebzucht met daartegenover de Reus op de achtergrond die staat voor de man die zich gedraagt als een vrouw, met de focus op verspilling. Dit tegen de achtergrond van de hel, waar andere zonden aan bod komen bij de vechtende vrouwtjes, de duiveltjes en de minnende koppeltjes. Olieverf op paneel, 117,4 x 162 cm.</dbpedia-owl:abstract>
    <dbpedia-owl:abstract xml:lang="pl">Szalona Małgorzata, albo Szalona Gocha (Dulle Griet) – obraz olejny niderlandzkiego malarza Pietera Bruegla namalowany w 1562, a obecnie znajdujący się w Museum Mayer van den Bergh, w Antwerpii.</dbpedia-owl:abstract>
    <dbpedia-owl:abstract xml:lang="it">Margherita la pazza (Dulle Griet) è un dipinto a olio su tavola (115x161 cm) di Pieter Bruegel il Vecchio, datato 1561 e conservato nel Museo Mayer van den Bergh di Anversa. Contiene una scritta poco leggibile, interpretabile come "", a cui era probabilmente anteposta la firma dell'artista.</dbpedia-owl:abstract>
    <dbpedia-owl:abstract xml:lang="es">Dulle Griet, también conocida como La loca Meg, que podría traducirse literalmente al español como «La loca Rita», es una pintura de Pieter Brueghel el Viejo, actualmente en el Museo Mayer van den Bergh de Amberes, Bélgica. Se trata de un panel con unas dimensiones de 115 centímetros de alto y 161 de ancho. Fue ejecutada en el año 1562. Dulle Griet es una figura del folclore flamenco que es el protagonista de esta pintura de Brueghel. Se representa a una mujer campesina, la loca Meg, que dirige a un ejército de mujeres a rapiñar el Infierno. Dulle Griet también protagonizará una pintura de los años 1640 del pintor también flamenco David Teniers el Joven. http://www. wga. hu/frames-e. html?/html/t/teniers/jan2/1/mad_meg. html Ella aparece como un personaje menor en la obra teatral del año 1982, escrita por Caryl Churchill titulada Top Girls y es la heroína de un álbum de Spike and Suzy.</dbpedia-owl:abstract>
    <dbpedia-owl:abstract xml:lang="en">Dulle Griet (anglicized as Dull Gret), also known as Mad Meg, is a figure of Flemish folklore who is the subject of a 1562 oil-on-panel by Flemish renaissance artist Pieter Bruegel the Elder. The painting depicts a peasant woman, Mad Meg, who leads an army of women to pillage Hell, and is currently held and exhibited at the Museum Mayer van den Bergh in Antwerp.</dbpedia-owl:abstract>
    <dbpedia-owl:abstract xml:lang="ja">『悪女フリート』（Dulle Griet、英：Dull Gret (Mad Meg)）は、ルネサンス後期の風景画家、ピーテル・ブリューゲル（1525年 - 1569年）によって1562年に製作された油彩画。</dbpedia-owl:abstract>
    <dbpedia-owl:author rdf:resource="http://dbpedia.org/resource/Pieter_Bruegel_the_Elder"/>
    <dbpedia-owl:museum rdf:resource="http://dbpedia.org/resource/Museum_Mayer_van_den_Bergh"/>
    <dbpedia-owl:wikiPageID rdf:datatype="http://www.w3.org/2001/XMLSchema#integer">6901326</dbpedia-owl:wikiPageID>
    <dbpedia-owl:wikiPageRevisionID rdf:datatype="http://www.w3.org/2001/XMLSchema#integer">540575932</dbpedia-owl:wikiPageRevisionID>
    <rdfs:label xml:lang="nl">Dulle Griet (schilderij)</rdfs:label>
    <rdfs:label xml:lang="es">Dulle Griet</rdfs:label>
    <rdfs:label xml:lang="it">Margherita la pazza</rdfs:label>
    <rdfs:label xml:lang="pl">Szalona Małgorzata</rdfs:label>
    <rdfs:label xml:lang="de">Die Tolle Grete</rdfs:label>
    <rdfs:label xml:lang="ja">悪女フリート</rdfs:label>
    <rdfs:label xml:lang="en">Dull Gret</rdfs:label>
    <foaf:depiction rdf:resource="http://upload.wikimedia.org/wikipedia/commons/f/f6/Mad_meg.jpg"/>
    <rdfs:comment xml:lang="en">Dulle Griet (anglicized as Dull Gret), also known as Mad Meg, is a figure of Flemish folklore who is the subject of a 1562 oil-on-panel by Flemish renaissance artist Pieter Bruegel the Elder. The painting depicts a peasant woman, Mad Meg, who leads an army of women to pillage Hell, and is currently held and exhibited at the Museum Mayer van den Bergh in Antwerp.</rdfs:comment>
    <rdfs:comment xml:lang="nl">Dulle Griet is een schilderij van Pieter Bruegel de Oude uit 1561. Het hangt in het Museum Mayer van den Bergh in Antwerpen. Bruegel heeft in dit werk twee tegenstellingen met elkaar gecombineerd: Dulle Griet op de voorgrond is de vrouw die zich gedraagt als een man, met de focus op hebzucht met daartegenover de Reus op de achtergrond die staat voor de man die zich gedraagt als een vrouw, met de focus op verspilling.</rdfs:comment>
    <rdfs:comment xml:lang="pl">Szalona Małgorzata, albo Szalona Gocha (Dulle Griet) – obraz olejny niderlandzkiego malarza Pietera Bruegla namalowany w 1562, a obecnie znajdujący się w Museum Mayer van den Bergh, w Antwerpii.</rdfs:comment>
    <rdfs:comment xml:lang="it">Margherita la pazza (Dulle Griet) è un dipinto a olio su tavola (115x161 cm) di Pieter Bruegel il Vecchio, datato 1561 e conservato nel Museo Mayer van den Bergh di Anversa. Contiene una scritta poco leggibile, interpretabile come "", a cui era probabilmente anteposta la firma dell'artista.</rdfs:comment>
    <rdfs:comment xml:lang="ja">『悪女フリート』（Dulle Griet、英：Dull Gret (Mad Meg)）は、ルネサンス後期の風景画家、ピーテル・ブリューゲル（1525年 - 1569年）によって1562年に製作された油彩画。</rdfs:comment>
    <rdfs:comment xml:lang="de">Das Die Tolle Grete oder De Dulle Griet genannte Ölgemälde von Pieter Bruegel dem Älteren zeigt eine hünenhafte Frau, die in Harnisch und Helm durch ein infernales Chaos schreitet. Es entstand um 1562 und befindet sich heute im Museum Mayer van den Bergh in Antwerpen.</rdfs:comment>
    <rdfs:comment xml:lang="es">Dulle Griet, también conocida como La loca Meg, que podría traducirse literalmente al español como «La loca Rita», es una pintura de Pieter Brueghel el Viejo, actualmente en el Museo Mayer van den Bergh de Amberes, Bélgica. Se trata de un panel con unas dimensiones de 115 centímetros de alto y 161 de ancho. Fue ejecutada en el año 1562. Dulle Griet es una figura del folclore flamenco que es el protagonista de esta pintura de Brueghel.</rdfs:comment>
    <foaf:name xml:lang="en">Dulle Griet (Dull Gret)</foaf:name>
    <dbpedia-owl:thumbnail rdf:resource="http://upload.wikimedia.org/wikipedia/commons/thumb/f/f6/Mad_meg.jpg/200px-Mad_meg.jpg"/>
    <dbpedia-owl:wikiPageExternalLink rdf:resource="http://www.boschbruegel.com"/>
    <dbpedia-owl:wikiPageExternalLink rdf:resource="http://www.art-drawing.ru/biographies/brief-biographies/199-bruegel-peter"/>
    <dbpedia-owl:wikiPageExternalLink rdf:resource="http://museum.antwerpen.be/mayervandenbergh/index_eng.html"/>
    <dbpedia-owl:wikiPageExternalLink rdf:resource="http://www.pieter-bruegel-the-elder.org"/>
    <dbpprop:artist rdf:resource="http://dbpedia.org/resource/Pieter_Bruegel_the_Elder"/>
    <dbpprop:city rdf:resource="http://dbpedia.org/resource/Antwerp"/>
    <dbpprop:height rdf:datatype="http://www.w3.org/2001/XMLSchema#integer">115</dbpprop:height>
    <dbpprop:imageFile xml:lang="en">Mad_meg.jpg</dbpprop:imageFile>
    <dbpprop:museum rdf:resource="http://dbpedia.org/resource/Museum_Mayer_van_den_Bergh"/>
    <dbpprop:title xml:lang="en">Dulle Griet</dbpprop:title>
    <dbpprop:type xml:lang="en">Oil on panel</dbpprop:type>
    <dbpprop:width rdf:datatype="http://www.w3.org/2001/XMLSchema#integer">161</dbpprop:width>
    <dbpprop:year xml:lang="en">c. 1562</dbpprop:year>
    <foaf:isPrimaryTopicOf rdf:resource="http://en.wikipedia.org/wiki/Dull_Gret"/>
    <ns7:wasDerivedFrom rdf:resource="http://en.wikipedia.org/wiki/Dull_Gret?oldid=540575932"/>
    <dbpprop:hasPhotoCollection rdf:resource="http://wifo5-03.informatik.uni-mannheim.de/flickrwrappr/photos/Dull_Gret"/>
  </rdf:Description>
  <rdf:Description rdf:about="http://dbpedia.org/resource/GRET">
    <dbpedia-owl:wikiPageDisambiguates rdf:resource="http://dbpedia.org/resource/Dull_Gret"/>
  </rdf:Description>
  <rdf:Description rdf:about="http://de.dbpedia.org/resource/Die_Tolle_Grete">
    <owl:sameAs rdf:resource="http://dbpedia.org/resource/Dull_Gret"/>
  </rdf:Description>
  <rdf:Description rdf:about="http://it.dbpedia.org/resource/Margherita_la_pazza">
    <owl:sameAs rdf:resource="http://dbpedia.org/resource/Dull_Gret"/>
  </rdf:Description>
  <rdf:Description rdf:about="http://pl.dbpedia.org/resource/Szalona_Małgorzata">
    <owl:sameAs rdf:resource="http://dbpedia.org/resource/Dull_Gret"/>
  </rdf:Description>
  <rdf:Description rdf:about="http://ja.dbpedia.org/resource/悪女フリート">
    <owl:sameAs rdf:resource="http://dbpedia.org/resource/Dull_Gret"/>
  </rdf:Description>
  <rdf:Description rdf:about="http://dbpedia.org/resource/Dull">
    <dbpedia-owl:wikiPageDisambiguates rdf:resource="http://dbpedia.org/resource/Dull_Gret"/>
  </rdf:Description>
  <rdf:Description rdf:about="http://en.wikipedia.org/wiki/Dull_Gret">
    <foaf:primaryTopic rdf:resource="http://dbpedia.org/resource/Dull_Gret"/>
  </rdf:Description>
  <rdf:Description rdf:about="http://es.dbpedia.org/resource/Dulle_Griet">
    <owl:sameAs rdf:resource="http://dbpedia.org/resource/Dull_Gret"/>
  </rdf:Description>
  <rdf:Description rdf:about="http://dbpedia.org/resource/Dulle_Griet_(Bruegel)">
    <dbpedia-owl:wikiPageRedirects rdf:resource="http://dbpedia.org/resource/Dull_Gret"/>
  </rdf:Description>
  <rdf:Description rdf:about="http://dbpedia.org/resource/Mad_Meg">
    <dbpedia-owl:wikiPageRedirects rdf:resource="http://dbpedia.org/resource/Dull_Gret"/>
  </rdf:Description>
  <rdf:Description rdf:about="http://nl.dbpedia.org/resource/Dulle_Griet_(schilderij)">
    <owl:sameAs rdf:resource="http://dbpedia.org/resource/Dull_Gret"/>
  </rdf:Description>
  <rdf:Description rdf:about="http://wikidata.dbpedia.org/resource/Q80869">
    <owl:sameAs rdf:resource="http://dbpedia.org/resource/Dull_Gret"/>
  </rdf:Description>
  <rdf:Description rdf:about="http://br.dbpedia.org/resource/Dulle_Griet_(taolenn)">
    <owl:sameAs rdf:resource="http://dbpedia.org/resource/Dull_Gret"/>
  </rdf:Description>
</rdf:RDF>
