<rdf:RDF xmlns:dbpprop="http://dbpedia.org/property/" xmlns:ns6="http://www.w3.org/ns/prov#" xmlns:foaf="http://xmlns.com/foaf/0.1/" xmlns:dbpedia-owl="http://dbpedia.org/ontology/" xmlns:dcterms="http://purl.org/dc/terms/" xmlns:owl="http://www.w3.org/2002/07/owl#" xmlns:rdfs="http://www.w3.org/2000/01/rdf-schema#" xmlns:rdf="http://www.w3.org/1999/02/22-rdf-syntax-ns#">
  <rdf:Description rdf:about="http://de.dbpedia.org/resource/Holländisches_Geschenk">
    <owl:sameAs rdf:resource="http://dbpedia.org/resource/Dutch_Gift"/>
  </rdf:Description>
  <rdf:Description rdf:about="http://dbpedia.org/resource/Dutch_Gift">
    <rdf:type rdf:resource="http://dbpedia.org/class/yago/PaintingsOfTheRoyalCollectionOfTheUnitedKingdom"/>
    <rdf:type rdf:resource="http://dbpedia.org/class/yago/Whole100003553"/>
    <rdf:type rdf:resource="http://dbpedia.org/class/yago/PhysicalEntity100001930"/>
    <rdf:type rdf:resource="http://dbpedia.org/class/yago/ItalianPaintings"/>
    <rdf:type rdf:resource="http://dbpedia.org/class/yago/Figure113862780"/>
    <rdf:type rdf:resource="http://dbpedia.org/class/yago/SculpturesOfTheRoyalCollectionOfTheUnitedKingdom"/>
    <rdf:type rdf:resource="http://dbpedia.org/class/yago/Art102743547"/>
    <rdf:type rdf:resource="http://dbpedia.org/class/yago/Object100002684"/>
    <rdf:type rdf:resource="http://dbpedia.org/class/yago/GraphicArt103453809"/>
    <rdf:type rdf:resource="http://dbpedia.org/class/yago/Attribute100024264"/>
    <rdf:type rdf:resource="http://dbpedia.org/class/yago/PlasticArt103958097"/>
    <rdf:type rdf:resource="http://dbpedia.org/class/yago/Painting103876519"/>
    <rdf:type rdf:resource="http://dbpedia.org/class/yago/Sculpture104157320"/>
    <rdf:type rdf:resource="http://dbpedia.org/class/yago/Artifact100021939"/>
    <rdf:type rdf:resource="http://dbpedia.org/class/yago/Creation103129123"/>
    <rdf:type rdf:resource="http://dbpedia.org/class/yago/Abstraction100002137"/>
    <rdf:type rdf:resource="http://dbpedia.org/class/yago/SolidFigure113863473"/>
    <rdf:type rdf:resource="http://dbpedia.org/class/yago/Shape100027807"/>
    <owl:sameAs rdf:resource="http://nl.dbpedia.org/resource/Dutch_Gift"/>
    <owl:sameAs rdf:resource="http://dbpedia.org/resource/Dutch_Gift"/>
    <owl:sameAs rdf:resource="http://de.dbpedia.org/resource/Holländisches_Geschenk"/>
    <owl:sameAs rdf:resource="http://rdf.freebase.com/ns/m.03ccvl6"/>
    <owl:sameAs rdf:resource="http://yago-knowledge.org/resource/Dutch_Gift"/>
    <owl:sameAs rdf:resource="http://th.dbpedia.org/resource/ของขวัญดัตช์"/>
    <owl:sameAs rdf:resource="http://www.wikidata.org/entity/Q1165096"/>
    <dcterms:subject rdf:resource="http://dbpedia.org/resource/Category:Netherlands%E2%80%93United_Kingdom_relations"/>
    <dcterms:subject rdf:resource="http://dbpedia.org/resource/Category:1660_in_art"/>
    <dcterms:subject rdf:resource="http://dbpedia.org/resource/Category:Sculptures_of_the_Royal_Collection_of_the_United_Kingdom"/>
    <dcterms:subject rdf:resource="http://dbpedia.org/resource/Category:Foreign_relations_of_England"/>
    <dcterms:subject rdf:resource="http://dbpedia.org/resource/Category:Paintings_of_the_Royal_Collection_of_the_United_Kingdom"/>
    <dcterms:subject rdf:resource="http://dbpedia.org/resource/Category:Charles_II_of_England"/>
    <dcterms:subject rdf:resource="http://dbpedia.org/resource/Category:1660_in_international_relations"/>
    <dcterms:subject rdf:resource="http://dbpedia.org/resource/Category:Italian_paintings"/>
    <dbpedia-owl:abstract xml:lang="de">Das Holländische Geschenk (Dutch Gift) aus dem Jahre 1660 war eine Ansammlung von 24 zumeist italienischen Renaissancegemälden und 12 klassischen Skulpturen welche dem englischen König Karl II. als Schenkung angeboten wurde um die politischen Beziehungen zwischen England und der Republik der Vereinigten Niederlande zu verbessern.</dbpedia-owl:abstract>
    <dbpedia-owl:abstract xml:lang="en">The Dutch Gift of 1660 was a collection of 28 mostly Italian Renaissance paintings and 12 classical sculptures, along with a yacht, the Mary, and furniture, which was presented to King Charles II of England by the States-General of the Netherlands in 1660. In July 1660 Louis of Nassau arrived in London; his countrymen Simon van Hoorn, curator of the Athenaeum Illustre, Michiel van Gogh from Vlissingen and the (catholic) Joachim Ripperda arrived in November to negotiate the Act of Navigation and to present Charles II the Gift The collection was given to Charles II to mark his return to power in the English Restoration, before which Charles had spent many years in exile in Paris, Cologne, and the Spanish Netherlands, during the rule of the English Commonwealth. It was intended to strengthen diplomatic relations between England and the Republic, but only a few years after the gift the two nations would be at war again in the Second Anglo-Dutch War of 1665–67. Most of the paintings and all the Roman sculptures were from the Reynst collection, the most important seventeenth-century Dutch collection of paintings of the Italian sixteenth century, formed in Venice by Jan Reynst (1601–1646) and extended by his brother, Gerrit Reynst (1599–1658). The gift reflected the taste Charles shared with his father, Charles I, whose large collection, one of the most magnificent in Europe, had mostly been sold abroad after he was executed in 1649. Charles II was not as keen a collector as his father, but appreciated art and was later able to recover a good number of the items from the pre-war collection that remained in England, as well as purchasing many further paintings, and many significant old master drawings. Some decades later, there was a reverse movement when 36 paintings from the English Royal Collection, including at least one of those given in 1660, were taken by the Dutch King William III of England to his Dutch palace of Het Loo. His English successor, Queen Anne, tried to recover these after William's death in 1702, but failed, and they mostly remain in Dutch public collections. Fourteen paintings from the 1660 gift remain in the Royal Collection, with others now in different collections around the world.</dbpedia-owl:abstract>
    <dbpedia-owl:abstract xml:lang="nl">De Dutch Gift was een geschenk van de Staten-Generaal der Nederlanden en de Staten van Holland en West-Friesland aan koning Karel II van Engeland die begin mei 1660, tijdens zijn oponthoud in de Spaanse Nederlanden, werd gevraagd terug te keren naar Engeland. Na het verdwijnen van Richard Cromwell herstelde het Engelse Parlement de monarchie, de zogenoemde Restauratie. Met het geschenk moest Karel II gunstig worden gestemd bij de commerciële en politieke onderhandelingen in het verband met de Acte van Navigatie. De bepaling dat alleen goederen in Engeland konden worden ingevoerd door Engelse schepen was in 1652 door Cromwell ingesteld, maar in de zomer van 1660 door het Parlement hernieuwd. Eind mei 1660 besloten de Staten van Holland 600.000 gulden vrij te maken ten behoeve van de ontvangst, het geschenk en de festiviteiten in het Mauritshuis. In juli 1660 arriveerde Lodewijk van Nassau-Beverweerd als eerste in Londen om de koning te polsen over de samenstelling. Het geschenk zou zijn georganiseerd door de Amsterdamse burgemeesters Cornelis en Andries de Graeff. Begin september ging Simon van Hoorn, een van de burgemeesters, bij de weduwe Reynst langs; haar man was een belangrijk verzamelaar van Italiaanse kunst, maar twee jaar daarvoor verdronken voor zijn huis op de Keizersgracht 209. Ook Gerrit Uylenburgh en Artus Quellinus bemoeiden zich met de samenstelling van het geschenk. De Staten van Holland betaalden 80.000 gulden voor de werken. Uylenburgh begeleidde het geschenk naar Londen, onderweg naar Den Briel, waar het schip lag met de drie ambassadeurs, nog drie schilderijen bij Gerard Dou opgepikt te hebben. Begin november 1660 kwam de delegatie, bestaande uit Simon van Hoorn, curator van het Athenaeum Illustre, Michiel van Gogh, een Vlissinger, en de katholieke baron Joachim Ripperda tot Farmsum in Gravesend aan. Het geschenk aangeboden op 16 november bestond uit een plezierjacht, een wandtapijt een ledikant en slaapkamerameublement, afkomstig van Maria Henriëtte Stuart, de weduwe van stadhouder Willem II, 20 Italiaanse en vier Hollandse schilderijen en twaalf beelden. Aan de werken van Titiaan, Giovanni Bellini, Andrea Schiavone, Tintoretto, Veronese, Paris Bordone, Parmigianino, Lorenzo Lotto, Jacopo Bassano, Rafaël Santi, Giulio Romano en Guido Reni werd nog schilderijen van Gerard Dou, Adam Elsheimer, Pieter Saenredam toegevoegd, voordat ze werden tentoongesteld in Whitehall.</dbpedia-owl:abstract>
    <dbpedia-owl:wikiPageID rdf:datatype="http://www.w3.org/2001/XMLSchema#integer">13644077</dbpedia-owl:wikiPageID>
    <dbpedia-owl:wikiPageRevisionID rdf:datatype="http://www.w3.org/2001/XMLSchema#integer">544990595</dbpedia-owl:wikiPageRevisionID>
    <rdfs:label xml:lang="de">Holländisches Geschenk</rdfs:label>
    <rdfs:label xml:lang="nl">Dutch Gift</rdfs:label>
    <rdfs:label xml:lang="en">Dutch Gift</rdfs:label>
    <foaf:depiction rdf:resource="http://upload.wikimedia.org/wikipedia/commons/d/d9/Andrea_Odoni_(1527);_Lorenzo_Lotto.JPG"/>
    <rdfs:comment xml:lang="en">The Dutch Gift of 1660 was a collection of 28 mostly Italian Renaissance paintings and 12 classical sculptures, along with a yacht, the Mary, and furniture, which was presented to King Charles II of England by the States-General of the Netherlands in 1660.</rdfs:comment>
    <rdfs:comment xml:lang="de">Das Holländische Geschenk (Dutch Gift) aus dem Jahre 1660 war eine Ansammlung von 24 zumeist italienischen Renaissancegemälden und 12 klassischen Skulpturen welche dem englischen König Karl II. als Schenkung angeboten wurde um die politischen Beziehungen zwischen England und der Republik der Vereinigten Niederlande zu verbessern.</rdfs:comment>
    <rdfs:comment xml:lang="nl">De Dutch Gift was een geschenk van de Staten-Generaal der Nederlanden en de Staten van Holland en West-Friesland aan koning Karel II van Engeland die begin mei 1660, tijdens zijn oponthoud in de Spaanse Nederlanden, werd gevraagd terug te keren naar Engeland. Na het verdwijnen van Richard Cromwell herstelde het Engelse Parlement de monarchie, de zogenoemde Restauratie.</rdfs:comment>
    <dbpedia-owl:thumbnail rdf:resource="http://upload.wikimedia.org/wikipedia/commons/thumb/d/d9/Andrea_Odoni_(1527);_Lorenzo_Lotto.JPG/200px-Andrea_Odoni_(1527);_Lorenzo_Lotto.JPG"/>
    <dbpedia-owl:wikiPageExternalLink rdf:resource="http://www.jstor.org/pss/870206"/>
    <dbpedia-owl:wikiPageExternalLink rdf:resource="http://www.jstor.org/pss/870311"/>
    <dbpedia-owl:wikiPageExternalLink rdf:resource="http://www.jstor.org/pss/870340"/>
    <dbpedia-owl:wikiPageExternalLink rdf:resource="http://www.jstor.org/pss/870401"/>
    <dbpedia-owl:wikiPageExternalLink rdf:resource="http://www.royalcollection.org.uk/egallery/searchResults.asp?searchText=&amp;title=&amp;rccode=&amp;makerName=&amp;category=AAPICTURES&amp;collector=KC2&amp;theme=&amp;startYear=&amp;endYear=&amp;row=0"/>
    <foaf:isPrimaryTopicOf rdf:resource="http://en.wikipedia.org/wiki/Dutch_Gift"/>
    <ns6:wasDerivedFrom rdf:resource="http://en.wikipedia.org/wiki/Dutch_Gift?oldid=544990595"/>
    <dbpprop:hasPhotoCollection rdf:resource="http://wifo5-03.informatik.uni-mannheim.de/flickrwrappr/photos/Dutch_Gift"/>
  </rdf:Description>
  <rdf:Description rdf:about="http://en.wikipedia.org/wiki/Dutch_Gift">
    <foaf:primaryTopic rdf:resource="http://dbpedia.org/resource/Dutch_Gift"/>
  </rdf:Description>
  <rdf:Description rdf:about="http://nl.dbpedia.org/resource/Dutch_Gift">
    <owl:sameAs rdf:resource="http://dbpedia.org/resource/Dutch_Gift"/>
  </rdf:Description>
  <rdf:Description rdf:about="http://wikidata.dbpedia.org/resource/Q1165096">
    <owl:sameAs rdf:resource="http://dbpedia.org/resource/Dutch_Gift"/>
  </rdf:Description>
  <rdf:Description rdf:about="http://th.dbpedia.org/resource/ของขวัญดัตช์">
    <owl:sameAs rdf:resource="http://dbpedia.org/resource/Dutch_Gift"/>
  </rdf:Description>
</rdf:RDF>
