<rdf:RDF xmlns:ns7="http://www.w3.org/ns/prov#" xmlns:dbpprop="http://dbpedia.org/property/" xmlns:foaf="http://xmlns.com/foaf/0.1/" xmlns:dbpedia-owl="http://dbpedia.org/ontology/" xmlns:dcterms="http://purl.org/dc/terms/" xmlns:owl="http://www.w3.org/2002/07/owl#" xmlns:rdfs="http://www.w3.org/2000/01/rdf-schema#" xmlns:rdf="http://www.w3.org/1999/02/22-rdf-syntax-ns#">
  <rdf:Description rdf:about="http://dbpedia.org/resource/Fisherman_on_the_Beach">
    <dbpedia-owl:wikiPageRedirects rdf:resource="http://dbpedia.org/resource/Early_works_of_Vincent_van_Gogh"/>
  </rdf:Description>
  <rdf:Description rdf:about="http://dbpedia.org/resource/Early_works_of_Vincent_van_Gogh">
    <rdf:type rdf:resource="http://dbpedia.org/class/yago/Art102743547"/>
    <rdf:type rdf:resource="http://dbpedia.org/class/yago/1882Paintings"/>
    <rdf:type rdf:resource="http://dbpedia.org/class/yago/Painting103876519"/>
    <rdf:type rdf:resource="http://www.w3.org/2002/07/owl#Thing"/>
    <rdf:type rdf:resource="http://dbpedia.org/ontology/Artwork"/>
    <rdf:type rdf:resource="http://dbpedia.org/class/yago/Whole100003553"/>
    <rdf:type rdf:resource="http://schema.org/CreativeWork"/>
    <rdf:type rdf:resource="http://dbpedia.org/class/yago/Artifact100021939"/>
    <rdf:type rdf:resource="http://dbpedia.org/class/yago/1881Paintings"/>
    <rdf:type rdf:resource="http://dbpedia.org/class/yago/Creation103129123"/>
    <rdf:type rdf:resource="http://dbpedia.org/class/yago/GraphicArt103453809"/>
    <rdf:type rdf:resource="http://dbpedia.org/class/yago/VincentVanGoghPaintingsOfHolland"/>
    <rdf:type rdf:resource="http://dbpedia.org/class/yago/Object100002684"/>
    <rdf:type rdf:resource="http://dbpedia.org/ontology/Work"/>
    <rdf:type rdf:resource="http://dbpedia.org/class/yago/PaintingsByVincentVanGogh"/>
    <rdf:type rdf:resource="http://dbpedia.org/class/yago/PhysicalEntity100001930"/>
    <owl:sameAs rdf:resource="http://dbpedia.org/resource/Early_works_of_Vincent_van_Gogh"/>
    <owl:sameAs rdf:resource="http://yago-knowledge.org/resource/Early_works_of_Vincent_van_Gogh"/>
    <owl:sameAs rdf:resource="http://www.wikidata.org/entity/Q5326908"/>
    <owl:sameAs rdf:resource="http://rdf.freebase.com/ns/m.0bmhnm6"/>
    <dcterms:subject rdf:resource="http://dbpedia.org/resource/Category:Series_of_Vincent_van_Gogh_paintings"/>
    <dcterms:subject rdf:resource="http://dbpedia.org/resource/Category:Paintings_by_Vincent_van_Gogh"/>
    <dcterms:subject rdf:resource="http://dbpedia.org/resource/Category:Vincent_van_Gogh_paintings_of_Holland"/>
    <dcterms:subject rdf:resource="http://dbpedia.org/resource/Category:1881_paintings"/>
    <dcterms:subject rdf:resource="http://dbpedia.org/resource/Category:1882_paintings"/>
    <dbpedia-owl:abstract xml:lang="en">The early works of Vincent van Gogh is a group of paintings and drawings that Vincent van Gogh made when he was 27 and 28, in 1881 and 1882, his first two years of serious artistic exploration. Over the course of the two-year period Van Gogh lived in several places. He left Brussels, where he had studied for about a year in 1881, to return to his parent's home in Etten, Netherlands where he made studies of some of the residents of the town. In January 1882 Van Gogh went to The Hague where he studied with his cousin-in-law Anton Mauve and set up a studio, funded by Mauve. During the ten years of Van Gogh's artistic career from 1881 to 1890 Vincent's brother Theo would be a continuing source of inspiration and financial support; his first financial support began in 1880 funding Vincent while he lived in Brussels. In 1882 Van Gogh had an offer for a commission of paintings of The Hague however the paintings, now considered masterpieces, were not acceptable. Van Gogh started out primarily drawing and painting with watercolor. Under Mauve's tutelage Van Gogh began painting with oils in 1882. A subject that fascinated Van Gogh was the working class or peasant, inspired by the works of Jean-François Millet and others.</dbpedia-owl:abstract>
    <dbpedia-owl:author rdf:resource="http://dbpedia.org/resource/Vincent_van_Gogh"/>
    <dbpedia-owl:wikiPageID rdf:datatype="http://www.w3.org/2001/XMLSchema#integer">31735325</dbpedia-owl:wikiPageID>
    <dbpedia-owl:wikiPageRevisionID rdf:datatype="http://www.w3.org/2001/XMLSchema#integer">539867029</dbpedia-owl:wikiPageRevisionID>
    <rdfs:label xml:lang="en">Early works of Vincent van Gogh</rdfs:label>
    <foaf:depiction rdf:resource="http://upload.wikimedia.org/wikipedia/commons/5/5a/Van_Gogh_1881-04,_Etten_-_Sower_(after_Millet)_F_830_JH_1.jpg"/>
    <rdfs:comment xml:lang="en">The early works of Vincent van Gogh is a group of paintings and drawings that Vincent van Gogh made when he was 27 and 28, in 1881 and 1882, his first two years of serious artistic exploration. Over the course of the two-year period Van Gogh lived in several places. He left Brussels, where he had studied for about a year in 1881, to return to his parent's home in Etten, Netherlands where he made studies of some of the residents of the town.</rdfs:comment>
    <foaf:name xml:lang="en">The Sower (after Millet)</foaf:name>
    <dbpedia-owl:thumbnail rdf:resource="http://upload.wikimedia.org/wikipedia/commons/thumb/5/5a/Van_Gogh_1881-04,_Etten_-_Sower_(after_Millet)_F_830_JH_1.jpg/200px-Van_Gogh_1881-04,_Etten_-_Sower_(after_Millet)_F_830_JH_1.jpg"/>
    <dbpedia-owl:wikiPageExternalLink rdf:resource="http://www.vangoghmuseum.nl/vgm/index.jsp?page=619&amp;lang=en"/>
    <dbpprop:artist xml:lang="en">Vincent van Gogh</dbpprop:artist>
    <dbpprop:imageFile xml:lang="en">Van Gogh 1881-04, Etten - Sower  F 830 JH 1.jpg</dbpprop:imageFile>
    <dbpprop:italicTitle xml:lang="en">no</dbpprop:italicTitle>
    <dbpprop:title xml:lang="en">The Sower</dbpprop:title>
    <dbpprop:type xml:lang="en">Drawing</dbpprop:type>
    <dbpprop:year rdf:datatype="http://www.w3.org/2001/XMLSchema#integer">1881</dbpprop:year>
    <foaf:isPrimaryTopicOf rdf:resource="http://en.wikipedia.org/wiki/Early_works_of_Vincent_van_Gogh"/>
    <ns7:wasDerivedFrom rdf:resource="http://en.wikipedia.org/wiki/Early_works_of_Vincent_van_Gogh?oldid=539867029"/>
    <dbpprop:hasPhotoCollection rdf:resource="http://wifo5-03.informatik.uni-mannheim.de/flickrwrappr/photos/Early_works_of_Vincent_van_Gogh"/>
  </rdf:Description>
  <rdf:Description rdf:about="http://dbpedia.org/resource/Beach_at_Scheveningen_in_Calm_Weather">
    <dbpedia-owl:wikiPageRedirects rdf:resource="http://dbpedia.org/resource/Early_works_of_Vincent_van_Gogh"/>
  </rdf:Description>
  <rdf:Description rdf:about="http://dbpedia.org/resource/Dunes_(Van_Gogh_painting)">
    <dbpedia-owl:wikiPageRedirects rdf:resource="http://dbpedia.org/resource/Early_works_of_Vincent_van_Gogh"/>
  </rdf:Description>
  <rdf:Description rdf:about="http://dbpedia.org/resource/Dunes_with_Figures">
    <dbpedia-owl:wikiPageRedirects rdf:resource="http://dbpedia.org/resource/Early_works_of_Vincent_van_Gogh"/>
  </rdf:Description>
  <rdf:Description rdf:about="http://dbpedia.org/resource/Edge_of_a_Wood">
    <dbpedia-owl:wikiPageRedirects rdf:resource="http://dbpedia.org/resource/Early_works_of_Vincent_van_Gogh"/>
  </rdf:Description>
  <rdf:Description rdf:about="http://dbpedia.org/resource/Fisherman's_Wife_on_the_Beach">
    <dbpedia-owl:wikiPageRedirects rdf:resource="http://dbpedia.org/resource/Early_works_of_Vincent_van_Gogh"/>
  </rdf:Description>
  <rdf:Description rdf:about="http://dbpedia.org/resource/Man_Stooping_with_Stick_or_Spade">
    <dbpedia-owl:wikiPageRedirects rdf:resource="http://dbpedia.org/resource/Early_works_of_Vincent_van_Gogh"/>
  </rdf:Description>
  <rdf:Description rdf:about="http://dbpedia.org/resource/Two_Women_in_the_Woods">
    <dbpedia-owl:wikiPageRedirects rdf:resource="http://dbpedia.org/resource/Early_works_of_Vincent_van_Gogh"/>
  </rdf:Description>
  <rdf:Description rdf:about="http://dbpedia.org/resource/View_of_the_Sea_at_Scheveningen">
    <dbpedia-owl:wikiPageRedirects rdf:resource="http://dbpedia.org/resource/Early_works_of_Vincent_van_Gogh"/>
  </rdf:Description>
  <rdf:Description rdf:about="http://dbpedia.org/resource/Women_Mending_Nets_in_the_Dunes">
    <dbpedia-owl:wikiPageRedirects rdf:resource="http://dbpedia.org/resource/Early_works_of_Vincent_van_Gogh"/>
  </rdf:Description>
  <rdf:Description rdf:about="http://en.wikipedia.org/wiki/Early_works_of_Vincent_van_Gogh">
    <foaf:primaryTopic rdf:resource="http://dbpedia.org/resource/Early_works_of_Vincent_van_Gogh"/>
  </rdf:Description>
  <rdf:Description rdf:about="http://dbpedia.org/resource/Back_Garden_of_Sien's_Mother's_House,_the_Hague">
    <dbpedia-owl:wikiPageRedirects rdf:resource="http://dbpedia.org/resource/Early_works_of_Vincent_van_Gogh"/>
  </rdf:Description>
  <rdf:Description rdf:about="http://dbpedia.org/resource/Beach_at_Scheveningen_in_Stormy_Weather">
    <dbpedia-owl:wikiPageRedirects rdf:resource="http://dbpedia.org/resource/Early_works_of_Vincent_van_Gogh"/>
  </rdf:Description>
  <rdf:Description rdf:about="http://dbpedia.org/resource/Bleaching_Ground_at_Scheveningen">
    <dbpedia-owl:wikiPageRedirects rdf:resource="http://dbpedia.org/resource/Early_works_of_Vincent_van_Gogh"/>
  </rdf:Description>
  <rdf:Description rdf:about="http://dbpedia.org/resource/Cluster_of_Old_Houses_with_the_New_Church_in_The_Hague">
    <dbpedia-owl:wikiPageRedirects rdf:resource="http://dbpedia.org/resource/Early_works_of_Vincent_van_Gogh"/>
  </rdf:Description>
  <rdf:Description rdf:about="http://dbpedia.org/resource/Meadows_near_Rijswijk">
    <dbpedia-owl:wikiPageRedirects rdf:resource="http://dbpedia.org/resource/Early_works_of_Vincent_van_Gogh"/>
  </rdf:Description>
  <rdf:Description rdf:about="http://dbpedia.org/resource/Pollard_Willow">
    <dbpedia-owl:wikiPageRedirects rdf:resource="http://dbpedia.org/resource/Early_works_of_Vincent_van_Gogh"/>
  </rdf:Description>
  <rdf:Description rdf:about="http://dbpedia.org/resource/Portrait_of_Jozef_Blok">
    <dbpedia-owl:wikiPageRedirects rdf:resource="http://dbpedia.org/resource/Early_works_of_Vincent_van_Gogh"/>
  </rdf:Description>
  <rdf:Description rdf:about="http://dbpedia.org/resource/Rooftops,_View_from_the_Atelier">
    <dbpedia-owl:wikiPageRedirects rdf:resource="http://dbpedia.org/resource/Early_works_of_Vincent_van_Gogh"/>
  </rdf:Description>
  <rdf:Description rdf:about="http://dbpedia.org/resource/Still_Life_with_Cabbage_and_Clogs">
    <dbpedia-owl:wikiPageRedirects rdf:resource="http://dbpedia.org/resource/Early_works_of_Vincent_van_Gogh"/>
  </rdf:Description>
  <rdf:Description rdf:about="http://dbpedia.org/resource/The_Iron_Mill_in_The_Hague">
    <dbpedia-owl:wikiPageRedirects rdf:resource="http://dbpedia.org/resource/Early_works_of_Vincent_van_Gogh"/>
  </rdf:Description>
  <rdf:Description rdf:about="http://dbpedia.org/resource/The_Potato_Market">
    <dbpedia-owl:wikiPageRedirects rdf:resource="http://dbpedia.org/resource/Early_works_of_Vincent_van_Gogh"/>
  </rdf:Description>
  <rdf:Description rdf:about="http://dbpedia.org/resource/The_State_Lottery">
    <dbpedia-owl:wikiPageRedirects rdf:resource="http://dbpedia.org/resource/Early_works_of_Vincent_van_Gogh"/>
  </rdf:Description>
  <rdf:Description rdf:about="http://dbpedia.org/resource/Van_Gogh_Early_Works">
    <dbpedia-owl:wikiPageRedirects rdf:resource="http://dbpedia.org/resource/Early_works_of_Vincent_van_Gogh"/>
  </rdf:Description>
  <rdf:Description rdf:about="http://wikidata.dbpedia.org/resource/Q5326908">
    <owl:sameAs rdf:resource="http://dbpedia.org/resource/Early_works_of_Vincent_van_Gogh"/>
  </rdf:Description>
</rdf:RDF>
