<rdf:RDF xmlns:ns7="http://www.w3.org/ns/prov#" xmlns:dbpprop="http://dbpedia.org/property/" xmlns:foaf="http://xmlns.com/foaf/0.1/" xmlns:dbpedia-owl="http://dbpedia.org/ontology/" xmlns:dcterms="http://purl.org/dc/terms/" xmlns:owl="http://www.w3.org/2002/07/owl#" xmlns:rdfs="http://www.w3.org/2000/01/rdf-schema#" xmlns:rdf="http://www.w3.org/1999/02/22-rdf-syntax-ns#">
  <rdf:Description rdf:about="http://dbpedia.org/resource/Ecce_Homo_(Antonello_da_Messina)">
    <rdf:type rdf:resource="http://dbpedia.org/class/yago/Art102743547"/>
    <rdf:type rdf:resource="http://dbpedia.org/class/yago/1470sPaintings"/>
    <rdf:type rdf:resource="http://dbpedia.org/class/yago/PaintingsDepictingJesus"/>
    <rdf:type rdf:resource="http://dbpedia.org/class/yago/Creation103129123"/>
    <rdf:type rdf:resource="http://dbpedia.org/class/yago/Object100002684"/>
    <rdf:type rdf:resource="http://dbpedia.org/class/yago/Whole100003553"/>
    <rdf:type rdf:resource="http://dbpedia.org/class/yago/GraphicArt103453809"/>
    <rdf:type rdf:resource="http://dbpedia.org/class/yago/1475Paintings"/>
    <rdf:type rdf:resource="http://dbpedia.org/class/yago/Painting103876519"/>
    <rdf:type rdf:resource="http://dbpedia.org/class/yago/PhysicalEntity100001930"/>
    <rdf:type rdf:resource="http://dbpedia.org/class/yago/PaintingsByAntonelloDaMessina"/>
    <rdf:type rdf:resource="http://dbpedia.org/ontology/Artwork"/>
    <rdf:type rdf:resource="http://dbpedia.org/ontology/Work"/>
    <rdf:type rdf:resource="http://www.w3.org/2002/07/owl#Thing"/>
    <rdf:type rdf:resource="http://dbpedia.org/class/yago/Artifact100021939"/>
    <rdf:type rdf:resource="http://schema.org/CreativeWork"/>
    <owl:sameAs rdf:resource="http://www.wikidata.org/entity/Q1252102"/>
    <owl:sameAs rdf:resource="http://yago-knowledge.org/resource/Ecce_Homo_(Antonello_da_Messina)"/>
    <owl:sameAs rdf:resource="http://it.dbpedia.org/resource/Ecce_Homo_(Antonello_da_Messina)"/>
    <owl:sameAs rdf:resource="http://dbpedia.org/resource/Ecce_Homo_(Antonello_da_Messina)"/>
    <owl:sameAs rdf:resource="http://rdf.freebase.com/ns/m.02rxc16"/>
    <dcterms:subject rdf:resource="http://dbpedia.org/resource/Category:Paintings_depicting_Jesus"/>
    <dcterms:subject rdf:resource="http://dbpedia.org/resource/Category:1475_paintings"/>
    <dcterms:subject rdf:resource="http://dbpedia.org/resource/Category:1470s_paintings"/>
    <dcterms:subject rdf:resource="http://dbpedia.org/resource/Category:Paintings_by_Antonello_da_Messina"/>
    <dbpedia-owl:abstract xml:lang="en">Ecce Homo is the title of a series of paintings by the Italian Renaissance master Antonello da Messina. They date from 1470 to 1475. Antonello is known to have treated this subject four times; three (b, c, d) are variations of the same design; a fourth (a) differs. a) Christ Crowned with Thorns, in the collection of Gaspar Méndez de Haro, 7th Marquis of Carpio in 1687; Don Giulio Alliata, Palermo, 1698, when it was said to bear the date 1470, now illegible; ... Michael Friedsam, New York; Metropolitan Museum of Art, acc. no.32.100.82. b) Picture Gallery of Collegio Alberoni, Piacenza, dated 1472. c) Kunsthistorisches Museum, Vienna, dated 1474. d) National Gallery of the Palazzo Spinola, Genoa.</dbpedia-owl:abstract>
    <dbpedia-owl:abstract xml:lang="it">Ecce Homo è il titolo di una serie di dipinti del maestro del rinascimento Antonello da Messina creati attorno al 1470 e il 1475. Antonello ha trattato questo soggetto quattro volte di cui tre (b;c;d) sono variazioni dello stesso disegno un quarto (a) ne differisce totalmente. a) Cristo incoronato con le spine, probabile 1470 Metropolitan Museum of Art di New York b) Datato 1473, galleria del Collegio Alberoni di Piacenza c) Datato 1474, conservato al Kunsthistorisches Museum di Vienna d) Galleria nazionale di palazzo Spinola di Genova</dbpedia-owl:abstract>
    <dbpedia-owl:author rdf:resource="http://dbpedia.org/resource/Antonello_da_Messina"/>
    <dbpedia-owl:wikiPageID rdf:datatype="http://www.w3.org/2001/XMLSchema#integer">11901364</dbpedia-owl:wikiPageID>
    <dbpedia-owl:wikiPageRevisionID rdf:datatype="http://www.w3.org/2001/XMLSchema#integer">544845062</dbpedia-owl:wikiPageRevisionID>
    <rdfs:label xml:lang="en">Ecce Homo (Antonello da Messina)</rdfs:label>
    <rdfs:label xml:lang="it">Ecce Homo (Antonello da Messina)</rdfs:label>
    <foaf:depiction rdf:resource="http://upload.wikimedia.org/wikipedia/commons/7/79/Antonello_da_Messina_004.jpg"/>
    <rdfs:comment xml:lang="en">Ecce Homo is the title of a series of paintings by the Italian Renaissance master Antonello da Messina. They date from 1470 to 1475. Antonello is known to have treated this subject four times; three (b, c, d) are variations of the same design; a fourth (a) differs. a) Christ Crowned with Thorns, in the collection of Gaspar Méndez de Haro, 7th Marquis of Carpio in 1687; Don Giulio Alliata, Palermo, 1698, when it was said to bear the date 1470, now illegible; ...</rdfs:comment>
    <rdfs:comment xml:lang="it">Ecce Homo è il titolo di una serie di dipinti del maestro del rinascimento Antonello da Messina creati attorno al 1470 e il 1475. Antonello ha trattato questo soggetto quattro volte di cui tre (b;c;d) sono variazioni dello stesso disegno un quarto (a) ne differisce totalmente.</rdfs:comment>
    <foaf:name xml:lang="en">Ecce Homo</foaf:name>
    <dbpedia-owl:thumbnail rdf:resource="http://upload.wikimedia.org/wikipedia/commons/thumb/7/79/Antonello_da_Messina_004.jpg/200px-Antonello_da_Messina_004.jpg"/>
    <dbpedia-owl:wikiPageExternalLink rdf:resource="http://www.mostraantonellodamessina.it/galleria/galleria_a_eccehomo.html"/>
    <dbpprop:artist xml:lang="en">Antonello da Messina</dbpprop:artist>
    <dbpprop:city xml:lang="en">Piacenza</dbpprop:city>
    <dbpprop:height rdf:datatype="http://www.w3.org/2001/XMLSchema#double">48.5</dbpprop:height>
    <dbpprop:imageFile xml:lang="en">Antonello da Messina 004.jpg</dbpprop:imageFile>
    <dbpprop:museum xml:lang="en">Collegio Alberoni</dbpprop:museum>
    <dbpprop:title xml:lang="en">Ecce Homo</dbpprop:title>
    <dbpprop:type xml:lang="en">Oil on panel</dbpprop:type>
    <dbpprop:width rdf:datatype="http://www.w3.org/2001/XMLSchema#integer">38</dbpprop:width>
    <dbpprop:year rdf:datatype="http://www.w3.org/2001/XMLSchema#integer">1475</dbpprop:year>
    <foaf:isPrimaryTopicOf rdf:resource="http://en.wikipedia.org/wiki/Ecce_Homo_(Antonello_da_Messina)"/>
    <ns7:wasDerivedFrom rdf:resource="http://en.wikipedia.org/wiki/Ecce_Homo_(Antonello_da_Messina)?oldid=544845062"/>
    <dbpprop:hasPhotoCollection rdf:resource="http://wifo5-03.informatik.uni-mannheim.de/flickrwrappr/photos/Ecce_Homo_(Antonello_da_Messina)"/>
  </rdf:Description>
  <rdf:Description rdf:about="http://dbpedia.org/resource/Ecce_Homo_(disambiguation)">
    <dbpedia-owl:wikiPageDisambiguates rdf:resource="http://dbpedia.org/resource/Ecce_Homo_(Antonello_da_Messina)"/>
  </rdf:Description>
  <rdf:Description rdf:about="http://en.wikipedia.org/wiki/Ecce_Homo_(Antonello_da_Messina)">
    <foaf:primaryTopic rdf:resource="http://dbpedia.org/resource/Ecce_Homo_(Antonello_da_Messina)"/>
  </rdf:Description>
  <rdf:Description rdf:about="http://it.dbpedia.org/resource/Ecce_Homo_(Antonello_da_Messina)">
    <owl:sameAs rdf:resource="http://dbpedia.org/resource/Ecce_Homo_(Antonello_da_Messina)"/>
  </rdf:Description>
  <rdf:Description rdf:about="http://wikidata.dbpedia.org/resource/Q1252102">
    <owl:sameAs rdf:resource="http://dbpedia.org/resource/Ecce_Homo_(Antonello_da_Messina)"/>
  </rdf:Description>
</rdf:RDF>
