<rdf:RDF xmlns:dbpprop="http://dbpedia.org/property/" xmlns:ns6="http://www.w3.org/ns/prov#" xmlns:foaf="http://xmlns.com/foaf/0.1/" xmlns:dbpedia-owl="http://dbpedia.org/ontology/" xmlns:dcterms="http://purl.org/dc/terms/" xmlns:owl="http://www.w3.org/2002/07/owl#" xmlns:rdfs="http://www.w3.org/2000/01/rdf-schema#" xmlns:rdf="http://www.w3.org/1999/02/22-rdf-syntax-ns#">
  <rdf:Description rdf:about="http://dbpedia.org/resource/Ecce_Homo_(Juan_Luna)">
    <rdf:type rdf:resource="http://dbpedia.org/class/yago/GraphicArt103453809"/>
    <rdf:type rdf:resource="http://dbpedia.org/class/yago/1896Paintings"/>
    <rdf:type rdf:resource="http://dbpedia.org/class/yago/Object100002684"/>
    <rdf:type rdf:resource="http://dbpedia.org/class/yago/Whole100003553"/>
    <rdf:type rdf:resource="http://dbpedia.org/class/yago/PaintingsByJuanLuna"/>
    <rdf:type rdf:resource="http://dbpedia.org/class/yago/Artifact100021939"/>
    <rdf:type rdf:resource="http://dbpedia.org/class/yago/Painting103876519"/>
    <rdf:type rdf:resource="http://dbpedia.org/class/yago/PaintingsDepictingJesus"/>
    <rdf:type rdf:resource="http://dbpedia.org/class/yago/PhysicalEntity100001930"/>
    <rdf:type rdf:resource="http://dbpedia.org/class/yago/Art102743547"/>
    <rdf:type rdf:resource="http://dbpedia.org/class/yago/Creation103129123"/>
    <owl:sameAs rdf:resource="http://dbpedia.org/resource/Ecce_Homo_(Juan_Luna)"/>
    <owl:sameAs rdf:resource="http://rdf.freebase.com/ns/m.0bmbxrx"/>
    <owl:sameAs rdf:resource="http://yago-knowledge.org/resource/Ecce_Homo_(Juan_Luna)"/>
    <owl:sameAs rdf:resource="http://www.wikidata.org/entity/Q5332166"/>
    <dcterms:subject rdf:resource="http://dbpedia.org/resource/Category:Paintings_depicting_Jesus"/>
    <dcterms:subject rdf:resource="http://dbpedia.org/resource/Category:1896_paintings"/>
    <dcterms:subject rdf:resource="http://dbpedia.org/resource/Category:Paintings_by_Juan_Luna"/>
    <dbpedia-owl:abstract xml:lang="en">The Ecce Homo is an 1896 painting by award-winning Filipino painter and hero Juan Luna. It is a “sensitive portrayal” of Jesus Christ. The portrait is one of several canvasses that Luna created while he and his brother Antonio Luna were imprisoned for eighth months by the Spanish authorities in the Philippines in 1896 because of sedition charges.</dbpedia-owl:abstract>
    <dbpedia-owl:wikiPageID rdf:datatype="http://www.w3.org/2001/XMLSchema#integer">26780966</dbpedia-owl:wikiPageID>
    <dbpedia-owl:wikiPageRevisionID rdf:datatype="http://www.w3.org/2001/XMLSchema#integer">485238594</dbpedia-owl:wikiPageRevisionID>
    <rdfs:label xml:lang="en">Ecce Homo (Juan Luna)</rdfs:label>
    <rdfs:comment xml:lang="en">The Ecce Homo is an 1896 painting by award-winning Filipino painter and hero Juan Luna. It is a “sensitive portrayal” of Jesus Christ. The portrait is one of several canvasses that Luna created while he and his brother Antonio Luna were imprisoned for eighth months by the Spanish authorities in the Philippines in 1896 because of sedition charges.</rdfs:comment>
    <foaf:isPrimaryTopicOf rdf:resource="http://en.wikipedia.org/wiki/Ecce_Homo_(Juan_Luna)"/>
    <ns6:wasDerivedFrom rdf:resource="http://en.wikipedia.org/wiki/Ecce_Homo_(Juan_Luna)?oldid=485238594"/>
    <dbpprop:hasPhotoCollection rdf:resource="http://wifo5-03.informatik.uni-mannheim.de/flickrwrappr/photos/Ecce_Homo_(Juan_Luna)"/>
  </rdf:Description>
  <rdf:Description rdf:about="http://dbpedia.org/resource/Ecce_Homo_(disambiguation)">
    <dbpedia-owl:wikiPageDisambiguates rdf:resource="http://dbpedia.org/resource/Ecce_Homo_(Juan_Luna)"/>
  </rdf:Description>
  <rdf:Description rdf:about="http://en.wikipedia.org/wiki/Ecce_Homo_(Juan_Luna)">
    <foaf:primaryTopic rdf:resource="http://dbpedia.org/resource/Ecce_Homo_(Juan_Luna)"/>
  </rdf:Description>
  <rdf:Description rdf:about="http://wikidata.dbpedia.org/resource/Q5332166">
    <owl:sameAs rdf:resource="http://dbpedia.org/resource/Ecce_Homo_(Juan_Luna)"/>
  </rdf:Description>
</rdf:RDF>
