<rdf:RDF xmlns:dbpprop="http://dbpedia.org/property/" xmlns:ns6="http://www.w3.org/ns/prov#" xmlns:foaf="http://xmlns.com/foaf/0.1/" xmlns:dbpedia-owl="http://dbpedia.org/ontology/" xmlns:dcterms="http://purl.org/dc/terms/" xmlns:owl="http://www.w3.org/2002/07/owl#" xmlns:rdfs="http://www.w3.org/2000/01/rdf-schema#" xmlns:rdf="http://www.w3.org/1999/02/22-rdf-syntax-ns#">
  <rdf:Description rdf:about="http://dbpedia.org/resource/Effets_de_soir">
    <rdf:type rdf:resource="http://dbpedia.org/class/yago/Painting103876519"/>
    <rdf:type rdf:resource="http://dbpedia.org/class/yago/Creation103129123"/>
    <rdf:type rdf:resource="http://dbpedia.org/class/yago/Art102743547"/>
    <rdf:type rdf:resource="http://dbpedia.org/class/yago/Whole100003553"/>
    <rdf:type rdf:resource="http://dbpedia.org/class/yago/PaintingsByVincentVanGogh"/>
    <rdf:type rdf:resource="http://dbpedia.org/class/yago/GraphicArt103453809"/>
    <rdf:type rdf:resource="http://dbpedia.org/class/yago/PhysicalEntity100001930"/>
    <rdf:type rdf:resource="http://dbpedia.org/class/yago/Artifact100021939"/>
    <rdf:type rdf:resource="http://dbpedia.org/class/yago/Object100002684"/>
    <owl:sameAs rdf:resource="http://rdf.freebase.com/ns/m.04q3sdk"/>
    <owl:sameAs rdf:resource="http://yago-knowledge.org/resource/Effets_de_soir"/>
    <owl:sameAs rdf:resource="http://dbpedia.org/resource/Effets_de_soir"/>
    <owl:sameAs rdf:resource="http://www.wikidata.org/entity/Q5347413"/>
    <dcterms:subject rdf:resource="http://dbpedia.org/resource/Category:Art_history"/>
    <dcterms:subject rdf:resource="http://dbpedia.org/resource/Category:Paintings_by_Vincent_van_Gogh"/>
    <dcterms:subject rdf:resource="http://dbpedia.org/resource/Category:French_words_and_phrases"/>
    <dcterms:subject rdf:resource="http://dbpedia.org/resource/Category:Composition_in_visual_art"/>
    <dbpedia-owl:abstract xml:lang="en">Effets de soir (also called effets desoir or effets de soir et de matin) are the effects of light caused by the sunset, twilight, or darkness of the early evening or matins. They appear frequently in works by such painters as Vincent van Gogh Bernard Fries, Armand Guillaumin, and Camille Corot. Literally, it means "effects of evening" in French. This was part of a group of techniques used by Impressionists such as impasto, en plein air, color theory, and thick strokes of oil paint on canvas. In 2008, the Museum of Modern Art curated a major exhibit of van Gogh's work of effets de soir. The exhibit included such iconic paintings as The Potato Eaters, The Sower (Van Gogh), Starry Night Over the Rhone'The Starry Night, and The Night Cafe.</dbpedia-owl:abstract>
    <dbpedia-owl:wikiPageID rdf:datatype="http://www.w3.org/2001/XMLSchema#integer">19806765</dbpedia-owl:wikiPageID>
    <dbpedia-owl:wikiPageRevisionID rdf:datatype="http://www.w3.org/2001/XMLSchema#integer">541540798</dbpedia-owl:wikiPageRevisionID>
    <rdfs:label xml:lang="en">Effets de soir</rdfs:label>
    <rdfs:comment xml:lang="en">Effets de soir (also called effets desoir or effets de soir et de matin) are the effects of light caused by the sunset, twilight, or darkness of the early evening or matins. They appear frequently in works by such painters as Vincent van Gogh Bernard Fries, Armand Guillaumin, and Camille Corot. Literally, it means "effects of evening" in French. This was part of a group of techniques used by Impressionists such as impasto, en plein air, color theory, and thick strokes of oil paint on canvas.</rdfs:comment>
    <dbpedia-owl:wikiPageExternalLink rdf:resource="http://www.moma.org"/>
    <dbpedia-owl:wikiPageExternalLink rdf:resource="http://www.vggallery.com/visitors/004.htm"/>
    <foaf:isPrimaryTopicOf rdf:resource="http://en.wikipedia.org/wiki/Effets_de_soir"/>
    <ns6:wasDerivedFrom rdf:resource="http://en.wikipedia.org/wiki/Effets_de_soir?oldid=541540798"/>
    <dbpprop:hasPhotoCollection rdf:resource="http://wifo5-03.informatik.uni-mannheim.de/flickrwrappr/photos/Effets_de_soir"/>
  </rdf:Description>
  <rdf:Description rdf:about="http://en.wikipedia.org/wiki/Effets_de_soir">
    <foaf:primaryTopic rdf:resource="http://dbpedia.org/resource/Effets_de_soir"/>
  </rdf:Description>
  <rdf:Description rdf:about="http://wikidata.dbpedia.org/resource/Q5347413">
    <owl:sameAs rdf:resource="http://dbpedia.org/resource/Effets_de_soir"/>
  </rdf:Description>
</rdf:RDF>
