<rdf:RDF xmlns:ns7="http://www.w3.org/ns/prov#" xmlns:dbpprop="http://dbpedia.org/property/" xmlns:foaf="http://xmlns.com/foaf/0.1/" xmlns:dbpedia-owl="http://dbpedia.org/ontology/" xmlns:dcterms="http://purl.org/dc/terms/" xmlns:owl="http://www.w3.org/2002/07/owl#" xmlns:rdfs="http://www.w3.org/2000/01/rdf-schema#" xmlns:rdf="http://www.w3.org/1999/02/22-rdf-syntax-ns#">
  <rdf:Description rdf:about="http://dbpedia.org/resource/El_Rio_de_Luz_''(The_River_of_Light)''">
    <dbpedia-owl:wikiPageRedirects rdf:resource="http://dbpedia.org/resource/El_Rio_de_Luz"/>
  </rdf:Description>
  <rdf:Description rdf:about="http://dbpedia.org/resource/El_Rio_de_Luz_(The_River_of_Light)">
    <dbpedia-owl:wikiPageRedirects rdf:resource="http://dbpedia.org/resource/El_Rio_de_Luz"/>
  </rdf:Description>
  <rdf:Description rdf:about="http://dbpedia.org/resource/Morning_in_the_Tropics">
    <dbpedia-owl:wikiPageRedirects rdf:resource="http://dbpedia.org/resource/El_Rio_de_Luz"/>
  </rdf:Description>
  <rdf:Description rdf:about="http://dbpedia.org/resource/El_Rio_de_Luz">
    <rdf:type rdf:resource="http://dbpedia.org/class/yago/Creation103129123"/>
    <rdf:type rdf:resource="http://dbpedia.org/class/yago/Artifact100021939"/>
    <rdf:type rdf:resource="http://dbpedia.org/class/yago/Landscape103640011"/>
    <rdf:type rdf:resource="http://dbpedia.org/class/yago/Object100002684"/>
    <rdf:type rdf:resource="http://dbpedia.org/class/yago/PhysicalEntity100001930"/>
    <rdf:type rdf:resource="http://dbpedia.org/class/yago/AmericanPaintings"/>
    <rdf:type rdf:resource="http://dbpedia.org/ontology/Artwork"/>
    <rdf:type rdf:resource="http://dbpedia.org/class/yago/1877Paintings"/>
    <rdf:type rdf:resource="http://schema.org/CreativeWork"/>
    <rdf:type rdf:resource="http://dbpedia.org/class/yago/Art102743547"/>
    <rdf:type rdf:resource="http://dbpedia.org/class/yago/GraphicArt103453809"/>
    <rdf:type rdf:resource="http://dbpedia.org/class/yago/Painting103876519"/>
    <rdf:type rdf:resource="http://dbpedia.org/class/yago/PaintingsByFredericEdwinChurch"/>
    <rdf:type rdf:resource="http://dbpedia.org/class/yago/Whole100003553"/>
    <rdf:type rdf:resource="http://www.w3.org/2002/07/owl#Thing"/>
    <rdf:type rdf:resource="http://dbpedia.org/class/yago/Genre103434943"/>
    <rdf:type rdf:resource="http://dbpedia.org/class/yago/LandscapePaintings"/>
    <rdf:type rdf:resource="http://dbpedia.org/ontology/Work"/>
    <owl:sameAs rdf:resource="http://rdf.freebase.com/ns/m.0hr799v"/>
    <owl:sameAs rdf:resource="http://yago-knowledge.org/resource/El_Rio_de_Luz"/>
    <owl:sameAs rdf:resource="http://dbpedia.org/resource/El_Rio_de_Luz"/>
    <owl:sameAs rdf:resource="http://www.wikidata.org/entity/Q5352030"/>
    <dcterms:subject rdf:resource="http://dbpedia.org/resource/Category:1877_paintings"/>
    <dcterms:subject rdf:resource="http://dbpedia.org/resource/Category:American_paintings"/>
    <dcterms:subject rdf:resource="http://dbpedia.org/resource/Category:Collections_of_the_National_Gallery_of_Art"/>
    <dcterms:subject rdf:resource="http://dbpedia.org/resource/Category:Paintings_by_Frederic_Edwin_Church"/>
    <dcterms:subject rdf:resource="http://dbpedia.org/resource/Category:Landscape_paintings"/>
    <dbpedia-owl:abstract xml:lang="en">El Rio de Luz (The River of Light) (1887) is an oil on canvas landscape by Frederic Edwin Church acquired by the National Gallery of Art in 1965. According to the NGA, the work is a "fanciful pastiche" of the many sketches and drawings Church made while traveling in South America in 1857. The NGA notes that "the tightly focused realism, the overall tonal harmony and restrained coloration, and the compositional unity all lend a remarkable cohesiveness to the work. " William Earl Dodge, Jr. (d. 1903) was the original owner of the work and passed it to his descendants. In 1965 it was given to the Preservation Society of Newport County, Rhode Island, and purchased in December 1965 by the National Gallery of Art. The painting was restored in 1988.</dbpedia-owl:abstract>
    <dbpedia-owl:author rdf:resource="http://dbpedia.org/resource/Frederic_Edwin_Church"/>
    <dbpedia-owl:museum rdf:resource="http://dbpedia.org/resource/National_Gallery_of_Art"/>
    <dbpedia-owl:wikiPageID rdf:datatype="http://www.w3.org/2001/XMLSchema#integer">34024176</dbpedia-owl:wikiPageID>
    <dbpedia-owl:wikiPageRevisionID rdf:datatype="http://www.w3.org/2001/XMLSchema#integer">485136828</dbpedia-owl:wikiPageRevisionID>
    <rdfs:label xml:lang="en">El Rio de Luz</rdfs:label>
    <foaf:depiction rdf:resource="http://upload.wikimedia.org/wikipedia/commons/3/39/El_Rio_de_Luz_(The_River_of_Light)_Frederic_Edwin_Church.jpg"/>
    <rdfs:comment xml:lang="en">El Rio de Luz (The River of Light) (1887) is an oil on canvas landscape by Frederic Edwin Church acquired by the National Gallery of Art in 1965. According to the NGA, the work is a "fanciful pastiche" of the many sketches and drawings Church made while traveling in South America in 1857. The NGA notes that "the tightly focused realism, the overall tonal harmony and restrained coloration, and the compositional unity all lend a remarkable cohesiveness to the work. " William Earl Dodge, Jr. (d.</rdfs:comment>
    <foaf:name xml:lang="en">El Rio de Luz (The River of Light)</foaf:name>
    <dbpedia-owl:thumbnail rdf:resource="http://upload.wikimedia.org/wikipedia/commons/thumb/3/39/El_Rio_de_Luz_(The_River_of_Light)_Frederic_Edwin_Church.jpg/200px-El_Rio_de_Luz_(The_River_of_Light)_Frederic_Edwin_Church.jpg"/>
    <dbpedia-owl:wikiPageExternalLink rdf:resource="http://www.nga.gov/fcgi-bin/tinfo_f?object=50299&amp;detail=none"/>
    <dbpprop:artist rdf:resource="http://dbpedia.org/resource/Frederic_Edwin_Church"/>
    <dbpprop:city rdf:resource="http://dbpedia.org/resource/Washington,_D.C."/>
    <dbpprop:height rdf:datatype="http://www.w3.org/2001/XMLSchema#double">138.1</dbpprop:height>
    <dbpprop:imageFile xml:lang="en">El Rio de Luz  Frederic Edwin Church.jpg</dbpprop:imageFile>
    <dbpprop:museum rdf:resource="http://dbpedia.org/resource/National_Gallery_of_Art"/>
    <dbpprop:title xml:lang="en">El Rio de Luz</dbpprop:title>
    <dbpprop:type rdf:resource="http://dbpedia.org/resource/Oil_painting"/>
    <dbpprop:width rdf:datatype="http://www.w3.org/2001/XMLSchema#double">213.7</dbpprop:width>
    <dbpprop:year rdf:datatype="http://www.w3.org/2001/XMLSchema#integer">1877</dbpprop:year>
    <foaf:isPrimaryTopicOf rdf:resource="http://en.wikipedia.org/wiki/El_Rio_de_Luz"/>
    <ns7:wasDerivedFrom rdf:resource="http://en.wikipedia.org/wiki/El_Rio_de_Luz?oldid=485136828"/>
    <dbpprop:hasPhotoCollection rdf:resource="http://wifo5-03.informatik.uni-mannheim.de/flickrwrappr/photos/El_Rio_de_Luz"/>
  </rdf:Description>
  <rdf:Description rdf:about="http://en.wikipedia.org/wiki/El_Rio_de_Luz">
    <foaf:primaryTopic rdf:resource="http://dbpedia.org/resource/El_Rio_de_Luz"/>
  </rdf:Description>
  <rdf:Description rdf:about="http://wikidata.dbpedia.org/resource/Q5352030">
    <owl:sameAs rdf:resource="http://dbpedia.org/resource/El_Rio_de_Luz"/>
  </rdf:Description>
</rdf:RDF>
