<rdf:RDF xmlns:ns7="http://www.w3.org/ns/prov#" xmlns:dbpprop="http://dbpedia.org/property/" xmlns:foaf="http://xmlns.com/foaf/0.1/" xmlns:dbpedia-owl="http://dbpedia.org/ontology/" xmlns:dcterms="http://purl.org/dc/terms/" xmlns:owl="http://www.w3.org/2002/07/owl#" xmlns:rdfs="http://www.w3.org/2000/01/rdf-schema#" xmlns:rdf="http://www.w3.org/1999/02/22-rdf-syntax-ns#">
  <rdf:Description rdf:about="http://en.wikipedia.org/wiki/Elective_Affinities_(painting)">
    <foaf:primaryTopic rdf:resource="http://dbpedia.org/resource/Elective_Affinities_(painting)"/>
  </rdf:Description>
  <rdf:Description rdf:about="http://dbpedia.org/resource/Elective_Affinities_(painting)">
    <rdf:type rdf:resource="http://dbpedia.org/class/yago/Creation103129123"/>
    <rdf:type rdf:resource="http://dbpedia.org/ontology/Work"/>
    <rdf:type rdf:resource="http://schema.org/CreativeWork"/>
    <rdf:type rdf:resource="http://dbpedia.org/class/yago/SurrealistPaintings"/>
    <rdf:type rdf:resource="http://dbpedia.org/class/yago/Artifact100021939"/>
    <rdf:type rdf:resource="http://dbpedia.org/class/yago/Object100002684"/>
    <rdf:type rdf:resource="http://dbpedia.org/class/yago/GraphicArt103453809"/>
    <rdf:type rdf:resource="http://dbpedia.org/class/yago/PaintingsByRen%C3%A9Magritte"/>
    <rdf:type rdf:resource="http://dbpedia.org/class/yago/Art102743547"/>
    <rdf:type rdf:resource="http://dbpedia.org/class/yago/Whole100003553"/>
    <rdf:type rdf:resource="http://www.w3.org/2002/07/owl#Thing"/>
    <rdf:type rdf:resource="http://dbpedia.org/class/yago/Painting103876519"/>
    <rdf:type rdf:resource="http://dbpedia.org/class/yago/PhysicalEntity100001930"/>
    <rdf:type rdf:resource="http://dbpedia.org/ontology/Artwork"/>
    <owl:sameAs rdf:resource="http://yago-knowledge.org/resource/Elective_Affinities_(painting)"/>
    <owl:sameAs rdf:resource="http://nl.dbpedia.org/resource/De_zielsverwantschappen"/>
    <owl:sameAs rdf:resource="http://dbpedia.org/resource/Elective_Affinities_(painting)"/>
    <owl:sameAs rdf:resource="http://rdf.freebase.com/ns/m.04f6141"/>
    <owl:sameAs rdf:resource="http://www.wikidata.org/entity/Q2571851"/>
    <dcterms:subject rdf:resource="http://dbpedia.org/resource/Category:Paintings_by_Ren%C3%A9_Magritte"/>
    <dcterms:subject rdf:resource="http://dbpedia.org/resource/Category:Surrealist_paintings"/>
    <dbpedia-owl:abstract xml:lang="nl">De zielsverwantschappen (Les affinités électives) is een schilderij uit 1933 van de Belgische surrealistische schilder René Magritte. Het werk is in particulier bezit. Het schilderij toont, tegen een neutrale achtergrond, een vogelkooi die geheel gevuld is met een enorm wit ei. De vormen van de houten onderdelen van de ophanging van de kooi zijn elementen die ook in andere werken van Magritte terugkeren. Er is een uit 1932 daterende gouache met dezelfde titel en inhoud, dat mede de basis vormt voor de beeldentaal van de schilder. Magrittes werken ontstonden (evenals de soms verwarrende titels) vaak uit gedachteassociaties, uit een vermenging van droom en werkelijkheid of, zoals hij bij het ontstaan van dit werk opmerkte, een 'heerlijke vergissing', waarin oorzaak en gevolg lijken te zijn omgedraaid. In de lezing 'La ligne de vie' (De levenslijn, 1938} zegt Magritte het volgende: "Ik werd wakker in een kamer waarin een kooi met een slapende vogel stond. Een heerlijke vergissing deed mij de kooi zien alsof de vogel was verdwenen en was vervangen door een ei. Ik was daar een nieuw, verbazingwekkend poëtisch geheim op het spoor gekomen, want de schok die ik voelde was juist veroorzaakt door de verwantschap tussen twee objecten, de kooi en het ei, terwijl deze tevoren was veroorzaakt door het samengaan van twee vreemde objecten."</dbpedia-owl:abstract>
    <dbpedia-owl:abstract xml:lang="en">Elective Affinities (French: Les affinités électives) is a 1933 painting by the Belgian surrealist René Magritte. The title is taken from the Johann Wolfgang von Goethe book Elective Affinities. Magritte had the following to say about this work: One night, I woke up in a room in which a cage with a bird sleeping in it had been placed. A magnificent error caused me to see an egg in the cage, instead of the vanished bird. I then grasped a new and astonishing poetic secret, for the shock which I experienced had been provoked precisely by the affinity of two objects -- the cage and the egg -- to each other, whereas previously this shock had been caused by my bringing together two objects that were unrelated.</dbpedia-owl:abstract>
    <dbpedia-owl:author rdf:resource="http://dbpedia.org/resource/Ren%C3%A9_Magritte"/>
    <dbpedia-owl:wikiPageID rdf:datatype="http://www.w3.org/2001/XMLSchema#integer">18393670</dbpedia-owl:wikiPageID>
    <dbpedia-owl:wikiPageRevisionID rdf:datatype="http://www.w3.org/2001/XMLSchema#integer">545368275</dbpedia-owl:wikiPageRevisionID>
    <rdfs:label xml:lang="en">Elective Affinities (painting)</rdfs:label>
    <rdfs:label xml:lang="nl">De zielsverwantschappen</rdfs:label>
    <foaf:depiction rdf:resource="http://upload.wikimedia.org/wikipedia/commons/6/6f/Magritte36.jpg"/>
    <rdfs:comment xml:lang="nl">De zielsverwantschappen (Les affinités électives) is een schilderij uit 1933 van de Belgische surrealistische schilder René Magritte. Het werk is in particulier bezit. Het schilderij toont, tegen een neutrale achtergrond, een vogelkooi die geheel gevuld is met een enorm wit ei. De vormen van de houten onderdelen van de ophanging van de kooi zijn elementen die ook in andere werken van Magritte terugkeren.</rdfs:comment>
    <rdfs:comment xml:lang="en">Elective Affinities (French: Les affinités électives) is a 1933 painting by the Belgian surrealist René Magritte. The title is taken from the Johann Wolfgang von Goethe book Elective Affinities. Magritte had the following to say about this work: One night, I woke up in a room in which a cage with a bird sleeping in it had been placed. A magnificent error caused me to see an egg in the cage, instead of the vanished bird.</rdfs:comment>
    <foaf:name xml:lang="en">Elective Affinities</foaf:name>
    <dbpedia-owl:thumbnail rdf:resource="http://upload.wikimedia.org/wikipedia/commons/thumb/6/6f/Magritte36.jpg/200px-Magritte36.jpg"/>
    <dbpprop:artist rdf:resource="http://dbpedia.org/resource/Ren%C3%A9_Magritte"/>
    <dbpprop:backcolor xml:lang="en">#FBF5DF</dbpprop:backcolor>
    <dbpprop:height rdf:datatype="http://www.w3.org/2001/XMLSchema#integer">41</dbpprop:height>
    <dbpprop:heightInch rdf:datatype="http://www.w3.org/2001/XMLSchema#integer">20</dbpprop:heightInch>
    <dbpprop:imageFile xml:lang="en">Magritte36.jpg</dbpprop:imageFile>
    <dbpprop:imageSize rdf:datatype="http://www.w3.org/2001/XMLSchema#integer">300</dbpprop:imageSize>
    <dbpprop:museum xml:lang="en">Private collection</dbpprop:museum>
    <dbpprop:paintingAlignment xml:lang="en">right</dbpprop:paintingAlignment>
    <dbpprop:title xml:lang="en">Elective Affinities</dbpprop:title>
    <dbpprop:type rdf:resource="http://dbpedia.org/resource/Oil_painting"/>
    <dbpprop:width rdf:datatype="http://www.w3.org/2001/XMLSchema#integer">33</dbpprop:width>
    <dbpprop:widthInch rdf:datatype="http://www.w3.org/2001/XMLSchema#integer">20</dbpprop:widthInch>
    <dbpprop:year rdf:datatype="http://www.w3.org/2001/XMLSchema#integer">1933</dbpprop:year>
    <foaf:isPrimaryTopicOf rdf:resource="http://en.wikipedia.org/wiki/Elective_Affinities_(painting)"/>
    <ns7:wasDerivedFrom rdf:resource="http://en.wikipedia.org/wiki/Elective_Affinities_(painting)?oldid=545368275"/>
    <dbpprop:hasPhotoCollection rdf:resource="http://wifo5-03.informatik.uni-mannheim.de/flickrwrappr/photos/Elective_Affinities_(painting)"/>
  </rdf:Description>
  <rdf:Description rdf:about="http://nl.dbpedia.org/resource/De_zielsverwantschappen">
    <owl:sameAs rdf:resource="http://dbpedia.org/resource/Elective_Affinities_(painting)"/>
  </rdf:Description>
  <rdf:Description rdf:about="http://wikidata.dbpedia.org/resource/Q2571851">
    <owl:sameAs rdf:resource="http://dbpedia.org/resource/Elective_Affinities_(painting)"/>
  </rdf:Description>
</rdf:RDF>
