<rdf:RDF xmlns:ns7="http://www.w3.org/ns/prov#" xmlns:dbpprop="http://dbpedia.org/property/" xmlns:foaf="http://xmlns.com/foaf/0.1/" xmlns:dbpedia-owl="http://dbpedia.org/ontology/" xmlns:dcterms="http://purl.org/dc/terms/" xmlns:owl="http://www.w3.org/2002/07/owl#" xmlns:rdfs="http://www.w3.org/2000/01/rdf-schema#" xmlns:rdf="http://www.w3.org/1999/02/22-rdf-syntax-ns#">
  <rdf:Description rdf:about="http://dbpedia.org/resource/Equestrian_Portrait_of_the_Count-Duke_of_Olivares">
    <rdf:type rdf:resource="http://www.w3.org/2002/07/owl#Thing"/>
    <rdf:type rdf:resource="http://schema.org/CreativeWork"/>
    <rdf:type rdf:resource="http://dbpedia.org/class/yago/Art102743547"/>
    <rdf:type rdf:resource="http://dbpedia.org/class/yago/Artifact100021939"/>
    <rdf:type rdf:resource="http://dbpedia.org/class/yago/PhysicalEntity100001930"/>
    <rdf:type rdf:resource="http://dbpedia.org/class/yago/GraphicArt103453809"/>
    <rdf:type rdf:resource="http://dbpedia.org/class/yago/Painting103876519"/>
    <rdf:type rdf:resource="http://dbpedia.org/ontology/Work"/>
    <rdf:type rdf:resource="http://dbpedia.org/ontology/Artwork"/>
    <rdf:type rdf:resource="http://dbpedia.org/class/yago/1634Paintings"/>
    <rdf:type rdf:resource="http://dbpedia.org/class/yago/Whole100003553"/>
    <rdf:type rdf:resource="http://dbpedia.org/class/yago/Object100002684"/>
    <rdf:type rdf:resource="http://dbpedia.org/class/yago/Creation103129123"/>
    <owl:sameAs rdf:resource="http://fr.dbpedia.org/resource/Gaspar_de_Guzmán,_comte-duc_d'Olivares,_à_cheval"/>
    <owl:sameAs rdf:resource="http://es.dbpedia.org/resource/El_Conde-Duque_de_Olivares_a_caballo"/>
    <owl:sameAs rdf:resource="http://dbpedia.org/resource/Equestrian_Portrait_of_the_Count-Duke_of_Olivares"/>
    <owl:sameAs rdf:resource="http://it.dbpedia.org/resource/Ritratto_del_Conte_Duca_di_Olivares_a_cavallo"/>
    <owl:sameAs rdf:resource="http://www.wikidata.org/entity/Q1113824"/>
    <owl:sameAs rdf:resource="http://rdf.freebase.com/ns/m.026y6zl"/>
    <owl:sameAs rdf:resource="http://yago-knowledge.org/resource/Equestrian_Portrait_of_the_Count-Duke_of_Olivares"/>
    <dcterms:subject rdf:resource="http://dbpedia.org/resource/Category:1634_paintings"/>
    <dcterms:subject rdf:resource="http://dbpedia.org/resource/Category:Military_art"/>
    <dcterms:subject rdf:resource="http://dbpedia.org/resource/Category:Velazquez_portraits_in_the_Museo_del_Prado"/>
    <dbpedia-owl:abstract xml:lang="it">Ritratto del Conte Duca di Olivares a cavallo è un dipinto ad olio su tela di cm 313 x 239 realizzato nel 1634 dal pittore spagnolo Diego Velázquez. È conservato al Museo del Prado di Madrid. Don Gaspar de Guzmán y Pimentel, conte di Olivares, nacque a Roma il 6 gennaio 1587. Il conte venne nominato primo ministro da Filippo IV di Spagna, che lo onorò anche del titolo di duca di Sanlúcar. Il dipinto lo ritrae trionfalmente a cavallo, una posa inusuale per un primo ministro: l'iconografia dell'uomo politico a cavallo era solitamente riservata ai monarchi.</dbpedia-owl:abstract>
    <dbpedia-owl:abstract xml:lang="en">The Equestrian Portrait of Count-Duke of Olivares is a painting by Spanish artist Diego Velázquez, finished in 1634. It is housed in the Museo del Prado, Madrid. The subject of the picture is Gaspar de Guzmán, Count-Duke of Olivares, Prime Minister of Spain during the reign of Philip IV. He is portrayed riding a horse, an honour generally reserved for monarchs at the time. He wears a plumed headgear and a gilt cuirass, and holds a command baton. The composition refers to Olivares' military leadership in the service of King Philip.</dbpedia-owl:abstract>
    <dbpedia-owl:abstract xml:lang="es">El retrato ecuestre del Conde-Duque de Olivares es una pintura del español Diego Velázquez, realizada hacia el año 1638. Se encuentra en el Museo del Prado de Madrid desde su inauguración en 1819. El objeto de la obra fue retratar con poderío al valido del rey Felipe IV Gaspar de Guzmán, un influyente noble y político español, conde de Olivares y duque de Sanlúcar la Mayor, conocido como el Conde-Duque de Olivares. Dentro del estilo de Velázquez, este cuadro se considera una excepción, ya que su diseño y colorido resultan más movidos y pomposos de lo habitual en los retratos del artista, más sobrios. Olivares es retratado a lomos de un caballo, un honor generalmente reservado a los monarcas y que refleja el poder que alcanzó como valido o mano derecha del rey (cargo equivalente al actual de primer ministro). El cuadro se asemeja a los retratos ecuestres que Velázquez había pintado para el Salón de Reinos del Palacio del Buen Retiro, pero no se hizo para dicha serie sino como encargo particular de Olivares, con destino a su casa. No está fechado pero se sitúa algo después que dicha serie, hacia 1638, y posiblemente se pintó tras la batalla de Fuenterrabía, un éxito militar que Olivares se atribuyó, aunque no participó personalmente. El cuadro no se sumó a la colección real, antecesora del Museo del Prado, hasta un siglo después. El conde duque mira al espectador, asegurándose de que sea testigo de su hazaña. La figura se ve desde un punto de vista bajo y su torso se gira hacia atrás, con lo que parece más esbelto; Olivares era de cuerpo macizo y más bien torpe, tal como se ve en los retratos que Velázquez le había hecho anteriormente. El caballo alza sus patas delanteras, realizando una cabriola o levade, y mira hacia el campo de batalla trazando una diagonal con respecto a las colinas que se aprecian en el paisaje, composición que proporciona energía al retrato y que, por su dinamismo, recuerda a Rubens. Este esquema de retrato ecuestre se diferencia de los realizados para la familia real, y se cree que fue sugerido por Olivares; Velázquez hubo de esmerarse especialmente, pues Olivares era el máximo cargo político de la corte (después del rey) y le había apoyado en sus inicios como pintor en Madrid. El noble viste un sombrero de ala ancha emplumado y la banda del estado; en la mano sostiene un bastón de mariscal con el que marca la dirección de la batalla. La coraza que luce es, posiblemente, la que se conserva en el Palacio de Liria de Madrid (Colección de la Casa de Alba). El rico cromatismo y el tratamiento de la luz otorgan a la escena una gran vitalidad. La batalla en la lejanía está tratada con pequeñas manchas. El paisaje es muy esquemático pues Velázquez no definió edificios ni personajes. Acaso ello se debe a que el pintor no conocía la localidad de Fuenterrabía, donde aconteció la batalla descrita, aunque otras fuentes creen que no aludía a ninguna batalla concreta. Las colinas se difuminan en tonos verdes y azules, proporcionando sensación de lejanía; por ello se dice que tiene una perspectiva aérea muy acusada.</dbpedia-owl:abstract>
    <dbpedia-owl:abstract xml:lang="fr">Le Portrait équestre du Comte-Duc d'Olivares est une huile sur toile de Diego Vélasquez réalisée en 1638. Elle est exposée au musée du Prado à Madrid depuis l'inauguration du musée en 1819.</dbpedia-owl:abstract>
    <dbpedia-owl:author rdf:resource="http://dbpedia.org/resource/Diego_Vel%C3%A1zquez"/>
    <dbpedia-owl:museum rdf:resource="http://dbpedia.org/resource/Museo_del_Prado"/>
    <dbpedia-owl:wikiPageID rdf:datatype="http://www.w3.org/2001/XMLSchema#integer">8262674</dbpedia-owl:wikiPageID>
    <dbpedia-owl:wikiPageRevisionID rdf:datatype="http://www.w3.org/2001/XMLSchema#integer">541664771</dbpedia-owl:wikiPageRevisionID>
    <rdfs:label xml:lang="it">Ritratto del Conte Duca di Olivares a cavallo</rdfs:label>
    <rdfs:label xml:lang="es">El Conde-Duque de Olivares a caballo</rdfs:label>
    <rdfs:label xml:lang="fr">Gaspar de Guzmán, comte-duc d'Olivares, à cheval</rdfs:label>
    <rdfs:label xml:lang="en">Equestrian Portrait of the Count-Duke of Olivares</rdfs:label>
    <foaf:depiction rdf:resource="http://upload.wikimedia.org/wikipedia/commons/7/72/Count-Duke_of_Olivares.jpg"/>
    <rdfs:comment xml:lang="fr">Le Portrait équestre du Comte-Duc d'Olivares est une huile sur toile de Diego Vélasquez réalisée en 1638. Elle est exposée au musée du Prado à Madrid depuis l'inauguration du musée en 1819.</rdfs:comment>
    <rdfs:comment xml:lang="es">El retrato ecuestre del Conde-Duque de Olivares es una pintura del español Diego Velázquez, realizada hacia el año 1638. Se encuentra en el Museo del Prado de Madrid desde su inauguración en 1819. El objeto de la obra fue retratar con poderío al valido del rey Felipe IV Gaspar de Guzmán, un influyente noble y político español, conde de Olivares y duque de Sanlúcar la Mayor, conocido como el Conde-Duque de Olivares.</rdfs:comment>
    <rdfs:comment xml:lang="it">Ritratto del Conte Duca di Olivares a cavallo è un dipinto ad olio su tela di cm 313 x 239 realizzato nel 1634 dal pittore spagnolo Diego Velázquez. È conservato al Museo del Prado di Madrid. Don Gaspar de Guzmán y Pimentel, conte di Olivares, nacque a Roma il 6 gennaio 1587. Il conte venne nominato primo ministro da Filippo IV di Spagna, che lo onorò anche del titolo di duca di Sanlúcar.</rdfs:comment>
    <rdfs:comment xml:lang="en">The Equestrian Portrait of Count-Duke of Olivares is a painting by Spanish artist Diego Velázquez, finished in 1634. It is housed in the Museo del Prado, Madrid. The subject of the picture is Gaspar de Guzmán, Count-Duke of Olivares, Prime Minister of Spain during the reign of Philip IV. He is portrayed riding a horse, an honour generally reserved for monarchs at the time. He wears a plumed headgear and a gilt cuirass, and holds a command baton.</rdfs:comment>
    <foaf:name xml:lang="en">Equestrian Portrait of Count Duke of Olivares</foaf:name>
    <dbpedia-owl:thumbnail rdf:resource="http://upload.wikimedia.org/wikipedia/commons/thumb/7/72/Count-Duke_of_Olivares.jpg/200px-Count-Duke_of_Olivares.jpg"/>
    <dbpedia-owl:wikiPageExternalLink rdf:resource="http://libmma.contentdm.oclc.org/cdm/compoundobject/collection/p15324coll10/id/63259/rec/2"/>
    <dbpprop:artist rdf:resource="http://dbpedia.org/resource/Diego_Vel%C3%A1zquez"/>
    <dbpprop:city rdf:resource="http://dbpedia.org/resource/Madrid"/>
    <dbpprop:height rdf:datatype="http://www.w3.org/2001/XMLSchema#integer">313</dbpprop:height>
    <dbpprop:imageFile xml:lang="en">Count-Duke_of_Olivares.jpg</dbpprop:imageFile>
    <dbpprop:museum rdf:resource="http://dbpedia.org/resource/Museo_del_Prado"/>
    <dbpprop:title xml:lang="en">Equestrian Portrait of Count Duke of Olivares</dbpprop:title>
    <dbpprop:type rdf:resource="http://dbpedia.org/resource/Oil_painting"/>
    <dbpprop:width rdf:datatype="http://www.w3.org/2001/XMLSchema#integer">239</dbpprop:width>
    <dbpprop:year rdf:datatype="http://www.w3.org/2001/XMLSchema#integer">1634</dbpprop:year>
    <foaf:isPrimaryTopicOf rdf:resource="http://en.wikipedia.org/wiki/Equestrian_Portrait_of_the_Count-Duke_of_Olivares"/>
    <ns7:wasDerivedFrom rdf:resource="http://en.wikipedia.org/wiki/Equestrian_Portrait_of_the_Count-Duke_of_Olivares?oldid=541664771"/>
    <dbpprop:hasPhotoCollection rdf:resource="http://wifo5-03.informatik.uni-mannheim.de/flickrwrappr/photos/Equestrian_Portrait_of_the_Count-Duke_of_Olivares"/>
  </rdf:Description>
  <rdf:Description rdf:about="http://it.dbpedia.org/resource/Ritratto_del_Conte_Duca_di_Olivares_a_cavallo">
    <owl:sameAs rdf:resource="http://dbpedia.org/resource/Equestrian_Portrait_of_the_Count-Duke_of_Olivares"/>
  </rdf:Description>
  <rdf:Description rdf:about="http://fr.dbpedia.org/resource/Gaspar_de_Guzmán,_comte-duc_d'Olivares,_à_cheval">
    <owl:sameAs rdf:resource="http://dbpedia.org/resource/Equestrian_Portrait_of_the_Count-Duke_of_Olivares"/>
  </rdf:Description>
  <rdf:Description rdf:about="http://es.dbpedia.org/resource/El_Conde-Duque_de_Olivares_a_caballo">
    <owl:sameAs rdf:resource="http://dbpedia.org/resource/Equestrian_Portrait_of_the_Count-Duke_of_Olivares"/>
  </rdf:Description>
  <rdf:Description rdf:about="http://dbpedia.org/resource/Equastrian_Portrait_of_Duke_de_Olivares">
    <dbpedia-owl:wikiPageRedirects rdf:resource="http://dbpedia.org/resource/Equestrian_Portrait_of_the_Count-Duke_of_Olivares"/>
  </rdf:Description>
  <rdf:Description rdf:about="http://dbpedia.org/resource/Equestrian_Portrait_of_the_Duke_de_Olivares">
    <dbpedia-owl:wikiPageRedirects rdf:resource="http://dbpedia.org/resource/Equestrian_Portrait_of_the_Count-Duke_of_Olivares"/>
  </rdf:Description>
  <rdf:Description rdf:about="http://dbpedia.org/resource/Equestrian_portrait_of_Count-Duke_de_Olivares">
    <dbpedia-owl:wikiPageRedirects rdf:resource="http://dbpedia.org/resource/Equestrian_Portrait_of_the_Count-Duke_of_Olivares"/>
  </rdf:Description>
  <rdf:Description rdf:about="http://dbpedia.org/resource/Equestrian_portrait_of_Duke_de_Olivares">
    <dbpedia-owl:wikiPageRedirects rdf:resource="http://dbpedia.org/resource/Equestrian_Portrait_of_the_Count-Duke_of_Olivares"/>
  </rdf:Description>
  <rdf:Description rdf:about="http://dbpedia.org/resource/Equestrian_portrait_of_duke_de_olivares">
    <dbpedia-owl:wikiPageRedirects rdf:resource="http://dbpedia.org/resource/Equestrian_Portrait_of_the_Count-Duke_of_Olivares"/>
  </rdf:Description>
  <rdf:Description rdf:about="http://en.wikipedia.org/wiki/Equestrian_Portrait_of_the_Count-Duke_of_Olivares">
    <foaf:primaryTopic rdf:resource="http://dbpedia.org/resource/Equestrian_Portrait_of_the_Count-Duke_of_Olivares"/>
  </rdf:Description>
  <rdf:Description rdf:about="http://wikidata.dbpedia.org/resource/Q1113824">
    <owl:sameAs rdf:resource="http://dbpedia.org/resource/Equestrian_Portrait_of_the_Count-Duke_of_Olivares"/>
  </rdf:Description>
</rdf:RDF>
