<rdf:RDF xmlns:ns7="http://www.w3.org/ns/prov#" xmlns:dbpprop="http://dbpedia.org/property/" xmlns:foaf="http://xmlns.com/foaf/0.1/" xmlns:dbpedia-owl="http://dbpedia.org/ontology/" xmlns:dcterms="http://purl.org/dc/terms/" xmlns:owl="http://www.w3.org/2002/07/owl#" xmlns:rdfs="http://www.w3.org/2000/01/rdf-schema#" xmlns:rdf="http://www.w3.org/1999/02/22-rdf-syntax-ns#">
  <rdf:Description rdf:about="http://dbpedia.org/resource/Equestrian_Statue_of_Niccolò_da_Tolentino">
    <owl:sameAs rdf:resource="http://dbpedia.org/resource/Equestrian_Statue_of_Niccol%C3%B2_da_Tolentino"/>
  </rdf:Description>
  <rdf:Description rdf:about="http://dbpedia.org/resource/Equestrian_statue_of_Niccol%C3%B2_da_Tolentino">
    <dbpedia-owl:wikiPageRedirects rdf:resource="http://dbpedia.org/resource/Equestrian_Statue_of_Niccol%C3%B2_da_Tolentino"/>
  </rdf:Description>
  <rdf:Description rdf:about="http://en.wikipedia.org/wiki/Equestrian_Statue_of_Niccolò_da_Tolentino">
    <foaf:primaryTopic rdf:resource="http://dbpedia.org/resource/Equestrian_Statue_of_Niccol%C3%B2_da_Tolentino"/>
  </rdf:Description>
  <rdf:Description rdf:about="http://dbpedia.org/resource/Funerary_Monument_to_Niccol%C3%B2_da_Tolentino">
    <dbpedia-owl:wikiPageRedirects rdf:resource="http://dbpedia.org/resource/Equestrian_Statue_of_Niccol%C3%B2_da_Tolentino"/>
  </rdf:Description>
  <rdf:Description rdf:about="http://dbpedia.org/resource/Equestrian_Statue_of_Niccol%C3%B2_da_Tolentino">
    <rdf:type rdf:resource="http://dbpedia.org/class/yago/EquestrianStatues"/>
    <rdf:type rdf:resource="http://dbpedia.org/ontology/Work"/>
    <rdf:type rdf:resource="http://dbpedia.org/class/yago/Artifact100021939"/>
    <rdf:type rdf:resource="http://dbpedia.org/class/yago/Shape100027807"/>
    <rdf:type rdf:resource="http://dbpedia.org/class/yago/Art102743547"/>
    <rdf:type rdf:resource="http://dbpedia.org/class/yago/Statue104306847"/>
    <rdf:type rdf:resource="http://dbpedia.org/class/yago/PhysicalEntity100001930"/>
    <rdf:type rdf:resource="http://dbpedia.org/class/yago/Creation103129123"/>
    <rdf:type rdf:resource="http://dbpedia.org/class/yago/Abstraction100002137"/>
    <rdf:type rdf:resource="http://dbpedia.org/class/yago/Object100002684"/>
    <rdf:type rdf:resource="http://dbpedia.org/class/yago/GraphicArt103453809"/>
    <rdf:type rdf:resource="http://dbpedia.org/class/yago/Figure113862780"/>
    <rdf:type rdf:resource="http://dbpedia.org/class/yago/AndreaDelCastagnoPaintings"/>
    <rdf:type rdf:resource="http://dbpedia.org/class/yago/Whole100003553"/>
    <rdf:type rdf:resource="http://dbpedia.org/class/yago/1456Paintings"/>
    <rdf:type rdf:resource="http://dbpedia.org/class/yago/Attribute100024264"/>
    <rdf:type rdf:resource="http://dbpedia.org/class/yago/Painting103876519"/>
    <rdf:type rdf:resource="http://www.w3.org/2002/07/owl#Thing"/>
    <rdf:type rdf:resource="http://dbpedia.org/class/yago/Sculpture104157320"/>
    <rdf:type rdf:resource="http://dbpedia.org/class/yago/PlasticArt103958097"/>
    <rdf:type rdf:resource="http://dbpedia.org/class/yago/FrescoPaintings"/>
    <rdf:type rdf:resource="http://schema.org/CreativeWork"/>
    <rdf:type rdf:resource="http://dbpedia.org/ontology/Artwork"/>
    <rdf:type rdf:resource="http://dbpedia.org/class/yago/SolidFigure113863473"/>
    <owl:sameAs rdf:resource="http://rdf.freebase.com/ns/m.0h67xj4"/>
    <owl:sameAs rdf:resource="http://it.dbpedia.org/resource/Monumento_equestre_a_Niccolò_da_Tolentino"/>
    <owl:sameAs rdf:resource="http://yago-knowledge.org/resource/Equestrian_Statue_of_Niccolò_da_Tolentino"/>
    <owl:sameAs rdf:resource="http://www.wikidata.org/entity/Q3862683"/>
    <owl:sameAs rdf:resource="http://dbpedia.org/resource/Equestrian_Statue_of_Niccol%C3%B2_da_Tolentino"/>
    <dcterms:subject rdf:resource="http://dbpedia.org/resource/Category:1456_paintings"/>
    <dcterms:subject rdf:resource="http://dbpedia.org/resource/Category:Fresco_paintings"/>
    <dcterms:subject rdf:resource="http://dbpedia.org/resource/Category:Monuments_and_memorials_in_Italy"/>
    <dcterms:subject rdf:resource="http://dbpedia.org/resource/Category:Culture_in_Florence"/>
    <dcterms:subject rdf:resource="http://dbpedia.org/resource/Category:Equestrian_statues"/>
    <dcterms:subject rdf:resource="http://dbpedia.org/resource/Category:Andrea_del_Castagno_paintings"/>
    <dbpedia-owl:abstract xml:lang="en">The Equestrian Statue of Niccolò da Tolentino is a fresco painting by the Italian early Renaissance master Andrea del Castagno, executed in 1456. It is housed in the Florence Cathedral, Italy. Located on the left internal wall of the church, it pairs the adjacent Equestrian Statue of John Hawkwood by Paolo Uccello (1436).</dbpedia-owl:abstract>
    <dbpedia-owl:abstract xml:lang="it">Il Monumento equestre a Niccolò da Tolentino è un affresco (833x512 cm) di Andrea del Castagno del 1456, situato nella parete interna sinistra del Duomo di Firenze. L'opera fa pendant al vicino Monumento equestre a Giovanni Acuto di Paolo Uccello.</dbpedia-owl:abstract>
    <dbpedia-owl:author rdf:resource="http://dbpedia.org/resource/Andrea_del_Castagno"/>
    <dbpedia-owl:museum rdf:resource="http://dbpedia.org/resource/Florence_Cathedral"/>
    <dbpedia-owl:wikiPageID rdf:datatype="http://www.w3.org/2001/XMLSchema#integer">33136857</dbpedia-owl:wikiPageID>
    <dbpedia-owl:wikiPageRevisionID rdf:datatype="http://www.w3.org/2001/XMLSchema#integer">546223490</dbpedia-owl:wikiPageRevisionID>
    <rdfs:label xml:lang="en">Equestrian Statue of Niccolò da Tolentino</rdfs:label>
    <rdfs:label xml:lang="it">Monumento equestre a Niccolò da Tolentino</rdfs:label>
    <foaf:depiction rdf:resource="http://upload.wikimedia.org/wikipedia/commons/6/67/Andrea_del_castagno,_momumento_a_niccolò_da_tolentino.jpg"/>
    <rdfs:comment xml:lang="it">Il Monumento equestre a Niccolò da Tolentino è un affresco (833x512 cm) di Andrea del Castagno del 1456, situato nella parete interna sinistra del Duomo di Firenze. L'opera fa pendant al vicino Monumento equestre a Giovanni Acuto di Paolo Uccello.</rdfs:comment>
    <rdfs:comment xml:lang="en">The Equestrian Statue of Niccolò da Tolentino is a fresco painting by the Italian early Renaissance master Andrea del Castagno, executed in 1456. It is housed in the Florence Cathedral, Italy. Located on the left internal wall of the church, it pairs the adjacent Equestrian Statue of John Hawkwood by Paolo Uccello (1436).</rdfs:comment>
    <foaf:name xml:lang="en">Equestrian statue of Niccolò da Tolentino</foaf:name>
    <dbpedia-owl:thumbnail rdf:resource="http://upload.wikimedia.org/wikipedia/commons/thumb/6/67/Andrea_del_castagno,_momumento_a_niccolò_da_tolentino.jpg/200px-Andrea_del_castagno,_momumento_a_niccolò_da_tolentino.jpg"/>
    <dbpprop:artist rdf:resource="http://dbpedia.org/resource/Andrea_del_Castagno"/>
    <dbpprop:city rdf:resource="http://dbpedia.org/resource/Florence"/>
    <dbpprop:height rdf:datatype="http://www.w3.org/2001/XMLSchema#integer">833</dbpprop:height>
    <dbpprop:imageFile xml:lang="en">Andrea del castagno, momumento a niccolò da tolentino.jpg</dbpprop:imageFile>
    <dbpprop:imageSize rdf:datatype="http://www.w3.org/2001/XMLSchema#integer">300</dbpprop:imageSize>
    <dbpprop:museum rdf:resource="http://dbpedia.org/resource/Florence_Cathedral"/>
    <dbpprop:title xml:lang="en">Equestrian statue of Niccolò da Tolentino</dbpprop:title>
    <dbpprop:type xml:lang="en">Fresco</dbpprop:type>
    <dbpprop:width rdf:datatype="http://www.w3.org/2001/XMLSchema#integer">512</dbpprop:width>
    <dbpprop:year rdf:datatype="http://www.w3.org/2001/XMLSchema#integer">1456</dbpprop:year>
    <foaf:isPrimaryTopicOf rdf:resource="http://en.wikipedia.org/wiki/Equestrian_Statue_of_Niccolò_da_Tolentino"/>
    <ns7:wasDerivedFrom rdf:resource="http://en.wikipedia.org/wiki/Equestrian_Statue_of_Niccolò_da_Tolentino?oldid=546223490"/>
    <dbpprop:hasPhotoCollection rdf:resource="http://wifo5-03.informatik.uni-mannheim.de/flickrwrappr/photos/Equestrian_Statue_of_Niccolò_da_Tolentino"/>
  </rdf:Description>
  <rdf:Description rdf:about="http://dbpedia.org/resource/Equestrian_Monument_to_Niccol%C3%B2_da_Tolentino">
    <dbpedia-owl:wikiPageRedirects rdf:resource="http://dbpedia.org/resource/Equestrian_Statue_of_Niccol%C3%B2_da_Tolentino"/>
  </rdf:Description>
  <rdf:Description rdf:about="http://dbpedia.org/resource/Equestrian_monument_to_Niccol%C3%B2_da_Tolentino">
    <dbpedia-owl:wikiPageRedirects rdf:resource="http://dbpedia.org/resource/Equestrian_Statue_of_Niccol%C3%B2_da_Tolentino"/>
  </rdf:Description>
  <rdf:Description rdf:about="http://dbpedia.org/resource/Equestrian_Statue_of_Niccolo_da_Tolentino">
    <dbpedia-owl:wikiPageRedirects rdf:resource="http://dbpedia.org/resource/Equestrian_Statue_of_Niccol%C3%B2_da_Tolentino"/>
  </rdf:Description>
</rdf:RDF>
