<rdf:RDF xmlns:ns7="http://www.w3.org/ns/prov#" xmlns:dbpprop="http://dbpedia.org/property/" xmlns:foaf="http://xmlns.com/foaf/0.1/" xmlns:dbpedia-owl="http://dbpedia.org/ontology/" xmlns:dcterms="http://purl.org/dc/terms/" xmlns:owl="http://www.w3.org/2002/07/owl#" xmlns:rdfs="http://www.w3.org/2000/01/rdf-schema#" xmlns:rdf="http://www.w3.org/1999/02/22-rdf-syntax-ns#">
  <rdf:Description rdf:about="http://dbpedia.org/resource/España_y_Filipinas">
    <owl:sameAs rdf:resource="http://dbpedia.org/resource/Espa%C3%B1a_y_Filipinas"/>
  </rdf:Description>
  <rdf:Description rdf:about="http://en.wikipedia.org/wiki/España_y_Filipinas">
    <foaf:primaryTopic rdf:resource="http://dbpedia.org/resource/Espa%C3%B1a_y_Filipinas"/>
  </rdf:Description>
  <rdf:Description rdf:about="http://dbpedia.org/resource/Espa%C3%B1a_y_Filipinas">
    <rdf:type rdf:resource="http://dbpedia.org/ontology/Work"/>
    <rdf:type rdf:resource="http://dbpedia.org/class/yago/Whole100003553"/>
    <rdf:type rdf:resource="http://dbpedia.org/class/yago/GraphicArt103453809"/>
    <rdf:type rdf:resource="http://dbpedia.org/class/yago/Art102743547"/>
    <rdf:type rdf:resource="http://www.w3.org/2002/07/owl#Thing"/>
    <rdf:type rdf:resource="http://dbpedia.org/class/yago/Creation103129123"/>
    <rdf:type rdf:resource="http://dbpedia.org/class/yago/Painting103876519"/>
    <rdf:type rdf:resource="http://dbpedia.org/class/yago/PhysicalEntity100001930"/>
    <rdf:type rdf:resource="http://dbpedia.org/class/yago/1886Paintings"/>
    <rdf:type rdf:resource="http://dbpedia.org/class/yago/Artifact100021939"/>
    <rdf:type rdf:resource="http://dbpedia.org/class/yago/PaintingsByJuanLuna"/>
    <rdf:type rdf:resource="http://schema.org/CreativeWork"/>
    <rdf:type rdf:resource="http://dbpedia.org/class/yago/Object100002684"/>
    <rdf:type rdf:resource="http://dbpedia.org/ontology/Artwork"/>
    <owl:sameAs rdf:resource="http://www.wikidata.org/entity/Q5398744"/>
    <owl:sameAs rdf:resource="http://yago-knowledge.org/resource/España_y_Filipinas"/>
    <owl:sameAs rdf:resource="http://rdf.freebase.com/ns/m.05sx_cw"/>
    <owl:sameAs rdf:resource="http://dbpedia.org/resource/Espa%C3%B1a_y_Filipinas"/>
    <dcterms:subject rdf:resource="http://dbpedia.org/resource/Category:Spanish_colonial_period_in_the_Philippines"/>
    <dcterms:subject rdf:resource="http://dbpedia.org/resource/Category:1886_paintings"/>
    <dcterms:subject rdf:resource="http://dbpedia.org/resource/Category:Paintings_by_Juan_Luna"/>
    <dbpedia-owl:abstract xml:lang="en">España y Filipinas, meaning “Spain and the Philippines” in translation, is an 1886 oil on wood by Filipino painter, ilustrado, propagandist, and paladin, Juan Luna. It is an allegorical depiction of two women together, one a representation of Spain and the other of the Philippines. The painting, also known as España Guiando a Filipinas ("Spain Leading the Philippines"), is regarded as one of the “enduring pieces of legacy” that the Filipinos inherited from Luna. The painting is a centerpiece art at the Luna Hall of the Lopez Memorial Museum.</dbpedia-owl:abstract>
    <dbpedia-owl:author rdf:resource="http://dbpedia.org/resource/Juan_Luna"/>
    <dbpedia-owl:museum rdf:resource="http://dbpedia.org/resource/Lopez_Museum"/>
    <dbpedia-owl:wikiPageID rdf:datatype="http://www.w3.org/2001/XMLSchema#integer">26446583</dbpedia-owl:wikiPageID>
    <dbpedia-owl:wikiPageRevisionID rdf:datatype="http://www.w3.org/2001/XMLSchema#integer">527580131</dbpedia-owl:wikiPageRevisionID>
    <rdfs:label xml:lang="en">España y Filipinas</rdfs:label>
    <foaf:depiction rdf:resource="http://upload.wikimedia.org/wikipedia/commons/e/e1/Espana_y_Filipinas_by_Juan_Luna.jpg"/>
    <rdfs:comment xml:lang="en">España y Filipinas, meaning “Spain and the Philippines” in translation, is an 1886 oil on wood by Filipino painter, ilustrado, propagandist, and paladin, Juan Luna. It is an allegorical depiction of two women together, one a representation of Spain and the other of the Philippines. The painting, also known as España Guiando a Filipinas ("Spain Leading the Philippines"), is regarded as one of the “enduring pieces of legacy” that the Filipinos inherited from Luna.</rdfs:comment>
    <foaf:name xml:lang="en">España y Filipinas</foaf:name>
    <dbpedia-owl:thumbnail rdf:resource="http://upload.wikimedia.org/wikipedia/commons/thumb/e/e1/Espana_y_Filipinas_by_Juan_Luna.jpg/200px-Espana_y_Filipinas_by_Juan_Luna.jpg"/>
    <dbpedia-owl:wikiPageExternalLink rdf:resource="http://www.lopez-museum.org/collections/collections_juanluna.html"/>
    <dbpedia-owl:wikiPageExternalLink rdf:resource="http://www.flickr.com/photos/diamonds_in_the_soles_of_her_shoes/545503457/in/set-72157600119021830/"/>
    <dbpedia-owl:wikiPageExternalLink rdf:resource="http://www.flickr.com/photos/diamonds_in_the_soles_of_her_shoes/sets/72157600119021830/"/>
    <dbpprop:artist xml:lang="en">Juan Luna</dbpprop:artist>
    <dbpprop:museum xml:lang="en">Lopez Memorial Museum</dbpprop:museum>
    <dbpprop:title xml:lang="en">España y Filipinas</dbpprop:title>
    <dbpprop:type xml:lang="en">oil on canvas</dbpprop:type>
    <dbpprop:year rdf:datatype="http://www.w3.org/2001/XMLSchema#integer">1886</dbpprop:year>
    <foaf:isPrimaryTopicOf rdf:resource="http://en.wikipedia.org/wiki/España_y_Filipinas"/>
    <ns7:wasDerivedFrom rdf:resource="http://en.wikipedia.org/wiki/España_y_Filipinas?oldid=527580131"/>
    <dbpprop:hasPhotoCollection rdf:resource="http://wifo5-03.informatik.uni-mannheim.de/flickrwrappr/photos/España_y_Filipinas"/>
  </rdf:Description>
  <rdf:Description rdf:about="http://dbpedia.org/resource/Espana_Guiando_a_Filipinas">
    <dbpedia-owl:wikiPageRedirects rdf:resource="http://dbpedia.org/resource/Espa%C3%B1a_y_Filipinas"/>
  </rdf:Description>
  <rdf:Description rdf:about="http://dbpedia.org/resource/Espana_y_Filipinas">
    <dbpedia-owl:wikiPageRedirects rdf:resource="http://dbpedia.org/resource/Espa%C3%B1a_y_Filipinas"/>
  </rdf:Description>
  <rdf:Description rdf:about="http://dbpedia.org/resource/Espanya_y_Filipinas">
    <dbpedia-owl:wikiPageRedirects rdf:resource="http://dbpedia.org/resource/Espa%C3%B1a_y_Filipinas"/>
  </rdf:Description>
  <rdf:Description rdf:about="http://dbpedia.org/resource/Spain_Leading_the_Philippines">
    <dbpedia-owl:wikiPageRedirects rdf:resource="http://dbpedia.org/resource/Espa%C3%B1a_y_Filipinas"/>
  </rdf:Description>
  <rdf:Description rdf:about="http://dbpedia.org/resource/Espa%C3%B1a_Guiando_a_Filipinas">
    <dbpedia-owl:wikiPageRedirects rdf:resource="http://dbpedia.org/resource/Espa%C3%B1a_y_Filipinas"/>
  </rdf:Description>
</rdf:RDF>
