<rdf:RDF xmlns:ns7="http://www.w3.org/ns/prov#" xmlns:dbpprop="http://dbpedia.org/property/" xmlns:foaf="http://xmlns.com/foaf/0.1/" xmlns:dbpedia-owl="http://dbpedia.org/ontology/" xmlns:dcterms="http://purl.org/dc/terms/" xmlns:owl="http://www.w3.org/2002/07/owl#" xmlns:rdfs="http://www.w3.org/2000/01/rdf-schema#" xmlns:rdf="http://www.w3.org/1999/02/22-rdf-syntax-ns#">
  <rdf:Description rdf:about="http://dbpedia.org/resource/Esterhazy_Madonna">
    <rdf:type rdf:resource="http://dbpedia.org/class/yago/GraphicArt103453809"/>
    <rdf:type rdf:resource="http://dbpedia.org/class/yago/PhysicalEntity100001930"/>
    <rdf:type rdf:resource="http://dbpedia.org/class/yago/Object100002684"/>
    <rdf:type rdf:resource="http://dbpedia.org/class/yago/Artifact100021939"/>
    <rdf:type rdf:resource="http://dbpedia.org/ontology/Artwork"/>
    <rdf:type rdf:resource="http://dbpedia.org/class/yago/1508Paintings"/>
    <rdf:type rdf:resource="http://schema.org/CreativeWork"/>
    <rdf:type rdf:resource="http://dbpedia.org/ontology/Work"/>
    <rdf:type rdf:resource="http://dbpedia.org/class/yago/Creation103129123"/>
    <rdf:type rdf:resource="http://www.w3.org/2002/07/owl#Thing"/>
    <rdf:type rdf:resource="http://dbpedia.org/class/yago/Whole100003553"/>
    <rdf:type rdf:resource="http://dbpedia.org/class/yago/Painting103876519"/>
    <rdf:type rdf:resource="http://dbpedia.org/class/yago/Art102743547"/>
    <owl:sameAs rdf:resource="http://rdf.freebase.com/ns/m.05h40nw"/>
    <owl:sameAs rdf:resource="http://br.dbpedia.org/resource/Madonna_Esterhazy"/>
    <owl:sameAs rdf:resource="http://yago-knowledge.org/resource/Esterhazy_Madonna"/>
    <owl:sameAs rdf:resource="http://az.dbpedia.org/resource/Madonna_Esterxazi"/>
    <owl:sameAs rdf:resource="http://it.dbpedia.org/resource/Madonna_Esterhazy"/>
    <owl:sameAs rdf:resource="http://fr.dbpedia.org/resource/La_Madone_Esterházy"/>
    <owl:sameAs rdf:resource="http://dbpedia.org/resource/Esterhazy_Madonna"/>
    <owl:sameAs rdf:resource="http://www.wikidata.org/entity/Q2283808"/>
    <dcterms:subject rdf:resource="http://dbpedia.org/resource/Category:Nude_art"/>
    <dcterms:subject rdf:resource="http://dbpedia.org/resource/Category:1508_paintings"/>
    <dcterms:subject rdf:resource="http://dbpedia.org/resource/Category:Raphael_Madonnas"/>
    <dcterms:subject rdf:resource="http://dbpedia.org/resource/Category:Collections_of_the_Museum_of_Fine_Arts_(Budapest)"/>
    <dbpedia-owl:abstract xml:lang="it">La Madonna Esterhazy è un dipinto a olio su tela (29x21,5 cm) di Raffaello Sanzio, databile al 1508 e conservato nello Szépművészeti Múzeum di Budapest.</dbpedia-owl:abstract>
    <dbpedia-owl:abstract xml:lang="fr">La Madone Esterházy ou La Vierge et l’Enfant avec le petit saint Jean est une peinture religieuse de Raphaël. Le tableau, resté inachevé, est actuellement exposé au musée des beaux-arts de Budapest en Hongrie.</dbpedia-owl:abstract>
    <dbpedia-owl:abstract xml:lang="en">The Esterhazy Madonna is a 1508 painting by Raphael, held at the Museum of Fine Arts in Budapest, in Hungary. It was stolen on the night of 5 November 1983, along with other works by Raphael, Giorgione, Tintoretto and Tiepolo - all the works, including this one, were recovered by the Italian Carabinieri in an abandoned Greek convent near Aigio.</dbpedia-owl:abstract>
    <dbpedia-owl:author rdf:resource="http://dbpedia.org/resource/Raphael"/>
    <dbpedia-owl:museum rdf:resource="http://dbpedia.org/resource/Museum_of_Fine_Arts_(Budapest)"/>
    <dbpedia-owl:wikiPageID rdf:datatype="http://www.w3.org/2001/XMLSchema#integer">21478231</dbpedia-owl:wikiPageID>
    <dbpedia-owl:wikiPageRevisionID rdf:datatype="http://www.w3.org/2001/XMLSchema#integer">545248611</dbpedia-owl:wikiPageRevisionID>
    <rdfs:label xml:lang="it">Madonna Esterhazy</rdfs:label>
    <rdfs:label xml:lang="en">Esterhazy Madonna</rdfs:label>
    <rdfs:label xml:lang="fr">La Madone Esterházy</rdfs:label>
    <foaf:depiction rdf:resource="http://upload.wikimedia.org/wikipedia/commons/2/23/Raffael_029.jpg"/>
    <rdfs:comment xml:lang="en">The Esterhazy Madonna is a 1508 painting by Raphael, held at the Museum of Fine Arts in Budapest, in Hungary. It was stolen on the night of 5 November 1983, along with other works by Raphael, Giorgione, Tintoretto and Tiepolo - all the works, including this one, were recovered by the Italian Carabinieri in an abandoned Greek convent near Aigio.</rdfs:comment>
    <rdfs:comment xml:lang="it">La Madonna Esterhazy è un dipinto a olio su tela (29x21,5 cm) di Raffaello Sanzio, databile al 1508 e conservato nello Szépművészeti Múzeum di Budapest.</rdfs:comment>
    <rdfs:comment xml:lang="fr">La Madone Esterházy ou La Vierge et l’Enfant avec le petit saint Jean est une peinture religieuse de Raphaël. Le tableau, resté inachevé, est actuellement exposé au musée des beaux-arts de Budapest en Hongrie.</rdfs:comment>
    <foaf:name xml:lang="en">Esterhazy Madonna</foaf:name>
    <dbpedia-owl:thumbnail rdf:resource="http://upload.wikimedia.org/wikipedia/commons/thumb/2/23/Raffael_029.jpg/200px-Raffael_029.jpg"/>
    <dbpprop:artist xml:lang="en">Raphael</dbpprop:artist>
    <dbpprop:city rdf:resource="http://dbpedia.org/resource/Budapest"/>
    <dbpprop:height rdf:datatype="http://www.w3.org/2001/XMLSchema#integer">29</dbpprop:height>
    <dbpprop:imageFile xml:lang="en">Raffael 029.jpg</dbpprop:imageFile>
    <dbpprop:museum rdf:resource="http://dbpedia.org/resource/Museum_of_Fine_Arts_(Budapest)"/>
    <dbpprop:title xml:lang="en">Esterhazy Madonna</dbpprop:title>
    <dbpprop:type xml:lang="en">oil on canvas</dbpprop:type>
    <dbpprop:width rdf:datatype="http://www.w3.org/2001/XMLSchema#double">21.5</dbpprop:width>
    <dbpprop:year rdf:datatype="http://www.w3.org/2001/XMLSchema#integer">1508</dbpprop:year>
    <foaf:isPrimaryTopicOf rdf:resource="http://en.wikipedia.org/wiki/Esterhazy_Madonna"/>
    <ns7:wasDerivedFrom rdf:resource="http://en.wikipedia.org/wiki/Esterhazy_Madonna?oldid=545248611"/>
    <dbpprop:hasPhotoCollection rdf:resource="http://wifo5-03.informatik.uni-mannheim.de/flickrwrappr/photos/Esterhazy_Madonna"/>
  </rdf:Description>
  <rdf:Description rdf:about="http://it.dbpedia.org/resource/Madonna_Esterhazy">
    <owl:sameAs rdf:resource="http://dbpedia.org/resource/Esterhazy_Madonna"/>
  </rdf:Description>
  <rdf:Description rdf:about="http://en.wikipedia.org/wiki/Esterhazy_Madonna">
    <foaf:primaryTopic rdf:resource="http://dbpedia.org/resource/Esterhazy_Madonna"/>
  </rdf:Description>
  <rdf:Description rdf:about="http://fr.dbpedia.org/resource/La_Madone_Esterházy">
    <owl:sameAs rdf:resource="http://dbpedia.org/resource/Esterhazy_Madonna"/>
  </rdf:Description>
  <rdf:Description rdf:about="http://wikidata.dbpedia.org/resource/Q2283808">
    <owl:sameAs rdf:resource="http://dbpedia.org/resource/Esterhazy_Madonna"/>
  </rdf:Description>
  <rdf:Description rdf:about="http://az.dbpedia.org/resource/Madonna_Esterxazi">
    <owl:sameAs rdf:resource="http://dbpedia.org/resource/Esterhazy_Madonna"/>
  </rdf:Description>
  <rdf:Description rdf:about="http://br.dbpedia.org/resource/Madonna_Esterhazy">
    <owl:sameAs rdf:resource="http://dbpedia.org/resource/Esterhazy_Madonna"/>
  </rdf:Description>
</rdf:RDF>
