<rdf:RDF xmlns:ns7="http://www.w3.org/ns/prov#" xmlns:foaf="http://xmlns.com/foaf/0.1/" xmlns:dbpprop="http://dbpedia.org/property/" xmlns:dbpedia-owl="http://dbpedia.org/ontology/" xmlns:dcterms="http://purl.org/dc/terms/" xmlns:owl="http://www.w3.org/2002/07/owl#" xmlns:rdfs="http://www.w3.org/2000/01/rdf-schema#" xmlns:rdf="http://www.w3.org/1999/02/22-rdf-syntax-ns#">
  <rdf:Description rdf:about="http://dbpedia.org/resource/Events_in_the_Life_of_Harold_Washington">
    <rdf:type rdf:resource="http://dbpedia.org/class/yago/GraphicArt103453809"/>
    <rdf:type rdf:resource="http://dbpedia.org/class/yago/Murals"/>
    <rdf:type rdf:resource="http://dbpedia.org/class/yago/Artifact100021939"/>
    <rdf:type rdf:resource="http://dbpedia.org/class/yago/Art102743547"/>
    <rdf:type rdf:resource="http://dbpedia.org/class/yago/Creation103129123"/>
    <rdf:type rdf:resource="http://dbpedia.org/class/yago/Object100002684"/>
    <rdf:type rdf:resource="http://dbpedia.org/class/yago/Painting103876519"/>
    <rdf:type rdf:resource="http://dbpedia.org/class/yago/Whole100003553"/>
    <rdf:type rdf:resource="http://dbpedia.org/class/yago/Mural103799710"/>
    <rdf:type rdf:resource="http://dbpedia.org/class/yago/PhysicalEntity100001930"/>
    <owl:sameAs rdf:resource="http://www.wikidata.org/entity/Q5416775"/>
    <owl:sameAs rdf:resource="http://yago-knowledge.org/resource/Events_in_the_Life_of_Harold_Washington"/>
    <owl:sameAs rdf:resource="http://dbpedia.org/resource/Events_in_the_Life_of_Harold_Washington"/>
    <owl:sameAs rdf:resource="http://rdf.freebase.com/ns/m.09gcrmz"/>
    <dcterms:subject rdf:resource="http://dbpedia.org/resource/Category:Culture_of_Chicago,_Illinois"/>
    <dcterms:subject rdf:resource="http://dbpedia.org/resource/Category:Murals"/>
    <dbpedia-owl:abstract xml:lang="en">Events in the Life of Harold Washington is a mural at Chicago’s central library, the Harold Washington Library, named after Harold Washington, who was Chicago’s first Black mayor, by Jacob Lawrence commissioned in 1991. As much as the mural’s message may seem self-explanatory, depicting the various accomplishments of the late-Washington, this mural does not exist as only a commemoration of his life. In an effort to evoke inspiration and empowering progressive recollection, Jacob Lawrence’s mural, Events in the Life of Harold Washington, highlights and patronizes the African diasporic population’s victory against the white power structure of Twentieth Century Chicago while embodying the artist’s lifelong examination of the meaning of Black progress and struggle.</dbpedia-owl:abstract>
    <dbpedia-owl:wikiPageID rdf:datatype="http://www.w3.org/2001/XMLSchema#integer">25317212</dbpedia-owl:wikiPageID>
    <dbpedia-owl:wikiPageRevisionID rdf:datatype="http://www.w3.org/2001/XMLSchema#integer">548336215</dbpedia-owl:wikiPageRevisionID>
    <rdfs:label xml:lang="en">Events in the Life of Harold Washington</rdfs:label>
    <rdfs:comment xml:lang="en">Events in the Life of Harold Washington is a mural at Chicago’s central library, the Harold Washington Library, named after Harold Washington, who was Chicago’s first Black mayor, by Jacob Lawrence commissioned in 1991. As much as the mural’s message may seem self-explanatory, depicting the various accomplishments of the late-Washington, this mural does not exist as only a commemoration of his life.</rdfs:comment>
    <dbpprop:date xml:lang="en">April 2013</dbpprop:date>
    <dbpprop:details xml:lang="en">In particular, the article has three sections, but just one sentence on the the nominal subject of the article  in the first two sections.</dbpprop:details>
    <foaf:isPrimaryTopicOf rdf:resource="http://en.wikipedia.org/wiki/Events_in_the_Life_of_Harold_Washington"/>
    <ns7:wasDerivedFrom rdf:resource="http://en.wikipedia.org/wiki/Events_in_the_Life_of_Harold_Washington?oldid=548336215"/>
    <dbpprop:hasPhotoCollection rdf:resource="http://wifo5-03.informatik.uni-mannheim.de/flickrwrappr/photos/Events_in_the_Life_of_Harold_Washington"/>
  </rdf:Description>
  <rdf:Description rdf:about="http://en.wikipedia.org/wiki/Events_in_the_Life_of_Harold_Washington">
    <foaf:primaryTopic rdf:resource="http://dbpedia.org/resource/Events_in_the_Life_of_Harold_Washington"/>
  </rdf:Description>
  <rdf:Description rdf:about="http://wikidata.dbpedia.org/resource/Q5416775">
    <owl:sameAs rdf:resource="http://dbpedia.org/resource/Events_in_the_Life_of_Harold_Washington"/>
  </rdf:Description>
</rdf:RDF>
