<rdf:RDF xmlns:dbpprop="http://dbpedia.org/property/" xmlns:ns6="http://www.w3.org/ns/prov#" xmlns:foaf="http://xmlns.com/foaf/0.1/" xmlns:dbpedia-owl="http://dbpedia.org/ontology/" xmlns:dcterms="http://purl.org/dc/terms/" xmlns:owl="http://www.w3.org/2002/07/owl#" xmlns:rdfs="http://www.w3.org/2000/01/rdf-schema#" xmlns:rdf="http://www.w3.org/1999/02/22-rdf-syntax-ns#">
  <rdf:Description rdf:about="http://dbpedia.org/resource/Evening_Mood">
    <rdf:type rdf:resource="http://dbpedia.org/class/yago/Creation103129123"/>
    <rdf:type rdf:resource="http://dbpedia.org/class/yago/Whole100003553"/>
    <rdf:type rdf:resource="http://dbpedia.org/class/yago/Object100002684"/>
    <rdf:type rdf:resource="http://dbpedia.org/class/yago/PhysicalEntity100001930"/>
    <rdf:type rdf:resource="http://dbpedia.org/class/yago/Art102743547"/>
    <rdf:type rdf:resource="http://dbpedia.org/class/yago/PaintingsByWilliam-AdolpheBouguereau"/>
    <rdf:type rdf:resource="http://dbpedia.org/class/yago/Artifact100021939"/>
    <rdf:type rdf:resource="http://dbpedia.org/class/yago/Painting103876519"/>
    <rdf:type rdf:resource="http://dbpedia.org/class/yago/GraphicArt103453809"/>
    <rdf:type rdf:resource="http://dbpedia.org/class/yago/1882Paintings"/>
    <owl:sameAs rdf:resource="http://www.wikidata.org/entity/Q1022046"/>
    <owl:sameAs rdf:resource="http://tl.dbpedia.org/resource/Panggabing_Kalagayan_ng_Kalooban"/>
    <owl:sameAs rdf:resource="http://zh.dbpedia.org/resource/暮色心境"/>
    <owl:sameAs rdf:resource="http://dbpedia.org/resource/Evening_Mood"/>
    <owl:sameAs rdf:resource="http://az.dbpedia.org/resource/Axşam_ovqatı_(Buqro)"/>
    <owl:sameAs rdf:resource="http://rdf.freebase.com/ns/m.02vvkw"/>
    <owl:sameAs rdf:resource="http://yago-knowledge.org/resource/Evening_Mood"/>
    <dcterms:subject rdf:resource="http://dbpedia.org/resource/Category:1882_paintings"/>
    <dcterms:subject rdf:resource="http://dbpedia.org/resource/Category:Paintings_by_William-Adolphe_Bouguereau"/>
    <dbpedia-owl:abstract xml:lang="en">Evening Mood (Humeur Nocturne) is an allegorical painting created by artist William-Adolphe Bouguereau in 1882. This painting is part of the world's art collection of the Havana's Museum of Fine Arts, in Cuba.</dbpedia-owl:abstract>
    <dbpedia-owl:abstract xml:lang="zh">《暮色心境》（法文：Le crepuscule, 英文：Evening Mood 又译 Twilight）是法国画家威廉·阿道夫·布格罗创作于1882年的一副油画。现为私人收藏。</dbpedia-owl:abstract>
    <dbpedia-owl:wikiPageID rdf:datatype="http://www.w3.org/2001/XMLSchema#integer">606127</dbpedia-owl:wikiPageID>
    <dbpedia-owl:wikiPageRevisionID rdf:datatype="http://www.w3.org/2001/XMLSchema#integer">542520303</dbpedia-owl:wikiPageRevisionID>
    <rdfs:label xml:lang="zh">暮色心境</rdfs:label>
    <rdfs:label xml:lang="en">Evening Mood</rdfs:label>
    <foaf:depiction rdf:resource="http://upload.wikimedia.org/wikipedia/commons/1/17/Bouguereau-Evening_Mood_1882.jpg"/>
    <rdfs:comment xml:lang="zh">《暮色心境》（法文：Le crepuscule, 英文：Evening Mood 又译 Twilight）是法国画家威廉·阿道夫·布格罗创作于1882年的一副油画。现为私人收藏。</rdfs:comment>
    <rdfs:comment xml:lang="en">Evening Mood (Humeur Nocturne) is an allegorical painting created by artist William-Adolphe Bouguereau in 1882. This painting is part of the world's art collection of the Havana's Museum of Fine Arts, in Cuba.</rdfs:comment>
    <dbpedia-owl:thumbnail rdf:resource="http://upload.wikimedia.org/wikipedia/commons/thumb/1/17/Bouguereau-Evening_Mood_1882.jpg/200px-Bouguereau-Evening_Mood_1882.jpg"/>
    <dbpedia-owl:wikiPageExternalLink rdf:resource="http://www.ibiblio.org/wm/paint/auth/bouguereau/"/>
    <foaf:isPrimaryTopicOf rdf:resource="http://en.wikipedia.org/wiki/Evening_Mood"/>
    <ns6:wasDerivedFrom rdf:resource="http://en.wikipedia.org/wiki/Evening_Mood?oldid=542520303"/>
    <dbpprop:hasPhotoCollection rdf:resource="http://wifo5-03.informatik.uni-mannheim.de/flickrwrappr/photos/Evening_Mood"/>
  </rdf:Description>
  <rdf:Description rdf:about="http://dbpedia.org/resource/Dusk,_Bouguereau">
    <dbpedia-owl:wikiPageRedirects rdf:resource="http://dbpedia.org/resource/Evening_Mood"/>
  </rdf:Description>
  <rdf:Description rdf:about="http://en.wikipedia.org/wiki/Evening_Mood">
    <foaf:primaryTopic rdf:resource="http://dbpedia.org/resource/Evening_Mood"/>
  </rdf:Description>
  <rdf:Description rdf:about="http://wikidata.dbpedia.org/resource/Q1022046">
    <owl:sameAs rdf:resource="http://dbpedia.org/resource/Evening_Mood"/>
  </rdf:Description>
  <rdf:Description rdf:about="http://zh.dbpedia.org/resource/暮色心境">
    <owl:sameAs rdf:resource="http://dbpedia.org/resource/Evening_Mood"/>
  </rdf:Description>
  <rdf:Description rdf:about="http://az.dbpedia.org/resource/Axşam_ovqatı_(Buqro)">
    <owl:sameAs rdf:resource="http://dbpedia.org/resource/Evening_Mood"/>
  </rdf:Description>
  <rdf:Description rdf:about="http://tl.dbpedia.org/resource/Panggabing_Kalagayan_ng_Kalooban">
    <owl:sameAs rdf:resource="http://dbpedia.org/resource/Evening_Mood"/>
  </rdf:Description>
</rdf:RDF>
