<rdf:RDF xmlns:ns7="http://www.w3.org/ns/prov#" xmlns:dbpprop="http://dbpedia.org/property/" xmlns:foaf="http://xmlns.com/foaf/0.1/" xmlns:dbpedia-owl="http://dbpedia.org/ontology/" xmlns:dcterms="http://purl.org/dc/terms/" xmlns:owl="http://www.w3.org/2002/07/owl#" xmlns:rdfs="http://www.w3.org/2000/01/rdf-schema#" xmlns:rdf="http://www.w3.org/1999/02/22-rdf-syntax-ns#">
  <rdf:Description rdf:about="http://dbpedia.org/resource/Execution_(painting)">
    <rdf:type rdf:resource="http://dbpedia.org/class/yago/Art102743547"/>
    <rdf:type rdf:resource="http://dbpedia.org/class/yago/PhysicalEntity100001930"/>
    <rdf:type rdf:resource="http://schema.org/CreativeWork"/>
    <rdf:type rdf:resource="http://www.w3.org/2002/07/owl#Thing"/>
    <rdf:type rdf:resource="http://dbpedia.org/class/yago/Object100002684"/>
    <rdf:type rdf:resource="http://dbpedia.org/class/yago/Artifact100021939"/>
    <rdf:type rdf:resource="http://dbpedia.org/ontology/Work"/>
    <rdf:type rdf:resource="http://dbpedia.org/class/yago/ChinesePaintings"/>
    <rdf:type rdf:resource="http://dbpedia.org/class/yago/Painting103876519"/>
    <rdf:type rdf:resource="http://dbpedia.org/class/yago/Whole100003553"/>
    <rdf:type rdf:resource="http://dbpedia.org/class/yago/Creation103129123"/>
    <rdf:type rdf:resource="http://dbpedia.org/class/yago/GraphicArt103453809"/>
    <rdf:type rdf:resource="http://dbpedia.org/ontology/Artwork"/>
    <owl:sameAs rdf:resource="http://dbpedia.org/resource/Execution_(painting)"/>
    <owl:sameAs rdf:resource="http://zh.dbpedia.org/resource/處決_(油畫)"/>
    <owl:sameAs rdf:resource="http://rdf.freebase.com/ns/m.03cglxd"/>
    <owl:sameAs rdf:resource="http://fr.dbpedia.org/resource/Execution_(tableau)"/>
    <owl:sameAs rdf:resource="http://www.wikidata.org/entity/Q3061886"/>
    <owl:sameAs rdf:resource="http://yago-knowledge.org/resource/Execution_(painting)"/>
    <dcterms:subject rdf:resource="http://dbpedia.org/resource/Category:Chinese_paintings"/>
    <dcterms:subject rdf:resource="http://dbpedia.org/resource/Category:Tiananmen_Square_protests_of_1989"/>
    <dbpedia-owl:abstract xml:lang="en">Execution is a Chinese art painting by Beijing artist Yue Minjun. The piece was inspired by the Tiananmen Square protests of 1989, although the artist stated through translation that the art should not be viewed as depicting what happened at Tiananmen Square. In 2007 it became the most expensive work sold by a Chinese contemporary artist.</dbpedia-owl:abstract>
    <dbpedia-owl:abstract xml:lang="zh">《处决》是中国艺术家岳敏君创作的一幅油画作品，以1989年六四事件作为其创作来源。2007年10月12日，此作品在伦敦苏富比以293万欧元（合4400万人民币）的价格被拍卖，创下了中国当代艺术拍卖的最高纪录。 对这幅作品，岳敏君自己认为他思考的是“为什么人类在解决自身问题的时候都要采取一种暴力的方式”。因此，他画中的人物即便对着枪都保持笑脸，同时刽子手手上也没有真正的枪。</dbpedia-owl:abstract>
    <dbpedia-owl:abstract xml:lang="fr">Execution est un tableau du peintre chinois Yue Minjun réalisé en 1995. Cette peinture à l'huile représente l'exécution par fusillade de quatre Chinois qui, dans le style typique de l'artiste, sont représentés hilares.</dbpedia-owl:abstract>
    <dbpedia-owl:author rdf:resource="http://dbpedia.org/resource/Yue_Minjun"/>
    <dbpedia-owl:wikiPageID rdf:datatype="http://www.w3.org/2001/XMLSchema#integer">13734491</dbpedia-owl:wikiPageID>
    <dbpedia-owl:wikiPageRevisionID rdf:datatype="http://www.w3.org/2001/XMLSchema#integer">544998199</dbpedia-owl:wikiPageRevisionID>
    <rdfs:label xml:lang="fr">Execution (tableau)</rdfs:label>
    <rdfs:label xml:lang="zh">處決 (油畫)</rdfs:label>
    <rdfs:label xml:lang="en">Execution (painting)</rdfs:label>
    <foaf:depiction rdf:resource="http://upload.wikimedia.org/wikipedia/commons/5/5f/Chineseart_Executionpainting.jpg"/>
    <rdfs:comment xml:lang="zh">《处决》是中国艺术家岳敏君创作的一幅油画作品，以1989年六四事件作为其创作来源。2007年10月12日，此作品在伦敦苏富比以293万欧元（合4400万人民币）的价格被拍卖，创下了中国当代艺术拍卖的最高纪录。 对这幅作品，岳敏君自己认为他思考的是“为什么人类在解决自身问题的时候都要采取一种暴力的方式”。因此，他画中的人物即便对着枪都保持笑脸，同时刽子手手上也没有真正的枪。</rdfs:comment>
    <rdfs:comment xml:lang="fr">Execution est un tableau du peintre chinois Yue Minjun réalisé en 1995. Cette peinture à l'huile représente l'exécution par fusillade de quatre Chinois qui, dans le style typique de l'artiste, sont représentés hilares.</rdfs:comment>
    <rdfs:comment xml:lang="en">Execution is a Chinese art painting by Beijing artist Yue Minjun. The piece was inspired by the Tiananmen Square protests of 1989, although the artist stated through translation that the art should not be viewed as depicting what happened at Tiananmen Square. In 2007 it became the most expensive work sold by a Chinese contemporary artist.</rdfs:comment>
    <foaf:name xml:lang="en">Execution</foaf:name>
    <dbpedia-owl:thumbnail rdf:resource="http://upload.wikimedia.org/wikipedia/commons/thumb/5/5f/Chineseart_Executionpainting.jpg/200px-Chineseart_Executionpainting.jpg"/>
    <dbpprop:artist rdf:resource="http://dbpedia.org/resource/Yue_Minjun"/>
    <dbpprop:height rdf:datatype="http://www.w3.org/2001/XMLSchema#integer">150</dbpprop:height>
    <dbpprop:heightInch rdf:datatype="http://www.w3.org/2001/XMLSchema#double">59.05</dbpprop:heightInch>
    <dbpprop:imageFile xml:lang="en">Chineseart_Executionpainting.jpg</dbpprop:imageFile>
    <dbpprop:imageSize rdf:datatype="http://www.w3.org/2001/XMLSchema#integer">400</dbpprop:imageSize>
    <dbpprop:paintingAlignment xml:lang="en">right</dbpprop:paintingAlignment>
    <dbpprop:title xml:lang="en">Execution</dbpprop:title>
    <dbpprop:type rdf:resource="http://dbpedia.org/resource/Oil_painting"/>
    <dbpprop:width rdf:datatype="http://www.w3.org/2001/XMLSchema#integer">300</dbpprop:width>
    <dbpprop:widthInch rdf:datatype="http://www.w3.org/2001/XMLSchema#double">118.11</dbpprop:widthInch>
    <dbpprop:year rdf:datatype="http://www.w3.org/2001/XMLSchema#integer">1995</dbpprop:year>
    <foaf:isPrimaryTopicOf rdf:resource="http://en.wikipedia.org/wiki/Execution_(painting)"/>
    <ns7:wasDerivedFrom rdf:resource="http://en.wikipedia.org/wiki/Execution_(painting)?oldid=544998199"/>
    <dbpprop:hasPhotoCollection rdf:resource="http://wifo5-03.informatik.uni-mannheim.de/flickrwrappr/photos/Execution_(painting)"/>
  </rdf:Description>
  <rdf:Description rdf:about="http://fr.dbpedia.org/resource/Execution_(tableau)">
    <owl:sameAs rdf:resource="http://dbpedia.org/resource/Execution_(painting)"/>
  </rdf:Description>
  <rdf:Description rdf:about="http://dbpedia.org/resource/Execution_(disambiguation)">
    <dbpedia-owl:wikiPageDisambiguates rdf:resource="http://dbpedia.org/resource/Execution_(painting)"/>
  </rdf:Description>
  <rdf:Description rdf:about="http://en.wikipedia.org/wiki/Execution_(painting)">
    <foaf:primaryTopic rdf:resource="http://dbpedia.org/resource/Execution_(painting)"/>
  </rdf:Description>
  <rdf:Description rdf:about="http://wikidata.dbpedia.org/resource/Q3061886">
    <owl:sameAs rdf:resource="http://dbpedia.org/resource/Execution_(painting)"/>
  </rdf:Description>
  <rdf:Description rdf:about="http://zh.dbpedia.org/resource/處決_(油畫)">
    <owl:sameAs rdf:resource="http://dbpedia.org/resource/Execution_(painting)"/>
  </rdf:Description>
</rdf:RDF>
