<rdf:RDF xmlns:ns7="http://www.w3.org/ns/prov#" xmlns:dbpprop="http://dbpedia.org/property/" xmlns:foaf="http://xmlns.com/foaf/0.1/" xmlns:dbpedia-owl="http://dbpedia.org/ontology/" xmlns:dcterms="http://purl.org/dc/terms/" xmlns:owl="http://www.w3.org/2002/07/owl#" xmlns:rdfs="http://www.w3.org/2000/01/rdf-schema#" xmlns:rdf="http://www.w3.org/1999/02/22-rdf-syntax-ns#">
  <rdf:Description rdf:about="http://dbpedia.org/resource/Expulsion_from_the_Garden_of_Eden">
    <rdf:type rdf:resource="http://dbpedia.org/class/yago/Painting103876519"/>
    <rdf:type rdf:resource="http://dbpedia.org/class/yago/Art102743547"/>
    <rdf:type rdf:resource="http://dbpedia.org/class/yago/PaintingsByMasaccio"/>
    <rdf:type rdf:resource="http://dbpedia.org/class/yago/PhysicalEntity100001930"/>
    <rdf:type rdf:resource="http://dbpedia.org/class/yago/PaintingsWithBiblicalThemes"/>
    <rdf:type rdf:resource="http://dbpedia.org/class/yago/Creation103129123"/>
    <rdf:type rdf:resource="http://dbpedia.org/class/yago/Object100002684"/>
    <rdf:type rdf:resource="http://dbpedia.org/class/yago/GraphicArt103453809"/>
    <rdf:type rdf:resource="http://dbpedia.org/class/yago/Artifact100021939"/>
    <rdf:type rdf:resource="http://dbpedia.org/class/yago/Whole100003553"/>
    <owl:sameAs rdf:resource="http://sr.dbpedia.org/resource/Прогнанство_из_раја"/>
    <owl:sameAs rdf:resource="http://th.dbpedia.org/resource/ขับจากสวนอีเด็น_(มาซาชิโอ)"/>
    <owl:sameAs rdf:resource="http://dbpedia.org/resource/Expulsion_from_the_Garden_of_Eden"/>
    <owl:sameAs rdf:resource="http://yago-knowledge.org/resource/Expulsion_from_the_Garden_of_Eden"/>
    <owl:sameAs rdf:resource="http://es.dbpedia.org/resource/Expulsión_de_Adán_y_Eva_del_Paraíso_terrenal"/>
    <owl:sameAs rdf:resource="http://it.dbpedia.org/resource/Cacciata_dei_progenitori_dall'Eden"/>
    <owl:sameAs rdf:resource="http://rdf.freebase.com/ns/m.0bxywk"/>
    <owl:sameAs rdf:resource="http://he.dbpedia.org/resource/הגירוש_מגן_עדן"/>
    <owl:sameAs rdf:resource="http://www.wikidata.org/entity/Q2736379"/>
    <owl:sameAs rdf:resource="http://ru.dbpedia.org/resource/Изгнание_из_рая"/>
    <dcterms:subject rdf:resource="http://dbpedia.org/resource/Category:Garden_of_Eden"/>
    <dcterms:subject rdf:resource="http://dbpedia.org/resource/Category:Paintings_by_Masaccio"/>
    <dcterms:subject rdf:resource="http://dbpedia.org/resource/Category:Adam_and_Eve"/>
    <dcterms:subject rdf:resource="http://dbpedia.org/resource/Category:Paintings_with_biblical_themes"/>
    <dbpedia-owl:abstract xml:lang="ru">Изгна́ние из ра́я — эпизод библейского предания, последовавший за грехопадением. В переносном смысле — изгнание из некоего идеального места за совершённый проступок или несоответствие стандарту.</dbpedia-owl:abstract>
    <dbpedia-owl:abstract xml:lang="it">La Cacciata dei progenitori dall'Eden è un affresco (260x88 cm) di Masaccio facente parte della decorazione della Cappella Brancacci nella chiesa di Santa Maria del Carmine a Firenze. L'opera è databile al 1424-1425 circa e ritrae una famosa scena dell'Antico Testamento, ovvero l'espulsione di Adamo ed Eva dall'Eden, dal libro della Genesi.</dbpedia-owl:abstract>
    <dbpedia-owl:abstract xml:lang="es">La expulsión de Adán y Eva del Paraíso terrenal (en italiano, Cacciata dei progenitori dall'Eden) es un fresco realizado por el destacado artista del primer Renacimiento Masaccio. El fresco se encuentra pintado sobre la pared de la Capilla Brancacci, en la iglesia de Santa María del Carmine en Florencia, Italia. Representa una famosa escena en la Biblia, la expulsión del Paraíso que se narra en Génesis, 3, aunque con algunas diferencias en relación con el relato canónico.</dbpedia-owl:abstract>
    <dbpedia-owl:abstract xml:lang="en">The Expulsion from the Garden of Eden (Italian: Cacciata dei progenitori dall'Eden) is a fresco by the Italian Early Renaissance artist Masaccio. The fresco is a single scene from the cycle painted around 1425 by Masaccio, Masolino and others on the walls of the Brancacci Chapel in the church of Santa Maria del Carmine in Florence. It depicts the expulsion of Adam and Eve from the garden of Eden, from the biblical Book of Genesis chapter 3, albeit with a few differences from the canonical account.</dbpedia-owl:abstract>
    <dbpedia-owl:wikiPageID rdf:datatype="http://www.w3.org/2001/XMLSchema#integer">4339310</dbpedia-owl:wikiPageID>
    <dbpedia-owl:wikiPageRevisionID rdf:datatype="http://www.w3.org/2001/XMLSchema#integer">548512329</dbpedia-owl:wikiPageRevisionID>
    <rdfs:label xml:lang="es">Expulsión de Adán y Eva del Paraíso terrenal</rdfs:label>
    <rdfs:label xml:lang="ru">Изгнание из рая</rdfs:label>
    <rdfs:label xml:lang="en">Expulsion from the Garden of Eden</rdfs:label>
    <rdfs:label xml:lang="it">Cacciata dei progenitori dall'Eden</rdfs:label>
    <foaf:depiction rdf:resource="http://upload.wikimedia.org/wikipedia/commons/3/37/Masaccio-TheExpulsionOfAdamAndEveFromEden-Restoration.jpg"/>
    <rdfs:comment xml:lang="es">La expulsión de Adán y Eva del Paraíso terrenal (en italiano, Cacciata dei progenitori dall'Eden) es un fresco realizado por el destacado artista del primer Renacimiento Masaccio. El fresco se encuentra pintado sobre la pared de la Capilla Brancacci, en la iglesia de Santa María del Carmine en Florencia, Italia. Representa una famosa escena en la Biblia, la expulsión del Paraíso que se narra en Génesis, 3, aunque con algunas diferencias en relación con el relato canónico.</rdfs:comment>
    <rdfs:comment xml:lang="ru">Изгна́ние из ра́я — эпизод библейского предания, последовавший за грехопадением. В переносном смысле — изгнание из некоего идеального места за совершённый проступок или несоответствие стандарту.</rdfs:comment>
    <rdfs:comment xml:lang="it">La Cacciata dei progenitori dall'Eden è un affresco (260x88 cm) di Masaccio facente parte della decorazione della Cappella Brancacci nella chiesa di Santa Maria del Carmine a Firenze. L'opera è databile al 1424-1425 circa e ritrae una famosa scena dell'Antico Testamento, ovvero l'espulsione di Adamo ed Eva dall'Eden, dal libro della Genesi.</rdfs:comment>
    <rdfs:comment xml:lang="en">The Expulsion from the Garden of Eden (Italian: Cacciata dei progenitori dall'Eden) is a fresco by the Italian Early Renaissance artist Masaccio. The fresco is a single scene from the cycle painted around 1425 by Masaccio, Masolino and others on the walls of the Brancacci Chapel in the church of Santa Maria del Carmine in Florence.</rdfs:comment>
    <dbpedia-owl:thumbnail rdf:resource="http://upload.wikimedia.org/wikipedia/commons/thumb/3/37/Masaccio-TheExpulsionOfAdamAndEveFromEden-Restoration.jpg/200px-Masaccio-TheExpulsionOfAdamAndEveFromEden-Restoration.jpg"/>
    <dbpedia-owl:wikiPageExternalLink rdf:resource="http://smarthistory.khanacademy.org/masaccios-expulsion.html"/>
    <dbpprop:align xml:lang="en">right</dbpprop:align>
    <dbpprop:video xml:lang="en">Masaccio's Expulsion of Adam and Eve from Eden, Smarthistory</dbpprop:video>
    <dbpprop:width rdf:datatype="http://www.w3.org/2001/XMLSchema#integer">210</dbpprop:width>
    <foaf:isPrimaryTopicOf rdf:resource="http://en.wikipedia.org/wiki/Expulsion_from_the_Garden_of_Eden"/>
    <ns7:wasDerivedFrom rdf:resource="http://en.wikipedia.org/wiki/Expulsion_from_the_Garden_of_Eden?oldid=548512329"/>
    <dbpprop:hasPhotoCollection rdf:resource="http://wifo5-03.informatik.uni-mannheim.de/flickrwrappr/photos/Expulsion_from_the_Garden_of_Eden"/>
    <dbpprop:headerimage rdf:datatype="http://www.w3.org/2001/XMLSchema#integer">210</dbpprop:headerimage>
  </rdf:Description>
  <rdf:Description rdf:about="http://dbpedia.org/resource/Garden_of_Eden_(disambiguation)">
    <dbpedia-owl:wikiPageDisambiguates rdf:resource="http://dbpedia.org/resource/Expulsion_from_the_Garden_of_Eden"/>
  </rdf:Description>
  <rdf:Description rdf:about="http://es.dbpedia.org/resource/Expulsión_de_Adán_y_Eva_del_Paraíso_terrenal">
    <owl:sameAs rdf:resource="http://dbpedia.org/resource/Expulsion_from_the_Garden_of_Eden"/>
  </rdf:Description>
  <rdf:Description rdf:about="http://it.dbpedia.org/resource/Cacciata_dei_progenitori_dall'Eden">
    <owl:sameAs rdf:resource="http://dbpedia.org/resource/Expulsion_from_the_Garden_of_Eden"/>
  </rdf:Description>
  <rdf:Description rdf:about="http://en.wikipedia.org/wiki/Expulsion_from_the_Garden_of_Eden">
    <foaf:primaryTopic rdf:resource="http://dbpedia.org/resource/Expulsion_from_the_Garden_of_Eden"/>
  </rdf:Description>
  <rdf:Description rdf:about="http://dbpedia.org/resource/The_Expulsion_from_the_Garden_of_Eden">
    <dbpedia-owl:wikiPageRedirects rdf:resource="http://dbpedia.org/resource/Expulsion_from_the_Garden_of_Eden"/>
  </rdf:Description>
  <rdf:Description rdf:about="http://dbpedia.org/resource/The_Expulsion_from_the_Garden_of_Eden_(Masaccio)">
    <dbpedia-owl:wikiPageRedirects rdf:resource="http://dbpedia.org/resource/Expulsion_from_the_Garden_of_Eden"/>
  </rdf:Description>
  <rdf:Description rdf:about="http://ru.dbpedia.org/resource/Изгнание_из_рая">
    <owl:sameAs rdf:resource="http://dbpedia.org/resource/Expulsion_from_the_Garden_of_Eden"/>
  </rdf:Description>
  <rdf:Description rdf:about="http://wikidata.dbpedia.org/resource/Q2736379">
    <owl:sameAs rdf:resource="http://dbpedia.org/resource/Expulsion_from_the_Garden_of_Eden"/>
  </rdf:Description>
  <rdf:Description rdf:about="http://he.dbpedia.org/resource/הגירוש_מגן_עדן">
    <owl:sameAs rdf:resource="http://dbpedia.org/resource/Expulsion_from_the_Garden_of_Eden"/>
  </rdf:Description>
  <rdf:Description rdf:about="http://sr.dbpedia.org/resource/Прогнанство_из_раја">
    <owl:sameAs rdf:resource="http://dbpedia.org/resource/Expulsion_from_the_Garden_of_Eden"/>
  </rdf:Description>
  <rdf:Description rdf:about="http://th.dbpedia.org/resource/ขับจากสวนอีเด็น_(มาซาชิโอ)">
    <owl:sameAs rdf:resource="http://dbpedia.org/resource/Expulsion_from_the_Garden_of_Eden"/>
  </rdf:Description>
</rdf:RDF>
