<rdf:RDF xmlns:ns7="http://www.w3.org/ns/prov#" xmlns:dbpprop="http://dbpedia.org/property/" xmlns:foaf="http://xmlns.com/foaf/0.1/" xmlns:dbpedia-owl="http://dbpedia.org/ontology/" xmlns:dcterms="http://purl.org/dc/terms/" xmlns:owl="http://www.w3.org/2002/07/owl#" xmlns:rdfs="http://www.w3.org/2000/01/rdf-schema#" xmlns:rdf="http://www.w3.org/1999/02/22-rdf-syntax-ns#">
  <rdf:Description rdf:about="http://fr.dbpedia.org/resource/La_Vision_d'Ézéchiel">
    <owl:sameAs rdf:resource="http://dbpedia.org/resource/Ezekiel's_Vision_(Raphael)"/>
  </rdf:Description>
  <rdf:Description rdf:about="http://dbpedia.org/resource/Ezekiel's_Vision_(Raphael)">
    <rdf:type rdf:resource="http://schema.org/CreativeWork"/>
    <rdf:type rdf:resource="http://dbpedia.org/class/yago/PhysicalEntity100001930"/>
    <rdf:type rdf:resource="http://dbpedia.org/class/yago/GraphicArt103453809"/>
    <rdf:type rdf:resource="http://dbpedia.org/class/yago/Painting103876519"/>
    <rdf:type rdf:resource="http://www.w3.org/2002/07/owl#Thing"/>
    <rdf:type rdf:resource="http://dbpedia.org/class/yago/Whole100003553"/>
    <rdf:type rdf:resource="http://dbpedia.org/class/yago/1518Paintings"/>
    <rdf:type rdf:resource="http://dbpedia.org/ontology/Artwork"/>
    <rdf:type rdf:resource="http://dbpedia.org/class/yago/Object100002684"/>
    <rdf:type rdf:resource="http://dbpedia.org/ontology/Work"/>
    <rdf:type rdf:resource="http://dbpedia.org/class/yago/Art102743547"/>
    <rdf:type rdf:resource="http://dbpedia.org/class/yago/PaintingsByRaphael"/>
    <rdf:type rdf:resource="http://dbpedia.org/class/yago/Creation103129123"/>
    <rdf:type rdf:resource="http://dbpedia.org/class/yago/Artifact100021939"/>
    <owl:sameAs rdf:resource="http://es.dbpedia.org/resource/La_visión_de_Ezequiel"/>
    <owl:sameAs rdf:resource="http://dbpedia.org/resource/Ezekiel's_Vision_(Raphael)"/>
    <owl:sameAs rdf:resource="http://www.wikidata.org/entity/Q1134281"/>
    <owl:sameAs rdf:resource="http://rdf.freebase.com/ns/m.05h2wq7"/>
    <owl:sameAs rdf:resource="http://it.dbpedia.org/resource/Visione_di_Ezechiele"/>
    <owl:sameAs rdf:resource="http://yago-knowledge.org/resource/Ezekiel's_Vision_(Raphael)"/>
    <owl:sameAs rdf:resource="http://fr.dbpedia.org/resource/La_Vision_d'Ézéchiel"/>
    <dcterms:subject rdf:resource="http://dbpedia.org/resource/Category:Collections_of_Palazzo_Pitti"/>
    <dcterms:subject rdf:resource="http://dbpedia.org/resource/Category:Paintings_by_Raphael"/>
    <dcterms:subject rdf:resource="http://dbpedia.org/resource/Category:1518_paintings"/>
    <dbpedia-owl:abstract xml:lang="es">La visión de Ezequiel es una pintura religiosa de pequeñas dimensiones del pintor y arquitecto italiano Rafael Sanzio, que representa una visión del profeta homónimo del Antiguo Testamento. En 1589, formaba parte de la colección de la Galería de los Uffizi, pero entre 1799 y 1816 fue llevada a París. Tras el regreso de las colecciones de pintura florentina, fue asignado a la Galería Palatina del Palacio Pitti.</dbpedia-owl:abstract>
    <dbpedia-owl:abstract xml:lang="en">Ezekiel's Vision is a c. 1518 painting by Raphael showing the prophet Ezekiel's vision of God in majesty. It is housed in the Palatine Gallery of Palazzo Pitti, Florence, central Italy.</dbpedia-owl:abstract>
    <dbpedia-owl:abstract xml:lang="it">La Visione di Ezechiele è un dipinto a olio su tavola (40,7x29,5 cm) di Raffaello Sanzio, databile al 1518 circa e conservato nella Galleria Palatina di Firenze.</dbpedia-owl:abstract>
    <dbpedia-owl:abstract xml:lang="fr">La Vision d'Ézéchiel est un tableau religieux du peintre italien Raphaël, mettant en scène une vision du prophète de l'ancien testament Ézéchiel.</dbpedia-owl:abstract>
    <dbpedia-owl:author rdf:resource="http://dbpedia.org/resource/Raphael"/>
    <dbpedia-owl:museum rdf:resource="http://dbpedia.org/resource/Palazzo_Pitti"/>
    <dbpedia-owl:wikiPageID rdf:datatype="http://www.w3.org/2001/XMLSchema#integer">21479291</dbpedia-owl:wikiPageID>
    <dbpedia-owl:wikiPageRevisionID rdf:datatype="http://www.w3.org/2001/XMLSchema#integer">545300397</dbpedia-owl:wikiPageRevisionID>
    <rdfs:label xml:lang="fr">La Vision d'Ézéchiel</rdfs:label>
    <rdfs:label xml:lang="it">Visione di Ezechiele</rdfs:label>
    <rdfs:label xml:lang="es">La visión de Ezequiel</rdfs:label>
    <rdfs:label xml:lang="en">Ezekiel's Vision (Raphael)</rdfs:label>
    <foaf:depiction rdf:resource="http://upload.wikimedia.org/wikipedia/commons/5/5c/Raffael_099.jpg"/>
    <rdfs:comment xml:lang="es">La visión de Ezequiel es una pintura religiosa de pequeñas dimensiones del pintor y arquitecto italiano Rafael Sanzio, que representa una visión del profeta homónimo del Antiguo Testamento. En 1589, formaba parte de la colección de la Galería de los Uffizi, pero entre 1799 y 1816 fue llevada a París. Tras el regreso de las colecciones de pintura florentina, fue asignado a la Galería Palatina del Palacio Pitti.</rdfs:comment>
    <rdfs:comment xml:lang="it">La Visione di Ezechiele è un dipinto a olio su tavola (40,7x29,5 cm) di Raffaello Sanzio, databile al 1518 circa e conservato nella Galleria Palatina di Firenze.</rdfs:comment>
    <rdfs:comment xml:lang="fr">La Vision d'Ézéchiel est un tableau religieux du peintre italien Raphaël, mettant en scène une vision du prophète de l'ancien testament Ézéchiel.</rdfs:comment>
    <rdfs:comment xml:lang="en">Ezekiel's Vision is a c. 1518 painting by Raphael showing the prophet Ezekiel's vision of God in majesty. It is housed in the Palatine Gallery of Palazzo Pitti, Florence, central Italy.</rdfs:comment>
    <foaf:name xml:lang="en">Ezekiel's Vision</foaf:name>
    <dbpedia-owl:thumbnail rdf:resource="http://upload.wikimedia.org/wikipedia/commons/thumb/5/5c/Raffael_099.jpg/200px-Raffael_099.jpg"/>
    <dbpprop:artist rdf:resource="http://dbpedia.org/resource/Raphael"/>
    <dbpprop:city rdf:resource="http://dbpedia.org/resource/Florence"/>
    <dbpprop:imageFile xml:lang="en">Raffael 099.jpg</dbpprop:imageFile>
    <dbpprop:museum rdf:resource="http://dbpedia.org/resource/Palazzo_Pitti"/>
    <dbpprop:title xml:lang="en">Ezekiel's Vision</dbpprop:title>
    <dbpprop:type rdf:resource="http://dbpedia.org/resource/Oil_painting"/>
    <dbpprop:year xml:lang="en">c.1518</dbpprop:year>
    <foaf:isPrimaryTopicOf rdf:resource="http://en.wikipedia.org/wiki/Ezekiel's_Vision_(Raphael)"/>
    <ns7:wasDerivedFrom rdf:resource="http://en.wikipedia.org/wiki/Ezekiel's_Vision_(Raphael)?oldid=545300397"/>
    <dbpprop:hasPhotoCollection rdf:resource="http://wifo5-03.informatik.uni-mannheim.de/flickrwrappr/photos/Ezekiel's_Vision_(Raphael)"/>
  </rdf:Description>
  <rdf:Description rdf:about="http://dbpedia.org/resource/Ezechiel's_Vision_(Raphael)">
    <dbpedia-owl:wikiPageRedirects rdf:resource="http://dbpedia.org/resource/Ezekiel's_Vision_(Raphael)"/>
  </rdf:Description>
  <rdf:Description rdf:about="http://en.wikipedia.org/wiki/Ezekiel's_Vision_(Raphael)">
    <foaf:primaryTopic rdf:resource="http://dbpedia.org/resource/Ezekiel's_Vision_(Raphael)"/>
  </rdf:Description>
  <rdf:Description rdf:about="http://es.dbpedia.org/resource/La_visión_de_Ezequiel">
    <owl:sameAs rdf:resource="http://dbpedia.org/resource/Ezekiel's_Vision_(Raphael)"/>
  </rdf:Description>
  <rdf:Description rdf:about="http://it.dbpedia.org/resource/Visione_di_Ezechiele">
    <owl:sameAs rdf:resource="http://dbpedia.org/resource/Ezekiel's_Vision_(Raphael)"/>
  </rdf:Description>
  <rdf:Description rdf:about="http://wikidata.dbpedia.org/resource/Q1134281">
    <owl:sameAs rdf:resource="http://dbpedia.org/resource/Ezekiel's_Vision_(Raphael)"/>
  </rdf:Description>
</rdf:RDF>
