<rdf:RDF xmlns:dbpprop="http://dbpedia.org/property/" xmlns:grs="http://www.georss.org/georss/" xmlns:ns7="http://www.w3.org/ns/prov#" xmlns:geo="http://www.w3.org/2003/01/geo/wgs84_pos#" xmlns:foaf="http://xmlns.com/foaf/0.1/" xmlns:dbpedia-owl="http://dbpedia.org/ontology/" xmlns:dcterms="http://purl.org/dc/terms/" xmlns:owl="http://www.w3.org/2002/07/owl#" xmlns:rdfs="http://www.w3.org/2000/01/rdf-schema#" xmlns:rdf="http://www.w3.org/1999/02/22-rdf-syntax-ns#">
  <rdf:Description rdf:about="http://dbpedia.org/resource/F%C3%BCrstenzug">
    <rdf:type rdf:resource="http://dbpedia.org/class/yago/Object100002684"/>
    <rdf:type rdf:resource="http://dbpedia.org/class/yago/Art102743547"/>
    <rdf:type rdf:resource="http://dbpedia.org/class/yago/Mural103799710"/>
    <rdf:type rdf:resource="http://dbpedia.org/class/yago/PhysicalEntity100001930"/>
    <rdf:type rdf:resource="http://dbpedia.org/class/yago/Painting103876519"/>
    <rdf:type rdf:resource="http://dbpedia.org/class/yago/Creation103129123"/>
    <rdf:type rdf:resource="http://www.opengis.net/gml/_Feature"/>
    <rdf:type rdf:resource="http://dbpedia.org/class/yago/GraphicArt103453809"/>
    <rdf:type rdf:resource="http://dbpedia.org/class/yago/Artifact100021939"/>
    <rdf:type rdf:resource="http://dbpedia.org/class/yago/Murals"/>
    <rdf:type rdf:resource="http://dbpedia.org/class/yago/Whole100003553"/>
    <owl:sameAs rdf:resource="http://www.wikidata.org/entity/Q513214"/>
    <owl:sameAs rdf:resource="http://es.dbpedia.org/resource/Desfile_de_los_Príncipes_(Dresde)"/>
    <owl:sameAs rdf:resource="http://yago-knowledge.org/resource/Fürstenzug"/>
    <owl:sameAs rdf:resource="http://rdf.freebase.com/ns/m.0cc90rq"/>
    <owl:sameAs rdf:resource="http://nl.dbpedia.org/resource/Fürstenzug"/>
    <owl:sameAs rdf:resource="http://ru.dbpedia.org/resource/Шествие_князей"/>
    <owl:sameAs rdf:resource="http://dbpedia.org/resource/F%C3%BCrstenzug"/>
    <owl:sameAs rdf:resource="http://pl.dbpedia.org/resource/%22Orszak_książęcy%22_w_Dreźnie"/>
    <owl:sameAs rdf:resource="http://de.dbpedia.org/resource/Fürstenzug"/>
    <dcterms:subject rdf:resource="http://dbpedia.org/resource/Category:Murals"/>
    <dcterms:subject rdf:resource="http://dbpedia.org/resource/Category:Visitor_attractions_in_Dresden"/>
    <dcterms:subject rdf:resource="http://dbpedia.org/resource/Category:Culture_in_Dresden"/>
    <dbpedia-owl:abstract xml:lang="nl">De Fürstenzug of de optocht der vorsten is een 102 meter lange muurdecoratie aangebracht aan de muren van de voormalige koninklijke gebouwen in de Augustusstrasse in het Duitse Dresden. De parade van de vorsten van het Huis Wettin. De parade van de vorsten van het Huis Wettin.</dbpedia-owl:abstract>
    <dbpedia-owl:abstract xml:lang="ru">«Шествие князей» («Княжеская процессия», «Фюрстенцуг» — нем.  Fürstenzug) — знаменитое настенное плиточное панно из мейсенского фарфора, одна из достопримечательностей Дрездена. Создано в 1904—1907 гг. На самом большом в мире фарфоровом панно, составленном из 25 тысяч уложенных бесшовно плиток, изображена торжественная конная процессия, отражающая тысячелетнюю историю правившего в Саксонии княжеского дома Веттинов. «Фюрстенцуг» размещён на внешней стене галереи «Длинный ход», составляющей северную стену конюшенного двора «Штальхоф» в комплексе дрезденского дворца-резиденции. Панорама «Шествия князей» Панорама «Шествия князей»</dbpedia-owl:abstract>
    <dbpedia-owl:abstract xml:lang="pl">Orszak książęcy – malowidło ścienne zdobiące zewnętrzną ścianę gmachu „Langer Gang” ograniczającego od północy dziedziniec (Stallhof) dawnego średniowiecznego kompleksu królewskiej rezydencji w Dreźnie. Obecnie (2012) wzdłuż ściany z malowidłem przebiega ulica Augustusstrasse, łącząca najważniejsze zabytki drezdeńskiej starówki.</dbpedia-owl:abstract>
    <dbpedia-owl:abstract xml:lang="en">The Fürstenzug in Dresden, Germany, is a large mural of a mounted procession of the rulers of Saxony. It was originally painted between 1871 and 1876 to celebrate the 800th anniversary of the Wettin Dynasty, Saxony's ruling family. In order to make the work weatherproof, it was replaced with approximately 23,000 Meissen porcelain tiles between 1904 and 1907. With a length of 102 metres, it is known as the largest porcelain artwork in the world. The mural displays the ancestral portraits of the 35 margraves, electors, dukes and kings of the House of Wettin between 1127 and 1904. The Fürstenzug is located on the outer wall of the Stallhof (Stables Courtyard) of Dresden Castle.</dbpedia-owl:abstract>
    <dbpedia-owl:abstract xml:lang="de">Der Fürstenzug in Dresden ist ein überlebensgroßes Bild eines Reiterzuges, aufgetragen auf rund 23.000 Meißener Porzellanfliesen. Das 102 Meter lange, als größtes Porzellanbild der Welt geltende Kunstwerk stellt die Ahnengalerie der zwischen 1127 und 1904 in Sachsen herrschenden 35 Markgrafen, Herzöge, Kurfürsten und Könige aus dem Geschlecht des Fürstenhauses Wettin dar. Der Fürstenzug befindet sich in der Augustusstraße, zwischen Georgentor auf der einen Seite und dem Johanneum auf der anderen Seite. Hier wurde er von 1904 bis 1907 auf der Außenseite des Stallhofs vom Dresdner Residenzschloss angebracht.</dbpedia-owl:abstract>
    <dbpedia-owl:abstract xml:lang="es">El Desfile de los Príncipes es el nombre de un mural ubicado en el centro histórico de la ciudad alemana de Dresde. Muestra un desfile de jinetes de un tamaño mayor que el natural y está formado por unos 24.000 azulejos de porcelana de Meissen, lo que lo convierte en el mosaico de porcelana más grande del mundo. Representa a los monarcas de la casa de Wettin entre 1123 y 1906. Se encuentra en la Augustusstraße, en la pared norte del establo de la corte real situado en el Residenzschloss. Está al este de Schlossplatz y al oeste de la Frauenkirche. Actualmente, es una de las atracciones turísticas más visitadas de Dresde. En 2006, con motivo del 800 aniversario de la ciudad, se hizo una representación viviente de la escena.</dbpedia-owl:abstract>
    <dbpedia-owl:wikiPageID rdf:datatype="http://www.w3.org/2001/XMLSchema#integer">27800485</dbpedia-owl:wikiPageID>
    <dbpedia-owl:wikiPageRevisionID rdf:datatype="http://www.w3.org/2001/XMLSchema#integer">541811356</dbpedia-owl:wikiPageRevisionID>
    <rdfs:label xml:lang="pl">"Orszak książęcy" w Dreźnie</rdfs:label>
    <rdfs:label xml:lang="en">Fürstenzug</rdfs:label>
    <rdfs:label xml:lang="nl">Fürstenzug</rdfs:label>
    <rdfs:label xml:lang="ru">Шествие князей</rdfs:label>
    <rdfs:label xml:lang="de">Fürstenzug</rdfs:label>
    <rdfs:label xml:lang="es">Desfile de los Príncipes (Dresde)</rdfs:label>
    <foaf:depiction rdf:resource="http://upload.wikimedia.org/wikipedia/commons/2/2a/Dresden_Fuerstenzug_Augustusstr_C.Muench.jpg"/>
    <rdfs:comment xml:lang="es">El Desfile de los Príncipes es el nombre de un mural ubicado en el centro histórico de la ciudad alemana de Dresde. Muestra un desfile de jinetes de un tamaño mayor que el natural y está formado por unos 24.000 azulejos de porcelana de Meissen, lo que lo convierte en el mosaico de porcelana más grande del mundo. Representa a los monarcas de la casa de Wettin entre 1123 y 1906. Se encuentra en la Augustusstraße, en la pared norte del establo de la corte real situado en el Residenzschloss.</rdfs:comment>
    <rdfs:comment xml:lang="pl">Orszak książęcy – malowidło ścienne zdobiące zewnętrzną ścianę gmachu „Langer Gang” ograniczającego od północy dziedziniec (Stallhof) dawnego średniowiecznego kompleksu królewskiej rezydencji w Dreźnie. Obecnie (2012) wzdłuż ściany z malowidłem przebiega ulica Augustusstrasse, łącząca najważniejsze zabytki drezdeńskiej starówki.</rdfs:comment>
    <rdfs:comment xml:lang="ru">«Шествие князей» («Княжеская процессия», «Фюрстенцуг» — нем.  Fürstenzug) — знаменитое настенное плиточное панно из мейсенского фарфора, одна из достопримечательностей Дрездена. Создано в 1904—1907 гг. На самом большом в мире фарфоровом панно, составленном из 25 тысяч уложенных бесшовно плиток, изображена торжественная конная процессия, отражающая тысячелетнюю историю правившего в Саксонии княжеского дома Веттинов.</rdfs:comment>
    <rdfs:comment xml:lang="en">The Fürstenzug in Dresden, Germany, is a large mural of a mounted procession of the rulers of Saxony. It was originally painted between 1871 and 1876 to celebrate the 800th anniversary of the Wettin Dynasty, Saxony's ruling family. In order to make the work weatherproof, it was replaced with approximately 23,000 Meissen porcelain tiles between 1904 and 1907. With a length of 102 metres, it is known as the largest porcelain artwork in the world.</rdfs:comment>
    <rdfs:comment xml:lang="de">Der Fürstenzug in Dresden ist ein überlebensgroßes Bild eines Reiterzuges, aufgetragen auf rund 23.000 Meißener Porzellanfliesen. Das 102 Meter lange, als größtes Porzellanbild der Welt geltende Kunstwerk stellt die Ahnengalerie der zwischen 1127 und 1904 in Sachsen herrschenden 35 Markgrafen, Herzöge, Kurfürsten und Könige aus dem Geschlecht des Fürstenhauses Wettin dar.</rdfs:comment>
    <rdfs:comment xml:lang="nl">De Fürstenzug of de optocht der vorsten is een 102 meter lange muurdecoratie aangebracht aan de muren van de voormalige koninklijke gebouwen in de Augustusstrasse in het Duitse Dresden. De parade van de vorsten van het Huis Wettin. De parade van de vorsten van het Huis Wettin.</rdfs:comment>
    <dbpedia-owl:thumbnail rdf:resource="http://upload.wikimedia.org/wikipedia/commons/thumb/2/2a/Dresden_Fuerstenzug_Augustusstr_C.Muench.jpg/200px-Dresden_Fuerstenzug_Augustusstr_C.Muench.jpg"/>
    <dbpedia-owl:wikiPageExternalLink rdf:resource="http://www.gigapan.org/viewGigapan.php?id=37926"/>
    <geo:geometry rdf:datatype="http://www.openlinksw.com/schemas/virtrdf#Geometry">POINT(13.7392 51.0528)</geo:geometry>
    <foaf:isPrimaryTopicOf rdf:resource="http://en.wikipedia.org/wiki/Fürstenzug"/>
    <geo:long rdf:datatype="http://www.w3.org/2001/XMLSchema#float">13.7392</geo:long>
    <geo:lat rdf:datatype="http://www.w3.org/2001/XMLSchema#float">51.0528</geo:lat>
    <ns7:wasDerivedFrom rdf:resource="http://en.wikipedia.org/wiki/Fürstenzug?oldid=541811356"/>
    <grs:point xml:lang="en">51.05277777777778 13.739166666666666</grs:point>
    <dbpprop:hasPhotoCollection rdf:resource="http://wifo5-03.informatik.uni-mannheim.de/flickrwrappr/photos/Fürstenzug"/>
  </rdf:Description>
  <rdf:Description rdf:about="http://en.wikipedia.org/wiki/Fürstenzug">
    <foaf:primaryTopic rdf:resource="http://dbpedia.org/resource/F%C3%BCrstenzug"/>
  </rdf:Description>
  <rdf:Description rdf:about="http://dbpedia.org/resource/Fürstenzug">
    <owl:sameAs rdf:resource="http://dbpedia.org/resource/F%C3%BCrstenzug"/>
  </rdf:Description>
  <rdf:Description rdf:about="http://dbpedia.org/resource/Fuerstenzug">
    <dbpedia-owl:wikiPageRedirects rdf:resource="http://dbpedia.org/resource/F%C3%BCrstenzug"/>
  </rdf:Description>
  <rdf:Description rdf:about="http://dbpedia.org/resource/Furstenzug">
    <dbpedia-owl:wikiPageRedirects rdf:resource="http://dbpedia.org/resource/F%C3%BCrstenzug"/>
  </rdf:Description>
  <rdf:Description rdf:about="http://dbpedia.org/resource/Procession_of_Princes">
    <dbpedia-owl:wikiPageRedirects rdf:resource="http://dbpedia.org/resource/F%C3%BCrstenzug"/>
  </rdf:Description>
</rdf:RDF>
