<rdf:RDF xmlns:ns7="http://www.w3.org/ns/prov#" xmlns:dbpprop="http://dbpedia.org/property/" xmlns:foaf="http://xmlns.com/foaf/0.1/" xmlns:dbpedia-owl="http://dbpedia.org/ontology/" xmlns:dcterms="http://purl.org/dc/terms/" xmlns:owl="http://www.w3.org/2002/07/owl#" xmlns:rdfs="http://www.w3.org/2000/01/rdf-schema#" xmlns:rdf="http://www.w3.org/1999/02/22-rdf-syntax-ns#">
  <rdf:Description rdf:about="http://dbpedia.org/resource/Family_of_Saltimbanques">
    <rdf:type rdf:resource="http://dbpedia.org/class/yago/PaintingsByPabloPicasso"/>
    <rdf:type rdf:resource="http://dbpedia.org/class/yago/PhysicalEntity100001930"/>
    <rdf:type rdf:resource="http://dbpedia.org/class/yago/GraphicArt103453809"/>
    <rdf:type rdf:resource="http://dbpedia.org/class/yago/Object100002684"/>
    <rdf:type rdf:resource="http://dbpedia.org/class/yago/Art102743547"/>
    <rdf:type rdf:resource="http://dbpedia.org/ontology/Work"/>
    <rdf:type rdf:resource="http://dbpedia.org/class/yago/Painting103876519"/>
    <rdf:type rdf:resource="http://www.w3.org/2002/07/owl#Thing"/>
    <rdf:type rdf:resource="http://dbpedia.org/class/yago/Whole100003553"/>
    <rdf:type rdf:resource="http://schema.org/CreativeWork"/>
    <rdf:type rdf:resource="http://dbpedia.org/ontology/Artwork"/>
    <rdf:type rdf:resource="http://dbpedia.org/class/yago/1905Paintings"/>
    <rdf:type rdf:resource="http://dbpedia.org/class/yago/Artifact100021939"/>
    <rdf:type rdf:resource="http://dbpedia.org/class/yago/Creation103129123"/>
    <owl:sameAs rdf:resource="http://dbpedia.org/resource/Family_of_Saltimbanques"/>
    <owl:sameAs rdf:resource="http://rdf.freebase.com/ns/m.0h3nsnv"/>
    <owl:sameAs rdf:resource="http://www.wikidata.org/entity/Q5433371"/>
    <owl:sameAs rdf:resource="http://yago-knowledge.org/resource/Family_of_Saltimbanques"/>
    <owl:sameAs rdf:resource="http://pt.dbpedia.org/resource/La_famille_de_saltimbanques"/>
    <dcterms:subject rdf:resource="http://dbpedia.org/resource/Category:Collections_of_the_National_Gallery_of_Art"/>
    <dcterms:subject rdf:resource="http://dbpedia.org/resource/Category:1905_paintings"/>
    <dcterms:subject rdf:resource="http://dbpedia.org/resource/Category:Paintings_by_Pablo_Picasso"/>
    <dbpedia-owl:abstract xml:lang="en">Family of Saltimbanques (La famille de saltimbanques) is a 1905 painting by Pablo Picasso. It is considered the masterpiece of Picasso's Rose Period sometimes called Picasso's circus period. Its dimensions are 212.8 x 229.6 cm or (83 3/4 in × 90 3/8 in); and (framed 240.4 x 256.3 cm). The painting depicts six saltimbanques, a kind of itinerant circus performer, in a desolate landscape. The composition groups them together, but they do not seem connected to each other and are not looking at each other. It was painted during a period from late 1904 to early 1906, where Picasso explored themes using the saltimbanque. Picasso frequently attended the Cirque Médrano in Montmartre. Critics have suggested Family of Saltimbanques is a covert group portrait of Picasso and his circle, symbolized as poor, independent, and isolated. Bohemian-Austrian poet Rainer Maria Rilke (1875-1926) was inspired by this painting as he wrote the fifth of ten elegies in his Duino Elegies (1923). Rilke used the figures in Picasso's painting as a symbol of "human activity... always travelling and with no fixed abode, they are even a shade more fleeting than the rest of us, whose fleetingness was lamented. " Further, although Picasso's painting depicts the figures in a desolate desert landscape, Rilke described them as standing on a "threadbare carpet" to suggest "the ultimate loneliness and isolation of Man in this incomprehensible world, practicing their profession from childhood to death as playthings of an unknown will... before their 'pure too-little; had passed into 'empty too-much'. " A related work in gouache and pastel is Family of Acrobats (1905).</dbpedia-owl:abstract>
    <dbpedia-owl:author rdf:resource="http://dbpedia.org/resource/Pablo_Picasso"/>
    <dbpedia-owl:museum rdf:resource="http://dbpedia.org/resource/National_Gallery_of_Art"/>
    <dbpedia-owl:wikiPageID rdf:datatype="http://www.w3.org/2001/XMLSchema#integer">32778953</dbpedia-owl:wikiPageID>
    <dbpedia-owl:wikiPageRevisionID rdf:datatype="http://www.w3.org/2001/XMLSchema#integer">545834408</dbpedia-owl:wikiPageRevisionID>
    <rdfs:label xml:lang="en">Family of Saltimbanques</rdfs:label>
    <foaf:depiction rdf:resource="http://upload.wikimedia.org/wikipedia/commons/c/ca/Family_of_Saltimbanques.JPG"/>
    <rdfs:comment xml:lang="en">Family of Saltimbanques (La famille de saltimbanques) is a 1905 painting by Pablo Picasso. It is considered the masterpiece of Picasso's Rose Period sometimes called Picasso's circus period. Its dimensions are 212.8 x 229.6 cm or (83 3/4 in × 90 3/8 in); and (framed 240.4 x 256.3 cm). The painting depicts six saltimbanques, a kind of itinerant circus performer, in a desolate landscape.</rdfs:comment>
    <foaf:name xml:lang="en">Family of Saltimbanques</foaf:name>
    <dbpedia-owl:thumbnail rdf:resource="http://upload.wikimedia.org/wikipedia/commons/thumb/c/ca/Family_of_Saltimbanques.JPG/200px-Family_of_Saltimbanques.JPG"/>
    <dbpedia-owl:wikiPageExternalLink rdf:resource="http://www.nga.gov/collection/gallery/20centpa/20centpa-46665.html"/>
    <dbpprop:artist xml:lang="en">Pablo Picasso</dbpprop:artist>
    <dbpprop:height rdf:datatype="http://www.w3.org/2001/XMLSchema#double">212.8</dbpprop:height>
    <dbpprop:heightInch rdf:datatype="http://www.w3.org/2001/XMLSchema#integer">833</dbpprop:heightInch>
    <dbpprop:imageFile xml:lang="en">Family of Saltimbanques.JPG</dbpprop:imageFile>
    <dbpprop:museum xml:lang="en">Chester Dale Collection, National Gallery of Art</dbpprop:museum>
    <dbpprop:title xml:lang="en">Family of Saltimbanques</dbpprop:title>
    <dbpprop:type xml:lang="en">oil on canvas</dbpprop:type>
    <dbpprop:width rdf:datatype="http://www.w3.org/2001/XMLSchema#double">229.6</dbpprop:width>
    <dbpprop:widthInch rdf:datatype="http://www.w3.org/2001/XMLSchema#integer">903</dbpprop:widthInch>
    <dbpprop:year rdf:datatype="http://www.w3.org/2001/XMLSchema#integer">1905</dbpprop:year>
    <foaf:isPrimaryTopicOf rdf:resource="http://en.wikipedia.org/wiki/Family_of_Saltimbanques"/>
    <ns7:wasDerivedFrom rdf:resource="http://en.wikipedia.org/wiki/Family_of_Saltimbanques?oldid=545834408"/>
    <dbpprop:hasPhotoCollection rdf:resource="http://wifo5-03.informatik.uni-mannheim.de/flickrwrappr/photos/Family_of_Saltimbanques"/>
  </rdf:Description>
  <rdf:Description rdf:about="http://dbpedia.org/resource/La_famille_de_saltimbanques">
    <dbpedia-owl:wikiPageRedirects rdf:resource="http://dbpedia.org/resource/Family_of_Saltimbanques"/>
  </rdf:Description>
  <rdf:Description rdf:about="http://dbpedia.org/resource/The_Family_of_Saltimbanques">
    <dbpedia-owl:wikiPageRedirects rdf:resource="http://dbpedia.org/resource/Family_of_Saltimbanques"/>
  </rdf:Description>
  <rdf:Description rdf:about="http://dbpedia.org/resource/Family_of_Acrobats_(study)">
    <dbpedia-owl:wikiPageRedirects rdf:resource="http://dbpedia.org/resource/Family_of_Saltimbanques"/>
  </rdf:Description>
  <rdf:Description rdf:about="http://en.wikipedia.org/wiki/Family_of_Saltimbanques">
    <foaf:primaryTopic rdf:resource="http://dbpedia.org/resource/Family_of_Saltimbanques"/>
  </rdf:Description>
  <rdf:Description rdf:about="http://pt.dbpedia.org/resource/La_famille_de_saltimbanques">
    <owl:sameAs rdf:resource="http://dbpedia.org/resource/Family_of_Saltimbanques"/>
  </rdf:Description>
  <rdf:Description rdf:about="http://wikidata.dbpedia.org/resource/Q5433371">
    <owl:sameAs rdf:resource="http://dbpedia.org/resource/Family_of_Saltimbanques"/>
  </rdf:Description>
</rdf:RDF>
