<rdf:RDF xmlns:dbpprop="http://dbpedia.org/property/" xmlns:ns6="http://www.w3.org/ns/prov#" xmlns:foaf="http://xmlns.com/foaf/0.1/" xmlns:dbpedia-owl="http://dbpedia.org/ontology/" xmlns:dcterms="http://purl.org/dc/terms/" xmlns:owl="http://www.w3.org/2002/07/owl#" xmlns:rdfs="http://www.w3.org/2000/01/rdf-schema#" xmlns:rdf="http://www.w3.org/1999/02/22-rdf-syntax-ns#">
  <rdf:Description rdf:about="http://dbpedia.org/resource/Farmhouses_in_Loosduinen_near_The_Hague_at_Twilight">
    <rdf:type rdf:resource="http://dbpedia.org/class/yago/1883Paintings"/>
    <rdf:type rdf:resource="http://dbpedia.org/class/yago/Creation103129123"/>
    <rdf:type rdf:resource="http://dbpedia.org/class/yago/GraphicArt103453809"/>
    <rdf:type rdf:resource="http://dbpedia.org/class/yago/Object100002684"/>
    <rdf:type rdf:resource="http://dbpedia.org/class/yago/PaintingsByVincentVanGogh"/>
    <rdf:type rdf:resource="http://dbpedia.org/class/yago/Art102743547"/>
    <rdf:type rdf:resource="http://dbpedia.org/class/yago/Artifact100021939"/>
    <rdf:type rdf:resource="http://dbpedia.org/class/yago/Whole100003553"/>
    <rdf:type rdf:resource="http://dbpedia.org/class/yago/Painting103876519"/>
    <rdf:type rdf:resource="http://dbpedia.org/class/yago/PhysicalEntity100001930"/>
    <owl:sameAs rdf:resource="http://yago-knowledge.org/resource/Farmhouses_in_Loosduinen_near_The_Hague_at_Twilight"/>
    <owl:sameAs rdf:resource="http://www.wikidata.org/entity/Q5435853"/>
    <owl:sameAs rdf:resource="http://rdf.freebase.com/ns/m.0bm8r9j"/>
    <owl:sameAs rdf:resource="http://dbpedia.org/resource/Farmhouses_in_Loosduinen_near_The_Hague_at_Twilight"/>
    <dcterms:subject rdf:resource="http://dbpedia.org/resource/Category:Paintings_by_Vincent_van_Gogh"/>
    <dcterms:subject rdf:resource="http://dbpedia.org/resource/Category:1883_paintings"/>
    <dbpedia-owl:abstract xml:lang="en">Farmhouses in Loosduinen near The Hague at Twilight is an oil painting created in 1883 by Vincent van Gogh.</dbpedia-owl:abstract>
    <dbpedia-owl:wikiPageID rdf:datatype="http://www.w3.org/2001/XMLSchema#integer">26750494</dbpedia-owl:wikiPageID>
    <dbpedia-owl:wikiPageRevisionID rdf:datatype="http://www.w3.org/2001/XMLSchema#integer">485591844</dbpedia-owl:wikiPageRevisionID>
    <rdfs:label xml:lang="en">Farmhouses in Loosduinen near The Hague at Twilight</rdfs:label>
    <foaf:depiction rdf:resource="http://upload.wikimedia.org/wikipedia/commons/5/55/Farmhouses_in_Loosduinen_near_The_Hague_at_Twilight.jpg"/>
    <rdfs:comment xml:lang="en">Farmhouses in Loosduinen near The Hague at Twilight is an oil painting created in 1883 by Vincent van Gogh.</rdfs:comment>
    <dbpedia-owl:thumbnail rdf:resource="http://upload.wikimedia.org/wikipedia/commons/thumb/5/55/Farmhouses_in_Loosduinen_near_The_Hague_at_Twilight.jpg/200px-Farmhouses_in_Loosduinen_near_The_Hague_at_Twilight.jpg"/>
    <foaf:isPrimaryTopicOf rdf:resource="http://en.wikipedia.org/wiki/Farmhouses_in_Loosduinen_near_The_Hague_at_Twilight"/>
    <ns6:wasDerivedFrom rdf:resource="http://en.wikipedia.org/wiki/Farmhouses_in_Loosduinen_near_The_Hague_at_Twilight?oldid=485591844"/>
    <dbpprop:hasPhotoCollection rdf:resource="http://wifo5-03.informatik.uni-mannheim.de/flickrwrappr/photos/Farmhouses_in_Loosduinen_near_The_Hague_at_Twilight"/>
  </rdf:Description>
  <rdf:Description rdf:about="http://en.wikipedia.org/wiki/Farmhouses_in_Loosduinen_near_The_Hague_at_Twilight">
    <foaf:primaryTopic rdf:resource="http://dbpedia.org/resource/Farmhouses_in_Loosduinen_near_The_Hague_at_Twilight"/>
  </rdf:Description>
  <rdf:Description rdf:about="http://wikidata.dbpedia.org/resource/Q5435853">
    <owl:sameAs rdf:resource="http://dbpedia.org/resource/Farmhouses_in_Loosduinen_near_The_Hague_at_Twilight"/>
  </rdf:Description>
</rdf:RDF>
