<rdf:RDF xmlns:ns7="http://www.w3.org/ns/prov#" xmlns:dbpprop="http://dbpedia.org/property/" xmlns:foaf="http://xmlns.com/foaf/0.1/" xmlns:dbpedia-owl="http://dbpedia.org/ontology/" xmlns:dcterms="http://purl.org/dc/terms/" xmlns:owl="http://www.w3.org/2002/07/owl#" xmlns:rdfs="http://www.w3.org/2000/01/rdf-schema#" xmlns:rdf="http://www.w3.org/1999/02/22-rdf-syntax-ns#">
  <rdf:Description rdf:about="http://dbpedia.org/resource/Farmhouse_Among_Trees">
    <rdf:type rdf:resource="http://dbpedia.org/class/yago/PaintingsByVincentVanGogh"/>
    <rdf:type rdf:resource="http://dbpedia.org/class/yago/Art102743547"/>
    <rdf:type rdf:resource="http://dbpedia.org/class/yago/Whole100003553"/>
    <rdf:type rdf:resource="http://dbpedia.org/ontology/Work"/>
    <rdf:type rdf:resource="http://dbpedia.org/class/yago/Object100002684"/>
    <rdf:type rdf:resource="http://schema.org/CreativeWork"/>
    <rdf:type rdf:resource="http://dbpedia.org/class/yago/PhysicalEntity100001930"/>
    <rdf:type rdf:resource="http://dbpedia.org/class/yago/Creation103129123"/>
    <rdf:type rdf:resource="http://dbpedia.org/class/yago/Painting103876519"/>
    <rdf:type rdf:resource="http://dbpedia.org/class/yago/Artifact100021939"/>
    <rdf:type rdf:resource="http://dbpedia.org/ontology/Artwork"/>
    <rdf:type rdf:resource="http://dbpedia.org/class/yago/GraphicArt103453809"/>
    <rdf:type rdf:resource="http://www.w3.org/2002/07/owl#Thing"/>
    <rdf:type rdf:resource="http://dbpedia.org/class/yago/1883Paintings"/>
    <owl:sameAs rdf:resource="http://yago-knowledge.org/resource/Farmhouse_Among_Trees"/>
    <owl:sameAs rdf:resource="http://www.wikidata.org/entity/Q5435846"/>
    <owl:sameAs rdf:resource="http://dbpedia.org/resource/Farmhouse_Among_Trees"/>
    <owl:sameAs rdf:resource="http://rdf.freebase.com/ns/m.0bmczr3"/>
    <dcterms:subject rdf:resource="http://dbpedia.org/resource/Category:1883_paintings"/>
    <dcterms:subject rdf:resource="http://dbpedia.org/resource/Category:Paintings_by_Vincent_van_Gogh"/>
    <dbpedia-owl:abstract xml:lang="en">Farmhouse Among Trees is an oil painting created in 1883 by Vincent van Gogh.</dbpedia-owl:abstract>
    <dbpedia-owl:author rdf:resource="http://dbpedia.org/resource/Vincent_van_Gogh"/>
    <dbpedia-owl:wikiPageID rdf:datatype="http://www.w3.org/2001/XMLSchema#integer">26750511</dbpedia-owl:wikiPageID>
    <dbpedia-owl:wikiPageRevisionID rdf:datatype="http://www.w3.org/2001/XMLSchema#integer">485591826</dbpedia-owl:wikiPageRevisionID>
    <rdfs:label xml:lang="en">Farmhouse Among Trees</rdfs:label>
    <foaf:depiction rdf:resource="http://upload.wikimedia.org/wikipedia/commons/e/e9/Farmhouses_Among_Trees.jpg"/>
    <rdfs:comment xml:lang="en">Farmhouse Among Trees is an oil painting created in 1883 by Vincent van Gogh.</rdfs:comment>
    <foaf:name xml:lang="en">Farmhouse Among Trees</foaf:name>
    <dbpedia-owl:thumbnail rdf:resource="http://upload.wikimedia.org/wikipedia/commons/thumb/e/e9/Farmhouses_Among_Trees.jpg/200px-Farmhouses_Among_Trees.jpg"/>
    <dbpprop:artist rdf:resource="http://dbpedia.org/resource/Vincent_van_Gogh"/>
    <dbpprop:imageFile xml:lang="en">Farmhouses Among Trees.jpg</dbpprop:imageFile>
    <dbpprop:imageSize rdf:datatype="http://www.w3.org/2001/XMLSchema#integer">300</dbpprop:imageSize>
    <dbpprop:imperialUnit xml:lang="en">in</dbpprop:imperialUnit>
    <dbpprop:metricUnit xml:lang="en">cm</dbpprop:metricUnit>
    <dbpprop:title xml:lang="en">Farmhouse Among Trees</dbpprop:title>
    <foaf:isPrimaryTopicOf rdf:resource="http://en.wikipedia.org/wiki/Farmhouse_Among_Trees"/>
    <ns7:wasDerivedFrom rdf:resource="http://en.wikipedia.org/wiki/Farmhouse_Among_Trees?oldid=485591826"/>
    <dbpprop:hasPhotoCollection rdf:resource="http://wifo5-03.informatik.uni-mannheim.de/flickrwrappr/photos/Farmhouse_Among_Trees"/>
  </rdf:Description>
  <rdf:Description rdf:about="http://en.wikipedia.org/wiki/Farmhouse_Among_Trees">
    <foaf:primaryTopic rdf:resource="http://dbpedia.org/resource/Farmhouse_Among_Trees"/>
  </rdf:Description>
  <rdf:Description rdf:about="http://wikidata.dbpedia.org/resource/Q5435846">
    <owl:sameAs rdf:resource="http://dbpedia.org/resource/Farmhouse_Among_Trees"/>
  </rdf:Description>
</rdf:RDF>
