<rdf:RDF xmlns:ns7="http://www.w3.org/ns/prov#" xmlns:dbpprop="http://dbpedia.org/property/" xmlns:foaf="http://xmlns.com/foaf/0.1/" xmlns:dbpedia-owl="http://dbpedia.org/ontology/" xmlns:dcterms="http://purl.org/dc/terms/" xmlns:owl="http://www.w3.org/2002/07/owl#" xmlns:rdfs="http://www.w3.org/2000/01/rdf-schema#" xmlns:rdf="http://www.w3.org/1999/02/22-rdf-syntax-ns#">
  <rdf:Description rdf:about="http://dbpedia.org/resource/Farms_near_Auvers_(Van_Gogh)">
    <rdf:type rdf:resource="http://dbpedia.org/class/yago/PhysicalEntity100001930"/>
    <rdf:type rdf:resource="http://dbpedia.org/class/yago/Painting103876519"/>
    <rdf:type rdf:resource="http://dbpedia.org/class/yago/Artifact100021939"/>
    <rdf:type rdf:resource="http://schema.org/CreativeWork"/>
    <rdf:type rdf:resource="http://dbpedia.org/ontology/Work"/>
    <rdf:type rdf:resource="http://dbpedia.org/class/yago/GraphicArt103453809"/>
    <rdf:type rdf:resource="http://dbpedia.org/class/yago/PaintingsByVincentVanGogh"/>
    <rdf:type rdf:resource="http://dbpedia.org/class/yago/1890Paintings"/>
    <rdf:type rdf:resource="http://dbpedia.org/class/yago/Object100002684"/>
    <rdf:type rdf:resource="http://dbpedia.org/class/yago/Creation103129123"/>
    <rdf:type rdf:resource="http://dbpedia.org/class/yago/Whole100003553"/>
    <rdf:type rdf:resource="http://www.w3.org/2002/07/owl#Thing"/>
    <rdf:type rdf:resource="http://dbpedia.org/class/yago/VincentVanGoghPaintingsOfAuvers"/>
    <rdf:type rdf:resource="http://dbpedia.org/class/yago/Art102743547"/>
    <rdf:type rdf:resource="http://dbpedia.org/ontology/Artwork"/>
    <owl:sameAs rdf:resource="http://dbpedia.org/resource/Farms_near_Auvers_(Van_Gogh)"/>
    <owl:sameAs rdf:resource="http://pl.dbpedia.org/resource/Chaty_kryte_strzechą_pod_wzgórzem"/>
    <owl:sameAs rdf:resource="http://pnb.dbpedia.org/resource/آور_دے_نیڑے_کھیت"/>
    <owl:sameAs rdf:resource="http://rdf.freebase.com/ns/m.0df55p"/>
    <owl:sameAs rdf:resource="http://www.wikidata.org/entity/Q3695962"/>
    <owl:sameAs rdf:resource="http://yago-knowledge.org/resource/Farms_near_Auvers_(Van_Gogh)"/>
    <dcterms:subject rdf:resource="http://dbpedia.org/resource/Category:Paintings_by_Vincent_van_Gogh"/>
    <dcterms:subject rdf:resource="http://dbpedia.org/resource/Category:1890_paintings"/>
    <dcterms:subject rdf:resource="http://dbpedia.org/resource/Category:Vincent_van_Gogh_paintings_of_Auvers"/>
    <dbpedia-owl:abstract xml:lang="en">Farms near Auvers or Thatched Cottages by a Hill is an oil painting by Vincent van Gogh that he painted in July 1890 when he lived in Auvers-sur-Oise, France. The painting is an example of the double-square canvases that he employed in his last landscapes. Van Gogh spent the last few months of his life in Auvers-sur-Oise, a small town just north of Paris, after he left an asylum at Saint-Rémy in May 1890. Shortly after arriving at Auvers, Van Gogh wrote his sister Wil: "Here there are roofs of mossy thatch which are superb, and of which I’ll certainly do something. " The painting appears to be unfinished. It is similar to Thatched Cottages and Houses, a painting thought to have been executed shortly after arrival at Auvers. In 1933 the painting was bequeathed by C. Frank Stoop to the Tate Collection in London, where it currently resides.</dbpedia-owl:abstract>
    <dbpedia-owl:abstract xml:lang="pl">Chaty kryte strzechą pod wzgórzem (hol. Rietgedekte huizen tegen een heuvel, ang. Thatched Cottages by a Hill) – obraz Vincenta van Gogha namalowany w lipcu 1890 podczas jego pobytu w miejscowości Auvers-sur-Oise. Nr kat. : F 793, JH 2114.</dbpedia-owl:abstract>
    <dbpedia-owl:author rdf:resource="http://dbpedia.org/resource/Vincent_van_Gogh"/>
    <dbpedia-owl:museum rdf:resource="http://dbpedia.org/resource/Tate"/>
    <dbpedia-owl:museum rdf:resource="http://dbpedia.org/resource/London"/>
    <dbpedia-owl:wikiPageID rdf:datatype="http://www.w3.org/2001/XMLSchema#integer">5316267</dbpedia-owl:wikiPageID>
    <dbpedia-owl:wikiPageRevisionID rdf:datatype="http://www.w3.org/2001/XMLSchema#integer">544394255</dbpedia-owl:wikiPageRevisionID>
    <rdfs:label xml:lang="en">Farms near Auvers (Van Gogh)</rdfs:label>
    <rdfs:label xml:lang="pl">Chaty kryte strzechą pod wzgórzem</rdfs:label>
    <foaf:depiction rdf:resource="http://upload.wikimedia.org/wikipedia/commons/5/51/VanGoghThatchedCottagesByAHill.jpg"/>
    <rdfs:comment xml:lang="pl">Chaty kryte strzechą pod wzgórzem (hol. Rietgedekte huizen tegen een heuvel, ang. Thatched Cottages by a Hill) – obraz Vincenta van Gogha namalowany w lipcu 1890 podczas jego pobytu w miejscowości Auvers-sur-Oise. Nr kat. : F 793, JH 2114.</rdfs:comment>
    <rdfs:comment xml:lang="en">Farms near Auvers or Thatched Cottages by a Hill is an oil painting by Vincent van Gogh that he painted in July 1890 when he lived in Auvers-sur-Oise, France. The painting is an example of the double-square canvases that he employed in his last landscapes. Van Gogh spent the last few months of his life in Auvers-sur-Oise, a small town just north of Paris, after he left an asylum at Saint-Rémy in May 1890.</rdfs:comment>
    <foaf:name xml:lang="en">Farms near Auvers</foaf:name>
    <dbpedia-owl:thumbnail rdf:resource="http://upload.wikimedia.org/wikipedia/commons/thumb/5/51/VanGoghThatchedCottagesByAHill.jpg/200px-VanGoghThatchedCottagesByAHill.jpg"/>
    <dbpprop:artist xml:lang="en">Vincent van Gogh</dbpprop:artist>
    <dbpprop:height rdf:datatype="http://www.w3.org/2001/XMLSchema#double">50.2</dbpprop:height>
    <dbpprop:heightInch rdf:datatype="http://www.w3.org/2001/XMLSchema#double">19.7</dbpprop:heightInch>
    <dbpprop:imageFile xml:lang="en">VanGoghThatchedCottagesByAHill.jpg</dbpprop:imageFile>
    <dbpprop:museum rdf:resource="http://dbpedia.org/resource/Tate"/>
    <dbpprop:museum rdf:resource="http://dbpedia.org/resource/London"/>
    <dbpprop:title xml:lang="en">Farms near Auvers</dbpprop:title>
    <dbpprop:type xml:lang="en">Oil on canvas</dbpprop:type>
    <dbpprop:width rdf:datatype="http://www.w3.org/2001/XMLSchema#integer">103</dbpprop:width>
    <dbpprop:widthInch rdf:datatype="http://www.w3.org/2001/XMLSchema#double">40.6</dbpprop:widthInch>
    <dbpprop:year rdf:datatype="http://www.w3.org/2001/XMLSchema#integer">1890</dbpprop:year>
    <foaf:isPrimaryTopicOf rdf:resource="http://en.wikipedia.org/wiki/Farms_near_Auvers_(Van_Gogh)"/>
    <ns7:wasDerivedFrom rdf:resource="http://en.wikipedia.org/wiki/Farms_near_Auvers_(Van_Gogh)?oldid=544394255"/>
    <dbpprop:hasPhotoCollection rdf:resource="http://wifo5-03.informatik.uni-mannheim.de/flickrwrappr/photos/Farms_near_Auvers_(Van_Gogh)"/>
  </rdf:Description>
  <rdf:Description rdf:about="http://pl.dbpedia.org/resource/Chaty_kryte_strzechą_pod_wzgórzem">
    <owl:sameAs rdf:resource="http://dbpedia.org/resource/Farms_near_Auvers_(Van_Gogh)"/>
  </rdf:Description>
  <rdf:Description rdf:about="http://en.wikipedia.org/wiki/Farms_near_Auvers_(Van_Gogh)">
    <foaf:primaryTopic rdf:resource="http://dbpedia.org/resource/Farms_near_Auvers_(Van_Gogh)"/>
  </rdf:Description>
  <rdf:Description rdf:about="http://dbpedia.org/resource/Thatched_Cottages_by_a_Hill">
    <dbpedia-owl:wikiPageRedirects rdf:resource="http://dbpedia.org/resource/Farms_near_Auvers_(Van_Gogh)"/>
  </rdf:Description>
  <rdf:Description rdf:about="http://dbpedia.org/resource/Thatched_cottages_by_a_hill">
    <dbpedia-owl:wikiPageRedirects rdf:resource="http://dbpedia.org/resource/Farms_near_Auvers_(Van_Gogh)"/>
  </rdf:Description>
  <rdf:Description rdf:about="http://wikidata.dbpedia.org/resource/Q3695962">
    <owl:sameAs rdf:resource="http://dbpedia.org/resource/Farms_near_Auvers_(Van_Gogh)"/>
  </rdf:Description>
  <rdf:Description rdf:about="http://pnb.dbpedia.org/resource/آور_دے_نیڑے_کھیت">
    <owl:sameAs rdf:resource="http://dbpedia.org/resource/Farms_near_Auvers_(Van_Gogh)"/>
  </rdf:Description>
</rdf:RDF>
