<rdf:RDF xmlns:dbpprop="http://dbpedia.org/property/" xmlns:ns6="http://www.w3.org/ns/prov#" xmlns:foaf="http://xmlns.com/foaf/0.1/" xmlns:dbpedia-owl="http://dbpedia.org/ontology/" xmlns:dcterms="http://purl.org/dc/terms/" xmlns:owl="http://www.w3.org/2002/07/owl#" xmlns:rdfs="http://www.w3.org/2000/01/rdf-schema#" xmlns:rdf="http://www.w3.org/1999/02/22-rdf-syntax-ns#">
  <rdf:Description rdf:about="http://dbpedia.org/resource/Fayum_portrait">
    <dbpedia-owl:wikiPageRedirects rdf:resource="http://dbpedia.org/resource/Fayum_mummy_portraits"/>
  </rdf:Description>
  <rdf:Description rdf:about="http://cs.dbpedia.org/resource/Fajjúmské_mumiové_portréty">
    <owl:sameAs rdf:resource="http://dbpedia.org/resource/Fayum_mummy_portraits"/>
  </rdf:Description>
  <rdf:Description rdf:about="http://de.dbpedia.org/resource/Mumienporträt">
    <owl:sameAs rdf:resource="http://dbpedia.org/resource/Fayum_mummy_portraits"/>
  </rdf:Description>
  <rdf:Description rdf:about="http://es.dbpedia.org/resource/Retratos_de_El_Fayum">
    <owl:sameAs rdf:resource="http://dbpedia.org/resource/Fayum_mummy_portraits"/>
  </rdf:Description>
  <rdf:Description rdf:about="http://el.dbpedia.org/resource/Πορτραίτα_Φαγιούμ">
    <owl:sameAs rdf:resource="http://dbpedia.org/resource/Fayum_mummy_portraits"/>
  </rdf:Description>
  <rdf:Description rdf:about="http://pl.dbpedia.org/resource/Portrety_fajumskie">
    <owl:sameAs rdf:resource="http://dbpedia.org/resource/Fayum_mummy_portraits"/>
  </rdf:Description>
  <rdf:Description rdf:about="http://fr.dbpedia.org/resource/Portraits_du_Fayoum">
    <owl:sameAs rdf:resource="http://dbpedia.org/resource/Fayum_mummy_portraits"/>
  </rdf:Description>
  <rdf:Description rdf:about="http://ru.dbpedia.org/resource/Фаюмские_портреты">
    <owl:sameAs rdf:resource="http://dbpedia.org/resource/Fayum_mummy_portraits"/>
  </rdf:Description>
  <rdf:Description rdf:about="http://dbpedia.org/resource/Fayum_Portrait">
    <dbpedia-owl:wikiPageRedirects rdf:resource="http://dbpedia.org/resource/Fayum_mummy_portraits"/>
  </rdf:Description>
  <rdf:Description rdf:about="http://dbpedia.org/resource/Fayum_mummy_portraits">
    <rdf:type rdf:resource="http://dbpedia.org/class/yago/Painting103876519"/>
    <rdf:type rdf:resource="http://dbpedia.org/class/yago/RomanEmpirePaintings"/>
    <rdf:type rdf:resource="http://dbpedia.org/class/yago/Artifact100021939"/>
    <rdf:type rdf:resource="http://dbpedia.org/class/yago/Object100002684"/>
    <rdf:type rdf:resource="http://dbpedia.org/class/yago/Whole100003553"/>
    <rdf:type rdf:resource="http://dbpedia.org/class/yago/Art102743547"/>
    <rdf:type rdf:resource="http://dbpedia.org/class/yago/Creation103129123"/>
    <rdf:type rdf:resource="http://dbpedia.org/class/yago/GraphicArt103453809"/>
    <rdf:type rdf:resource="http://dbpedia.org/class/yago/PhysicalEntity100001930"/>
    <owl:sameAs rdf:resource="http://sv.dbpedia.org/resource/Fayyum-porträtt"/>
    <owl:sameAs rdf:resource="http://nl.dbpedia.org/resource/Fayum-portret"/>
    <owl:sameAs rdf:resource="http://ru.dbpedia.org/resource/Фаюмские_портреты"/>
    <owl:sameAs rdf:resource="http://el.dbpedia.org/resource/Πορτραίτα_Φαγιούμ"/>
    <owl:sameAs rdf:resource="http://ar.dbpedia.org/resource/لوحات_مومياوات_الفيوم"/>
    <owl:sameAs rdf:resource="http://de.dbpedia.org/resource/Mumienporträt"/>
    <owl:sameAs rdf:resource="http://es.dbpedia.org/resource/Retratos_de_El_Fayum"/>
    <owl:sameAs rdf:resource="http://sh.dbpedia.org/resource/Fajumski_portreti"/>
    <owl:sameAs rdf:resource="http://cs.dbpedia.org/resource/Fajjúmské_mumiové_portréty"/>
    <owl:sameAs rdf:resource="http://ko.dbpedia.org/resource/파이윰_미라_초상화"/>
    <owl:sameAs rdf:resource="http://fr.dbpedia.org/resource/Portraits_du_Fayoum"/>
    <owl:sameAs rdf:resource="http://fi.dbpedia.org/resource/Faijumin_muumiomuotokuvat"/>
    <owl:sameAs rdf:resource="http://it.dbpedia.org/resource/Ritratti_del_Fayyum"/>
    <owl:sameAs rdf:resource="http://pt.dbpedia.org/resource/Retratos_de_Fayum"/>
    <owl:sameAs rdf:resource="http://tr.dbpedia.org/resource/Feyyum_mumya_portreleri"/>
    <owl:sameAs rdf:resource="http://ja.dbpedia.org/resource/ミイラ肖像画"/>
    <owl:sameAs rdf:resource="http://www.wikidata.org/entity/Q646420"/>
    <owl:sameAs rdf:resource="http://he.dbpedia.org/resource/דיוקנאות_המומיות_מפיום"/>
    <owl:sameAs rdf:resource="http://pl.dbpedia.org/resource/Portrety_fajumskie"/>
    <owl:sameAs rdf:resource="http://ka.dbpedia.org/resource/ფაიუმის_პორტრეტი"/>
    <owl:sameAs rdf:resource="http://no.dbpedia.org/resource/Fayyum-portrettene"/>
    <owl:sameAs rdf:resource="http://hy.dbpedia.org/resource/Ֆայյումյան_դիմանկար"/>
    <owl:sameAs rdf:resource="http://bg.dbpedia.org/resource/Фаюмски_портрети"/>
    <owl:sameAs rdf:resource="http://yago-knowledge.org/resource/Fayum_mummy_portraits"/>
    <owl:sameAs rdf:resource="http://sk.dbpedia.org/resource/Fajjúmske_portréty"/>
    <owl:sameAs rdf:resource="http://sr.dbpedia.org/resource/Фајумски_портрети"/>
    <owl:sameAs rdf:resource="http://rdf.freebase.com/ns/m.013566"/>
    <owl:sameAs rdf:resource="http://id.dbpedia.org/resource/Potret-potret_mumi_Fayum"/>
    <owl:sameAs rdf:resource="http://arz.dbpedia.org/resource/بورتريهات_الفيوم"/>
    <owl:sameAs rdf:resource="http://dbpedia.org/resource/Fayum_mummy_portraits"/>
    <dcterms:subject rdf:resource="http://dbpedia.org/resource/Category:Ancient_Greek_painting"/>
    <dcterms:subject rdf:resource="http://dbpedia.org/resource/Category:Art_of_ancient_Egypt"/>
    <dcterms:subject rdf:resource="http://dbpedia.org/resource/Category:Greco-Roman_Egypt"/>
    <dcterms:subject rdf:resource="http://dbpedia.org/resource/Category:Roman_Empire_paintings"/>
    <dcterms:subject rdf:resource="http://dbpedia.org/resource/Category:Coptic_art"/>
    <dcterms:subject rdf:resource="http://dbpedia.org/resource/Category:Portraits_of_ancient_Greece_and_Rome"/>
    <dcterms:subject rdf:resource="http://dbpedia.org/resource/Category:Hellenistic_art"/>
    <dbpedia-owl:abstract xml:lang="pt">Os Retratos de Fayum (Fayyum, Faiyum ou Faium) é o termo moderno para um tipo de retrato realista pintado sobre madeira em múmias egípcias do Egito romano. Os retratos são inovações que datam da época da ocupação Romana do Egito, e eram comuns desde o Delta do Nilo até a Núbia. Fazem parte da tradição da pintura de painéis, que continuou na Arte bizantina e na Arte copta. Em termos de tradição artística, os retratos derivam mais da arte Greco-Romana do que da antiga arte Egípcia e isso decorre da grande quantidade de imigrantes gregos no Egipto ptolemaico. Sob o domínio greco-romano, o Egito tinha várias colônias gregas, a maioria delas concentradas em Alexandria. Outra dessas colônias era Faiyum, que também abrigava habitantes de outras partes do Egito, como o Delta do Nilo e Mênfis. Dois tipos de retratos podem ser diferenciados pela técnica: os que utilizam a Encáustica e outros que usam a têmpera. A maioria dos retratos foi encontrada na necrópole de Faiyum. O explorador italiano Pietro Della Valle, em uma viagem para Sakara-Mênfis em 1615, foi o primeiro europeu a descobrir e descrever os retratos. Outros retratos foram encontrados no século XIX em Tebas. Ippolito Rosellini, membro da expedição de Jean-François Champollion trouxe um dos retratos para Florença. Hoje, os retratos de Fayum podem ser encontrados em importantes museus arqueológicos do mundo, tais como o Museu Britânico, o Metropolitan Museum of Art, em Nova York e o Louvre, em Paris. Os hábitos relacionados aos enterros na Dinastia ptolemaica seguiam as antigas tradições. Os corpos dos membros das classes altas eram mumificados, colocados em caixões decorados e era também colocada uma máscara para cobrir a cabeça. Os gregos da região praticavam a tradição da cremação. Isso reflete a situação geral do Egito no Helenismo: os governantes se auto-proclamavam faraós, mas incorporavam apenas poucos hábitos locais, seguindo o estilo de vida grego. Tudo mudou com a chegada dos romanos. Em poucas gerações, todas as tradições gregas desapareceram. Junto com os afrescos de Pompéia e Herculano e os afrescos nos túmulos na Antiga Macedónia, os retratos são as obras mais bem preservadas de tempos antigos e são famosas por seu incrível naturalismo. Pelos retratos é possível observar o modo como as pessoas arrumavam seus cabelos, se vestiam e usavam as jóias. 		 			Fayum-01. jpg 			 			 		 		 			Fayum-boy-MNW. jpg 			 			 		 		 			Museo archeologico di Firenze, Museo Egizio, Ritratto da Al Fayum. JPG 			 			 		 		 			Portrait d’homme barbu. jpg 			 			 		 		 			Portrait du Fayoum 01a. JPG 			 			 		 		 			PortraitOfAYoungBoy MetropolitanMuseumOfArt. png 			 			 		 		 			Römisch-Ägyptischer Meister 001. jpg</dbpedia-owl:abstract>
    <dbpedia-owl:abstract xml:lang="pl">Portrety z Fajum – grupa około 700 portretów na drewnie, które były składane wraz z zabalsamowanymi zwłokami do grobów. Odnalezione zostały na zhellenizowanych terenach Egiptu, głównie na cmentarzyskach w oazie Fajum i cmentarzu rzymskim w Antinoopolis. Najstarsze zachowane portrety pochodzą z I wieku.</dbpedia-owl:abstract>
    <dbpedia-owl:abstract xml:lang="de">Bei einem Mumienporträt (auch Fajumporträt genannt) handelt es sich um die moderne Bezeichnung für Porträts, die in Ägypten auf Holztafeln, die in die Mumienumhüllung eingewickelt wurde, oder seltener auf die Umhüllungen von Mumien gemalt wurden. Mumienporträts wurden in allen Teilen Ägyptens, mit einer besonderen Konzentration im Fajum und in Antinoopolis, gefunden. Sie datieren in die römische Zeit, wobei dieser Brauch anscheinend im späten letzten vorchristlichen oder frühen 1. nachchristlichen Jahrhundert begann. Das Ende ihrer Produktion ist umstritten. Die neuere Forschung tendiert zur Mitte des 3. Jahrhunderts als Endpunkt ihrer Herstellung. Die Mumienporträts zeigen meist eine Person in Form eines Brust- oder Kopfbildnisses in Frontalansicht. Der Hintergrund des Bildes ist stets einfarbig gehalten. In ihrer künstlerischen Tradition sind diese Bildwerke eindeutig römischen Ursprungs. Technisch lassen sich zwei Gruppen unterscheiden: Bilder in Enkaustik (Wachsmalerei) und in Tempera, wobei die Ersteren im Schnitt von höherer Qualität sind.</dbpedia-owl:abstract>
    <dbpedia-owl:abstract xml:lang="sv">Fayyum-porträtt kallas ett stort antal (omkring sjuhundra) målningar från perioden 100-300 e. Kr. som utfördes i enkaustik, dvs varmt, pigmenterat bivax, på träpannå och fästes vid den avlidnes mumie. De flesta porträtten härstammar från den egyptiska staden Fayyum, i det som då var en romersk provins, där det varma och torra klimatet har bevarat målningarna in i modern tid. De flesta fayyum-porträtten föreställer unga människor, och många avbildar barn. Moderna undersökningar av mumierna har påvisat en överensstämmelse mellan porträtten och de avlidnas kön och ålder, vilket antyder den blygsamma förväntade medellivslängden under denna period. Man har också föreslagit att dessa målningar ursprungligen ska ha varit väggmålningar som antingen kopierats eller direkt flyttats till graven. Tillsammans med fresker och andra objekt från Pompeji och Herculaneum och gravmålningar funna i Makedonien, utgör fayyum-porträtten de bäst bevarade målningarna från konsten under antiken. Porträtten uppvisar en häpnadsväckande naturalism, och man antar därför att de målats under den avbildades livstid. Det är däremot omdiskuterat hur realistiska porträtten är. Jämförelser mellan ett stort antal porträtt antyder att konstnärerna snarare återgav ett antal arketyper med variationer i frisyr och skägg. Proportionsskillnaderna är små och individuella karaktärsdrag saknas, jämfört med den psykologiska realismen i den romerska porträttkonsten, i princip helt . Fayyum-porträtten tros ha utgjort en viktig utgångspunkt för ikonmåleriet i den bysantinska konsten. Idag finns fayyum-porträtten sprida i museer över hela världen, till exempel i Louvren och British Museum.</dbpedia-owl:abstract>
    <dbpedia-owl:abstract xml:lang="ja">ミイラ肖像画（ミイラしょうぞうが）、またはミイラの肖像画（亜: أحدث التغييرات‎）は、エジプトの古代末期ごろから死者のミイラとともに埋葬された、埋葬者の肖像画。木の板に描かれた伝統的な板絵に属する絵画作品で、自然主義的なその作品は、古代美術としてはきわめて優れた分野のひとつとみなされている。 ミイラ肖像画はエジプト各地で発見されているが、ファイユームのハワーラ とアンティノポリス から出土した肖像画がとくによく知られており、ミイラ肖像画の総称として「ファイユームのミイラ肖像画」と呼ばれることもある。死者に麻やパピルスを貼り付けて石膏で固め、その上から肖像や装飾を描く風習はエジプト第1中間期まで遡ることができるが、ミイラ肖像画はエジプトが古代ローマ帝国の属州だった、紀元前1世紀ごろから発展した風習である。 紀元前1世紀から1世紀前半にかけてミイラ肖像画が盛んに描かれたが、この風習がいつごろから見られなくなったのかは明確になっていない。近年の研究では、3世紀半ばごろまでミイラ肖像画が描かれていたのではないかとされている。希少な現存する古代の優れた絵画作品として、ミイラ肖像画は最大の規模を誇り、その後のエジプト国内の初期キリスト教時代（コプト美術 のみならず、ビザンティン美術や中世以降の西洋美術における板絵へと、その伝統を伝えていった。 ミイラ肖像画は、埋葬のためにミイラ化された死者の顔部分におかれていた。出土したときの状況から、埋葬者の身体に巻きつけられていた帯状の布に差し込まれていたと考えられている。現在世界各地に所蔵されているミイラ肖像画は、もともとのミイラから外されて保管されているが、カイロのエジプト考古学博物館、ロンドンの大英博物館では、ミイラと共に出土時の状態で所蔵されている。単独の人物の頭部、ないし頭部から胸部が、正面を向いた構図で描かれているものがほとんどである。美術史的な観点からすると、エジプト美術ではなく古代ギリシア・ローマの美術様式から派生したものである 。 ミイラ肖像画は、その制作技法で二つに大別できる。蜜蝋を用いたエンカウスティークと鶏卵を用いたテンペラで、エンカウスティークで描かれた肖像画に優れた作品が多い。現存するミイラ肖像画としておよそ900点が知られており、それらの多くがファイユームの共同墓地から出土したものである。エジプトの暑く乾燥した気候の影響で作品の保存状況は非常に良好であり、往時の美しい色彩を留めている。</dbpedia-owl:abstract>
    <dbpedia-owl:abstract xml:lang="ru">Фаюмские портреты — созданные в технике энкаустики погребальные портреты в Римском Египте I—III веков н. э. Своё название получили по месту первой крупной находки в Фаюмском оазисе в 1887 году британской экспедицией во главе с Флиндерсом Питри. Являются элементом видоизмененной под греко-римским влиянием местной погребальной традиции: портрет заменяет традиционную погребальную маску на мумии. Находятся в коллекции многих музеев мира, в том числе Британского музея, Лувра и в Музее Метрополитен в Нью-Йорке. Великолепное собрание из 23 погребальных фаюмских портретов в Государственном музее изобразительных искусств имени А.  С.  Пушкина в Москве, обнаруженных в Египте в 70-е годы XIX века, даёт возможность проследить развитие этого жанра на протяжении четырёх веков (с I по IV вв.).</dbpedia-owl:abstract>
    <dbpedia-owl:abstract xml:lang="en">Mummy portraits or Fayum mummy portraits (also Faiyum mummy portraits) is the modern term given to a type of naturalistic painted portraits on wooden boards attached to mummies from the Coptic period. They belong to the tradition of panel painting, one of the most highly regarded forms of art in the Classical world. In fact, the Fayum portraits are the only large body of art from that tradition to have survived. Mummy portraits have been found across Egypt, but are most common in the Faiyum Basin, particularly from Hawara and Antinoopolis, hence the common name. "Faiyum Portraits" is generally thought of as a stylistic, rather than a geographic, description. While painted Cartonnage mummy cases date back to pharaonic times, the Faiyum mummy portraits were an innovation dating to the Coptic period on time of the Roman occupation of Egypt. They date to the Roman period, from the late 1st century BCE or the early 1st century CE onwards. It is not clear when their production ended, but recent research suggests the middle of the 3rd century. They are among the largest groups among the very few survivors of the highly prestigious panel painting tradition of the classical world, which was continued into Byzantine and Western traditions in the post-classical world, including the local tradition of Coptic iconography in Egypt. The portraits covered the faces of bodies that were mummified for burial. Extant examples indicate that they were mounted into the bands of cloth that were used to wrap the bodies. Almost all have now been detached from the mummies. They usually depict a single person, showing the head, or head and upper chest, viewed frontally. In terms of artistic tradition, the images clearly derive more from Graeco-Roman traditions than Egyptian ones. Two groups of portraits can be distinguished by technique: one of encaustic (wax) paintings, the other in tempera. The former are usually of higher quality. About 900 mummy portraits are known at present. The majority were found in the necropoleis of Faiyum. Due to the hot dry Egyptian climate, the paintings are frequently very well preserved, often retaining their brilliant colours seemingly unfaded by time.</dbpedia-owl:abstract>
    <dbpedia-owl:abstract xml:lang="it">Con l'espressione ritratti del Fayyum, si designa una serie di circa 600 ritratti funebri, fortemente realistici, realizzati per lo più su tavole lignee, che ricoprivano i volti di alcune mummie egizie d'età romana. Il nome deriva dalla pseudo-oasi del Fayyum, il luogo da cui proviene la maggior parte delle opere. L'importanza di tali raffigurazioni deriva, oltre che dal loro spiccato realismo, anche dal fatto che, insieme agli affreschi di Ercolano e Pompei, a quelli della tomba del tuffatore a Paestum e ad alcune raffigurazioni tombali a Verghina nella Macedonia Centrale, sono tra gli esempi meglio conservati di pittura dell'antichità.</dbpedia-owl:abstract>
    <dbpedia-owl:abstract xml:lang="es">Los retratos de El Fayum o retratos de momias de El Fayum (la mayoría los retratos de esta tipología se han encontrado en esa región de Egipto) o simplemente, retratos de momias son términos modernos que se refieren a un tipo de retrato realista, pintado en tablas de madera que cubren el rostro de muchas momias de la provincia romana de Egipto. Pertenecen a la tradición de pintura en tabla, una de las formas de arte más respetadas en el mundo clásico. De hecho, los retratos de El Fayum son el único gran conjunto de arte de esa tradición que ha perdurado y que fue continuada en las tradiciones bizantina y occidental en el mundo posclásico, incluyendo la tradicional local de iconografía copta en Egipto.</dbpedia-owl:abstract>
    <dbpedia-owl:abstract xml:lang="nl">Fayum-portretten zijn encaustieke portretten die tussen 100 n.C. en 300 n.C. van de Egyptische oudheid in de Romeins-Egyptische stad Fajoem werden gemaakt. De portretten werden na de dood van de afgebeelde persoon met de mummie in de graftombe geplaatst. De meeste van de ruim 1000 mummieportretten werden gevonden bij Fayum, maar een aantal is op andere plekken gevonden, zoals bij Antinoöpolis.</dbpedia-owl:abstract>
    <dbpedia-owl:abstract xml:lang="fr">Les portraits du Fayoum sont une série de plus de 1 000 portraits trouvés à partir de 1888 par Flinders Petrie, puis par d'autres archéologues, principalement dans le gouvernorat du Fayoum en Égypte. Ils datent des premiers siècles de notre ère, et constituent des représentations visuelles des populations passant par cette région à cette époque.</dbpedia-owl:abstract>
    <dbpedia-owl:wikiPageID rdf:datatype="http://www.w3.org/2001/XMLSchema#integer">149297</dbpedia-owl:wikiPageID>
    <dbpedia-owl:wikiPageRevisionID rdf:datatype="http://www.w3.org/2001/XMLSchema#integer">548282406</dbpedia-owl:wikiPageRevisionID>
    <rdfs:label xml:lang="nl">Fayum-portret</rdfs:label>
    <rdfs:label xml:lang="en">Fayum mummy portraits</rdfs:label>
    <rdfs:label xml:lang="pt">Retratos de Fayum</rdfs:label>
    <rdfs:label xml:lang="sv">Fayyum-porträtt</rdfs:label>
    <rdfs:label xml:lang="pl">Portrety fajumskie</rdfs:label>
    <rdfs:label xml:lang="ja">ミイラ肖像画</rdfs:label>
    <rdfs:label xml:lang="it">Ritratti del Fayyum</rdfs:label>
    <rdfs:label xml:lang="es">Retratos de El Fayum</rdfs:label>
    <rdfs:label xml:lang="ru">Фаюмские портреты</rdfs:label>
    <rdfs:label xml:lang="de">Mumienporträt</rdfs:label>
    <rdfs:label xml:lang="fr">Portraits du Fayoum</rdfs:label>
    <foaf:depiction rdf:resource="http://upload.wikimedia.org/wikipedia/commons/c/c6/Fayum-34.jpg"/>
    <rdfs:comment xml:lang="ja">ミイラ肖像画（ミイラしょうぞうが）、またはミイラの肖像画（亜: أحدث التغييرات‎）は、エジプトの古代末期ごろから死者のミイラとともに埋葬された、埋葬者の肖像画。木の板に描かれた伝統的な板絵に属する絵画作品で、自然主義的なその作品は、古代美術としてはきわめて優れた分野のひとつとみなされている。 ミイラ肖像画はエジプト各地で発見されているが、ファイユームのハワーラ とアンティノポリス から出土した肖像画がとくによく知られており、ミイラ肖像画の総称として「ファイユームのミイラ肖像画」と呼ばれることもある。死者に麻やパピルスを貼り付けて石膏で固め、その上から肖像や装飾を描く風習はエジプト第1中間期まで遡ることができるが、ミイラ肖像画はエジプトが古代ローマ帝国の属州だった、紀元前1世紀ごろから発展した風習である。 紀元前1世紀から1世紀前半にかけてミイラ肖像画が盛んに描かれたが、この風習がいつごろから見られなくなったのかは明確になっていない。近年の研究では、3世紀半ばごろまでミイラ肖像画が描かれていたのではないかとされている。希少な現存する古代の優れた絵画作品として、ミイラ肖像画は最大の規模を誇り、その後のエジプト国内の初期キリスト教時代（コプト美術 のみならず、ビザンティン美術や中世以降の西洋美術における板絵へと、その伝統を伝えていった。 ミイラ肖像画は、埋葬のためにミイラ化された死者の顔部分におかれていた。出土したときの状況から、埋葬者の身体に巻きつけられていた帯状の布に差し込まれていたと考えられている。現在世界各地に所蔵されているミイラ肖像画は、もともとのミイラから外されて保管されているが、カイロのエジプト考古学博物館、ロンドンの大英博物館では、ミイラと共に出土時の状態で所蔵されている。単独の人物の頭部、ないし頭部から胸部が、正面を向いた構図で描かれているものがほとんどである。美術史的な観点からすると、エジプト美術ではなく古代ギリシア・ローマの美術様式から派生したものである 。 ミイラ肖像画は、その制作技法で二つに大別できる。蜜蝋を用いたエンカウスティークと鶏卵を用いたテンペラで、エンカウスティークで描かれた肖像画に優れた作品が多い。現存するミイラ肖像画としておよそ900点が知られており、それらの多くがファイユームの共同墓地から出土したものである。エジプトの暑く乾燥した気候の影響で作品の保存状況は非常に良好であり、往時の美しい色彩を留めている。</rdfs:comment>
    <rdfs:comment xml:lang="sv">Fayyum-porträtt kallas ett stort antal (omkring sjuhundra) målningar från perioden 100-300 e. Kr. som utfördes i enkaustik, dvs varmt, pigmenterat bivax, på träpannå och fästes vid den avlidnes mumie. De flesta porträtten härstammar från den egyptiska staden Fayyum, i det som då var en romersk provins, där det varma och torra klimatet har bevarat målningarna in i modern tid. De flesta fayyum-porträtten föreställer unga människor, och många avbildar barn.</rdfs:comment>
    <rdfs:comment xml:lang="es">Los retratos de El Fayum o retratos de momias de El Fayum (la mayoría los retratos de esta tipología se han encontrado en esa región de Egipto) o simplemente, retratos de momias son términos modernos que se refieren a un tipo de retrato realista, pintado en tablas de madera que cubren el rostro de muchas momias de la provincia romana de Egipto. Pertenecen a la tradición de pintura en tabla, una de las formas de arte más respetadas en el mundo clásico.</rdfs:comment>
    <rdfs:comment xml:lang="de">Bei einem Mumienporträt (auch Fajumporträt genannt) handelt es sich um die moderne Bezeichnung für Porträts, die in Ägypten auf Holztafeln, die in die Mumienumhüllung eingewickelt wurde, oder seltener auf die Umhüllungen von Mumien gemalt wurden. Mumienporträts wurden in allen Teilen Ägyptens, mit einer besonderen Konzentration im Fajum und in Antinoopolis, gefunden. Sie datieren in die römische Zeit, wobei dieser Brauch anscheinend im späten letzten vorchristlichen oder frühen 1.</rdfs:comment>
    <rdfs:comment xml:lang="ru">Фаюмские портреты — созданные в технике энкаустики погребальные портреты в Римском Египте I—III веков н. э. Своё название получили по месту первой крупной находки в Фаюмском оазисе в 1887 году британской экспедицией во главе с Флиндерсом Питри. Являются элементом видоизмененной под греко-римским влиянием местной погребальной традиции: портрет заменяет традиционную погребальную маску на мумии.</rdfs:comment>
    <rdfs:comment xml:lang="en">Mummy portraits or Fayum mummy portraits (also Faiyum mummy portraits) is the modern term given to a type of naturalistic painted portraits on wooden boards attached to mummies from the Coptic period. They belong to the tradition of panel painting, one of the most highly regarded forms of art in the Classical world. In fact, the Fayum portraits are the only large body of art from that tradition to have survived.</rdfs:comment>
    <rdfs:comment xml:lang="pt">Os Retratos de Fayum (Fayyum, Faiyum ou Faium) é o termo moderno para um tipo de retrato realista pintado sobre madeira em múmias egípcias do Egito romano. Os retratos são inovações que datam da época da ocupação Romana do Egito, e eram comuns desde o Delta do Nilo até a Núbia. Fazem parte da tradição da pintura de painéis, que continuou na Arte bizantina e na Arte copta.</rdfs:comment>
    <rdfs:comment xml:lang="it">Con l'espressione ritratti del Fayyum, si designa una serie di circa 600 ritratti funebri, fortemente realistici, realizzati per lo più su tavole lignee, che ricoprivano i volti di alcune mummie egizie d'età romana. Il nome deriva dalla pseudo-oasi del Fayyum, il luogo da cui proviene la maggior parte delle opere.</rdfs:comment>
    <rdfs:comment xml:lang="fr">Les portraits du Fayoum sont une série de plus de 1 000 portraits trouvés à partir de 1888 par Flinders Petrie, puis par d'autres archéologues, principalement dans le gouvernorat du Fayoum en Égypte. Ils datent des premiers siècles de notre ère, et constituent des représentations visuelles des populations passant par cette région à cette époque.</rdfs:comment>
    <rdfs:comment xml:lang="nl">Fayum-portretten zijn encaustieke portretten die tussen 100 n.C. en 300 n.C. van de Egyptische oudheid in de Romeins-Egyptische stad Fajoem werden gemaakt. De portretten werden na de dood van de afgebeelde persoon met de mummie in de graftombe geplaatst. De meeste van de ruim 1000 mummieportretten werden gevonden bij Fayum, maar een aantal is op andere plekken gevonden, zoals bij Antinoöpolis.</rdfs:comment>
    <rdfs:comment xml:lang="pl">Portrety z Fajum – grupa około 700 portretów na drewnie, które były składane wraz z zabalsamowanymi zwłokami do grobów. Odnalezione zostały na zhellenizowanych terenach Egiptu, głównie na cmentarzyskach w oazie Fajum i cmentarzu rzymskim w Antinoopolis. Najstarsze zachowane portrety pochodzą z I wieku.</rdfs:comment>
    <dbpedia-owl:thumbnail rdf:resource="http://upload.wikimedia.org/wikipedia/commons/thumb/c/c6/Fayum-34.jpg/200px-Fayum-34.jpg"/>
    <dbpedia-owl:wikiPageExternalLink rdf:resource="http://www.thebritishmuseum.ac.uk/bmsaes/issue3/prag.html"/>
    <dbpedia-owl:wikiPageExternalLink rdf:resource="http://www.casa.ucl.ac.uk/digital_egypt/hawara/portraits/index.html"/>
    <dbpedia-owl:wikiPageExternalLink rdf:resource="http://www.bergerfoundation.ch/Fayoum/english/dynamicContent.html"/>
    <dbpedia-owl:wikiPageExternalLink rdf:resource="http://library.case.edu/ksl/ecoll/books/petrom00/petrom00.html"/>
    <dbpedia-owl:wikiPageExternalLink rdf:resource="http://www.encaustic.ca/html/history.html"/>
    <foaf:isPrimaryTopicOf rdf:resource="http://en.wikipedia.org/wiki/Fayum_mummy_portraits"/>
    <ns6:wasDerivedFrom rdf:resource="http://en.wikipedia.org/wiki/Fayum_mummy_portraits?oldid=548282406"/>
    <dbpprop:hasPhotoCollection rdf:resource="http://wifo5-03.informatik.uni-mannheim.de/flickrwrappr/photos/Fayum_mummy_portraits"/>
  </rdf:Description>
  <rdf:Description rdf:about="http://en.wikipedia.org/wiki/Fayum_mummy_portraits">
    <foaf:primaryTopic rdf:resource="http://dbpedia.org/resource/Fayum_mummy_portraits"/>
  </rdf:Description>
  <rdf:Description rdf:about="http://dbpedia.org/resource/Fayum_portraits">
    <dbpedia-owl:wikiPageRedirects rdf:resource="http://dbpedia.org/resource/Fayum_mummy_portraits"/>
  </rdf:Description>
  <rdf:Description rdf:about="http://dbpedia.org/resource/Fayum_mummy_portrait">
    <dbpedia-owl:wikiPageRedirects rdf:resource="http://dbpedia.org/resource/Fayum_mummy_portraits"/>
  </rdf:Description>
  <rdf:Description rdf:about="http://dbpedia.org/resource/Fayyum_mummy_portraits">
    <dbpedia-owl:wikiPageRedirects rdf:resource="http://dbpedia.org/resource/Fayum_mummy_portraits"/>
  </rdf:Description>
  <rdf:Description rdf:about="http://dbpedia.org/resource/Fayum_Portraits">
    <dbpedia-owl:wikiPageRedirects rdf:resource="http://dbpedia.org/resource/Fayum_mummy_portraits"/>
  </rdf:Description>
  <rdf:Description rdf:about="http://dbpedia.org/resource/Faiyum_mummy_portraits">
    <dbpedia-owl:wikiPageRedirects rdf:resource="http://dbpedia.org/resource/Fayum_mummy_portraits"/>
  </rdf:Description>
  <rdf:Description rdf:about="http://dbpedia.org/resource/Fayoum_mummy_portrait">
    <dbpedia-owl:wikiPageRedirects rdf:resource="http://dbpedia.org/resource/Fayum_mummy_portraits"/>
  </rdf:Description>
  <rdf:Description rdf:about="http://dbpedia.org/resource/Fayoum_mummy_portraits">
    <dbpedia-owl:wikiPageRedirects rdf:resource="http://dbpedia.org/resource/Fayum_mummy_portraits"/>
  </rdf:Description>
  <rdf:Description rdf:about="http://dbpedia.org/resource/Portraits_of_Faiyum">
    <dbpedia-owl:wikiPageRedirects rdf:resource="http://dbpedia.org/resource/Fayum_mummy_portraits"/>
  </rdf:Description>
  <rdf:Description rdf:about="http://it.dbpedia.org/resource/Ritratti_del_Fayyum">
    <owl:sameAs rdf:resource="http://dbpedia.org/resource/Fayum_mummy_portraits"/>
  </rdf:Description>
  <rdf:Description rdf:about="http://ja.dbpedia.org/resource/ミイラ肖像画">
    <owl:sameAs rdf:resource="http://dbpedia.org/resource/Fayum_mummy_portraits"/>
  </rdf:Description>
  <rdf:Description rdf:about="http://ko.dbpedia.org/resource/파이윰_미라_초상화">
    <owl:sameAs rdf:resource="http://dbpedia.org/resource/Fayum_mummy_portraits"/>
  </rdf:Description>
  <rdf:Description rdf:about="http://pt.dbpedia.org/resource/Retratos_de_Fayum">
    <owl:sameAs rdf:resource="http://dbpedia.org/resource/Fayum_mummy_portraits"/>
  </rdf:Description>
  <rdf:Description rdf:about="http://nl.dbpedia.org/resource/Fayum-portret">
    <owl:sameAs rdf:resource="http://dbpedia.org/resource/Fayum_mummy_portraits"/>
  </rdf:Description>
  <rdf:Description rdf:about="http://wikidata.dbpedia.org/resource/Q646420">
    <owl:sameAs rdf:resource="http://dbpedia.org/resource/Fayum_mummy_portraits"/>
  </rdf:Description>
  <rdf:Description rdf:about="http://ar.dbpedia.org/resource/لوحات_مومياوات_الفيوم">
    <owl:sameAs rdf:resource="http://dbpedia.org/resource/Fayum_mummy_portraits"/>
  </rdf:Description>
  <rdf:Description rdf:about="http://arz.dbpedia.org/resource/بورتريهات_الفيوم">
    <owl:sameAs rdf:resource="http://dbpedia.org/resource/Fayum_mummy_portraits"/>
  </rdf:Description>
  <rdf:Description rdf:about="http://bg.dbpedia.org/resource/Фаюмски_портрети">
    <owl:sameAs rdf:resource="http://dbpedia.org/resource/Fayum_mummy_portraits"/>
  </rdf:Description>
  <rdf:Description rdf:about="http://fi.dbpedia.org/resource/Faijumin_muumiomuotokuvat">
    <owl:sameAs rdf:resource="http://dbpedia.org/resource/Fayum_mummy_portraits"/>
  </rdf:Description>
  <rdf:Description rdf:about="http://he.dbpedia.org/resource/דיוקנאות_המומיות_מפיום">
    <owl:sameAs rdf:resource="http://dbpedia.org/resource/Fayum_mummy_portraits"/>
  </rdf:Description>
  <rdf:Description rdf:about="http://hy.dbpedia.org/resource/Ֆայյումյան_դիմանկար">
    <owl:sameAs rdf:resource="http://dbpedia.org/resource/Fayum_mummy_portraits"/>
  </rdf:Description>
  <rdf:Description rdf:about="http://id.dbpedia.org/resource/Potret-potret_mumi_Fayum">
    <owl:sameAs rdf:resource="http://dbpedia.org/resource/Fayum_mummy_portraits"/>
  </rdf:Description>
  <rdf:Description rdf:about="http://ka.dbpedia.org/resource/ფაიუმის_პორტრეტი">
    <owl:sameAs rdf:resource="http://dbpedia.org/resource/Fayum_mummy_portraits"/>
  </rdf:Description>
  <rdf:Description rdf:about="http://no.dbpedia.org/resource/Fayyum-portrettene">
    <owl:sameAs rdf:resource="http://dbpedia.org/resource/Fayum_mummy_portraits"/>
  </rdf:Description>
  <rdf:Description rdf:about="http://sh.dbpedia.org/resource/Fajumski_portreti">
    <owl:sameAs rdf:resource="http://dbpedia.org/resource/Fayum_mummy_portraits"/>
  </rdf:Description>
  <rdf:Description rdf:about="http://sk.dbpedia.org/resource/Fajjúmske_portréty">
    <owl:sameAs rdf:resource="http://dbpedia.org/resource/Fayum_mummy_portraits"/>
  </rdf:Description>
  <rdf:Description rdf:about="http://sr.dbpedia.org/resource/Фајумски_портрети">
    <owl:sameAs rdf:resource="http://dbpedia.org/resource/Fayum_mummy_portraits"/>
  </rdf:Description>
  <rdf:Description rdf:about="http://sv.dbpedia.org/resource/Fayyum-porträtt">
    <owl:sameAs rdf:resource="http://dbpedia.org/resource/Fayum_mummy_portraits"/>
  </rdf:Description>
  <rdf:Description rdf:about="http://tr.dbpedia.org/resource/Feyyum_mumya_portreleri">
    <owl:sameAs rdf:resource="http://dbpedia.org/resource/Fayum_mummy_portraits"/>
  </rdf:Description>
</rdf:RDF>
