<rdf:RDF xmlns:ns7="http://www.w3.org/ns/prov#" xmlns:dbpprop="http://dbpedia.org/property/" xmlns:foaf="http://xmlns.com/foaf/0.1/" xmlns:dbpedia-owl="http://dbpedia.org/ontology/" xmlns:dcterms="http://purl.org/dc/terms/" xmlns:owl="http://www.w3.org/2002/07/owl#" xmlns:rdfs="http://www.w3.org/2000/01/rdf-schema#" xmlns:rdf="http://www.w3.org/1999/02/22-rdf-syntax-ns#">
  <rdf:Description rdf:about="http://cs.dbpedia.org/resource/Růžencová_slavnost">
    <owl:sameAs rdf:resource="http://dbpedia.org/resource/Feast_of_the_Rosary"/>
  </rdf:Description>
  <rdf:Description rdf:about="http://it.dbpedia.org/resource/Festa_del_Rosario">
    <owl:sameAs rdf:resource="http://dbpedia.org/resource/Feast_of_the_Rosary"/>
  </rdf:Description>
  <rdf:Description rdf:about="http://pl.dbpedia.org/resource/Święto_Różańcowe">
    <owl:sameAs rdf:resource="http://dbpedia.org/resource/Feast_of_the_Rosary"/>
  </rdf:Description>
  <rdf:Description rdf:about="http://es.dbpedia.org/resource/Fiesta_del_Rosario">
    <owl:sameAs rdf:resource="http://dbpedia.org/resource/Feast_of_the_Rosary"/>
  </rdf:Description>
  <rdf:Description rdf:about="http://fr.dbpedia.org/resource/La_Vierge_de_la_fête_du_rosaire">
    <owl:sameAs rdf:resource="http://dbpedia.org/resource/Feast_of_the_Rosary"/>
  </rdf:Description>
  <rdf:Description rdf:about="http://dbpedia.org/resource/Feast_of_the_Rosary_(D%C3%BCrer)">
    <dbpedia-owl:wikiPageRedirects rdf:resource="http://dbpedia.org/resource/Feast_of_the_Rosary"/>
  </rdf:Description>
  <rdf:Description rdf:about="http://dbpedia.org/resource/Feast_of_the_Rosary_(Albrecht_D%C3%BCrer)">
    <dbpedia-owl:wikiPageRedirects rdf:resource="http://dbpedia.org/resource/Feast_of_the_Rosary"/>
  </rdf:Description>
  <rdf:Description rdf:about="http://de.dbpedia.org/resource/Das_Rosenkranzfest">
    <owl:sameAs rdf:resource="http://dbpedia.org/resource/Feast_of_the_Rosary"/>
  </rdf:Description>
  <rdf:Description rdf:about="http://dbpedia.org/resource/Feast_of_the_Rosary">
    <rdf:type rdf:resource="http://dbpedia.org/class/yago/Art102743547"/>
    <rdf:type rdf:resource="http://dbpedia.org/class/yago/Object100002684"/>
    <rdf:type rdf:resource="http://dbpedia.org/class/yago/1506Works"/>
    <rdf:type rdf:resource="http://dbpedia.org/class/yago/Product104007894"/>
    <rdf:type rdf:resource="http://dbpedia.org/class/yago/EndProduct103287178"/>
    <rdf:type rdf:resource="http://dbpedia.org/class/yago/PhysicalEntity100001930"/>
    <rdf:type rdf:resource="http://dbpedia.org/class/yago/GraphicArt103453809"/>
    <rdf:type rdf:resource="http://schema.org/CreativeWork"/>
    <rdf:type rdf:resource="http://dbpedia.org/class/yago/Oeuvre103841417"/>
    <rdf:type rdf:resource="http://dbpedia.org/class/yago/Whole100003553"/>
    <rdf:type rdf:resource="http://www.w3.org/2002/07/owl#Thing"/>
    <rdf:type rdf:resource="http://dbpedia.org/ontology/Work"/>
    <rdf:type rdf:resource="http://dbpedia.org/class/yago/Painting103876519"/>
    <rdf:type rdf:resource="http://dbpedia.org/class/yago/Creation103129123"/>
    <rdf:type rdf:resource="http://dbpedia.org/class/yago/PaintingsAndPrintsByAlbrechtD%C3%BCrer"/>
    <rdf:type rdf:resource="http://dbpedia.org/ontology/Artwork"/>
    <rdf:type rdf:resource="http://dbpedia.org/class/yago/Artifact100021939"/>
    <owl:sameAs rdf:resource="http://it.dbpedia.org/resource/Festa_del_Rosario"/>
    <owl:sameAs rdf:resource="http://ru.dbpedia.org/resource/Праздник_венков_из_роз"/>
    <owl:sameAs rdf:resource="http://es.dbpedia.org/resource/Fiesta_del_Rosario"/>
    <owl:sameAs rdf:resource="http://www.wikidata.org/entity/Q1170194"/>
    <owl:sameAs rdf:resource="http://pl.dbpedia.org/resource/Święto_Różańcowe"/>
    <owl:sameAs rdf:resource="http://cs.dbpedia.org/resource/Růžencová_slavnost"/>
    <owl:sameAs rdf:resource="http://fr.dbpedia.org/resource/La_Vierge_de_la_fête_du_rosaire"/>
    <owl:sameAs rdf:resource="http://de.dbpedia.org/resource/Das_Rosenkranzfest"/>
    <owl:sameAs rdf:resource="http://rdf.freebase.com/ns/m.0gw_5vd"/>
    <owl:sameAs rdf:resource="http://yago-knowledge.org/resource/Feast_of_the_Rosary"/>
    <owl:sameAs rdf:resource="http://dbpedia.org/resource/Feast_of_the_Rosary"/>
    <dcterms:subject rdf:resource="http://dbpedia.org/resource/Category:Paintings_of_the_Madonna_and_Child"/>
    <dcterms:subject rdf:resource="http://dbpedia.org/resource/Category:1506_works"/>
    <dcterms:subject rdf:resource="http://dbpedia.org/resource/Category:Paintings_and_prints_by_Albrecht_D%C3%BCrer"/>
    <dbpedia-owl:abstract xml:lang="it">La Festa del Rosario (Rosenkranzfest) è un dipinto olio su tavola (162x194,5 cm) di Albrecht Dürer, datato 1506 e conservato nella Národní Galerie di Praga.</dbpedia-owl:abstract>
    <dbpedia-owl:abstract xml:lang="es">La Fiesta del Rosario (cuadro conocido en alemán, como Rosenkranzaltar) es un cuadro del pintor alemán Alberto Durero (Albrecht Dürer). Fue realizado en 1506. Es una pintura al óleo sobre madera de álamo, que mide 162 cm de alto y 194,5 cm de ancho. Se conserva en el Museo Nacional de Praga, República Checa, donde se exhibe con el título de Růžencová slavnost, siendo una de las obras más apreciadas de esta pinacoteca. También es conocido este cuadro con el nombre de La Virgen de la fiesta del rosario.</dbpedia-owl:abstract>
    <dbpedia-owl:abstract xml:lang="de">Das Rosenkranzfest (bzw. Der Rosenkranzaltar) ist eines der wenigen Altarbilder Albrecht Dürers. Albrecht Dürer malte dieses großformatige Altarbild 1506 im Auftrag deutscher Kaufleute als Altarbild für die Kirche San Bartolomeo in Venedig. Dieses Bild machte Dürer, der bis zu diesem Zeitpunkt vor allem Grafiken und Zeichnungen schuf, schlagartig berühmt.</dbpedia-owl:abstract>
    <dbpedia-owl:abstract xml:lang="pl">Święto Różańcowe, obraz Albrechta Dürera, znajdujący się obecnie w Oddziale Malarstwa Europejskiego Galerii Narodowej w Pradze . Siedziba Oddziału znajduje się na Hradczanach w dawnym pałacu Sternbergów. Obraz ten został namalowany jako główna część retabulum ołtarzowego dla wspólnoty niemieckiej zamieszkałej w Wenecji. Ołtarz znajdował się w kościele S. Bartolomeo w pobliżu Fondaco dei Tedeschi, społecznego i handlowego ośrodka kolonii niemieckiej; obraz znajdował się w Wenecji do 1606 roku. Następnie dzieło zostało wykupione, po wielu negocjacjach, za 900 dukatów przez cesarza Rudolfa II. Według Sandrarta, przeniesienie zapakowanego obrazu do praskiej rezydencji cesarza wymagało pomocy czterech osób.</dbpedia-owl:abstract>
    <dbpedia-owl:abstract xml:lang="en">The Feast of the Rosary is a 1506 oil painting by Albrecht Dürer, now in the National Gallery, Prague, Czech Republic.</dbpedia-owl:abstract>
    <dbpedia-owl:abstract xml:lang="fr">La Vierge de la fête du rosaire ou Célébration du Rosaire est une peinture d'Albrecht Dürer, datant de 1506, aujourd'hui exposée à la Galerie nationale à Prague dont c'est l'un des chefs d'œuvre les plus précieux.</dbpedia-owl:abstract>
    <dbpedia-owl:author rdf:resource="http://dbpedia.org/resource/Albrecht_D%C3%BCrer"/>
    <dbpedia-owl:individualisedPnd xml:lang="de">451011325</dbpedia-owl:individualisedPnd>
    <dbpedia-owl:museum rdf:resource="http://dbpedia.org/resource/National_Gallery_in_Prague"/>
    <dbpedia-owl:wikiPageID rdf:datatype="http://www.w3.org/2001/XMLSchema#integer">32135704</dbpedia-owl:wikiPageID>
    <dbpedia-owl:wikiPageRevisionID rdf:datatype="http://www.w3.org/2001/XMLSchema#integer">540597754</dbpedia-owl:wikiPageRevisionID>
    <rdfs:label xml:lang="pl">Święto Różańcowe</rdfs:label>
    <rdfs:label xml:lang="it">Festa del Rosario</rdfs:label>
    <rdfs:label xml:lang="es">Fiesta del Rosario</rdfs:label>
    <rdfs:label xml:lang="fr">La Vierge de la fête du rosaire</rdfs:label>
    <rdfs:label xml:lang="de">Das Rosenkranzfest</rdfs:label>
    <rdfs:label xml:lang="en">Feast of the Rosary</rdfs:label>
    <foaf:depiction rdf:resource="http://upload.wikimedia.org/wikipedia/commons/7/70/Albrecht_Dürer_099.jpg"/>
    <rdfs:comment xml:lang="it">La Festa del Rosario (Rosenkranzfest) è un dipinto olio su tavola (162x194,5 cm) di Albrecht Dürer, datato 1506 e conservato nella Národní Galerie di Praga.</rdfs:comment>
    <rdfs:comment xml:lang="de">Das Rosenkranzfest (bzw. Der Rosenkranzaltar) ist eines der wenigen Altarbilder Albrecht Dürers. Albrecht Dürer malte dieses großformatige Altarbild 1506 im Auftrag deutscher Kaufleute als Altarbild für die Kirche San Bartolomeo in Venedig. Dieses Bild machte Dürer, der bis zu diesem Zeitpunkt vor allem Grafiken und Zeichnungen schuf, schlagartig berühmt.</rdfs:comment>
    <rdfs:comment xml:lang="en">The Feast of the Rosary is a 1506 oil painting by Albrecht Dürer, now in the National Gallery, Prague, Czech Republic.</rdfs:comment>
    <rdfs:comment xml:lang="pl">Święto Różańcowe, obraz Albrechta Dürera, znajdujący się obecnie w Oddziale Malarstwa Europejskiego Galerii Narodowej w Pradze . Siedziba Oddziału znajduje się na Hradczanach w dawnym pałacu Sternbergów. Obraz ten został namalowany jako główna część retabulum ołtarzowego dla wspólnoty niemieckiej zamieszkałej w Wenecji. Ołtarz znajdował się w kościele S. Bartolomeo w pobliżu Fondaco dei Tedeschi, społecznego i handlowego ośrodka kolonii niemieckiej; obraz znajdował się w Wenecji do 1606 roku.</rdfs:comment>
    <rdfs:comment xml:lang="fr">La Vierge de la fête du rosaire ou Célébration du Rosaire est une peinture d'Albrecht Dürer, datant de 1506, aujourd'hui exposée à la Galerie nationale à Prague dont c'est l'un des chefs d'œuvre les plus précieux.</rdfs:comment>
    <rdfs:comment xml:lang="es">La Fiesta del Rosario (cuadro conocido en alemán, como Rosenkranzaltar) es un cuadro del pintor alemán Alberto Durero (Albrecht Dürer). Fue realizado en 1506. Es una pintura al óleo sobre madera de álamo, que mide 162 cm de alto y 194,5 cm de ancho. Se conserva en el Museo Nacional de Praga, República Checa, donde se exhibe con el título de Růžencová slavnost, siendo una de las obras más apreciadas de esta pinacoteca.</rdfs:comment>
    <foaf:name xml:lang="en">Feast of the Rosary</foaf:name>
    <dbpedia-owl:thumbnail rdf:resource="http://upload.wikimedia.org/wikipedia/commons/thumb/7/70/Albrecht_Dürer_099.jpg/200px-Albrecht_Dürer_099.jpg"/>
    <dbpprop:artist rdf:resource="http://dbpedia.org/resource/Albrecht_D%C3%BCrer"/>
    <dbpprop:city rdf:resource="http://dbpedia.org/resource/Prague"/>
    <dbpprop:height rdf:datatype="http://www.w3.org/2001/XMLSchema#integer">162</dbpprop:height>
    <dbpprop:imageFile xml:lang="en">Albrecht Dürer 099.jpg</dbpprop:imageFile>
    <dbpprop:imageSize rdf:datatype="http://www.w3.org/2001/XMLSchema#integer">350</dbpprop:imageSize>
    <dbpprop:museum xml:lang="en">National Gallery</dbpprop:museum>
    <dbpprop:paintingAlignment xml:lang="en">right</dbpprop:paintingAlignment>
    <dbpprop:title xml:lang="en">Feast of the Rosary</dbpprop:title>
    <dbpprop:type xml:lang="en">Oil on panel</dbpprop:type>
    <dbpprop:width rdf:datatype="http://www.w3.org/2001/XMLSchema#double">194.5</dbpprop:width>
    <dbpprop:year rdf:datatype="http://www.w3.org/2001/XMLSchema#integer">1506</dbpprop:year>
    <foaf:isPrimaryTopicOf rdf:resource="http://en.wikipedia.org/wiki/Feast_of_the_Rosary"/>
    <ns7:wasDerivedFrom rdf:resource="http://en.wikipedia.org/wiki/Feast_of_the_Rosary?oldid=540597754"/>
    <dbpprop:hasPhotoCollection rdf:resource="http://wifo5-03.informatik.uni-mannheim.de/flickrwrappr/photos/Feast_of_the_Rosary"/>
  </rdf:Description>
  <rdf:Description rdf:about="http://en.wikipedia.org/wiki/Feast_of_the_Rosary">
    <foaf:primaryTopic rdf:resource="http://dbpedia.org/resource/Feast_of_the_Rosary"/>
  </rdf:Description>
  <rdf:Description rdf:about="http://dbpedia.org/resource/Rosenkranzfest">
    <dbpedia-owl:wikiPageRedirects rdf:resource="http://dbpedia.org/resource/Feast_of_the_Rosary"/>
  </rdf:Description>
  <rdf:Description rdf:about="http://wikidata.dbpedia.org/resource/Q1170194">
    <owl:sameAs rdf:resource="http://dbpedia.org/resource/Feast_of_the_Rosary"/>
  </rdf:Description>
  <rdf:Description rdf:about="http://ru.dbpedia.org/resource/Праздник_венков_из_роз">
    <owl:sameAs rdf:resource="http://dbpedia.org/resource/Feast_of_the_Rosary"/>
  </rdf:Description>
</rdf:RDF>
