<rdf:RDF xmlns:ns7="http://www.w3.org/ns/prov#" xmlns:dbpprop="http://dbpedia.org/property/" xmlns:foaf="http://xmlns.com/foaf/0.1/" xmlns:dbpedia-owl="http://dbpedia.org/ontology/" xmlns:dcterms="http://purl.org/dc/terms/" xmlns:owl="http://www.w3.org/2002/07/owl#" xmlns:rdfs="http://www.w3.org/2000/01/rdf-schema#" xmlns:rdf="http://www.w3.org/1999/02/22-rdf-syntax-ns#">
  <rdf:Description rdf:about="http://dbpedia.org/resource/Femme_Lisant">
    <rdf:type rdf:resource="http://dbpedia.org/class/yago/PhysicalEntity100001930"/>
    <rdf:type rdf:resource="http://dbpedia.org/ontology/Work"/>
    <rdf:type rdf:resource="http://dbpedia.org/class/yago/Artifact100021939"/>
    <rdf:type rdf:resource="http://dbpedia.org/ontology/Artwork"/>
    <rdf:type rdf:resource="http://dbpedia.org/class/yago/Art102743547"/>
    <rdf:type rdf:resource="http://dbpedia.org/class/yago/GraphicArt103453809"/>
    <rdf:type rdf:resource="http://dbpedia.org/class/yago/Whole100003553"/>
    <rdf:type rdf:resource="http://schema.org/CreativeWork"/>
    <rdf:type rdf:resource="http://dbpedia.org/class/yago/Object100002684"/>
    <rdf:type rdf:resource="http://dbpedia.org/class/yago/1869Paintings"/>
    <rdf:type rdf:resource="http://www.w3.org/2002/07/owl#Thing"/>
    <rdf:type rdf:resource="http://dbpedia.org/class/yago/Creation103129123"/>
    <rdf:type rdf:resource="http://dbpedia.org/class/yago/PaintingsByJean-Baptiste-CamilleCorot"/>
    <rdf:type rdf:resource="http://dbpedia.org/class/yago/Painting103876519"/>
    <owl:sameAs rdf:resource="http://dbpedia.org/resource/Femme_Lisant"/>
    <owl:sameAs rdf:resource="http://rdf.freebase.com/ns/m.02qy6l5"/>
    <owl:sameAs rdf:resource="http://yago-knowledge.org/resource/Femme_Lisant"/>
    <owl:sameAs rdf:resource="http://www.wikidata.org/entity/Q5442918"/>
    <dcterms:subject rdf:resource="http://dbpedia.org/resource/Category:1869_paintings"/>
    <dcterms:subject rdf:resource="http://dbpedia.org/resource/Category:Paintings_by_Jean-Baptiste-Camille_Corot"/>
    <dbpedia-owl:abstract xml:lang="en">Femme Lisant is a 1869 painting by French artist Jean-Baptiste-Camille Corot. The painting is now in the Metropolitan Museum of Art in New York City. The painting depicts a woman reading; in the distance is a man in a boat. Corot, whose reputation was made as a landscape painter, painted many images of solitary, pensive women in his later years. Femme Lisant, which was shown at the Salon of 1869, is the only one of them that he exhibited in his lifetime.</dbpedia-owl:abstract>
    <dbpedia-owl:author rdf:resource="http://dbpedia.org/resource/Jean-Baptiste-Camille_Corot"/>
    <dbpedia-owl:museum rdf:resource="http://dbpedia.org/resource/Metropolitan_Museum_of_Art"/>
    <dbpedia-owl:wikiPageID rdf:datatype="http://www.w3.org/2001/XMLSchema#integer">11017999</dbpedia-owl:wikiPageID>
    <dbpedia-owl:wikiPageRevisionID rdf:datatype="http://www.w3.org/2001/XMLSchema#integer">491297035</dbpedia-owl:wikiPageRevisionID>
    <rdfs:label xml:lang="en">Femme Lisant</rdfs:label>
    <foaf:depiction rdf:resource="http://upload.wikimedia.org/wikipedia/commons/4/48/Jean-Baptiste-Camille_Corot_031.jpg"/>
    <rdfs:comment xml:lang="en">Femme Lisant is a 1869 painting by French artist Jean-Baptiste-Camille Corot. The painting is now in the Metropolitan Museum of Art in New York City. The painting depicts a woman reading; in the distance is a man in a boat. Corot, whose reputation was made as a landscape painter, painted many images of solitary, pensive women in his later years. Femme Lisant, which was shown at the Salon of 1869, is the only one of them that he exhibited in his lifetime.</rdfs:comment>
    <foaf:name xml:lang="en">Femme Lisant (Woman reading)</foaf:name>
    <dbpedia-owl:thumbnail rdf:resource="http://upload.wikimedia.org/wikipedia/commons/thumb/4/48/Jean-Baptiste-Camille_Corot_031.jpg/200px-Jean-Baptiste-Camille_Corot_031.jpg"/>
    <dbpprop:artist xml:lang="en">Jean-Baptiste-Camille Corot</dbpprop:artist>
    <dbpprop:city rdf:resource="http://dbpedia.org/resource/New_York_City"/>
    <dbpprop:height rdf:datatype="http://www.w3.org/2001/XMLSchema#double">54.3</dbpprop:height>
    <dbpprop:imageFile xml:lang="en">Jean-Baptiste-Camille Corot 031.jpg</dbpprop:imageFile>
    <dbpprop:museum rdf:resource="http://dbpedia.org/resource/Metropolitan_Museum_of_Art"/>
    <dbpprop:title xml:lang="en">Femme Lisant</dbpprop:title>
    <dbpprop:type xml:lang="en">oil on paper</dbpprop:type>
    <dbpprop:width rdf:datatype="http://www.w3.org/2001/XMLSchema#double">37.5</dbpprop:width>
    <dbpprop:year rdf:datatype="http://www.w3.org/2001/XMLSchema#integer">1869</dbpprop:year>
    <foaf:isPrimaryTopicOf rdf:resource="http://en.wikipedia.org/wiki/Femme_Lisant"/>
    <ns7:wasDerivedFrom rdf:resource="http://en.wikipedia.org/wiki/Femme_Lisant?oldid=491297035"/>
    <dbpprop:hasPhotoCollection rdf:resource="http://wifo5-03.informatik.uni-mannheim.de/flickrwrappr/photos/Femme_Lisant"/>
  </rdf:Description>
  <rdf:Description rdf:about="http://en.wikipedia.org/wiki/Femme_Lisant">
    <foaf:primaryTopic rdf:resource="http://dbpedia.org/resource/Femme_Lisant"/>
  </rdf:Description>
  <rdf:Description rdf:about="http://wikidata.dbpedia.org/resource/Q5442918">
    <owl:sameAs rdf:resource="http://dbpedia.org/resource/Femme_Lisant"/>
  </rdf:Description>
</rdf:RDF>
