<rdf:RDF xmlns:ns7="http://www.w3.org/ns/prov#" xmlns:dbpprop="http://dbpedia.org/property/" xmlns:foaf="http://xmlns.com/foaf/0.1/" xmlns:dbpedia-owl="http://dbpedia.org/ontology/" xmlns:dcterms="http://purl.org/dc/terms/" xmlns:owl="http://www.w3.org/2002/07/owl#" xmlns:rdfs="http://www.w3.org/2000/01/rdf-schema#" xmlns:rdf="http://www.w3.org/1999/02/22-rdf-syntax-ns#">
  <rdf:Description rdf:about="http://dbpedia.org/resource/Fez">
    <dbpedia-owl:wikiPageDisambiguates rdf:resource="http://dbpedia.org/resource/Fez_(Frank_Stella)"/>
  </rdf:Description>
  <rdf:Description rdf:about="http://dbpedia.org/resource/Fez_(Frank_Stella)">
    <rdf:type rdf:resource="http://dbpedia.org/class/yago/Object100002684"/>
    <rdf:type rdf:resource="http://dbpedia.org/ontology/Work"/>
    <rdf:type rdf:resource="http://dbpedia.org/class/yago/GraphicArt103453809"/>
    <rdf:type rdf:resource="http://dbpedia.org/class/yago/Whole100003553"/>
    <rdf:type rdf:resource="http://schema.org/CreativeWork"/>
    <rdf:type rdf:resource="http://www.w3.org/2002/07/owl#Thing"/>
    <rdf:type rdf:resource="http://dbpedia.org/class/yago/Artifact100021939"/>
    <rdf:type rdf:resource="http://dbpedia.org/class/yago/Painting103876519"/>
    <rdf:type rdf:resource="http://dbpedia.org/class/yago/PhysicalEntity100001930"/>
    <rdf:type rdf:resource="http://dbpedia.org/class/yago/Art102743547"/>
    <rdf:type rdf:resource="http://dbpedia.org/class/yago/Creation103129123"/>
    <rdf:type rdf:resource="http://dbpedia.org/class/yago/1960sPaintings"/>
    <rdf:type rdf:resource="http://dbpedia.org/ontology/Artwork"/>
    <rdf:type rdf:resource="http://dbpedia.org/class/yago/PaintingsByFrankStella"/>
    <owl:sameAs rdf:resource="http://yago-knowledge.org/resource/Fez_(Frank_Stella)"/>
    <owl:sameAs rdf:resource="http://dbpedia.org/resource/Fez_(Frank_Stella)"/>
    <owl:sameAs rdf:resource="http://www.wikidata.org/entity/Q5446176"/>
    <owl:sameAs rdf:resource="http://rdf.freebase.com/ns/m.0j3dgd3"/>
    <dcterms:subject rdf:resource="http://dbpedia.org/resource/Category:Paintings_by_Frank_Stella"/>
    <dcterms:subject rdf:resource="http://dbpedia.org/resource/Category:1960s_paintings"/>
    <dbpedia-owl:abstract xml:lang="en">Fez is a 1964 painting by the modern artist Frank Stella. Multiple editions of the work exist, with one additionally in the collection of the Museum of Modern Art in New York.</dbpedia-owl:abstract>
    <dbpedia-owl:author rdf:resource="http://dbpedia.org/resource/Frank_Stella"/>
    <dbpedia-owl:museum rdf:resource="http://dbpedia.org/resource/Albright%E2%80%93Knox_Art_Gallery"/>
    <dbpedia-owl:wikiPageID rdf:datatype="http://www.w3.org/2001/XMLSchema#integer">23126749</dbpedia-owl:wikiPageID>
    <dbpedia-owl:wikiPageRevisionID rdf:datatype="http://www.w3.org/2001/XMLSchema#integer">486395068</dbpedia-owl:wikiPageRevisionID>
    <rdfs:label xml:lang="en">Fez (Frank Stella)</rdfs:label>
    <foaf:depiction rdf:resource="http://upload.wikimedia.org/wikipedia/commons/c/c9/FezFrankStella.jpg"/>
    <rdfs:comment xml:lang="en">Fez is a 1964 painting by the modern artist Frank Stella. Multiple editions of the work exist, with one additionally in the collection of the Museum of Modern Art in New York.</rdfs:comment>
    <foaf:name xml:lang="en">Fez</foaf:name>
    <dbpedia-owl:thumbnail rdf:resource="http://upload.wikimedia.org/wikipedia/commons/thumb/c/c9/FezFrankStella.jpg/200px-FezFrankStella.jpg"/>
    <dbpprop:artist rdf:resource="http://dbpedia.org/resource/Frank_Stella"/>
    <dbpprop:city rdf:resource="http://dbpedia.org/resource/Buffalo,_New_York"/>
    <dbpprop:heightMetric rdf:datatype="http://www.w3.org/2001/XMLSchema#double">195.6</dbpprop:heightMetric>
    <dbpprop:imageFile xml:lang="en">FezFrankStella.jpg</dbpprop:imageFile>
    <dbpprop:imageSize rdf:datatype="http://www.w3.org/2001/XMLSchema#integer">120</dbpprop:imageSize>
    <dbpprop:material xml:lang="en">Fluorescent alkyd on canvas</dbpprop:material>
    <dbpprop:metricUnit xml:lang="en">cm</dbpprop:metricUnit>
    <dbpprop:museum rdf:resource="http://dbpedia.org/resource/Albright%E2%80%93Knox_Art_Gallery"/>
    <dbpprop:paintingAlignment xml:lang="en">right</dbpprop:paintingAlignment>
    <dbpprop:title xml:lang="en">Fez</dbpprop:title>
    <dbpprop:type rdf:resource="http://dbpedia.org/resource/Contemporary_art"/>
    <dbpprop:type rdf:resource="http://dbpedia.org/resource/Modern_art"/>
    <dbpprop:widthMetric rdf:datatype="http://www.w3.org/2001/XMLSchema#double">195.6</dbpprop:widthMetric>
    <dbpprop:year rdf:datatype="http://www.w3.org/2001/XMLSchema#integer">1964</dbpprop:year>
    <foaf:isPrimaryTopicOf rdf:resource="http://en.wikipedia.org/wiki/Fez_(Frank_Stella)"/>
    <ns7:wasDerivedFrom rdf:resource="http://en.wikipedia.org/wiki/Fez_(Frank_Stella)?oldid=486395068"/>
    <dbpprop:hasPhotoCollection rdf:resource="http://wifo5-03.informatik.uni-mannheim.de/flickrwrappr/photos/Fez_(Frank_Stella)"/>
  </rdf:Description>
  <rdf:Description rdf:about="http://en.wikipedia.org/wiki/Fez_(Frank_Stella)">
    <foaf:primaryTopic rdf:resource="http://dbpedia.org/resource/Fez_(Frank_Stella)"/>
  </rdf:Description>
  <rdf:Description rdf:about="http://wikidata.dbpedia.org/resource/Q5446176">
    <owl:sameAs rdf:resource="http://dbpedia.org/resource/Fez_(Frank_Stella)"/>
  </rdf:Description>
</rdf:RDF>
