<rdf:RDF xmlns:dbpprop="http://dbpedia.org/property/" xmlns:ns6="http://www.w3.org/ns/prov#" xmlns:foaf="http://xmlns.com/foaf/0.1/" xmlns:dbpedia-owl="http://dbpedia.org/ontology/" xmlns:dcterms="http://purl.org/dc/terms/" xmlns:owl="http://www.w3.org/2002/07/owl#" xmlns:rdfs="http://www.w3.org/2000/01/rdf-schema#" xmlns:rdf="http://www.w3.org/1999/02/22-rdf-syntax-ns#">
  <rdf:Description rdf:about="http://it.dbpedia.org/resource/Duello_rusticano">
    <owl:sameAs rdf:resource="http://dbpedia.org/resource/Fight_with_Cudgels"/>
  </rdf:Description>
  <rdf:Description rdf:about="http://dbpedia.org/resource/Fight_with_Cudgels">
    <rdf:type rdf:resource="http://dbpedia.org/class/yago/PaintingsByFranciscoGoya"/>
    <rdf:type rdf:resource="http://dbpedia.org/class/yago/Whole100003553"/>
    <rdf:type rdf:resource="http://dbpedia.org/class/yago/Creation103129123"/>
    <rdf:type rdf:resource="http://dbpedia.org/class/yago/Artifact100021939"/>
    <rdf:type rdf:resource="http://dbpedia.org/class/yago/PhysicalEntity100001930"/>
    <rdf:type rdf:resource="http://dbpedia.org/class/yago/Object100002684"/>
    <rdf:type rdf:resource="http://dbpedia.org/class/yago/1820sPaintings"/>
    <rdf:type rdf:resource="http://dbpedia.org/class/yago/Painting103876519"/>
    <rdf:type rdf:resource="http://dbpedia.org/class/yago/GraphicArt103453809"/>
    <rdf:type rdf:resource="http://dbpedia.org/class/yago/Art102743547"/>
    <owl:sameAs rdf:resource="http://dbpedia.org/resource/Fight_with_Cudgels"/>
    <owl:sameAs rdf:resource="http://it.dbpedia.org/resource/Duello_rusticano"/>
    <owl:sameAs rdf:resource="http://pl.dbpedia.org/resource/Bójka_na_kije"/>
    <owl:sameAs rdf:resource="http://www.wikidata.org/entity/Q1747282"/>
    <owl:sameAs rdf:resource="http://rdf.freebase.com/ns/m.080gv65"/>
    <owl:sameAs rdf:resource="http://ru.dbpedia.org/resource/Поединок_на_дубинах"/>
    <owl:sameAs rdf:resource="http://yago-knowledge.org/resource/Fight_with_Cudgels"/>
    <owl:sameAs rdf:resource="http://es.dbpedia.org/resource/Duelo_a_garrotazos"/>
    <dcterms:subject rdf:resource="http://dbpedia.org/resource/Category:Collections_of_the_Museo_del_Prado"/>
    <dcterms:subject rdf:resource="http://dbpedia.org/resource/Category:Paintings_by_Francisco_Goya"/>
    <dcterms:subject rdf:resource="http://dbpedia.org/resource/Category:1820s_paintings"/>
    <dbpedia-owl:abstract xml:lang="ru">«Поединок на дубинах» — роспись испанского художника Франсиско Гойи, написанная между 1819 и 1823 годами на стене его «Дома Глухого» (исп. )русск.. Одно из 14 подобных изображений, которое позднее было переведено на холст и ныне хранится в Музее Прадо. Композиция первоначально, согласно инвентаризации в 1828-1830 годах друга Гойи Антонио Бругады (исп. )русск. , находилась среди панно, расположенных на верхнем этаже «Дома Глухого» (исп. )русск.. В числе других «Мрачных картин» была переведена на холст художником Сальвадором Мартинесом Кубельсом (исп. )русск. по просьбе французского банкира Фредерика Эмиля д'Эрлангера (англ. )русск. для показа на Всемирной выставке 1878 года. Работа не привлекала покупателей и поэтому в 1881 году была подарена Музею Прадо.</dbpedia-owl:abstract>
    <dbpedia-owl:abstract xml:lang="it">Duello rusticano è un dipinto ad olio su muro trasportato su tela di cm 123 x 266 realizzato tra il 1820 e il 1821 dal pittore spagnolo Francisco Goya. È conservato al Museo del Prado di Madrid. Rappresenta due uomini che combattono una lotta feroce e rituale.</dbpedia-owl:abstract>
    <dbpedia-owl:abstract xml:lang="es">Duelo a garrotazos o La riña es una de las Pinturas negras que Francisco de Goya realizó para la decoración de los muros de la casa —llamada la Quinta del Sordo— que el pintor adquirió en 1819. La obra ocupaba un lugar en el muro de la izquierda mirando desde la puerta de la planta alta de la casa, compartiendo la pared con Las Parcas y dejando en medio una ventana. El cuadro, junto con el resto de las Pinturas negras, fue trasladado de revoco a lienzo, a partir de 1874, por Salvador Martínez Cubells, por encargo del barón de Erlanger, un banquero francés, que tenía intención de vender las pinturas en la Exposición Universal de París de 1878. Sin embargo, las obras no atrajeron compradores y él mismo las donó, en 1881, al Museo del Prado, donde actualmente se exponen. La interpretación tradicional del cuadro ha sido la de dos villanos luchando a bastonazos en un paraje desolado enterrados hasta las rodillas. Independientemente de que estuvieran enterrados, este tipo de duelos se producían en la época al igual que los de caballeros, solo que, a diferencia de estos, las armas eran garrotes y carecían de reglas y protocolo: padrinos, cuenta de pasos, elección de armas. El investigador británico Nigel Glendinning ya había señalado las diferencias entre las pinturas actuales y el estado que presentaban las Pinturas negras antes de su traslado y restauración, documentadas en una serie de fotografías que sobre ellas hizo Juan Laurent. A fines de 2010, otro estudio de las imágenes de Laurent realizado por Carlos Foradada, pintor y profesor de Historia del Arte, reiteró que Goya pintó a los duelistas sobre un suelo de hierba, y que fue la deficiente técnica de arranque de las pinturas de los muros de la Quinta del Sordo la que originó grandes pérdidas de superficie pictórica y el disimulo de las piernas por debajo de las rodillas, lo que favoreció la interpretación de que Goya los enterró. Todas las fotografías de Laurent, de las Pinturas negras, en la Quinta del Sordo, fueron publicadas en 1992, en el Boletín del Museo del Prado, en un artículo escrito por Carmen Torrecillas.</dbpedia-owl:abstract>
    <dbpedia-owl:abstract xml:lang="pl">Bójka na kije (hiszp. Duelo a garrotazos lub La riña) – malowidło ścienne hiszpańskiego malarza Francisco Goi.</dbpedia-owl:abstract>
    <dbpedia-owl:abstract xml:lang="en">Fight with Cudgels (Spanish: Riña a garrotazos or Duelo a garrotazos), called The Strangers or Cowherds in the inventories, is the name given to a painting by Spanish artist Francisco Goya, now in the Museo del Prado, Madrid. One of the series of Black Paintings Goya painted directly onto the walls of his house sometime between 1820 and 1823, it depicts two men fighting one another with cudgels, as they seem to be trapped knee-deep in a quagmire of mud or sand. According to Francisco-Xavier de Salas Bosch, Goya may have been referencing an allegory (number 75) that appears in the work by Diego de Saavedra Fajardo, the emblem book Empresas Políticos [Political Maxims], Idea de un príncipe político cristiano, which contained a hundred short essays on the education of a prince. The allegory referred to the Greek myth of Cadmus and the dragon's teeth. By the instructions of Athena, Cadmus sowed the dragon's teeth in the ground, from which there sprang a race of fierce armed men, called Spartes ("sown"). By throwing a stone among them, Cadmus caused them to fall upon one another until only five survived, who assisted him to build the Cadmea or citadel of Thebes. Saavedra used this imagery to discuss how some rulers stir up discord in order to ultimately establish peace in their kingdoms. Goya's use of this allegory may have referred to the policies and politics of Ferdinand VII. In 1819, Goya purchased a house on the banks of the Manzanares near Madrid named Quinta del Sordo ("Villa of the Deaf Man"). It was a small two-story house which was named after a previous occupant who had been deaf, although Goya had also been left deaf after contracting a fever in 1792. Between 1819 and 1823, when he moved to Bordeaux, Goya produced a series of 14 works, which he painted with oils directly onto the walls of the house. Fight with Cudgels had been situated in the upper room of Quinta del Sordo.</dbpedia-owl:abstract>
    <dbpedia-owl:wikiPageID rdf:datatype="http://www.w3.org/2001/XMLSchema#integer">24515342</dbpedia-owl:wikiPageID>
    <dbpedia-owl:wikiPageRevisionID rdf:datatype="http://www.w3.org/2001/XMLSchema#integer">542857332</dbpedia-owl:wikiPageRevisionID>
    <rdfs:label xml:lang="it">Duello rusticano</rdfs:label>
    <rdfs:label xml:lang="es">Duelo a garrotazos</rdfs:label>
    <rdfs:label xml:lang="en">Fight with Cudgels</rdfs:label>
    <rdfs:label xml:lang="ru">Поединок на дубинах</rdfs:label>
    <rdfs:label xml:lang="pl">Bójka na kije</rdfs:label>
    <foaf:depiction rdf:resource="http://upload.wikimedia.org/wikipedia/commons/8/8c/Francisco_de_Goya_y_Lucientes_-_Duelo_a_garrotazos.jpg"/>
    <rdfs:comment xml:lang="pl">Bójka na kije (hiszp. Duelo a garrotazos lub La riña) – malowidło ścienne hiszpańskiego malarza Francisco Goi.</rdfs:comment>
    <rdfs:comment xml:lang="it">Duello rusticano è un dipinto ad olio su muro trasportato su tela di cm 123 x 266 realizzato tra il 1820 e il 1821 dal pittore spagnolo Francisco Goya. È conservato al Museo del Prado di Madrid. Rappresenta due uomini che combattono una lotta feroce e rituale.</rdfs:comment>
    <rdfs:comment xml:lang="ru">«Поединок на дубинах» — роспись испанского художника Франсиско Гойи, написанная между 1819 и 1823 годами на стене его «Дома Глухого» (исп. )русск.. Одно из 14 подобных изображений, которое позднее было переведено на холст и ныне хранится в Музее Прадо. Композиция первоначально, согласно инвентаризации в 1828-1830 годах друга Гойи Антонио Бругады (исп. )русск. , находилась среди панно, расположенных на верхнем этаже «Дома Глухого» (исп. )русск..</rdfs:comment>
    <rdfs:comment xml:lang="en">Fight with Cudgels (Spanish: Riña a garrotazos or Duelo a garrotazos), called The Strangers or Cowherds in the inventories, is the name given to a painting by Spanish artist Francisco Goya, now in the Museo del Prado, Madrid. One of the series of Black Paintings Goya painted directly onto the walls of his house sometime between 1820 and 1823, it depicts two men fighting one another with cudgels, as they seem to be trapped knee-deep in a quagmire of mud or sand.</rdfs:comment>
    <rdfs:comment xml:lang="es">Duelo a garrotazos o La riña es una de las Pinturas negras que Francisco de Goya realizó para la decoración de los muros de la casa —llamada la Quinta del Sordo— que el pintor adquirió en 1819. La obra ocupaba un lugar en el muro de la izquierda mirando desde la puerta de la planta alta de la casa, compartiendo la pared con Las Parcas y dejando en medio una ventana.</rdfs:comment>
    <dbpedia-owl:thumbnail rdf:resource="http://upload.wikimedia.org/wikipedia/commons/thumb/8/8c/Francisco_de_Goya_y_Lucientes_-_Duelo_a_garrotazos.jpg/200px-Francisco_de_Goya_y_Lucientes_-_Duelo_a_garrotazos.jpg"/>
    <foaf:isPrimaryTopicOf rdf:resource="http://en.wikipedia.org/wiki/Fight_with_Cudgels"/>
    <ns6:wasDerivedFrom rdf:resource="http://en.wikipedia.org/wiki/Fight_with_Cudgels?oldid=542857332"/>
    <dbpprop:hasPhotoCollection rdf:resource="http://wifo5-03.informatik.uni-mannheim.de/flickrwrappr/photos/Fight_with_Cudgels"/>
  </rdf:Description>
  <rdf:Description rdf:about="http://es.dbpedia.org/resource/Duelo_a_garrotazos">
    <owl:sameAs rdf:resource="http://dbpedia.org/resource/Fight_with_Cudgels"/>
  </rdf:Description>
  <rdf:Description rdf:about="http://dbpedia.org/resource/Fight_With_Cudgels">
    <dbpedia-owl:wikiPageRedirects rdf:resource="http://dbpedia.org/resource/Fight_with_Cudgels"/>
  </rdf:Description>
  <rdf:Description rdf:about="http://en.wikipedia.org/wiki/Fight_with_Cudgels">
    <foaf:primaryTopic rdf:resource="http://dbpedia.org/resource/Fight_with_Cudgels"/>
  </rdf:Description>
  <rdf:Description rdf:about="http://pl.dbpedia.org/resource/Bójka_na_kije">
    <owl:sameAs rdf:resource="http://dbpedia.org/resource/Fight_with_Cudgels"/>
  </rdf:Description>
  <rdf:Description rdf:about="http://ru.dbpedia.org/resource/Поединок_на_дубинах">
    <owl:sameAs rdf:resource="http://dbpedia.org/resource/Fight_with_Cudgels"/>
  </rdf:Description>
  <rdf:Description rdf:about="http://wikidata.dbpedia.org/resource/Q1747282">
    <owl:sameAs rdf:resource="http://dbpedia.org/resource/Fight_with_Cudgels"/>
  </rdf:Description>
</rdf:RDF>
