<rdf:RDF xmlns:dbpprop="http://dbpedia.org/property/" xmlns:ns6="http://www.w3.org/ns/prov#" xmlns:foaf="http://xmlns.com/foaf/0.1/" xmlns:dbpedia-owl="http://dbpedia.org/ontology/" xmlns:dcterms="http://purl.org/dc/terms/" xmlns:owl="http://www.w3.org/2002/07/owl#" xmlns:rdfs="http://www.w3.org/2000/01/rdf-schema#" xmlns:rdf="http://www.w3.org/1999/02/22-rdf-syntax-ns#">
  <rdf:Description rdf:about="http://dbpedia.org/resource/Figure_in_a_landscape">
    <rdf:type rdf:resource="http://dbpedia.org/class/yago/Painting103876519"/>
    <rdf:type rdf:resource="http://dbpedia.org/ontology/Work"/>
    <rdf:type rdf:resource="http://dbpedia.org/class/yago/Art102743547"/>
    <rdf:type rdf:resource="http://schema.org/CreativeWork"/>
    <rdf:type rdf:resource="http://dbpedia.org/class/yago/PaintingsByFrancisBacon"/>
    <rdf:type rdf:resource="http://dbpedia.org/class/yago/Whole100003553"/>
    <rdf:type rdf:resource="http://dbpedia.org/class/yago/Artifact100021939"/>
    <rdf:type rdf:resource="http://dbpedia.org/class/yago/GraphicArt103453809"/>
    <rdf:type rdf:resource="http://dbpedia.org/class/yago/PhysicalEntity100001930"/>
    <rdf:type rdf:resource="http://dbpedia.org/class/yago/Creation103129123"/>
    <rdf:type rdf:resource="http://dbpedia.org/ontology/Artwork"/>
    <rdf:type rdf:resource="http://dbpedia.org/class/yago/Object100002684"/>
    <rdf:type rdf:resource="http://www.w3.org/2002/07/owl#Thing"/>
    <owl:sameAs rdf:resource="http://yago-knowledge.org/resource/Figure_in_a_landscape"/>
    <owl:sameAs rdf:resource="http://it.dbpedia.org/resource/Figura_in_un_paesaggio"/>
    <owl:sameAs rdf:resource="http://www.wikidata.org/entity/Q3744872"/>
    <owl:sameAs rdf:resource="http://dbpedia.org/resource/Figure_in_a_landscape"/>
    <owl:sameAs rdf:resource="http://rdf.freebase.com/ns/m.0fn83d"/>
    <dcterms:subject rdf:resource="http://dbpedia.org/resource/Category:Paintings_by_Francis_Bacon"/>
    <dbpedia-owl:abstract xml:lang="it">Figura in un paesaggio è un dipinto di Francis Bacon risalente al 1945, custodita alla Tate Modern di Londra.</dbpedia-owl:abstract>
    <dbpedia-owl:abstract xml:lang="en">Figure in a landscape is a 1945 painting by the Irish born artist Francis Bacon. Based on a photograph of Eric Hall dozing on a seat in Hyde Park, also the basis of another painting held in the Lefevre Figure in a landscape (1945) which was bought by Diana Watson and later in 1950 by the Tate gallery (with the support of Graham Sutherland, then a trustee . Figure Study was destroyed; "Figure Study I2 and "Figure Study II" are from 1945 or 1946. Study for Man with Microphones was shown at the Lefevre gallery,, and at the Anglo-French Art Centre, . Bacon was clearly unhappy with this picture: it was listed as an abandoned work in the 1964 catalogue raisonné, and was passed on to the Estate in 1992 as a slashed canvas. At some point in 1947–1948, Bacon returned to make a second version, Study for Man with Microphones . Crucifixion was shown at the Summer Exhibition at the Redfern Gallery, 19/20 Cork Street, London, and bought by Sir Colin Anderson.</dbpedia-owl:abstract>
    <dbpedia-owl:wikiPageID rdf:datatype="http://www.w3.org/2001/XMLSchema#integer">6064108</dbpedia-owl:wikiPageID>
    <dbpedia-owl:wikiPageRevisionID rdf:datatype="http://www.w3.org/2001/XMLSchema#integer">544472447</dbpedia-owl:wikiPageRevisionID>
    <rdfs:label xml:lang="it">Figura in un paesaggio</rdfs:label>
    <rdfs:label xml:lang="en">Figure in a landscape</rdfs:label>
    <foaf:depiction rdf:resource="http://upload.wikimedia.org/wikipedia/commons/2/2c/Figure_in_a_Landscape_(1945).jpg"/>
    <rdfs:comment xml:lang="it">Figura in un paesaggio è un dipinto di Francis Bacon risalente al 1945, custodita alla Tate Modern di Londra.</rdfs:comment>
    <rdfs:comment xml:lang="en">Figure in a landscape is a 1945 painting by the Irish born artist Francis Bacon. Based on a photograph of Eric Hall dozing on a seat in Hyde Park, also the basis of another painting held in the Lefevre Figure in a landscape (1945) which was bought by Diana Watson and later in 1950 by the Tate gallery (with the support of Graham Sutherland, then a trustee . Figure Study was destroyed; "Figure Study I2 and "Figure Study II" are from 1945 or 1946.</rdfs:comment>
    <foaf:name xml:lang="en">Figure in a landscape</foaf:name>
    <dbpedia-owl:thumbnail rdf:resource="http://upload.wikimedia.org/wikipedia/commons/thumb/2/2c/Figure_in_a_Landscape_(1945).jpg/200px-Figure_in_a_Landscape_(1945).jpg"/>
    <foaf:isPrimaryTopicOf rdf:resource="http://en.wikipedia.org/wiki/Figure_in_a_landscape"/>
    <ns6:wasDerivedFrom rdf:resource="http://en.wikipedia.org/wiki/Figure_in_a_landscape?oldid=544472447"/>
    <dbpprop:hasPhotoCollection rdf:resource="http://wifo5-03.informatik.uni-mannheim.de/flickrwrappr/photos/Figure_in_a_landscape"/>
  </rdf:Description>
  <rdf:Description rdf:about="http://it.dbpedia.org/resource/Figura_in_un_paesaggio">
    <owl:sameAs rdf:resource="http://dbpedia.org/resource/Figure_in_a_landscape"/>
  </rdf:Description>
  <rdf:Description rdf:about="http://en.wikipedia.org/wiki/Figure_in_a_landscape">
    <foaf:primaryTopic rdf:resource="http://dbpedia.org/resource/Figure_in_a_landscape"/>
  </rdf:Description>
  <rdf:Description rdf:about="http://wikidata.dbpedia.org/resource/Q3744872">
    <owl:sameAs rdf:resource="http://dbpedia.org/resource/Figure_in_a_landscape"/>
  </rdf:Description>
</rdf:RDF>
