<rdf:RDF xmlns:ns7="http://www.w3.org/ns/prov#" xmlns:dbpprop="http://dbpedia.org/property/" xmlns:foaf="http://xmlns.com/foaf/0.1/" xmlns:dbpedia-owl="http://dbpedia.org/ontology/" xmlns:dcterms="http://purl.org/dc/terms/" xmlns:owl="http://www.w3.org/2002/07/owl#" xmlns:rdfs="http://www.w3.org/2000/01/rdf-schema#" xmlns:rdf="http://www.w3.org/1999/02/22-rdf-syntax-ns#">
  <rdf:Description rdf:about="http://fr.dbpedia.org/resource/Figure_with_Meat">
    <owl:sameAs rdf:resource="http://dbpedia.org/resource/Figure_with_Meat"/>
  </rdf:Description>
  <rdf:Description rdf:about="http://dbpedia.org/resource/Figure_with_Meat">
    <rdf:type rdf:resource="http://dbpedia.org/class/yago/Painting103876519"/>
    <rdf:type rdf:resource="http://dbpedia.org/ontology/Work"/>
    <rdf:type rdf:resource="http://www.w3.org/2002/07/owl#Thing"/>
    <rdf:type rdf:resource="http://schema.org/CreativeWork"/>
    <rdf:type rdf:resource="http://dbpedia.org/class/yago/PaintingsByFrancisBacon"/>
    <rdf:type rdf:resource="http://dbpedia.org/class/yago/Creation103129123"/>
    <rdf:type rdf:resource="http://dbpedia.org/ontology/Artwork"/>
    <rdf:type rdf:resource="http://dbpedia.org/class/yago/Art102743547"/>
    <rdf:type rdf:resource="http://dbpedia.org/class/yago/Artifact100021939"/>
    <rdf:type rdf:resource="http://dbpedia.org/class/yago/PaintingsOfTheArtInstituteOfChicago"/>
    <rdf:type rdf:resource="http://dbpedia.org/class/yago/Whole100003553"/>
    <rdf:type rdf:resource="http://dbpedia.org/class/yago/Object100002684"/>
    <rdf:type rdf:resource="http://dbpedia.org/class/yago/1954Paintings"/>
    <rdf:type rdf:resource="http://dbpedia.org/class/yago/ModernPaintings"/>
    <rdf:type rdf:resource="http://dbpedia.org/class/yago/GraphicArt103453809"/>
    <rdf:type rdf:resource="http://dbpedia.org/class/yago/PhysicalEntity100001930"/>
    <owl:sameAs rdf:resource="http://dbpedia.org/resource/Figure_with_Meat"/>
    <owl:sameAs rdf:resource="http://yago-knowledge.org/resource/Figure_with_Meat"/>
    <owl:sameAs rdf:resource="http://rdf.freebase.com/ns/m.05r0wy"/>
    <owl:sameAs rdf:resource="http://fr.dbpedia.org/resource/Figure_with_Meat"/>
    <owl:sameAs rdf:resource="http://www.wikidata.org/entity/Q3071707"/>
    <dcterms:subject rdf:resource="http://dbpedia.org/resource/Category:Paintings_by_Francis_Bacon"/>
    <dcterms:subject rdf:resource="http://dbpedia.org/resource/Category:Paintings_of_the_Art_Institute_of_Chicago"/>
    <dcterms:subject rdf:resource="http://dbpedia.org/resource/Category:Modern_paintings"/>
    <dcterms:subject rdf:resource="http://dbpedia.org/resource/Category:1954_paintings"/>
    <dbpedia-owl:abstract xml:lang="fr">Figure with Meat est un tableau de Francis Bacon de 1954. « Le tableau change au cours de sa réalisation », explique Bacon. Pour cette œuvre, l'artiste n'a fait ni esquisse ni ébauche ; cependant, il suit un modèle puisqu'il reprend le portrait du pape Innocent X de Velasquez. Bacon réalise entre 1950 et 1965 une série de quarante-cinq tableaux en travaillant à partir de ce portrait. Le pape semble isolé dans ce tableau accentué par la zone noire et l'étroit coffrage dans lequel il se trouve enclavé. L'art très expressif de Bacon appelle à une interprétation symbolique : la bouche ouverte évoque une blessure, et la silhouette isolée du pape ramène à un pessimisme de l'homme angoissé, perdu, face aux horreurs de notre époque. On peut voir, dominant le pape, deux larges pièces de bœuf. Ici, ce n'est plus Velasquez qui est mis en valeur mais Rembrandt ou encore Chaïm Soutine. La scène de l'abattoir et du morbide éveillent en Bacon un sentiment de répulsion et aussi de fascination. Le symbole de la mort est représenté par la combinaison de la viande et du pape qui font ensemble une métaphore de la solitude et du nihilisme en relation avec le représentant du Dieu mort du Zarathoustra de Nietzsche. Les deux moitiés de bœuf peuvent évoquer des ailes (d'ange ?).</dbpedia-owl:abstract>
    <dbpedia-owl:abstract xml:lang="en">Figure with Meat is a 1954 painting by the Irish born artist Francis Bacon. The figure is based on the Pope Innocent X portrait by Diego Velázquez; however, in the Bacon painting the Pope is shown as a gruesome figure and placed between two bisected halves of a cow. The carcass hanging in the background is likely derived from Rembrandt's Carcass of Beef, 1657. The painting is in the permanent collection of the Art Institute of Chicago. According to Mary Louise Schumacher of the Milwaukee Journal Sentinel, "Bacon appropriated the famous portrait, with its subject, enthroned and draped in satins and lace, his stare stern and full of authority. In Bacon's version, animal carcasses hang at the pope's back, creating a raw and disturbing Crucifixion-like composition. The pope's hands, elegant and poised in Velázquez's version, are rough hewn and gripping the church's seat of authority in apparent terror. His mouth is held in a scream and black striations drip down from the pope's nose to his neck. It's as if Bacon picked up a wide house painting brush and brutishly dragged it over the face. The fresh meat recalls the lavish arrangements of fruits, meats and confections in 17th-century vanitas paintings, which usually carried subtle moralizing messages about the impermanence of life and the spiritual dangers of sensual pleasures. Sometimes, the food itself showed signs of being overripe or spoiled, to make the point. Bacon weds the imagery of salvation, worldly decadence, power and carnal sensuality, and he contrasts those things with his own far more palpable and existential view of damnation". The painting is featured in Tim Burton's Batman (1989 film) in a scene where the Joker and his henchmen destroy several works of art. However, the Joker spares Figure with Meat, saying, "I kind of like this one, Bob. Leave it."</dbpedia-owl:abstract>
    <dbpedia-owl:author rdf:resource="http://dbpedia.org/resource/Francis_Bacon_(artist)"/>
    <dbpedia-owl:wikiPageID rdf:datatype="http://www.w3.org/2001/XMLSchema#integer">1720990</dbpedia-owl:wikiPageID>
    <dbpedia-owl:wikiPageRevisionID rdf:datatype="http://www.w3.org/2001/XMLSchema#integer">543980989</dbpedia-owl:wikiPageRevisionID>
    <rdfs:label xml:lang="fr">Figure with Meat</rdfs:label>
    <rdfs:label xml:lang="en">Figure with Meat</rdfs:label>
    <foaf:depiction rdf:resource="http://upload.wikimedia.org/wikipedia/commons/0/02/Figure_with_Meat_Bacon.jpg"/>
    <rdfs:comment xml:lang="fr">Figure with Meat est un tableau de Francis Bacon de 1954. « Le tableau change au cours de sa réalisation », explique Bacon. Pour cette œuvre, l'artiste n'a fait ni esquisse ni ébauche ; cependant, il suit un modèle puisqu'il reprend le portrait du pape Innocent X de Velasquez. Bacon réalise entre 1950 et 1965 une série de quarante-cinq tableaux en travaillant à partir de ce portrait.</rdfs:comment>
    <rdfs:comment xml:lang="en">Figure with Meat is a 1954 painting by the Irish born artist Francis Bacon. The figure is based on the Pope Innocent X portrait by Diego Velázquez; however, in the Bacon painting the Pope is shown as a gruesome figure and placed between two bisected halves of a cow. The carcass hanging in the background is likely derived from Rembrandt's Carcass of Beef, 1657. The painting is in the permanent collection of the Art Institute of Chicago.</rdfs:comment>
    <foaf:name xml:lang="en">Figure with Meat</foaf:name>
    <dbpedia-owl:thumbnail rdf:resource="http://upload.wikimedia.org/wikipedia/commons/thumb/0/02/Figure_with_Meat_Bacon.jpg/200px-Figure_with_Meat_Bacon.jpg"/>
    <dbpedia-owl:wikiPageExternalLink rdf:resource="http://www.artic.edu/aic/collections/artwork/4884"/>
    <dbpprop:artist rdf:resource="http://dbpedia.org/resource/Francis_Bacon_(artist)"/>
    <dbpprop:height rdf:datatype="http://www.w3.org/2001/XMLSchema#double">129.9</dbpprop:height>
    <dbpprop:imageFile xml:lang="en">Figure with Meat Bacon.jpg</dbpprop:imageFile>
    <dbpprop:museum xml:lang="en">The Art Institute of Chicago</dbpprop:museum>
    <dbpprop:title xml:lang="en">Figure with Meat</dbpprop:title>
    <dbpprop:type xml:lang="en">Oil on canvas</dbpprop:type>
    <dbpprop:width rdf:datatype="http://www.w3.org/2001/XMLSchema#double">121.9</dbpprop:width>
    <dbpprop:year rdf:datatype="http://www.w3.org/2001/XMLSchema#integer">1954</dbpprop:year>
    <foaf:isPrimaryTopicOf rdf:resource="http://en.wikipedia.org/wiki/Figure_with_Meat"/>
    <ns7:wasDerivedFrom rdf:resource="http://en.wikipedia.org/wiki/Figure_with_Meat?oldid=543980989"/>
    <dbpprop:hasPhotoCollection rdf:resource="http://wifo5-03.informatik.uni-mannheim.de/flickrwrappr/photos/Figure_with_Meat"/>
  </rdf:Description>
  <rdf:Description rdf:about="http://dbpedia.org/resource/Figure_with_meat">
    <dbpedia-owl:wikiPageRedirects rdf:resource="http://dbpedia.org/resource/Figure_with_Meat"/>
  </rdf:Description>
  <rdf:Description rdf:about="http://en.wikipedia.org/wiki/Figure_with_Meat">
    <foaf:primaryTopic rdf:resource="http://dbpedia.org/resource/Figure_with_Meat"/>
  </rdf:Description>
  <rdf:Description rdf:about="http://wikidata.dbpedia.org/resource/Q3071707">
    <owl:sameAs rdf:resource="http://dbpedia.org/resource/Figure_with_Meat"/>
  </rdf:Description>
</rdf:RDF>
