<rdf:RDF xmlns:dbpprop="http://dbpedia.org/property/" xmlns:ns6="http://www.w3.org/ns/prov#" xmlns:foaf="http://xmlns.com/foaf/0.1/" xmlns:dbpedia-owl="http://dbpedia.org/ontology/" xmlns:dcterms="http://purl.org/dc/terms/" xmlns:owl="http://www.w3.org/2002/07/owl#" xmlns:rdfs="http://www.w3.org/2000/01/rdf-schema#" xmlns:rdf="http://www.w3.org/1999/02/22-rdf-syntax-ns#">
  <rdf:Description rdf:about="http://dbpedia.org/resource/Flagmen_of_Lowestoft">
    <rdf:type rdf:resource="http://dbpedia.org/class/yago/Creation103129123"/>
    <rdf:type rdf:resource="http://dbpedia.org/class/yago/Painting103876519"/>
    <rdf:type rdf:resource="http://dbpedia.org/class/yago/PhysicalEntity100001930"/>
    <rdf:type rdf:resource="http://dbpedia.org/class/yago/EnglishPaintings"/>
    <rdf:type rdf:resource="http://dbpedia.org/class/yago/1660sPaintings"/>
    <rdf:type rdf:resource="http://dbpedia.org/class/yago/GraphicArt103453809"/>
    <rdf:type rdf:resource="http://dbpedia.org/class/yago/Artifact100021939"/>
    <rdf:type rdf:resource="http://dbpedia.org/class/yago/Whole100003553"/>
    <rdf:type rdf:resource="http://dbpedia.org/class/yago/Object100002684"/>
    <rdf:type rdf:resource="http://dbpedia.org/class/yago/Art102743547"/>
    <owl:sameAs rdf:resource="http://yago-knowledge.org/resource/Flagmen_of_Lowestoft"/>
    <owl:sameAs rdf:resource="http://rdf.freebase.com/ns/m.0gy0n9v"/>
    <owl:sameAs rdf:resource="http://www.wikidata.org/entity/Q5456956"/>
    <owl:sameAs rdf:resource="http://dbpedia.org/resource/Flagmen_of_Lowestoft"/>
    <dcterms:subject rdf:resource="http://dbpedia.org/resource/Category:1660s_paintings"/>
    <dcterms:subject rdf:resource="http://dbpedia.org/resource/Category:English_paintings"/>
    <dcterms:subject rdf:resource="http://dbpedia.org/resource/Category:Painting_series"/>
    <dbpedia-owl:abstract xml:lang="en">The Flagmen of Lowestoft are a collection of thirteen paintings by Sir Peter Lely, painted in the mid 1660s. They were originally part of the Royal Collections, though most were gifted to Greenwich Hospital in the nineteenth century, and are now in the care of the National Maritime Museum. The paintings are of prominent naval officers, most of them of flag rank, who had fought at the Battle of Lowestoft in 1665. Lely at the time was Principal Painter to King Charles II.</dbpedia-owl:abstract>
    <dbpedia-owl:wikiPageID rdf:datatype="http://www.w3.org/2001/XMLSchema#integer">32295160</dbpedia-owl:wikiPageID>
    <dbpedia-owl:wikiPageRevisionID rdf:datatype="http://www.w3.org/2001/XMLSchema#integer">491841963</dbpedia-owl:wikiPageRevisionID>
    <rdfs:label xml:lang="en">Flagmen of Lowestoft</rdfs:label>
    <foaf:depiction rdf:resource="http://upload.wikimedia.org/wikipedia/commons/d/d4/Flagmen_of_Lowestoft_George_Monck,_1st_Duke_of_Albemarle_by_Sir_Peter_Lely.jpg"/>
    <rdfs:comment xml:lang="en">The Flagmen of Lowestoft are a collection of thirteen paintings by Sir Peter Lely, painted in the mid 1660s. They were originally part of the Royal Collections, though most were gifted to Greenwich Hospital in the nineteenth century, and are now in the care of the National Maritime Museum. The paintings are of prominent naval officers, most of them of flag rank, who had fought at the Battle of Lowestoft in 1665. Lely at the time was Principal Painter to King Charles II.</rdfs:comment>
    <dbpedia-owl:thumbnail rdf:resource="http://upload.wikimedia.org/wikipedia/commons/thumb/d/d4/Flagmen_of_Lowestoft_George_Monck,_1st_Duke_of_Albemarle_by_Sir_Peter_Lely.jpg/200px-Flagmen_of_Lowestoft_George_Monck,_1st_Duke_of_Albemarle_by_Sir_Peter_Lely.jpg"/>
    <foaf:isPrimaryTopicOf rdf:resource="http://en.wikipedia.org/wiki/Flagmen_of_Lowestoft"/>
    <ns6:wasDerivedFrom rdf:resource="http://en.wikipedia.org/wiki/Flagmen_of_Lowestoft?oldid=491841963"/>
    <dbpprop:hasPhotoCollection rdf:resource="http://wifo5-03.informatik.uni-mannheim.de/flickrwrappr/photos/Flagmen_of_Lowestoft"/>
  </rdf:Description>
  <rdf:Description rdf:about="http://en.wikipedia.org/wiki/Flagmen_of_Lowestoft">
    <foaf:primaryTopic rdf:resource="http://dbpedia.org/resource/Flagmen_of_Lowestoft"/>
  </rdf:Description>
  <rdf:Description rdf:about="http://wikidata.dbpedia.org/resource/Q5456956">
    <owl:sameAs rdf:resource="http://dbpedia.org/resource/Flagmen_of_Lowestoft"/>
  </rdf:Description>
</rdf:RDF>
