<rdf:RDF xmlns:ns7="http://www.w3.org/ns/prov#" xmlns:dbpprop="http://dbpedia.org/property/" xmlns:foaf="http://xmlns.com/foaf/0.1/" xmlns:dbpedia-owl="http://dbpedia.org/ontology/" xmlns:dcterms="http://purl.org/dc/terms/" xmlns:owl="http://www.w3.org/2002/07/owl#" xmlns:rdfs="http://www.w3.org/2000/01/rdf-schema#" xmlns:rdf="http://www.w3.org/1999/02/22-rdf-syntax-ns#">
  <rdf:Description rdf:about="http://dbpedia.org/resource/Flower_of_the_Fields">
    <rdf:type rdf:resource="http://dbpedia.org/class/yago/Creation103129123"/>
    <rdf:type rdf:resource="http://dbpedia.org/ontology/Artwork"/>
    <rdf:type rdf:resource="http://dbpedia.org/class/yago/1845Paintings"/>
    <rdf:type rdf:resource="http://dbpedia.org/class/yago/PaintingsByLouisJanmot"/>
    <rdf:type rdf:resource="http://dbpedia.org/class/yago/PhysicalEntity100001930"/>
    <rdf:type rdf:resource="http://dbpedia.org/class/yago/GraphicArt103453809"/>
    <rdf:type rdf:resource="http://dbpedia.org/class/yago/Object100002684"/>
    <rdf:type rdf:resource="http://dbpedia.org/class/yago/Painting103876519"/>
    <rdf:type rdf:resource="http://dbpedia.org/ontology/Work"/>
    <rdf:type rdf:resource="http://www.w3.org/2002/07/owl#Thing"/>
    <rdf:type rdf:resource="http://dbpedia.org/class/yago/Art102743547"/>
    <rdf:type rdf:resource="http://schema.org/CreativeWork"/>
    <rdf:type rdf:resource="http://dbpedia.org/class/yago/Artifact100021939"/>
    <rdf:type rdf:resource="http://dbpedia.org/class/yago/Whole100003553"/>
    <owl:sameAs rdf:resource="http://yago-knowledge.org/resource/Flower_of_the_Fields"/>
    <owl:sameAs rdf:resource="http://dbpedia.org/resource/Flower_of_the_Fields"/>
    <owl:sameAs rdf:resource="http://rdf.freebase.com/ns/m.0bh9dgr"/>
    <owl:sameAs rdf:resource="http://www.wikidata.org/entity/Q5462237"/>
    <dcterms:subject rdf:resource="http://dbpedia.org/resource/Category:Paintings_by_Louis_Janmot"/>
    <dcterms:subject rdf:resource="http://dbpedia.org/resource/Category:Collections_of_the_Museum_of_Fine_Arts_of_Lyon"/>
    <dcterms:subject rdf:resource="http://dbpedia.org/resource/Category:1845_paintings"/>
    <dbpedia-owl:abstract xml:lang="en">Flower of the Fields is an 1845 painting on wood by Lyon artist Louis Janmot. It was acquired in 1893 by the Musée des Beaux-Arts de Lyon where it has been conserved. The painting shows a young woman who is sitting in the nature, surrounded with flowers and butterflies. She has two flower bouquets in her hands: one laid down on her knees, composed of buttercups, daisies and cornflowers, the other one held vertically is composed of poppies. In the background, the landscape shows a verdant plains and the mountains of the Bugey region. The sky is blue, with some white clouds near the mountains, and indicates that the scene probably takes place in the late afternoon. Each flower, as well as the woman's face, are painted with an extremely accuracy, the colors used are sweet and some melancholy emanates from the scene. The look of the young woman seems to contain a hint of seriousness. The painting was notably exhibited at the Paris Salon in 1845 and at the Exposition Universelle (1855), also in Paris, among other exhibitions. It was restored in 1974. Larousse Encyclopedia describes this work as "well-balanced". However, it is unclear if the painting is the portrait of a woman known by Janmot, but the clothes she wears do not comply with her time, but recall the portraits of the Italian Renaissance. This may be a painting of flowers, as this type of art was very popular in Lyon in the 19th century. But perhaps the young woman is she the goddess Flora and is a thought about the transience of time.</dbpedia-owl:abstract>
    <dbpedia-owl:author rdf:resource="http://dbpedia.org/resource/Louis_Janmot"/>
    <dbpedia-owl:museum rdf:resource="http://dbpedia.org/resource/Museum_of_Fine_Arts_of_Lyon"/>
    <dbpedia-owl:wikiPageID rdf:datatype="http://www.w3.org/2001/XMLSchema#integer">26656807</dbpedia-owl:wikiPageID>
    <dbpedia-owl:wikiPageRevisionID rdf:datatype="http://www.w3.org/2001/XMLSchema#integer">513136824</dbpedia-owl:wikiPageRevisionID>
    <rdfs:label xml:lang="en">Flower of the Fields</rdfs:label>
    <foaf:depiction rdf:resource="http://upload.wikimedia.org/wikipedia/commons/9/9f/Flower_of_fields-Louis_Janmot-MBA_Lyon_B502-IMG_0466.jpg"/>
    <rdfs:comment xml:lang="en">Flower of the Fields is an 1845 painting on wood by Lyon artist Louis Janmot. It was acquired in 1893 by the Musée des Beaux-Arts de Lyon where it has been conserved. The painting shows a young woman who is sitting in the nature, surrounded with flowers and butterflies. She has two flower bouquets in her hands: one laid down on her knees, composed of buttercups, daisies and cornflowers, the other one held vertically is composed of poppies.</rdfs:comment>
    <foaf:name xml:lang="en">Flower of the Fields</foaf:name>
    <dbpedia-owl:thumbnail rdf:resource="http://upload.wikimedia.org/wikipedia/commons/thumb/9/9f/Flower_of_fields-Louis_Janmot-MBA_Lyon_B502-IMG_0466.jpg/200px-Flower_of_fields-Louis_Janmot-MBA_Lyon_B502-IMG_0466.jpg"/>
    <dbpprop:artist rdf:resource="http://dbpedia.org/resource/Louis_Janmot"/>
    <dbpprop:city xml:lang="en">Lyon</dbpprop:city>
    <dbpprop:height rdf:datatype="http://www.w3.org/2001/XMLSchema#integer">103</dbpprop:height>
    <dbpprop:imageFile xml:lang="en">Flower of fields-Louis Janmot-MBA Lyon B502-IMG 0466.jpg</dbpprop:imageFile>
    <dbpprop:museum rdf:resource="http://dbpedia.org/resource/Museum_of_Fine_Arts_of_Lyon"/>
    <dbpprop:title xml:lang="en">Flower of the Fields</dbpprop:title>
    <dbpprop:type xml:lang="en">Oil on wood</dbpprop:type>
    <dbpprop:width rdf:datatype="http://www.w3.org/2001/XMLSchema#integer">83</dbpprop:width>
    <dbpprop:year rdf:datatype="http://www.w3.org/2001/XMLSchema#integer">1845</dbpprop:year>
    <foaf:isPrimaryTopicOf rdf:resource="http://en.wikipedia.org/wiki/Flower_of_the_Fields"/>
    <ns7:wasDerivedFrom rdf:resource="http://en.wikipedia.org/wiki/Flower_of_the_Fields?oldid=513136824"/>
    <dbpprop:hasPhotoCollection rdf:resource="http://wifo5-03.informatik.uni-mannheim.de/flickrwrappr/photos/Flower_of_the_Fields"/>
  </rdf:Description>
  <rdf:Description rdf:about="http://en.wikipedia.org/wiki/Flower_of_the_Fields">
    <foaf:primaryTopic rdf:resource="http://dbpedia.org/resource/Flower_of_the_Fields"/>
  </rdf:Description>
  <rdf:Description rdf:about="http://dbpedia.org/resource/Fleur_des_champs">
    <dbpedia-owl:wikiPageRedirects rdf:resource="http://dbpedia.org/resource/Flower_of_the_Fields"/>
  </rdf:Description>
  <rdf:Description rdf:about="http://dbpedia.org/resource/Flowers_of_the_Fields">
    <dbpedia-owl:wikiPageRedirects rdf:resource="http://dbpedia.org/resource/Flower_of_the_Fields"/>
  </rdf:Description>
  <rdf:Description rdf:about="http://wikidata.dbpedia.org/resource/Q5462237">
    <owl:sameAs rdf:resource="http://dbpedia.org/resource/Flower_of_the_Fields"/>
  </rdf:Description>
</rdf:RDF>
