<rdf:RDF xmlns:ns7="http://www.w3.org/ns/prov#" xmlns:dbpprop="http://dbpedia.org/property/" xmlns:foaf="http://xmlns.com/foaf/0.1/" xmlns:dbpedia-owl="http://dbpedia.org/ontology/" xmlns:dcterms="http://purl.org/dc/terms/" xmlns:owl="http://www.w3.org/2002/07/owl#" xmlns:rdfs="http://www.w3.org/2000/01/rdf-schema#" xmlns:rdf="http://www.w3.org/1999/02/22-rdf-syntax-ns#">
  <rdf:Description rdf:about="http://en.wikipedia.org/wiki/Flowering_Orchards_(Van_Gogh_series)">
    <foaf:primaryTopic rdf:resource="http://dbpedia.org/resource/Flowering_Orchards_(Van_Gogh_series)"/>
  </rdf:Description>
  <rdf:Description rdf:about="http://dbpedia.org/resource/Flowering_Orchards_(Van_Gogh_series)">
    <rdf:type rdf:resource="http://dbpedia.org/class/yago/Artifact100021939"/>
    <rdf:type rdf:resource="http://dbpedia.org/ontology/Artwork"/>
    <rdf:type rdf:resource="http://dbpedia.org/class/yago/GraphicArt103453809"/>
    <rdf:type rdf:resource="http://www.w3.org/2002/07/owl#Thing"/>
    <rdf:type rdf:resource="http://dbpedia.org/class/yago/Object100002684"/>
    <rdf:type rdf:resource="http://schema.org/CreativeWork"/>
    <rdf:type rdf:resource="http://dbpedia.org/class/yago/1889Paintings"/>
    <rdf:type rdf:resource="http://dbpedia.org/class/yago/Creation103129123"/>
    <rdf:type rdf:resource="http://dbpedia.org/class/yago/1880sPaintings"/>
    <rdf:type rdf:resource="http://dbpedia.org/class/yago/1888Paintings"/>
    <rdf:type rdf:resource="http://dbpedia.org/class/yago/PaintingsByVincentVanGogh"/>
    <rdf:type rdf:resource="http://dbpedia.org/class/yago/Art102743547"/>
    <rdf:type rdf:resource="http://dbpedia.org/class/yago/Whole100003553"/>
    <rdf:type rdf:resource="http://dbpedia.org/ontology/Work"/>
    <rdf:type rdf:resource="http://dbpedia.org/class/yago/VincentVanGoghPaintingsOfArles"/>
    <rdf:type rdf:resource="http://dbpedia.org/class/yago/PhysicalEntity100001930"/>
    <rdf:type rdf:resource="http://dbpedia.org/class/yago/Painting103876519"/>
    <owl:sameAs rdf:resource="http://rdf.freebase.com/ns/m.0g6h53"/>
    <owl:sameAs rdf:resource="http://yago-knowledge.org/resource/Flowering_Orchards_(Van_Gogh_series)"/>
    <owl:sameAs rdf:resource="http://dbpedia.org/resource/Flowering_Orchards_(Van_Gogh_series)"/>
    <owl:sameAs rdf:resource="http://www.wikidata.org/entity/Q5462266"/>
    <dcterms:subject rdf:resource="http://dbpedia.org/resource/Category:Series_of_Vincent_van_Gogh_paintings"/>
    <dcterms:subject rdf:resource="http://dbpedia.org/resource/Category:1888_paintings"/>
    <dcterms:subject rdf:resource="http://dbpedia.org/resource/Category:Vincent_van_Gogh_paintings_of_Arles"/>
    <dcterms:subject rdf:resource="http://dbpedia.org/resource/Category:1889_paintings"/>
    <dcterms:subject rdf:resource="http://dbpedia.org/resource/Category:1880s_paintings"/>
    <dbpedia-owl:abstract xml:lang="en">The Flowering Orchards is a series of paintings executed by Vincent van Gogh in Arles, in southern France in the spring of 1888. Van Gogh arrived in Arles in February 1888 amid a snowstorm, within two weeks the weather changed and the fruit trees were in blossom. Appreciating the symbolism of rebirth, Van Gogh worked with optimism and zeal on about fourteen paintings of flowering trees in the early spring. He also made paintings of flowering trees in Saint-Rémy in 1889. Flowering trees were special to Van Gogh. They represented awakening and hope. He enjoyed them aesthetically and found joy in painting flowering trees. The 'trees and orchards in bloom' paintings Van Gogh made reflect Impressionist, Divisionist and Japanese woodcut influences.</dbpedia-owl:abstract>
    <dbpedia-owl:author rdf:resource="http://dbpedia.org/resource/Vincent_van_Gogh"/>
    <dbpedia-owl:museum rdf:resource="http://dbpedia.org/resource/Kr%C3%B6ller-M%C3%BCller_Museum"/>
    <dbpedia-owl:wikiPageID rdf:datatype="http://www.w3.org/2001/XMLSchema#integer">6468128</dbpedia-owl:wikiPageID>
    <dbpedia-owl:wikiPageRevisionID rdf:datatype="http://www.w3.org/2001/XMLSchema#integer">532970363</dbpedia-owl:wikiPageRevisionID>
    <rdfs:label xml:lang="en">Flowering Orchards (Van Gogh series)</rdfs:label>
    <foaf:depiction rdf:resource="http://upload.wikimedia.org/wikipedia/commons/3/33/Vincent_Willem_van_Gogh_113.jpg"/>
    <rdfs:comment xml:lang="en">The Flowering Orchards is a series of paintings executed by Vincent van Gogh in Arles, in southern France in the spring of 1888. Van Gogh arrived in Arles in February 1888 amid a snowstorm, within two weeks the weather changed and the fruit trees were in blossom. Appreciating the symbolism of rebirth, Van Gogh worked with optimism and zeal on about fourteen paintings of flowering trees in the early spring. He also made paintings of flowering trees in Saint-Rémy in 1889.</rdfs:comment>
    <foaf:name xml:lang="en">("Souvenir de Mauve")</foaf:name>
    <foaf:name xml:lang="en">Flowering peach trees</foaf:name>
    <dbpedia-owl:thumbnail rdf:resource="http://upload.wikimedia.org/wikipedia/commons/thumb/3/33/Vincent_Willem_van_Gogh_113.jpg/200px-Vincent_Willem_van_Gogh_113.jpg"/>
    <dbpprop:artist rdf:resource="http://dbpedia.org/resource/Vincent_van_Gogh"/>
    <dbpprop:city rdf:resource="http://dbpedia.org/resource/Otterlo"/>
    <dbpprop:height rdf:datatype="http://www.w3.org/2001/XMLSchema#integer">73</dbpprop:height>
    <dbpprop:imageFile xml:lang="en">Vincent Willem van Gogh 113.jpg</dbpprop:imageFile>
    <dbpprop:imageSize rdf:datatype="http://www.w3.org/2001/XMLSchema#integer">300</dbpprop:imageSize>
    <dbpprop:museum rdf:resource="http://dbpedia.org/resource/Kr%C3%B6ller-M%C3%BCller_Museum"/>
    <dbpprop:title xml:lang="en">Flowering peach trees</dbpprop:title>
    <dbpprop:type rdf:resource="http://dbpedia.org/resource/Oil_painting"/>
    <dbpprop:width rdf:datatype="http://www.w3.org/2001/XMLSchema#double">59.5</dbpprop:width>
    <dbpprop:year rdf:datatype="http://www.w3.org/2001/XMLSchema#integer">1888</dbpprop:year>
    <foaf:isPrimaryTopicOf rdf:resource="http://en.wikipedia.org/wiki/Flowering_Orchards_(Van_Gogh_series)"/>
    <ns7:wasDerivedFrom rdf:resource="http://en.wikipedia.org/wiki/Flowering_Orchards_(Van_Gogh_series)?oldid=532970363"/>
    <dbpprop:hasPhotoCollection rdf:resource="http://wifo5-03.informatik.uni-mannheim.de/flickrwrappr/photos/Flowering_Orchards_(Van_Gogh_series)"/>
  </rdf:Description>
  <rdf:Description rdf:about="http://dbpedia.org/resource/Flowering_Orchards">
    <dbpedia-owl:wikiPageRedirects rdf:resource="http://dbpedia.org/resource/Flowering_Orchards_(Van_Gogh_series)"/>
  </rdf:Description>
  <rdf:Description rdf:about="http://wikidata.dbpedia.org/resource/Q5462266">
    <owl:sameAs rdf:resource="http://dbpedia.org/resource/Flowering_Orchards_(Van_Gogh_series)"/>
  </rdf:Description>
</rdf:RDF>
