<rdf:RDF xmlns:ns7="http://www.w3.org/ns/prov#" xmlns:dbpprop="http://dbpedia.org/property/" xmlns:foaf="http://xmlns.com/foaf/0.1/" xmlns:dbpedia-owl="http://dbpedia.org/ontology/" xmlns:dcterms="http://purl.org/dc/terms/" xmlns:owl="http://www.w3.org/2002/07/owl#" xmlns:rdfs="http://www.w3.org/2000/01/rdf-schema#" xmlns:rdf="http://www.w3.org/1999/02/22-rdf-syntax-ns#">
  <rdf:Description rdf:about="http://es.dbpedia.org/resource/Bosque_(pintura)">
    <owl:sameAs rdf:resource="http://dbpedia.org/resource/Forest_(painting)"/>
  </rdf:Description>
  <rdf:Description rdf:about="http://dbpedia.org/resource/Forest_(disambiguation)">
    <dbpedia-owl:wikiPageDisambiguates rdf:resource="http://dbpedia.org/resource/Forest_(painting)"/>
  </rdf:Description>
  <rdf:Description rdf:about="http://dbpedia.org/resource/Forest_(painting)">
    <rdf:type rdf:resource="http://dbpedia.org/class/yago/Object100002684"/>
    <rdf:type rdf:resource="http://www.w3.org/2002/07/owl#Thing"/>
    <rdf:type rdf:resource="http://dbpedia.org/class/yago/Whole100003553"/>
    <rdf:type rdf:resource="http://dbpedia.org/class/yago/Artifact100021939"/>
    <rdf:type rdf:resource="http://dbpedia.org/ontology/Work"/>
    <rdf:type rdf:resource="http://dbpedia.org/class/yago/Creation103129123"/>
    <rdf:type rdf:resource="http://schema.org/CreativeWork"/>
    <rdf:type rdf:resource="http://dbpedia.org/class/yago/Art102743547"/>
    <rdf:type rdf:resource="http://dbpedia.org/class/yago/Post-impressionistPaintings"/>
    <rdf:type rdf:resource="http://dbpedia.org/class/yago/1900sPaintings"/>
    <rdf:type rdf:resource="http://dbpedia.org/ontology/Artwork"/>
    <rdf:type rdf:resource="http://dbpedia.org/class/yago/PaintingsByPaulC%C3%A9zanne"/>
    <rdf:type rdf:resource="http://dbpedia.org/class/yago/Painting103876519"/>
    <rdf:type rdf:resource="http://dbpedia.org/class/yago/PhysicalEntity100001930"/>
    <rdf:type rdf:resource="http://dbpedia.org/class/yago/GraphicArt103453809"/>
    <owl:sameAs rdf:resource="http://es.dbpedia.org/resource/Bosque_(pintura)"/>
    <owl:sameAs rdf:resource="http://rdf.freebase.com/ns/m.066q0h"/>
    <owl:sameAs rdf:resource="http://dbpedia.org/resource/Forest_(painting)"/>
    <owl:sameAs rdf:resource="http://www.wikidata.org/entity/Q5468794"/>
    <owl:sameAs rdf:resource="http://yago-knowledge.org/resource/Forest_(painting)"/>
    <dcterms:subject rdf:resource="http://dbpedia.org/resource/Category:Collections_of_the_National_Gallery_of_Canada"/>
    <dcterms:subject rdf:resource="http://dbpedia.org/resource/Category:1900s_paintings"/>
    <dcterms:subject rdf:resource="http://dbpedia.org/resource/Category:Paintings_by_Paul_C%C3%A9zanne"/>
    <dcterms:subject rdf:resource="http://dbpedia.org/resource/Category:Post-impressionist_paintings"/>
    <dbpedia-owl:abstract xml:lang="en">Forest is a painting by French painter Paul Cézanne. An oil on canvas, it represents a wooded area close to Aix-en-Provence. It is currently in the collection of the National Gallery of Canada.</dbpedia-owl:abstract>
    <dbpedia-owl:abstract xml:lang="es">Bosque es un cuadro del pintor francés Paul Cézanne. Está realizado en óleo sobre lienzo. Mide 81,4 cm de alto y 66 cm de ancho. Fue pintado en 1902-1904. Se encuentra actualmente en la Galería Nacional de Canadá, Ottawa, Canadá, donde se exhibe con el título de Forest. Representa una zona boscosa cercana a Aix-en-Provence.</dbpedia-owl:abstract>
    <dbpedia-owl:author rdf:resource="http://dbpedia.org/resource/Paul_C%C3%A9zanne"/>
    <dbpedia-owl:museum rdf:resource="http://dbpedia.org/resource/National_Gallery_of_Canada"/>
    <dbpedia-owl:wikiPageID rdf:datatype="http://www.w3.org/2001/XMLSchema#integer">1926655</dbpedia-owl:wikiPageID>
    <dbpedia-owl:wikiPageRevisionID rdf:datatype="http://www.w3.org/2001/XMLSchema#integer">544026112</dbpedia-owl:wikiPageRevisionID>
    <rdfs:label xml:lang="es">Bosque (pintura)</rdfs:label>
    <rdfs:label xml:lang="en">Forest (painting)</rdfs:label>
    <foaf:depiction rdf:resource="http://upload.wikimedia.org/wikipedia/commons/a/a3/Forest,_a_painting_by_Paul_Cézanne,_circa_1902-1904.png"/>
    <rdfs:comment xml:lang="es">Bosque es un cuadro del pintor francés Paul Cézanne. Está realizado en óleo sobre lienzo. Mide 81,4 cm de alto y 66 cm de ancho. Fue pintado en 1902-1904. Se encuentra actualmente en la Galería Nacional de Canadá, Ottawa, Canadá, donde se exhibe con el título de Forest. Representa una zona boscosa cercana a Aix-en-Provence.</rdfs:comment>
    <rdfs:comment xml:lang="en">Forest is a painting by French painter Paul Cézanne. An oil on canvas, it represents a wooded area close to Aix-en-Provence. It is currently in the collection of the National Gallery of Canada.</rdfs:comment>
    <foaf:name xml:lang="en">Forest</foaf:name>
    <dbpedia-owl:thumbnail rdf:resource="http://upload.wikimedia.org/wikipedia/commons/thumb/a/a3/Forest,_a_painting_by_Paul_Cézanne,_circa_1902-1904.png/200px-Forest,_a_painting_by_Paul_Cézanne,_circa_1902-1904.png"/>
    <dbpedia-owl:wikiPageExternalLink rdf:resource="http://cybermuse.gallery.ca/cybermuse/search/artwork_e.jsp?mkey=3240"/>
    <dbpprop:artist rdf:resource="http://dbpedia.org/resource/Paul_C%C3%A9zanne"/>
    <dbpprop:city rdf:resource="http://dbpedia.org/resource/Ottawa"/>
    <dbpprop:height rdf:datatype="http://www.w3.org/2001/XMLSchema#double">81.4</dbpprop:height>
    <dbpprop:imageFile xml:lang="en">Forest,_a_painting_by_Paul_Cézanne,_circa_1902-1904.png</dbpprop:imageFile>
    <dbpprop:museum rdf:resource="http://dbpedia.org/resource/National_Gallery_of_Canada"/>
    <dbpprop:title xml:lang="en">Forest</dbpprop:title>
    <dbpprop:type rdf:resource="http://dbpedia.org/resource/Oil_painting"/>
    <dbpprop:width rdf:datatype="http://www.w3.org/2001/XMLSchema#integer">66</dbpprop:width>
    <dbpprop:year rdf:datatype="http://www.w3.org/2001/XMLSchema#integer">1902</dbpprop:year>
    <foaf:isPrimaryTopicOf rdf:resource="http://en.wikipedia.org/wiki/Forest_(painting)"/>
    <ns7:wasDerivedFrom rdf:resource="http://en.wikipedia.org/wiki/Forest_(painting)?oldid=544026112"/>
    <dbpprop:hasPhotoCollection rdf:resource="http://wifo5-03.informatik.uni-mannheim.de/flickrwrappr/photos/Forest_(painting)"/>
  </rdf:Description>
  <rdf:Description rdf:about="http://en.wikipedia.org/wiki/Forest_(painting)">
    <foaf:primaryTopic rdf:resource="http://dbpedia.org/resource/Forest_(painting)"/>
  </rdf:Description>
  <rdf:Description rdf:about="http://wikidata.dbpedia.org/resource/Q5468794">
    <owl:sameAs rdf:resource="http://dbpedia.org/resource/Forest_(painting)"/>
  </rdf:Description>
</rdf:RDF>
